customer_id,customer_name,contact_name,phone,phone_clean,email,city,state,region,region_clean,customer_since,,,,,,,,,,,,
CUST00001,Beacon Urgent Care Clinic,Nancy Jones,077.879.5654,(077) 879-5654,Nancy.Jones712@beacon.com,Fargo,ND,North,North,2023-05-28,,,,,,,,,,,,
CUST00002,Westfield Community Clinic,Nicholas Martinez,929-049-0471,(929) 049-0471,Nicholas.Martinez872@westfield.com,Albany,NY,East,East,2016-03-26,,,,,,,,,,,,
CUST00003,Summit Urgent Care Clinic,Donald Morales,019 292 7524,(019) 292-7524,Donald.Morales186@summit.com,Philadelphia,PA,East,East,2021-10-30,,,,,,,,,,,,
CUST00004,Lakeside Long-Term Care Facility,Brian Miller,927 663 7239,(927) 663-7239,Brian.Miller658@lakeside.com,Albany,NY,East,East,2015-12-06,,,,,,,,,,,,
CUST00005,Maple Long-Term Care Facility,Laura Johnson,(747) 836-6742,(747) 836-6742,Laura.Johnson296@maple.com,Milwaukee,WI,North,North,2020-01-25,,,,,,,,,,,,
CUST00006,Union Medical Center,Kathleen Walker,5694544149,(569) 454-4149,Kathleen.Walker752@union.com,Minneapolis,MN,North,North,2023-03-16,,,,,,,,,,,,
CUST00007,Northgate Long-Term Care Facility,Patrick Torres,001-061-8175,(001) 061-8175,Patrick.Torres258@northgate.com,Newark,NJ,East,East,2014-05-01,,,,,,,,,,,,
CUST00008,Riverside Pharmacy,Carolyn White,(391) 119-2692,(391) 119-2692,Carolyn.White260@riverside.com,Minneapolis,MN,North,North,2016-08-10,,,,,,,,,,,,
CUST00009,Cedar Medical Center,Kimberly Thompson,542.140.6650,(542) 140-6650,Kimberly.Thompson452@cedar.com,Portland,OR,West,West,2011-07-23,,,,,,,,,,,,
CUST00010,Northgate Medical Center,Elizabeth Martinez,(128) 639-1741,(128) 639-1741,Elizabeth.Martinez586@northgate.com,Seattle,WA,West,West,2015-08-15,,,,,,,,,,,,
CUST00011,Parkview Long-Term Care Facility,Gary Morris,006 425 6908,(006) 425-6908,Gary.Morris447@parkview.com,Sioux Falls,SD,North,North,2019-01-22,,,,,,,,,,,,
CUST00012,Cedar Long-Term Care Facility,Jonathan Baker,719.855.4601,(719) 855-4601,Jonathan.Baker83@cedar.com,Dallas,TX,South,South,2020-04-23,,,,,,,,,,,,1
CUST00013,Westfield Long-Term Care Facility,John Harris,634-615-7173,(634) 615-7173,John.Harris26@westfield.com,Atlanta,GA,South,South,2023-04-20,,,,,,,,,,,,
CUST00014,Hilltop Hospital,Jessica Ramirez,4787005050,(478) 700-5050,Jessica.Ramirez827@hilltop.com,Sacramento,CA,West,West,2024-08-31,,,,,,,,,,,,
CUST00015,Crossroads Community Clinic,Carolyn Taylor,931-027-0790,(931) 027-0790,Carolyn.Taylor15@crossroads.com,Denver,CO,West,West,2013-11-12,,,,,,,,,,,,
CUST00016,Lakeside Community Clinic,Edward Baker,291-117-9931,(291) 117-9931,Edward.Baker831@lakeside.com,Albany,NY,East,East,2019-01-07,,,,,,,,,,,,
CUST00017,Maple Urgent Care Clinic,Carolyn Mitchell,309-251-1426,(309) 251-1426,Carolyn.Mitchell567@maple.com,Tampa,FL,South,South,2013-09-13,,,,,,,,,,,,
CUST00018,Southport Medical Center,Christine Ramos,962 071 0021,(962) 071-0021,Christine.Ramos909@southport.com,Milwaukee,WI,Midwest,North,2016-05-13,,,,,,,,,,,,
CUST00019,Hilltop Medical Center,Angela Ward,487 632 9092,(487) 632-9092,Angela.Ward974@hilltop.com,Atlanta,GA,South,South,2011-12-23,,,,,,,,,,,,
CUST00020,Westfield Community Clinic,Gregory Clark,318 195 8837,(318) 195-8837,Gregory.Clark284@westfield.com,Boston,MA,Northeast,East,2011-03-11,,,,,,,,,,,,
CUST00021,Maple Hospital,Jennifer Wilson,2005436459,(200) 543-6459,Jennifer.Wilson759@maple.com,Birmingham,AL,South,South,2011-03-06,,,,,,,,,,,,
CUST00022,Valley Health System,Joseph Adams,113-799-5635,(113) 799-5635,Joseph.Adams234@valley.com,Dallas,TX,South,South,2012-03-14,,,,,,,,,,,,
CUST00023,Trinity Hospital,Stephanie Mitchell,179-706-2397,(179) 706-2397,Stephanie.Mitchell140@trinity.com,Birmingham,AL,South,South,2020-04-07,,,,,,,,,,,,
CUST00024,Northgate Community Clinic,Amanda Lewis,209-042-1776,(209) 042-1776,Amanda.Lewis908@northgate.com,Philadelphia,PA,East,East,2016-08-14,,,,,,,,,,,,
CUST00025,Valley Health System,Catherine Diaz,(316) 873-9774,(316) 873-9774,Catherine.Diaz754@valley.com,New Orleans,LA,South,South,2015-07-14,,,,,,,,,,,,
CUST00026,Union Hospital,Anna Gomez,9290600780,(929) 060-0780,Anna.Gomez491@union.com,Denver,CO,West,West,2012-03-13,,,,,,,,,,,,
CUST00027,Hilltop Medical Center,Michelle Lee,063 254 3107,(063) 254-3107,Michelle.Lee721@hilltop.com,Dallas,TX,South,South,2020-04-20,,,,,,,,,,,,
CUST00028,Cornerstone Long-Term Care Facility,Donna Diaz,(262) 570-1658,(262) 570-1658,Donna.Diaz771@cornerstone.com,Sioux Falls,SD,North,North,2016-01-20,,,,,,,,,,,,
CUST00029,Beacon Community Clinic,George Campbell,(508) 501-6579,(508) 501-6579,George.Campbell180@beacon.com,Dallas,TX,South,South,2024-07-15,,,,,,,,,,,,
CUST00030,Cedar Health System,Rachel Diaz,(381) 793-3554,(381) 793-3554,Rachel.Diaz284@cedar.com,Atlanta,GA,South,South,2011-03-23,,,,,,,,,,,,
CUST00031,Mercy Pharmacy,Ryan Lopez,817-884-7951,(817) 884-7951,Ryan.Lopez83@mercy.com,Boston,MA,East,East,2018-10-06,,,,,,,,,,,,
CUST00032,Westfield Hospital,Jacob Hall,127-238-0468,(127) 238-0468,Jacob.Hall431@westfield.com,Minneapolis,MN,North,North,2019-12-16,,,,,,,,,,,,
CUST00033,Riverside Community Clinic,Ryan Hill,8569557988,(856) 955-7988,Ryan.Hill581@riverside.com,Newark,NJ,Northeast,East,2012-12-16,,,,,,,,,,,,
CUST00034,Westfield Long-Term Care Facility,Jonathan Torres,540 254 7292,(540) 254-7292,Jonathan.Torres187@westfield.com,Tampa,FL,South,South,2013-12-07,,,,,,,,,,,,
CUST00035,Summit Long-Term Care Facility,Charles Mitchell,927.452.3805,(927) 452-3805,Thomas.Gutierrez37@eastview.com,Atlanta,GA,Southeast,South,2022-02-09,,,,,,,,,,,,
CUST00036,Heritage Hospital,Raymond Nguyen,672 752 0885,(672) 752-0885,Raymond.Nguyen486@heritage.com,Albany,NY,East,East,2016-07-02,,,,,,,,,,,,
CUST00037,Cornerstone Long-Term Care Facility,Samantha Lewis,7517028140,(751) 702-8140,Samantha.Lewis457@cornerstone.com,New Orleans,LA,South,South,2018-01-06,,,,,,,,,,,,
CUST00038,Union Pharmacy,Ronald Harris,(983) 430-1871,(983) 430-1871,Ronald.Harris503@union.com,Billings,MT,North,North,2017-02-16,,,,,,,,,,,,
CUST00039,Beacon Health System,Barbara Ramirez,(656) 504-5547,(656) 504-5547,Barbara.Ramirez746@beacon.com,Fargo,ND,North,North,2019-12-19,,,,,,,,,,,,
CUST00040,Trinity Community Clinic,Kevin Rodriguez,(662) 991-2347,(662) 991-2347,Kevin.Rodriguez956@trinity.com,Portland,OR,West,West,2023-04-01,,,,,,,,,,,,
CUST00041,Grace Long-Term Care Facility,Stephen Morales,462.879.2326,(462) 879-2326,Stephen.Morales44@grace.com,Minneapolis,MN,North,North,2016-10-09,,,,,,,,,,,,
CUST00042,Cornerstone Long-Term Care Facility,Daniel Morales,7300244714,(730) 024-4714,Daniel.Morales929@cornerstone.com,Boston,MA,East,East,2024-06-18,,,,,,,,,,,,
CUST00043,Riverside Hospital,Shirley Kelly,195.979.6471,(195) 979-6471,Shirley.Kelly18@riverside.com,Fargo,ND,North,North,2015-10-28,,,,,,,,,,,,
CUST00044,Cornerstone Hospital,Anna Martinez,252.045.6504,(252) 045-6504,Anna.Martinez527@cornerstone.com,Milwaukee,WI,North,North,2014-05-07,,,,,,,,,,,,
CUST00045,Valley Long-Term Care Facility,Mary Moore,855-445-1895,(855) 445-1895,Mary.Moore531@valley.com,Billings,MT,North,North,2016-04-24,,,,,,,,,,,,
CUST00046,Hilltop Urgent Care Clinic,Janet Peterson,(213) 283-3898,(213) 283-3898,Janet.Peterson720@hilltop.com,Portland,OR,West,West,2012-07-22,,,,,,,,,,,,
CUST00047,Parkview Medical Center,Raymond Hill,075-452-7985,(075) 452-7985,Raymond.Hill30@parkview.com,Minneapolis,MN,North,North,2012-08-29,,,,,,,,,,,,
CUST00048,Summit Hospital,Susan Jones,321-611-0760,(321) 611-0760,Susan.Jones813@summit.com,Atlanta,GA,South,South,2024-10-18,,,,,,,,,,,,
CUST00049,Cornerstone Health System,Debra Hall,014-011-9393,(014) 011-9393,Debra.Hall30@cornerstone.com,Sioux Falls,SD,Southeast,South,2012-01-14,,,,,,,,,,,,
CUST00050,Eastview Hospital,Janet Harris,893-891-1908,(893) 891-1908,Janet.Harris988@eastview.com,Philadelphia,PA,East,East,2016-04-27,,,,,,,,,,,,
CUST00051,Heritage Hospital,Margaret Rogers,8759271256,(875) 927-1256,Margaret.Rogers234@heritage.com,Minneapolis,MN,North,North,2019-02-21,,,,,,,,,,,,
CUST00052,Union Pharmacy,Ryan Kim,754.801.5716,(754) 801-5716,Ryan.Kim754@union.com,Sioux Falls,SD,Northeast,East,2016-12-30,,,,,,,,,,,,
CUST00053,Parkview Community Clinic,Eric Hernandez,6317520716,(631) 752-0716,Eric.Hernandez123@parkview.com,New Orleans,LA,South,South,2013-03-20,,,,,,,,,,,,
CUST00054,Grace Medical Center,Paul Phillips,(539) 613-6749,(539) 613-6749,Paul.Phillips365@grace.com,Milwaukee,WI,Northeast,East,2020-09-02,,,,,,,,,,,,
CUST00055,Beacon Community Clinic,Jack Miller,(271) 147-7320,(271) 147-7320,Jack.Miller851@beacon.com,Phoenix,AZ,West,West,2011-07-13,,,,,,,,,,,,
CUST00056,Riverside Medical Center,Donna Murphy,524-991-1877,(524) 991-1877,Donna.Murphy503@riverside.com,Birmingham,AL,South,South,2021-04-28,,,,,,,,,,,,
CUST00057,Heritage Urgent Care Clinic,Daniel Bailey,(061) 675-6770,(061) 675-6770,Daniel.Bailey676@heritage.com,Hartford,CT,East,East,2016-10-18,,,,,,,,,,,,
CUST00058,Valley Community Clinic,Christopher Cook,(671) 978-8977,(671) 978-8977,Christopher.Cook58@valley.com,Phoenix,AZ,West,West,2018-10-12,,,,,,,,,,,,
CUST00059,Hilltop Urgent Care Clinic,Benjamin Baker,(450) 090-2559,(450) 090-2559,Benjamin.Baker390@hilltop.com,Denver,CO,West,West,2012-03-08,,,,,,,,,,,,
CUST00060,Mercy Medical Center,Robert Morgan,333-491-1415,(333) 491-1415,Robert.Morgan334@mercy.com,Boston,MA,East,East,2010-11-03,,,,,,,,,,,,
CUST00061,Trinity Medical Center,Alexander Clark,(905) 696-5917,(905) 696-5917,Alexander.Clark345@trinity.com,Portland,OR,Southeast,South,2021-02-21,,,,,,,,,,,,
CUST00062,Union Health System,Rebecca Lewis,(637) 183-4404,(637) 183-4404,Rebecca.Lewis640@union.com,New Orleans,LA,South,South,2012-01-24,,,,,,,,,,,,
CUST00063,Cornerstone Community Clinic,Laura Cooper,198.763.5148,(198) 763-5148,Laura.Cooper321@cornerstone.com,Billings,MT,North,North,2014-06-28,,,,,,,,,,,,
CUST00064,Grace Medical Center,Jonathan Ward,820 829 7374,(820) 829-7374,Jonathan.Ward874@grace.com,Hartford,CT,East,East,2019-09-24,,,,,,,,,,,,
CUST00065,Lakeside Health System,Samuel Lee,324.665.1364,(324) 665-1364,Samuel.Lee263@lakeside.com,Tampa,FL,South,South,2023-06-27,,,,,,,,,,,,
CUST00066,Grace Hospital,Paul Moore,034-778-6603,(034) 778-6603,Paul.Moore30@grace.com,Dallas,TX,South,South,2015-10-18,,,,,,,,,,,,
CUST00067,Eastview Long-Term Care Facility,Gregory Lopez,700 159 4165,(700) 159-4165,Gregory.Lopez407@eastview.com,Dallas,TX,South,South,2013-02-25,,,,,,,,,,,,
CUST00068,Maple Hospital,Jack Roberts,(984) 713-9155,(984) 713-9155,Jack.Roberts826@maple.com,Billings,MT,North,North,2015-04-17,,,,,,,,,,,,
CUST00069,Northgate Medical Center,Brenda Diaz,476.490.7851,(476) 490-7851,Brenda.Diaz487@northgate.com,Dallas,TX,South,South,2015-07-12,,,,,,,,,,,,
CUST00070,Summit Urgent Care Clinic,Carolyn Campbell,409 003 4864,(409) 003-4864,Carolyn.Campbell925@summit.com,Boston,MA,East,East,2012-09-26,,,,,,,,,,,,
CUST00071,Southport Health System,Emily Hernandez,(441) 343-2756,(441) 343-2756,Deborah.Martinez630@lakeside.com,Phoenix,AZ,Southeast,South,2021-01-10,,,,,,,,,,,,
CUST00072,Trinity Medical Center,Alexander Brown,1248156985,(124) 815-6985,Alexander.Brown781@trinity.com,Boston,MA,East,East,2011-03-03,,,,,,,,,,,,
CUST00073,Valley Community Clinic,Jason Green,459 112 3829,(459) 112-3829,Jason.Green463@valley.com,Seattle,WA,Northeast,East,2020-09-23,,,,,,,,,,,,
CUST00074,Summit Long-Term Care Facility,Robert Williams,543-165-2669,(543) 165-2669,James.Stewart126@crossroads.com,Newark,NJ,East,East,2022-07-12,,,,,,,,,,,,
CUST00075,Beacon Community Clinic,Deborah Perez,(342) 069-6942,(342) 069-6942,Deborah.Perez970@beacon.com,Dallas,TX,South,South,2022-09-21,,,,,,,,,,,,
CUST00076,Riverside Pharmacy,Anthony Kim,7133344762,(713) 334-4762,Anthony.Kim221@riverside.com,Phoenix,AZ,West,West,2016-05-07,,,,,,,,,,,,
CUST00077,Northgate Community Clinic,Samuel Collins,204 439 7359,(204) 439-7359,Samuel.Collins88@northgate.com,Seattle,WA,West,West,2010-03-26,,,,,,,,,,,,
CUST00078,Summit Medical Center,Jacob Rivera,669-411-8005,(669) 411-8005,Jonathan.Hernandez546@parkview.com,Boston,MA,East,East,2023-06-02,,,,,,,,,,,,
CUST00079,Lakeside Community Clinic,Nicholas Murphy,646-528-0924,(646) 528-0924,Nicholas.Murphy953@lakeside.com,Fargo,ND,North,North,2017-08-10,,,,,,,,,,,,
CUST00080,Summit Medical Center,Andrew King,6241502745,(624) 150-2745,Andrew.King628@summit.com,Fargo,ND,North,North,2015-12-01,,,,,,,,,,,,
CUST00081,Union Health System,Jacob King,(728) 703-2032,(728) 703-2032,Jacob.King168@union.com,Seattle,WA,West,West,2020-06-23,,,,,,,,,,,,
CUST00082,Maple Medical Center,Lisa Perez,877.712.1513,(877) 712-1513,Lisa.Perez768@maple.com,Sacramento,CA,West,West,2021-05-30,,,,,,,,,,,,
CUST00083,Eastview Long-Term Care Facility,Andrew Thomas,(089) 261-3715,(089) 261-3715,Andrew.Thomas404@eastview.com,New Orleans,LA,South,South,2018-05-19,,,,,,,,,,,,
CUST00084,Maple Health System,Catherine Reed,774 905 0975,(774) 905-0975,Catherine.Reed133@maple.com,Newark,NJ,Southeast,South,2014-09-28,,,,,,,,,,,,
CUST00085,Lakeside Long-Term Care Facility,Robert Clark,(189) 616-4236,(189) 616-4236,Robert.Clark167@lakeside.com,Philadelphia,PA,East,East,2018-09-18,,,,,,,,,,,,
CUST00086,Grace Long-Term Care Facility,Cynthia Roberts,7649251583,(764) 925-1583,Cynthia.Roberts488@grace.com,Newark,NJ,East,East,2016-01-09,,,,,,,,,,,,
CUST00087,Beacon Health System,Mark Martin,592 661 0857,(592) 661-0857,Mark.Martin954@beacon.com,Sacramento,CA,West,West,2021-02-09,,,,,,,,,,,,
CUST00088,Crossroads Health System,Michael Peterson,(174) 224-3864,(174) 224-3864,Michael.Peterson79@crossroads.com,Fargo,ND,North,North,2011-01-05,,,,,,,,,,,,
CUST00089,Maple Health System,Lisa Gomez,945-491-8017,(945) 491-8017,Lisa.Gomez47@maple.com,Phoenix,AZ,Midwest,North,2011-11-14,,,,,,,,,,,,
CUST00090,Westfield Medical Center,Susan Parker,794 523 2194,(794) 523-2194,Susan.Parker548@westfield.com,Hartford,CT,East,East,2010-05-27,,,,,,,,,,,,
CUST00091,Grace Pharmacy,Barbara Taylor,776.974.9956,(776) 974-9956,Barbara.Taylor139@grace.com,Minneapolis,MN,North,North,2010-04-24,,,,,,,,,,,,
CUST00092,Maple Hospital,Jacob Diaz,372-368-3147,(372) 368-3147,Jacob.Diaz23@maple.com,Milwaukee,WI,North,North,2012-08-12,,,,,,,,,,,,
CUST00093,Summit Hospital,Benjamin Parker,(793) 349-6050,(793) 349-6050,Benjamin.Parker426@summit.com,Phoenix,AZ,West,West,2021-02-12,,,,,,,,,,,,
CUST00094,Cornerstone Community Clinic,Kenneth Peterson,(789) 973-0806,(789) 973-0806,Kenneth.Peterson66@cornerstone.com,Albany,NY,East,East,2016-01-04,,,,,,,,,,,,
CUST00095,Trinity Community Clinic,Nicholas Lewis,576-024-3757,(576) 024-3757,Nicholas.Lewis602@trinity.com,Sacramento,CA,West,West,2017-08-10,,,,,,,,,,,,
CUST00096,Parkview Health System,Daniel Sanchez,665-729-3417,(665) 729-3417,Daniel.Sanchez161@parkview.com,Tampa,FL,South,South,2023-08-03,,,,,,,,,,,,
CUST00097,Maple Medical Center,William Baker,(380) 054-5228,(380) 054-5228,William.Baker441@maple.com,Phoenix,AZ,West,West,2012-07-22,,,,,,,,,,,,
CUST00098,Southport Health System,Michael Cruz,455 084 2891,(455) 084-2891,Michael.Cruz819@southport.com,Billings,MT,North,North,2020-04-02,,,,,,,,,,,,
CUST00099,Maple Long-Term Care Facility,Donna Cruz,180 812 1352,(180) 812-1352,Donna.Cruz781@maple.com,Billings,MT,North,North,2021-05-07,,,,,,,,,,,,
CUST00100,Maple Medical Center,Nancy Hernandez,(213) 760-3754,(213) 760-3754,Nancy.Hernandez273@maple.com,Tampa,FL,South,South,2018-05-09,,,,,,,,,,,,
CUST00101,Trinity Community Clinic,Jeffrey Jackson,(863) 266-6785,(863) 266-6785,Jeffrey.Jackson789@trinity.com,Newark,NJ,East,East,2010-03-23,,,,,,,,,,,,
CUST00102,Crossroads Community Clinic,Sharon Phillips,626.060.2908,(626) 060-2908,Sharon.Phillips908@crossroads.com,Minneapolis,MN,North,North,2022-06-02,,,,,,,,,,,,
CUST00103,Westfield Long-Term Care Facility,Brian Phillips,892 673 8997,(892) 673-8997,Brian.Phillips795@westfield.com,Philadelphia,PA,Southeast,South,2014-06-05,,,,,,,,,,,,
CUST00104,Cedar Urgent Care Clinic,Katherine Lee,288.431.8848,(288) 431-8848,Katherine.Lee24@cedar.com,Billings,MT,North,North,2010-08-17,,,,,,,,,,,,
CUST00105,Heritage Long-Term Care Facility,Christine Thomas,(468) 105-4851,(468) 105-4851,Christine.Thomas460@heritage.com,Newark,NJ,East,East,2016-09-06,,,,,,,,,,,,
CUST00106,Riverside Health System,Timothy Gutierrez,998 935 4492,(998) 935-4492,Timothy.Gutierrez756@riverside.com,Portland,OR,West,West,2015-07-22,,,,,,,,,,,,
CUST00107,Union Pharmacy,Elizabeth Mitchell,2661106273,(266) 110-6273,Elizabeth.Mitchell694@union.com,Tampa,FL,South,South,2021-10-21,,,,,,,,,,,,
CUST00108,Cornerstone Medical Center,Raymond Rogers,677-622-8277,(677) 622-8277,Raymond.Rogers884@cornerstone.com,Portland,OR,West,West,2021-11-13,,,,,,,,,,,,
CUST00109,Northgate Pharmacy,Eric Martin,(851) 961-1594,(851) 961-1594,Eric.Martin121@northgate.com,Phoenix,AZ,Northeast,East,2018-05-02,,,,,,,,,,,,
CUST00110,Mercy Urgent Care Clinic,Jessica Peterson,(229) 604-4327,(229) 604-4327,Jessica.Peterson358@mercy.com,Philadelphia,PA,East,East,2011-07-08,,,,,,,,,,,,
CUST00111,Lakeside Long-Term Care Facility,Debra Edwards,9756792287,(975) 679-2287,Debra.Edwards153@lakeside.com,Phoenix,AZ,West,West,2017-04-18,,,,,,,,,,,,
CUST00112,Beacon Pharmacy,Raymond Flores,658 074 1209,(658) 074-1209,Raymond.Flores575@beacon.com,Phoenix,AZ,West,West,2024-06-21,,,,,,,,,,,,
CUST00113,Heritage Pharmacy,Jonathan White,890 983 7801,(890) 983-7801,Jonathan.White986@heritage.com,Milwaukee,WI,North,North,2010-06-05,,,,,,,,,,,,
CUST00114,Northgate Urgent Care Clinic,Sharon Brown,895-690-7056,(895) 690-7056,Sharon.Brown881@northgate.com,New Orleans,LA,South,South,2021-11-03,,,,,,,,,,,,
CUST00115,Grace Urgent Care Clinic,Nancy Davis,824 224 1246,(824) 224-1246,Nancy.Davis630@grace.com,Albany,NY,Northeast,East,2017-04-18,,,,,,,,,,,,
CUST00116,Riverside Hospital,Nicole Walker,(526) 546-1033,(526) 546-1033,Nicole.Walker505@riverside.com,Fargo,ND,North,North,2021-05-29,,,,,,,,,,,,
CUST00117,Crossroads Long-Term Care Facility,Stephen Ramos,578.617.0630,(578) 617-0630,Stephen.Ramos692@crossroads.com,Sacramento,CA,West,West,2012-04-11,,,,,,,,,,,,
CUST00118,Heritage Hospital,Pamela Edwards,7183258238,(718) 325-8238,Pamela.Edwards43@heritage.com,Tampa,FL,South,South,2010-01-09,,,,,,,,,,,,
CUST00119,Parkview Long-Term Care Facility,Jack Morgan,494-653-9840,(494) 653-9840,Jack.Morgan577@parkview.com,Newark,NJ,Southeast,South,2011-07-27,,,,,,,,,,,,
CUST00120,Cedar Urgent Care Clinic,Ashley Adams,846.398.5547,(846) 398-5547,Ashley.Adams350@cedar.com,Sacramento,CA,West,West,2014-09-22,,,,,,,,,,,,
CUST00121,Beacon Medical Center,Jonathan Hernandez,2097002687,(209) 700-2687,Jonathan.Hernandez807@beacon.com,Albany,NY,East,East,2024-07-23,,,,,,,,,,,,
CUST00122,Cedar Community Clinic,Jeffrey Johnson,569-562-0175,(569) 562-0175,Jeffrey.Johnson227@cedar.com,Sioux Falls,SD,North,North,2010-06-12,,,,,,,,,,,,
CUST00123,Eastview Long-Term Care Facility,Betty Gomez,(433) 750-4793,(433) 750-4793,Betty.Gomez114@eastview.com,Newark,NJ,Midwest,North,2016-03-22,,,,,,,,,,,,
CUST00124,Crossroads Health System,Sandra Gutierrez,(999) 219-2124,(999) 219-2124,Sandra.Gutierrez747@crossroads.com,Seattle,WA,West,West,2016-02-26,,,,,,,,,,,,
CUST00125,Riverside Hospital,George Gutierrez,0605664187,(060) 566-4187,George.Gutierrez778@riverside.com,Hartford,CT,East,East,2010-12-23,,,,,,,,,,,,
CUST00126,Southport Community Clinic,Mark Diaz,875 063 5190,(875) 063-5190,Mark.Diaz981@southport.com,Fargo,ND,North,North,2011-09-02,,,,,,,,,,,,
CUST00127,Northgate Hospital,Donald Baker,1076095431,(107) 609-5431,Donald.Baker853@northgate.com,Tampa,FL,South,South,2011-03-22,,,,,,,,,,,,
CUST00128,Union Long-Term Care Facility,Alexander Rodriguez,971.791.1006,(971) 791-1006,Alexander.Rodriguez802@union.com,Dallas,TX,South,South,2012-11-10,,,,,,,,,,,,
CUST00129,Parkview Pharmacy,Jason Robinson,(611) 080-4661,(611) 080-4661,Jason.Robinson886@parkview.com,Fargo,ND,North,North,2023-06-13,,,,,,,,,,,,
CUST00130,Beacon Long-Term Care Facility,Susan Wilson,699-150-7859,(699) 150-7859,Susan.Wilson13@beacon.com,Sioux Falls,SD,North,North,2023-05-08,,,,,,,,,,,,
CUST00131,Cedar Community Clinic,Linda Taylor,(845) 679-7232,(845) 679-7232,Linda.Taylor320@cedar.com,New Orleans,LA,South,South,2023-02-10,,,,,,,,,,,,
CUST00132,Crossroads Medical Center,Nicole Jackson,(822) 749-5450,(822) 749-5450,Nicole.Jackson59@crossroads.com,Philadelphia,PA,East,East,2015-04-29,,,,,,,,,,,,
CUST00133,Heritage Health System,Kevin Ward,(331) 537-7959,(331) 537-7959,Kevin.Ward307@heritage.com,Sioux Falls,SD,North,North,2019-05-23,,,,,,,,,,,,
CUST00134,Valley Urgent Care Clinic,Jack Nelson,0730337933,(073) 033-7933,Jack.Nelson827@valley.com,Sioux Falls,SD,North,North,2018-06-07,,,,,,,,,,,,
CUST00135,Grace Hospital,Jennifer Brown,150.812.4739,(150) 812-4739,Jennifer.Brown204@grace.com,Dallas,TX,South,South,2014-06-09,,,,,,,,,,,,
CUST00136,Valley Urgent Care Clinic,Sarah Carter,583 230 2410,(583) 230-2410,Sarah.Carter671@valley.com,Tampa,FL,South,South,2012-06-28,,,,,,,,,,,,
CUST00137,Northgate Urgent Care Clinic,Jonathan Carter,528-961-1223,(528) 961-1223,Jonathan.Carter712@northgate.com,Boston,MA,East,East,2018-05-24,,,,,,,,,,,,
CUST00138,Beacon Urgent Care Clinic,Shirley Howard,993-842-5304,(993) 842-5304,Shirley.Howard908@beacon.com,Seattle,WA,West,West,2020-12-19,,,,,,,,,,,,
CUST00139,Cedar Hospital,Amy Murphy,685 787 2558,(685) 787-2558,Amy.Murphy486@cedar.com,Denver,CO,Midwest,North,2016-01-08,,,,,,,,,,,,
CUST00140,Grace Health System,Steven Peterson,373.634.6692,(373) 634-6692,Steven.Peterson87@grace.com,Milwaukee,WI,North,North,2013-01-05,,,,,,,,,,,,
CUST00141,Cedar Long-Term Care Facility,Jason Mitchell,3907895677,(390) 789-5677,Jason.Mitchell824@cedar.com,Boston,MA,East,East,2021-02-27,,,,,,,,,,,,
CUST00142,Eastview Urgent Care Clinic,Sandra Gonzalez,341.514.8881,(341) 514-8881,Sandra.Gonzalez122@eastview.com,Sacramento,CA,West,West,2011-08-08,,,,,,,,,,,,
CUST00143,Lakeside Urgent Care Clinic,Andrew Hall,544.439.2840,(544) 439-2840,Andrew.Hall802@lakeside.com,Tampa,FL,South,South,2019-01-22,,,,,,,,,,,,
CUST00144,Cornerstone Medical Center,Patrick Reyes,2633373898,(263) 337-3898,Patrick.Reyes349@cornerstone.com,Sioux Falls,SD,North,North,2011-12-05,,,,,,,,,,,,
CUST00145,Northgate Urgent Care Clinic,Melissa Baker,780 529 2407,(780) 529-2407,Melissa.Baker231@northgate.com,Phoenix,AZ,West,West,2019-05-27,,,,,,,,,,,,
CUST00146,Grace Medical Center,Anthony Gomez,9022599996,(902) 259-9996,Anthony.Gomez66@grace.com,Philadelphia,PA,East,East,2021-12-27,,,,,,,,,,,,
CUST00147,Northgate Medical Center,Lisa Sanchez,(741) 218-2097,(741) 218-2097,Lisa.Sanchez72@northgate.com,Sacramento,CA,West,West,2018-08-28,,,,,,,,,,,,
CUST00148,Northgate Urgent Care Clinic,Joseph Taylor,170-580-2566,(170) 580-2566,Joseph.Taylor550@northgate.com,Tampa,FL,South,South,2019-05-21,,,,,,,,,,,,
CUST00149,Cedar Medical Center,Janet Collins,(346) 729-9493,(346) 729-9493,Janet.Collins283@cedar.com,Seattle,WA,West,West,2014-07-11,,,,,,,,,,,,
CUST00150,Summit Pharmacy,Barbara Torres,938 597 7790,(938) 597-7790,Barbara.Torres662@summit.com,Sacramento,CA,West,West,2020-03-27,,,,,,,,,,,,
CUST00151,Westfield Urgent Care Clinic,Ronald Garcia,(263) 296-7629,(263) 296-7629,Ronald.Garcia246@westfield.com,Denver,CO,West,West,2013-07-17,,,,,,,,,,,,
CUST00152,Heritage Urgent Care Clinic,Cynthia Perez,3768151185,(376) 815-1185,Cynthia.Perez259@heritage.com,Albany,NY,East,East,2014-08-26,,,,,,,,,,,,
CUST00153,Lakeside Health System,Sarah Adams,765 636 0041,(765) 636-0041,Sarah.Adams687@lakeside.com,Sacramento,CA,Midwest,North,2020-05-31,,,,,,,,,,,,
CUST00154,Parkview Medical Center,Donna Thomas,372-742-2091,(372) 742-2091,Donna.Thomas548@parkview.com,Minneapolis,MN,North,North,2018-10-07,,,,,,,,,,,,
CUST00155,Cedar Hospital,Alexander Flores,5230837081,(523) 083-7081,Alexander.Flores455@cedar.com,Fargo,ND,North,North,2011-03-06,,,,,,,,,,,,
CUST00156,Riverside Health System,Rachel Rodriguez,353-310-6005,(353) 310-6005,Rachel.Rodriguez226@riverside.com,Sioux Falls,SD,North,North,2012-03-02,,,,,,,,,,,,
CUST00157,Valley Long-Term Care Facility,Sandra Ramirez,(155) 839-3866,(155) 839-3866,Sandra.Ramirez109@valley.com,Dallas,TX,South,South,2017-12-31,,,,,,,,,,,,
CUST00158,Valley Urgent Care Clinic,Margaret Evans,(063) 731-4950,(063) 731-4950,Margaret.Evans309@valley.com,Sioux Falls,SD,North,North,2023-06-07,,,,,,,,,,,,
CUST00159,Maple Medical Center,Helen Howard,(956) 252-5715,(956) 252-5715,Helen.Howard460@maple.com,Tampa,FL,South,South,2018-07-30,,,,,,,,,,,,
CUST00160,Southport Health System,Betty Martin,436.391.0257,(436) 391-0257,Betty.Martin385@southport.com,Milwaukee,WI,Northeast,East,2014-08-02,,,,,,,,,,,,
CUST00161,Lakeside Community Clinic,Catherine Nelson,752-450-8640,(752) 450-8640,Catherine.Nelson351@lakeside.com,New Orleans,LA,South,South,2015-06-08,,,,,,,,,,,,
CUST00162,Heritage Hospital,Matthew Miller,(396) 852-7017,(396) 852-7017,Matthew.Miller650@heritage.com,Milwaukee,WI,North,North,2013-03-05,,,,,,,,,,,,
CUST00163,Summit Hospital,Daniel Cox,3381674233,(338) 167-4233,Daniel.Cox255@summit.com,Milwaukee,WI,North,North,2016-10-19,,,,,,,,,,,,
CUST00164,Cornerstone Urgent Care Clinic,Jack Parker,(715) 662-7768,(715) 662-7768,Jack.Parker779@cornerstone.com,Seattle,WA,West,West,2013-06-30,,,,,,,,,,,,
CUST00165,Hilltop Long-Term Care Facility,Ryan Torres,149.828.2467,(149) 828-2467,Ryan.Torres385@hilltop.com,Sioux Falls,SD,North,North,2022-08-11,,,,,,,,,,,,
CUST00166,Hilltop Health System,Ronald Mitchell,7323008576,(732) 300-8576,Ronald.Mitchell394@hilltop.com,Fargo,ND,North,North,2020-12-24,,,,,,,,,,,,
CUST00167,Cornerstone Urgent Care Clinic,Alexander Mitchell,169 236 4587,(169) 236-4587,Alexander.Mitchell714@cornerstone.com,Sioux Falls,SD,North,North,2011-04-18,,,,,,,,,,,,
CUST00168,Grace Community Clinic,Justin Lee,(50) 249-7243,(050) 249-7243,Justin.Lee13@grace.com,Seattle,WA,West,West,2012-08-14,,,,,,,,,,,,
CUST00169,Cedar Long-Term Care Facility,Timothy Ramos,183 626 4488,(183) 626-4488,Timothy.Ramos316@cedar.com,Phoenix,AZ,West,West,2019-03-26,,,,,,,,,,,,
CUST00170,Cedar Long-Term Care Facility,William Turner,(524) 364-0270,(524) 364-0270,William.Turner538@cedar.com,Billings,MT,North,North,2019-05-08,,,,,,,,,,,,
CUST00171,Westfield Community Clinic,Betty Davis,223-728-1793,(223) 728-1793,Betty.Davis768@westfield.com,Seattle,WA,West,West,2014-02-05,,,,,,,,,,,,
CUST00172,Northgate Long-Term Care Facility,Patricia Howard,912.141.6141,(912) 141-6141,Patricia.Howard241@northgate.com,Boston,MA,East,East,2020-09-19,,,,,,,,,,,,
CUST00173,Maple Medical Center,Gary Stewart,090.138.0698,(090) 138-0698,Gary.Stewart776@maple.com,Minneapolis,MN,North,North,2017-07-23,,,,,,,,,,,,
CUST00174,Trinity Health System,James Collins,(553) 566-9055,(553) 566-9055,James.Collins892@trinity.com,Philadelphia,PA,East,East,2019-01-05,,,,,,,,,,,,
CUST00175,Summit Community Clinic,Katherine Adams,(843) 579-7863,(843) 579-7863,Katherine.Adams18@summit.com,Billings,MT,North,North,2024-03-19,,,,,,,,,,,,
CUST00176,Lakeside Urgent Care Clinic,Matthew Jackson,(769) 156-7164,(769) 156-7164,Matthew.Jackson891@lakeside.com,Boston,MA,East,East,2021-08-31,,,,,,,,,,,,
CUST00177,Crossroads Health System,Margaret Perez,148-727-1783,(148) 727-1783,Margaret.Perez772@crossroads.com,Milwaukee,WI,North,North,2024-10-18,,,,,,,,,,,,
CUST00178,Cedar Community Clinic,Katherine Morales,(25) 643-4712,(025) 643-4712,Katherine.Morales93@cedar.com,Sioux Falls,SD,North,North,2017-06-19,,,,,,,,,,,,
CUST00179,Southport Long-Term Care Facility,Amanda Ramos,(686) 334-1411,(686) 334-1411,Amanda.Ramos960@southport.com,Fargo,ND,North,North,2014-03-22,,,,,,,,,,,,
CUST00180,Maple Community Clinic,George Taylor,690.409.8366,(690) 409-8366,George.Taylor533@maple.com,Newark,NJ,East,East,2024-11-20,,,,,,,,,,,,
CUST00181,Cornerstone Health System,Charles Jones,875.243.7729,(875) 243-7729,Charles.Jones614@cornerstone.com,Dallas,TX,South,South,2017-03-07,,,,,,,,,,,,
CUST00182,Crossroads Urgent Care Clinic,Mark Miller,973 746 0523,(973) 746-0523,Mark.Miller946@crossroads.com,Fargo,ND,North,North,2014-01-06,,,,,,,,,,,,
CUST00183,Hilltop Long-Term Care Facility,Anna Torres,(208) 656-7566,(208) 656-7566,Anna.Torres290@hilltop.com,Portland,OR,West,West,2014-05-18,,,,,,,,,,,,
CUST00184,Heritage Community Clinic,Anthony Ramirez,904-729-2774,(904) 729-2774,Anthony.Ramirez824@heritage.com,Sacramento,CA,West,West,2014-05-22,,,,,,,,,,,,
CUST00185,Riverside Community Clinic,Christine Baker,(662) 015-7201,(662) 015-7201,Christine.Baker608@riverside.com,Hartford,CT,Northeast,East,2019-09-24,,,,,,,,,,,,
CUST00186,Grace Hospital,Mary Thomas,749.261.7647,(749) 261-7647,Mary.Thomas120@grace.com,Dallas,TX,Southeast,South,2011-11-08,,,,,,,,,,,,
CUST00187,Hilltop Pharmacy,Thomas Gonzalez,(974) 192-6764,(974) 192-6764,Thomas.Gonzalez334@hilltop.com,Dallas,TX,South,South,2011-06-05,,,,,,,,,,,,
CUST00188,Heritage Community Clinic,Christine Thomas,068 887 1898,(068) 887-1898,Christine.Thomas772@heritage.com,Birmingham,AL,South,South,2014-08-27,,,,,,,,,,,,
CUST00189,Maple Community Clinic,Pamela Allen,(087) 510-2932,(087) 510-2932,Pamela.Allen872@maple.com,New Orleans,LA,South,South,2010-10-14,,,,,,,,,,,,
CUST00190,Maple Pharmacy,Emma Morales,260-340-8487,(260) 340-8487,Emma.Morales712@maple.com,Philadelphia,PA,East,East,2017-01-07,,,,,,,,,,,,
CUST00191,Mercy Health System,Nicole Rivera,030-324-3298,(030) 324-3298,Nicole.Rivera285@mercy.com,Dallas,TX,South,South,2012-11-18,,,,,,,,,,,,
CUST00192,Beacon Community Clinic,Elizabeth Wright,462-671-4628,(462) 671-4628,Elizabeth.Wright649@beacon.com,Sacramento,CA,West,West,2024-06-24,,,,,,,,,,,,
CUST00193,Mercy Hospital,Rachel Peterson,(566) 093-1418,(566) 093-1418,Rachel.Peterson417@mercy.com,Birmingham,AL,South,South,2011-06-25,,,,,,,,,,,,
CUST00194,Cedar Urgent Care Clinic,Anna Flores,234-016-3611,(234) 016-3611,Anna.Flores603@cedar.com,Philadelphia,PA,East,East,2020-12-24,,,,,,,,,,,,
CUST00195,Crossroads Pharmacy,Frank Morgan,849 102 5625,(849) 102-5625,Frank.Morgan565@crossroads.com,Hartford,CT,East,East,2023-05-04,,,,,,,,,,,,
CUST00196,Grace Long-Term Care Facility,Ashley Cox,082 226 9405,(082) 226-9405,Ashley.Cox429@grace.com,Denver,CO,West,West,2020-04-08,,,,,,,,,,,,
CUST00197,Parkview Hospital,David Martinez,468 341 4651,(468) 341-4651,David.Martinez748@parkview.com,Boston,MA,East,East,2015-05-21,,,,,,,,,,,,
CUST00198,Valley Pharmacy,Jessica Phillips,870 682 7788,(870) 682-7788,Jessica.Phillips15@valley.com,Minneapolis,MN,North,North,2023-10-28,,,,,,,,,,,,
CUST00199,Riverside Hospital,George Moore,(389) 097-2832,(389) 097-2832,George.Moore527@riverside.com,Denver,CO,West,West,2017-12-04,,,,,,,,,,,,
CUST00200,Trinity Pharmacy,James Reed,153-814-4744,(153) 814-4744,James.Reed404@trinity.com,Phoenix,AZ,West,West,2014-11-17,,,,,,,,,,,,
CUST00201,Crossroads Urgent Care Clinic,Brian White,(705) 097-5451,(705) 097-5451,Brian.White412@crossroads.com,Sioux Falls,SD,North,North,2017-12-14,,,,,,,,,,,,
CUST00202,Maple Pharmacy,Ronald Mitchell,8826170243,(882) 617-0243,Ronald.Mitchell307@maple.com,Phoenix,AZ,West,West,2018-03-05,,,,,,,,,,,,
CUST00203,Valley Medical Center,Jennifer Moore,722.560.5313,(722) 560-5313,Jennifer.Moore405@valley.com,Albany,NY,East,East,2019-06-12,,,,,,,,,,,,
CUST00204,Union Community Clinic,Patrick Roberts,(741) 678-7256,(741) 678-7256,Patrick.Roberts135@union.com,Milwaukee,WI,North,North,2012-06-17,,,,,,,,,,,,
CUST00205,Riverside Pharmacy,Gary Hernandez,030.569.0674,(030) 569-0674,Gary.Hernandez780@riverside.com,Atlanta,GA,South,South,2019-08-15,,,,,,,,,,,,
CUST00206,Beacon Hospital,Matthew Ramos,414-363-7189,(414) 363-7189,Matthew.Ramos645@beacon.com,New Orleans,LA,South,South,2024-03-25,,,,,,,,,,,,
CUST00207,Southport Hospital,Anna Flores,4326093106,(432) 609-3106,Anna.Flores717@southport.com,Milwaukee,WI,North,North,2024-03-16,,,,,,,,,,,,
CUST00208,Southport Hospital,Kenneth Miller,860-414-5456,(860) 414-5456,Kenneth.Miller187@southport.com,Boston,MA,East,East,2010-12-01,,,,,,,,,,,,
CUST00209,Lakeside Pharmacy,Richard Johnson,(491) 624-7554,(491) 624-7554,Richard.Johnson700@lakeside.com,Newark,NJ,East,East,2022-05-18,,,,,,,,,,,,
CUST00210,Summit Long-Term Care Facility,Susan Taylor,(598) 953-4396,(598) 953-4396,Susan.Taylor645@summit.com,Philadelphia,PA,East,East,2023-07-02,,,,,,,,,,,,
CUST00211,Lakeside Pharmacy,Thomas Harris,(118) 954-7382,(118) 954-7382,Thomas.Harris429@lakeside.com,Atlanta,GA,South,South,2022-05-07,,,,,,,,,,,,
CUST00212,Eastview Community Clinic,Carolyn Taylor,161.768.8029,(161) 768-8029,Carolyn.Taylor297@eastview.com,Philadelphia,PA,East,East,2011-01-08,,,,,,,,,,,,
CUST00213,Lakeside Health System,Paul Clark,(881) 278-6866,(881) 278-6866,Paul.Clark189@lakeside.com,Birmingham,AL,South,South,2010-01-30,,,,,,,,,,,,
CUST00214,Cornerstone Hospital,Nancy Lewis,(878) 844-3448,(878) 844-3448,Nancy.Lewis47@cornerstone.com,New Orleans,LA,South,South,2021-12-19,,,,,,,,,,,,
CUST00215,Westfield Hospital,Helen Mitchell,424 033 8105,(424) 033-8105,Helen.Mitchell333@westfield.com,Milwaukee,WI,North,North,2011-11-13,,,,,,,,,,,,
CUST00216,Heritage Community Clinic,Jonathan Howard,(945) 005-3424,(945) 005-3424,Jonathan.Howard109@heritage.com,Newark,NJ,East,East,2018-07-27,,,,,,,,,,,,
CUST00217,Eastview Community Clinic,Barbara Murphy,4396273652,(439) 627-3652,Barbara.Murphy186@eastview.com,Birmingham,AL,South,South,2020-04-21,,,,,,,,,,,,
CUST00218,Valley Hospital,Elizabeth Diaz,240-422-6931,(240) 422-6931,Elizabeth.Diaz252@valley.com,New Orleans,LA,South,South,2020-03-16,,,,,,,,,,,,
CUST00219,Grace Community Clinic,David Wright,091-660-1002,(091) 660-1002,David.Wright147@grace.com,Billings,MT,North,North,2024-01-27,,,,,,,,,,,,
CUST00220,Riverside Health System,Karen Young,5132797245,(513) 279-7245,Karen.Young58@riverside.com,Minneapolis,MN,North,North,2022-03-11,,,,,,,,,,,,
CUST00221,Eastview Community Clinic,Edward Roberts,184-186-2030,(184) 186-2030,Edward.Roberts151@eastview.com,Minneapolis,MN,North,North,2017-12-04,,,,,,,,,,,,
CUST00222,Westfield Community Clinic,Jessica Campbell,172.131.4519,(172) 131-4519,Jessica.Campbell946@westfield.com,Birmingham,AL,South,South,2011-11-26,,,,,,,,,,,,
CUST00223,Beacon Pharmacy,Angela Mitchell,592.624.9451,(592) 624-9451,Angela.Mitchell956@beacon.com,Atlanta,GA,South,South,2015-12-15,,,,,,,,,,,,
CUST00224,Cedar Long-Term Care Facility,Emily Jackson,252 677 1196,(252) 677-1196,Emily.Jackson93@cedar.com,Milwaukee,WI,North,North,2017-03-31,,,,,,,,,,,,
CUST00225,Valley Hospital,Jonathan Morgan,6769523668,(676) 952-3668,Jonathan.Morgan505@valley.com,Portland,OR,West,West,2021-12-11,,,,,,,,,,,,
CUST00226,Southport Health System,Pamela Stewart,689.313.5030,(689) 313-5030,Pamela.Stewart981@southport.com,Sacramento,CA,West,West,2012-12-30,,,,,,,,,,,,
CUST00227,Lakeside Pharmacy,Sarah Thomas,247 286 3330,(247) 286-3330,Sarah.Thomas986@lakeside.com,Philadelphia,PA,East,East,2013-03-18,,,,,,,,,,,,
CUST00228,Riverside Medical Center,Elizabeth Johnson,917-920-2521,(917) 920-2521,Elizabeth.Johnson583@riverside.com,Portland,OR,Northeast,East,2019-05-05,,,,,,,,,,,,
CUST00229,Valley Hospital,John Cox,476 570 4120,(476) 570-4120,John.Cox770@valley.com,Seattle,WA,West,West,2013-11-22,,,,,,,,,,,,
CUST00230,Valley Health System,Eric Carter,(784) 984-3624,(784) 984-3624,Eric.Carter974@valley.com,Sioux Falls,SD,North,North,2012-10-22,,,,,,,,,,,,
CUST00231,Northgate Community Clinic,Deborah Diaz,(289) 177-5662,(289) 177-5662,Deborah.Diaz200@northgate.com,Denver,CO,Southeast,South,2016-01-21,,,,,,,,,,,,
CUST00232,Maple Pharmacy,Michelle Harris,(503) 428-1139,(503) 428-1139,Michelle.Harris565@maple.com,Fargo,ND,North,North,2014-07-11,,,,,,,,,,,,
CUST00233,Lakeside Community Clinic,Andrew Gomez,909.700.5140,(909) 700-5140,Andrew.Gomez513@lakeside.com,Tampa,FL,Midwest,North,2014-05-16,,,,,,,,,,,,
CUST00234,Grace Urgent Care Clinic,Nicole Jones,1568182096,(156) 818-2096,Nicole.Jones298@grace.com,Newark,NJ,East,East,2013-08-13,,,,,,,,,,,,
CUST00235,Parkview Hospital,Amanda Nguyen,332-288-9857,(332) 288-9857,Amanda.Nguyen369@parkview.com,Minneapolis,MN,North,North,2023-12-26,,,,,,,,,,,,
CUST00236,Trinity Long-Term Care Facility,Barbara Murphy,(991) 297-1024,(991) 297-1024,Barbara.Murphy97@trinity.com,Sioux Falls,SD,North,North,2020-03-14,,,,,,,,,,,,
CUST00237,Valley Urgent Care Clinic,Sarah Thomas,551 127 4747,(551) 127-4747,Sarah.Thomas996@valley.com,Newark,NJ,Midwest,North,2022-10-04,,,,,,,,,,,,
CUST00238,Lakeside Medical Center,Cynthia King,(927) 589-5516,(927) 589-5516,Cynthia.King899@lakeside.com,Philadelphia,PA,East,East,2010-12-16,,,,,,,,,,,,
CUST00239,Lakeside Health System,Kathleen Reyes,462.961.3671,(462) 961-3671,Kathleen.Reyes658@lakeside.com,New Orleans,LA,Northeast,East,2022-01-01,,,,,,,,,,,,
CUST00240,Parkview Long-Term Care Facility,Margaret Stewart,1663651559,(166) 365-1559,Margaret.Stewart118@parkview.com,Minneapolis,MN,North,North,2016-03-30,,,,,,,,,,,,
CUST00241,Lakeside Medical Center,Michael Ramirez,359-096-0567,(359) 096-0567,Michael.Ramirez889@lakeside.com,Birmingham,AL,South,South,2010-07-07,,,,,,,,,,,,
CUST00242,Trinity Long-Term Care Facility,Debra King,121-461-4768,(121) 461-4768,Debra.King189@trinity.com,Philadelphia,PA,East,East,2011-03-17,,,,,,,,,,,,
CUST00243,Trinity Pharmacy,Pamela Kim,(567) 782-6596,(567) 782-6596,Pamela.Kim204@trinity.com,Philadelphia,PA,East,East,2011-09-30,,,,,,,,,,,,
CUST00244,Cornerstone Community Clinic,Patrick Smith,(502) 727-5164,(502) 727-5164,Patrick.Smith462@cornerstone.com,Tampa,FL,South,South,2012-10-26,,,,,,,,,,,,
CUST00245,Parkview Community Clinic,Emma Johnson,368 296 3533,(368) 296-3533,Emma.Johnson380@parkview.com,Minneapolis,MN,North,North,2018-02-28,,,,,,,,,,,,
CUST00246,Westfield Pharmacy,Joseph Thompson,177.665.5868,(177) 665-5868,Joseph.Thompson470@westfield.com,Hartford,CT,East,East,2019-08-11,,,,,,,,,,,,
CUST00247,Valley Urgent Care Clinic,Susan Murphy,4649111109,(464) 911-1109,Susan.Murphy768@valley.com,New Orleans,LA,South,South,2023-12-29,,,,,,,,,,,,
CUST00248,Maple Health System,Jessica Hall,0463378613,(046) 337-8613,Jessica.Hall991@maple.com,Denver,CO,West,West,2020-05-28,,,,,,,,,,,,
CUST00249,Grace Medical Center,Patricia Martin,(844) 446-3060,(844) 446-3060,Patricia.Martin810@grace.com,Fargo,ND,North,North,2018-05-26,,,,,,,,,,,,
CUST00250,Crossroads Long-Term Care Facility,Thomas Roberts,9638639609,(963) 863-9609,Thomas.Roberts746@crossroads.com,Philadelphia,PA,East,East,2013-11-24,,,,,,,,,,,,
CUST00251,Union Medical Center,Barbara Brown,(281) 964-8253,(281) 964-8253,Barbara.Brown448@union.com,Birmingham,AL,South,South,2010-04-05,,,,,,,,,,,,
CUST00252,Cornerstone Community Clinic,Mark Hill,819 602 7523,(819) 602-7523,Mark.Hill199@cornerstone.com,Dallas,TX,South,South,2022-01-04,,,,,,,,,,,,
CUST00253,Southport Long-Term Care Facility,Charles Torres,(412) 091-1791,(412) 091-1791,Charles.Torres269@southport.com,Portland,OR,West,West,2014-01-19,,,,,,,,,,,,
CUST00254,Cedar Pharmacy,Sharon Carter,361 706 1713,(361) 706-1713,Sharon.Carter912@cedar.com,Portland,OR,West,West,2017-01-12,,,,,,,,,,,,
CUST00255,Parkview Community Clinic,James Lee,(299) 015-5799,(299) 015-5799,James.Lee535@parkview.com,Atlanta,GA,South,South,2015-09-16,,,,,,,,,,,,
CUST00256,Northgate Pharmacy,Alexander Taylor,235 130 5231,(235) 130-5231,Alexander.Taylor275@northgate.com,Billings,MT,Midwest,North,2016-02-20,,,,,,,,,,,,
CUST00257,Northgate Medical Center,Janet Scott,477 686 3423,(477) 686-3423,Janet.Scott985@northgate.com,Fargo,ND,North,North,2018-10-24,,,,,,,,,,,,
CUST00258,Cornerstone Pharmacy,Edward Sanchez,7676945919,(767) 694-5919,Edward.Sanchez581@cornerstone.com,Newark,NJ,East,East,2017-12-01,,,,,,,,,,,,
CUST00259,Cedar Urgent Care Clinic,Lisa Adams,(849) 649-8560,(849) 649-8560,Lisa.Adams440@cedar.com,Seattle,WA,West,West,2014-03-04,,,,,,,,,,,,
CUST00260,Southport Urgent Care Clinic,Carol Robinson,(525) 105-0537,(525) 105-0537,Carol.Robinson576@southport.com,Milwaukee,WI,North,North,2011-06-27,,,,,,,,,,,,
CUST00261,Westfield Medical Center,Michael Murphy,849-196-6553,(849) 196-6553,Michael.Murphy511@westfield.com,New Orleans,LA,South,South,2011-01-19,,,,,,,,,,,,
CUST00262,Trinity Urgent Care Clinic,Kathleen Torres,(959) 639-0409,(959) 639-0409,Kathleen.Torres135@trinity.com,Minneapolis,MN,North,North,2019-01-13,,,,,,,,,,,,
CUST00263,Heritage Pharmacy,Kenneth Murphy,(171) 644-5561,(171) 644-5561,Kenneth.Murphy628@heritage.com,Fargo,ND,North,North,2011-01-21,,,,,,,,,,,,
CUST00264,Westfield Medical Center,Alexander Parker,159.103.0021,(159) 103-0021,Alexander.Parker232@westfield.com,Phoenix,AZ,West,West,2013-10-26,,,,,,,,,,,,
CUST00265,Northgate Pharmacy,Paul Perez,0401041459,(040) 104-1459,Paul.Perez948@northgate.com,Hartford,CT,East,East,2013-02-02,,,,,,,,,,,,
CUST00266,Parkview Health System,Gary Scott,296 718 8397,(296) 718-8397,Gary.Scott330@parkview.com,Milwaukee,WI,North,North,2020-10-29,,,,,,,,,,,,
CUST00267,Cedar Hospital,Margaret Reyes,583 311 7030,(583) 311-7030,Margaret.Reyes839@cedar.com,Philadelphia,PA,East,East,2018-08-21,,,,,,,,,,,,
CUST00268,Hilltop Hospital,George Roberts,988-547-2812,(988) 547-2812,George.Roberts999@hilltop.com,Fargo,ND,North,North,2020-02-24,,,,,,,,,,,,
CUST00269,Beacon Long-Term Care Facility,Robert Collins,462-491-2711,(462) 491-2711,Robert.Collins192@beacon.com,Birmingham,AL,South,South,2015-12-26,,,,,,,,,,,,
CUST00270,Hilltop Pharmacy,Michael Cruz,815.632.6868,(815) 632-6868,Michael.Cruz280@hilltop.com,Portland,OR,West,West,2018-04-18,,,,,,,,,,,,
CUST00271,Lakeside Pharmacy,Rachel Miller,(362) 948-9786,(362) 948-9786,Rachel.Miller662@lakeside.com,Phoenix,AZ,West,West,2015-08-02,,,,,,,,,,,,
CUST00272,Southport Pharmacy,Ronald Gonzalez,9431814396,(943) 181-4396,Ronald.Gonzalez226@southport.com,Minneapolis,MN,North,North,2016-01-07,,,,,,,,,,,,
CUST00273,Northgate Medical Center,Donald Perez,494 012 8974,(494) 012-8974,Donald.Perez323@northgate.com,Atlanta,GA,South,South,2011-07-23,,,,,,,,,,,,
CUST00274,Valley Hospital,Melissa Stewart,(76) 502-4120,(076) 502-4120,Melissa.Stewart598@valley.com,Boston,MA,East,East,2010-01-09,,,,,,,,,,,,
CUST00275,Southport Medical Center,Kevin Edwards,943 882 2114,(943) 882-2114,Kevin.Edwards503@southport.com,Sacramento,CA,Northeast,East,2017-11-13,,,,,,,,,,,,
CUST00276,Eastview Health System,Katherine Williams,054 589 7148,(054) 589-7148,Katherine.Williams152@eastview.com,Portland,OR,West,West,2019-03-16,,,,,,,,,,,,
CUST00277,Southport Long-Term Care Facility,Frank Cooper,396 531 3614,(396) 531-3614,Frank.Cooper921@southport.com,Tampa,FL,South,South,2020-01-29,,,,,,,,,,,,
CUST00278,Valley Health System,Jessica Parker,(696) 443-0985,(696) 443-0985,Jessica.Parker815@valley.com,Philadelphia,PA,East,East,2020-03-16,,,,,,,,,,,,
CUST00279,Mercy Health System,Andrew Rodriguez,7272849824,(727) 284-9824,Andrew.Rodriguez819@mercy.com,Albany,NY,East,East,2016-08-11,,,,,,,,,,,,
CUST00280,Parkview Pharmacy,Sarah Hall,910.740.6500,(910) 740-6500,Sarah.Hall900@parkview.com,Milwaukee,WI,North,North,2016-05-09,,,,,,,,,,,,
CUST00281,Crossroads Long-Term Care Facility,Frank Roberts,236-914-3075,(236) 914-3075,Frank.Roberts433@crossroads.com,Dallas,TX,South,South,2018-12-14,,,,,,,,,,,,
CUST00282,Eastview Pharmacy,Joshua Flores,965-923-4268,(965) 923-4268,Joshua.Flores88@eastview.com,Hartford,CT,East,East,2016-09-01,,,,,,,,,,,,
CUST00283,Parkview Health System,Kathleen Turner,6128758575,(612) 875-8575,Kathleen.Turner985@parkview.com,Birmingham,AL,South,South,2019-03-15,,,,,,,,,,,,
CUST00284,Riverside Medical Center,Michael Gomez,943.985.2989,(943) 985-2989,Michael.Gomez129@riverside.com,Sioux Falls,SD,Northeast,East,2019-01-14,,,,,,,,,,,,
CUST00285,Riverside Community Clinic,Alexander Nelson,0104159149,(010) 415-9149,Alexander.Nelson886@riverside.com,Denver,CO,West,West,2011-05-14,,,,,,,,,,,,
CUST00286,Cornerstone Pharmacy,Betty Anderson,872 324 4079,(872) 324-4079,Betty.Anderson69@cornerstone.com,Milwaukee,WI,North,North,2010-01-01,,,,,,,,,,,,
CUST00287,Beacon Hospital,Lisa Walker,1708760146,(170) 876-0146,Lisa.Walker862@beacon.com,Billings,MT,Northeast,East,2022-04-06,,,,,,,,,,,,
CUST00288,Beacon Urgent Care Clinic,Donna Nguyen,2022328837,(202) 232-8837,Donna.Nguyen684@beacon.com,Denver,CO,West,West,2012-03-30,,,,,,,,,,,,
CUST00289,Hilltop Health System,Mary Howard,1766204719,(176) 620-4719,Mary.Howard311@hilltop.com,Philadelphia,PA,East,East,2010-10-07,,,,,,,,,,,,
CUST00290,Beacon Community Clinic,Brian Ortiz,527-740-2588,(527) 740-2588,Brian.Ortiz400@beacon.com,Sacramento,CA,West,West,2021-07-04,,,,,,,,,,,,
CUST00291,Valley Pharmacy,Helen White,9572446176,(957) 244-6176,Helen.White590@valley.com,Tampa,FL,South,South,2021-05-16,,,,,,,,,,,,
CUST00292,Crossroads Long-Term Care Facility,Richard Wilson,995-996-1002,(995) 996-1002,Richard.Wilson512@crossroads.com,Newark,NJ,East,East,2020-09-07,,,,,,,,,,,,
CUST00293,Southport Urgent Care Clinic,Deborah Cox,2661094101,(266) 109-4101,Deborah.Cox647@southport.com,Dallas,TX,South,South,2010-08-30,,,,,,,,,,,,
CUST00294,Union Hospital,Christopher Parker,983 347 7433,(983) 347-7433,Christopher.Parker834@union.com,Sioux Falls,SD,North,North,2021-11-08,,,,,,,,,,,,
CUST00295,Northgate Long-Term Care Facility,Lisa Ortiz,130.205.6981,(130) 205-6981,Lisa.Ortiz509@northgate.com,Billings,MT,Midwest,North,2014-04-07,,,,,,,,,,,,
CUST00296,Northgate Long-Term Care Facility,Eric Hill,982-176-6191,(982) 176-6191,Eric.Hill104@northgate.com,Denver,CO,West,West,2012-08-24,,,,,,,,,,,,
CUST00297,Southport Medical Center,Emma Walker,(34) 465-1241,(034) 465-1241,Emma.Walker874@southport.com,Billings,MT,North,North,2021-08-12,,,,,,,,,,,,
CUST00298,Crossroads Health System,Kevin Davis,819-740-0564,(819) 740-0564,Kevin.Davis143@crossroads.com,Boston,MA,East,East,2014-08-01,,,,,,,,,,,,
CUST00299,Union Health System,Thomas Wright,9905169918,(990) 516-9918,Thomas.Wright741@union.com,Milwaukee,WI,North,North,2010-12-08,,,,,,,,,,,,
CUST00300,Lakeside Pharmacy,Timothy Williams,(567) 430-0038,(567) 430-0038,Timothy.Williams566@lakeside.com,Denver,CO,West,West,2020-10-24,,,,,,,,,,,,
CUST00301,Grace Pharmacy,Laura Davis,682.171.9553,(682) 171-9553,Laura.Davis244@grace.com,Seattle,WA,West,West,2015-03-16,,,,,,,,,,,,
CUST00302,Cornerstone Pharmacy,Andrew Garcia,890-030-1027,(890) 030-1027,Andrew.Garcia322@cornerstone.com,Milwaukee,WI,North,North,2017-11-04,,,,,,,,,,,,
CUST00303,Southport Health System,Janet Hill,7111483753,(711) 148-3753,Janet.Hill965@southport.com,Newark,NJ,East,East,2018-03-25,,,,,,,,,,,,
CUST00304,Heritage Long-Term Care Facility,David Clark,458.810.5697,(458) 810-5697,David.Clark934@heritage.com,Newark,NJ,East,East,2013-01-28,,,,,,,,,,,,
CUST00305,Crossroads Long-Term Care Facility,John Wright,3152037710,(315) 203-7710,John.Wright285@crossroads.com,Tampa,FL,South,South,2023-03-12,,,,,,,,,,,,
CUST00306,Westfield Medical Center,Lisa Parker,9670667033,(967) 066-7033,Lisa.Parker546@westfield.com,Minneapolis,MN,North,North,2011-03-05,,,,,,,,,,,,
CUST00307,Westfield Community Clinic,Catherine Davis,0954930596,(095) 493-0596,Catherine.Davis827@westfield.com,Billings,MT,North,North,2012-06-13,,,,,,,,,,,,
CUST00308,Grace Health System,Rachel Scott,998.426.7320,(998) 426-7320,Rachel.Scott88@grace.com,Hartford,CT,East,East,2015-08-10,,,,,,,,,,,,
CUST00309,Heritage Long-Term Care Facility,Gregory Adams,(94) 544-9014,(094) 544-9014,Gregory.Adams857@heritage.com,Philadelphia,PA,East,East,2015-12-07,,,,,,,,,,,,
CUST00310,Valley Long-Term Care Facility,Brandon Peterson,705.783.6091,(705) 783-6091,Brandon.Peterson322@valley.com,Phoenix,AZ,Northeast,East,2011-06-09,,,,,,,,,,,,
CUST00311,Valley Medical Center,Rachel Cook,723-229-0310,(723) 229-0310,Rachel.Cook882@valley.com,Philadelphia,PA,East,East,2019-11-17,,,,,,,,,,,,
CUST00312,Union Health System,Elizabeth Cook,(044) 058-0935,(044) 058-0935,Elizabeth.Cook455@union.com,Billings,MT,North,North,2012-07-16,,,,,,,,,,,,
CUST00313,Cedar Health System,Jason Mitchell,561.642.0595,(561) 642-0595,Jason.Mitchell482@cedar.com,Atlanta,GA,South,South,2016-08-05,,,,,,,,,,,,
CUST00314,Riverside Health System,Timothy Howard,901-935-8895,(901) 935-8895,Timothy.Howard34@riverside.com,Tampa,FL,Northeast,East,2024-09-26,,,,,,,,,,,,
CUST00315,Summit Community Clinic,Jacob Ortiz,(398) 986-8180,(398) 986-8180,Jacob.Ortiz533@summit.com,Sacramento,CA,West,West,2019-11-22,,,,,,,,,,,,
CUST00316,Eastview Urgent Care Clinic,Jason Campbell,353 537 5137,(353) 537-5137,Jason.Campbell82@eastview.com,New Orleans,LA,South,South,2017-11-23,,,,,,,,,,,,
CUST00317,Crossroads Health System,Justin Moore,937 639 2836,(937) 639-2836,Justin.Moore621@crossroads.com,Fargo,ND,North,North,2015-11-03,,,,,,,,,,,,
CUST00318,Westfield Long-Term Care Facility,Sharon King,(682) 973-2702,(682) 973-2702,Sharon.King784@westfield.com,Philadelphia,PA,Southeast,South,2022-06-10,,,,,,,,,,,,
CUST00319,Hilltop Community Clinic,Rebecca Bailey,602-128-8665,(602) 128-8665,Rebecca.Bailey248@hilltop.com,Milwaukee,WI,North,North,2016-07-31,,,,,,,,,,,,
CUST00320,Union Pharmacy,Sarah White,101 576 7647,(101) 576-7647,Sarah.White742@union.com,Hartford,CT,East,East,2023-03-23,,,,,,,,,,,,
CUST00321,Crossroads Long-Term Care Facility,Richard Robinson,995.765.7289,(995) 765-7289,Richard.Robinson305@crossroads.com,Milwaukee,WI,North,North,2021-01-24,,,,,,,,,,,,
CUST00322,Lakeside Urgent Care Clinic,Richard Hall,522.036.8499,(522) 036-8499,Richard.Hall292@lakeside.com,Portland,OR,West,West,2013-09-18,,,,,,,,,,,,
CUST00323,Westfield Pharmacy,Shirley Perez,(244) 913-4213,(244) 913-4213,Shirley.Perez29@westfield.com,Boston,MA,East,East,2023-06-04,,,,,,,,,,,,
CUST00324,Heritage Pharmacy,Joseph Thomas,053.496.7827,(053) 496-7827,Joseph.Thomas456@heritage.com,Dallas,TX,South,South,2019-09-12,,,,,,,,,,,,
CUST00325,Eastview Medical Center,Benjamin Rogers,1513152854,(151) 315-2854,Benjamin.Rogers689@eastview.com,Milwaukee,WI,North,North,2011-08-30,,,,,,,,,,,,
CUST00326,Union Community Clinic,Frank Sanchez,853-800-3296,(853) 800-3296,Frank.Sanchez272@union.com,Sioux Falls,SD,Midwest,North,2020-07-18,,,,,,,,,,,,
CUST00327,Hilltop Hospital,Raymond Thompson,318-306-1789,(318) 306-1789,Raymond.Thompson40@hilltop.com,Birmingham,AL,South,South,2019-05-19,,,,,,,,,,,,
CUST00328,Eastview Community Clinic,Melissa Cooper,(578) 243-4776,(578) 243-4776,Melissa.Cooper493@eastview.com,Denver,CO,West,West,2016-08-17,,,,,,,,,,,,
CUST00329,Southport Pharmacy,Ronald Taylor,753 612 7515,(753) 612-7515,Ronald.Taylor793@southport.com,Fargo,ND,North,North,2020-11-06,,,,,,,,,,,,
CUST00330,Hilltop Long-Term Care Facility,Edward Phillips,8360854566,(836) 085-4566,Edward.Phillips267@hilltop.com,Seattle,WA,Southeast,South,2011-03-24,,,,,,,,,,,,
CUST00331,Hilltop Urgent Care Clinic,Brandon Nelson,(47) 639-2831,(047) 639-2831,Brandon.Nelson133@hilltop.com,Tampa,FL,South,South,2023-07-27,,,,,,,,,,,,
CUST00332,Riverside Health System,Jonathan Gomez,558-108-3583,(558) 108-3583,Jonathan.Gomez881@riverside.com,Sioux Falls,SD,Midwest,North,2015-02-22,,,,,,,,,,,,
CUST00333,Valley Urgent Care Clinic,Christopher Torres,(830) 008-1867,(830) 008-1867,Christopher.Torres309@valley.com,Philadelphia,PA,East,East,2010-07-18,,,,,,,,,,,,
CUST00334,Southport Hospital,Maria Cooper,(662) 411-1860,(662) 411-1860,Maria.Cooper620@southport.com,Fargo,ND,North,North,2013-05-28,,,,,,,,,,,,
CUST00335,Cornerstone Pharmacy,Christine Kelly,456.804.4731,(456) 804-4731,Christine.Kelly483@cornerstone.com,Seattle,WA,West,West,2018-06-12,,,,,,,,,,,,
CUST00336,Trinity Urgent Care Clinic,Ronald Mitchell,847 488 3607,(847) 488-3607,Ronald.Mitchell782@trinity.com,Milwaukee,WI,North,North,2022-04-05,,,,,,,,,,,,
CUST00337,Maple Community Clinic,Benjamin Hernandez,063-757-9145,(063) 757-9145,Benjamin.Hernandez98@maple.com,Seattle,WA,West,West,2022-07-31,,,,,,,,,,,,
CUST00338,Northgate Hospital,Michelle Baker,2697893074,(269) 789-3074,David.Murphy863@parkview.com,Denver,CO,West,West,2013-05-18,,,,,,,,,,,,
CUST00339,Union Pharmacy,Pamela Hernandez,(387) 875-3577,(387) 875-3577,Pamela.Hernandez944@union.com,Sacramento,CA,West,West,2012-05-10,,,,,,,,,,,,
CUST00340,Cedar Medical Center,Benjamin Ortiz,281-237-1067,(281) 237-1067,Benjamin.Ortiz499@cedar.com,Seattle,WA,West,West,2013-02-19,,,,,,,,,,,,
CUST00341,Heritage Community Clinic,Eric Clark,644.859.5922,(644) 859-5922,Eric.Clark823@heritage.com,Phoenix,AZ,Northeast,East,2023-10-09,,,,,,,,,,,,
CUST00342,Mercy Community Clinic,William Smith,5228705622,(522) 870-5622,William.Smith320@mercy.com,Boston,MA,East,East,2014-03-18,,,,,,,,,,,,
CUST00343,Maple Hospital,Andrew Diaz,792.158.3503,(792) 158-3503,Andrew.Diaz599@maple.com,Portland,OR,Midwest,North,2016-11-09,,,,,,,,,,,,
CUST00344,Beacon Urgent Care Clinic,Thomas Gutierrez,(319) 213-4249,(319) 213-4249,Thomas.Gutierrez602@beacon.com,Portland,OR,West,West,2024-06-18,,,,,,,,,,,,
CUST00345,Grace Long-Term Care Facility,Brandon Jackson,(994) 973-2033,(994) 973-2033,Brandon.Jackson147@grace.com,Hartford,CT,East,East,2013-09-12,,,,,,,,,,,,
CUST00346,Riverside Medical Center,Pamela Gomez,028-767-5481,(028) 767-5481,Pamela.Gomez387@riverside.com,Albany,NY,East,East,2018-08-25,,,,,,,,,,,,
CUST00347,Hilltop Community Clinic,Gary Allen,5819324268,(581) 932-4268,Gary.Allen702@hilltop.com,Philadelphia,PA,East,East,2012-09-12,,,,,,,,,,,,
CUST00348,Trinity Health System,Mary Sanchez,756 398 3652,(756) 398-3652,Mary.Sanchez453@trinity.com,Newark,NJ,Southeast,South,2018-02-05,,,,,,,,,,,,
CUST00349,Northgate Health System,Jennifer Allen,1548094047,(154) 809-4047,Jennifer.Allen281@northgate.com,Billings,MT,North,North,2024-01-10,,,,,,,,,,,,
CUST00350,Cornerstone Pharmacy,Karen Thompson,772 781 0509,(772) 781-0509,Karen.Thompson892@cornerstone.com,Sioux Falls,SD,North,North,2012-12-14,,,,,,,,,,,,
CUST00351,Trinity Pharmacy,Nancy Ramos,051 843 9055,(051) 843-9055,Nancy.Ramos740@trinity.com,Minneapolis,MN,North,North,2018-03-20,,,,,,,,,,,,
CUST00352,Riverside Health System,Helen Sanchez,013.824.1270,(013) 824-1270,Helen.Sanchez706@riverside.com,Phoenix,AZ,West,West,2021-05-03,,,,,,,,,,,,
CUST00353,Valley Medical Center,Lisa Lopez,(515) 791-9711,(515) 791-9711,Lisa.Lopez191@valley.com,Fargo,ND,North,North,2017-02-13,,,,,,,,,,,,
CUST00354,Riverside Health System,Andrew Thompson,571 343 2406,(571) 343-2406,Andrew.Thompson286@riverside.com,Dallas,TX,South,South,2013-02-24,,,,,,,,,,,,
CUST00355,Union Health System,George Hall,(432) 447-4175,(432) 447-4175,George.Hall791@union.com,Seattle,WA,West,West,2024-05-24,,,,,,,,,,,,
CUST00356,Parkview Health System,Carolyn Cook,962.893.6543,(962) 893-6543,Carolyn.Cook565@parkview.com,Dallas,TX,South,South,2016-01-13,,,,,,,,,,,,
CUST00357,Crossroads Pharmacy,Larry Carter,401.827.2795,(401) 827-2795,Larry.Carter675@crossroads.com,Tampa,FL,South,South,2023-03-14,,,,,,,,,,,,
CUST00358,Union Pharmacy,Kathleen Cooper,026-755-1254,(026) 755-1254,Kathleen.Cooper191@union.com,Fargo,ND,North,North,2010-06-28,,,,,,,,,,,,
CUST00359,Beacon Medical Center,Jennifer Robinson,667.345.9576,(667) 345-9576,Jennifer.Robinson782@beacon.com,Denver,CO,West,West,2021-05-16,,,,,,,,,,,,
CUST00360,Trinity Pharmacy,Sarah Taylor,(690) 282-4983,(690) 282-4983,Sarah.Taylor680@trinity.com,Portland,OR,West,West,2017-06-22,,,,,,,,,,,,
CUST00361,Lakeside Long-Term Care Facility,Michelle Hernandez,257.627.0232,(257) 627-0232,Michelle.Hernandez190@lakeside.com,Fargo,ND,North,North,2015-04-19,,,,,,,,,,,,
CUST00362,Northgate Long-Term Care Facility,Ronald Ramirez,285 072 5178,(285) 072-5178,Ronald.Ramirez935@northgate.com,Sacramento,CA,West,West,2020-08-05,,,,,,,,,,,,
CUST00363,Grace Community Clinic,Jonathan Martinez,1625265469,(162) 526-5469,Jonathan.Martinez356@grace.com,Seattle,WA,West,West,2020-12-14,,,,,,,,,,,,
CUST00364,Cornerstone Community Clinic,Samuel Robinson,(235) 558-0996,(235) 558-0996,Samuel.Robinson142@cornerstone.com,Milwaukee,WI,North,North,2021-03-19,,,,,,,,,,,,
CUST00365,Lakeside Hospital,Sharon Thompson,562.624.4670,(562) 624-4670,Sharon.Thompson168@lakeside.com,Tampa,FL,South,South,2018-12-07,,,,,,,,,,,,
CUST00366,Crossroads Community Clinic,Ryan Johnson,516 025 2986,(516) 025-2986,Ryan.Johnson498@crossroads.com,Sioux Falls,SD,North,North,2024-08-31,,,,,,,,,,,,
CUST00367,Grace Community Clinic,Daniel Diaz,(419) 785-7585,(419) 785-7585,Daniel.Diaz545@grace.com,Sacramento,CA,West,West,2018-08-08,,,,,,,,,,,,
CUST00368,Cedar Long-Term Care Facility,Jessica Morales,(943) 897-6074,(943) 897-6074,Jessica.Morales472@cedar.com,Dallas,TX,South,South,2018-03-27,,,,,,,,,,,,
CUST00369,Beacon Pharmacy,Joshua Jones,408.424.5607,(408) 424-5607,Joshua.Jones611@beacon.com,Philadelphia,PA,East,East,2012-07-03,,,,,,,,,,,,
CUST00370,Lakeside Urgent Care Clinic,Catherine Ortiz,812-276-4579,(812) 276-4579,Catherine.Ortiz583@lakeside.com,Seattle,WA,West,West,2020-04-13,,,,,,,,,,,,
CUST00371,Cedar Pharmacy,Steven Hernandez,168 154 6602,(168) 154-6602,Steven.Hernandez857@cedar.com,Philadelphia,PA,Midwest,North,2019-09-21,,,,,,,,,,,,
CUST00372,Northgate Pharmacy,Nicholas Garcia,830.597.3642,(830) 597-3642,Nicholas.Garcia620@northgate.com,Philadelphia,PA,East,East,2018-12-10,,,,,,,,,,,,
CUST00373,Westfield Hospital,Robert Adams,062-447-9513,(062) 447-9513,Robert.Adams227@westfield.com,Albany,NY,East,East,2011-06-07,,,,,,,,,,,,
CUST00374,Westfield Health System,Jeffrey Martin,958.678.0555,(958) 678-0555,Jeffrey.Martin474@westfield.com,Denver,CO,West,West,2021-03-11,,,,,,,,,,,,
CUST00375,Heritage Hospital,Donna Green,091.785.1385,(091) 785-1385,Donna.Green463@heritage.com,Birmingham,AL,South,South,2020-06-25,,,,,,,,,,,,
CUST00376,Summit Pharmacy,Helen Thomas,6604873682,(660) 487-3682,Helen.Thomas100@summit.com,New Orleans,LA,South,South,2018-11-16,,,,,,,,,,,,
CUST00377,Northgate Hospital,Benjamin Wilson,268.653.6945,(268) 653-6945,Benjamin.Wilson681@northgate.com,Billings,MT,North,North,2024-03-14,,,,,,,,,,,,
CUST00378,Union Long-Term Care Facility,Kathleen Thompson,774.722.6408,(774) 722-6408,Kathleen.Thompson700@union.com,Seattle,WA,West,West,2012-03-16,,,,,,,,,,,,
CUST00379,Cornerstone Medical Center,Jason Williams,093 299 8199,(093) 299-8199,Jason.Williams333@cornerstone.com,Phoenix,AZ,West,West,2023-09-05,,,,,,,,,,,,
CUST00380,Valley Hospital,Jacob Sanchez,096-883-2753,(096) 883-2753,Jacob.Sanchez331@valley.com,Sacramento,CA,West,West,2012-12-22,,,,,,,,,,,,
CUST00381,Cedar Urgent Care Clinic,Christopher Young,739.732.7819,(739) 732-7819,Christopher.Young474@cedar.com,Milwaukee,WI,North,North,2011-07-27,,,,,,,,,,,,
CUST00382,Lakeside Pharmacy,Patrick Davis,6164819807,(616) 481-9807,Patrick.Davis300@lakeside.com,Denver,CO,West,West,2018-12-08,,,,,,,,,,,,
CUST00383,Lakeside Long-Term Care Facility,Jason Baker,876.112.4912,(876) 112-4912,Jason.Baker146@lakeside.com,Boston,MA,East,East,2015-06-15,,,,,,,,,,,,
CUST00384,Hilltop Long-Term Care Facility,Kimberly Reed,177 345 4757,(177) 345-4757,Kimberly.Reed282@hilltop.com,Tampa,FL,Midwest,North,2023-05-02,,,,,,,,,,,,
CUST00385,Summit Pharmacy,Jeffrey Nguyen,359 544 2947,(359) 544-2947,Jeffrey.Nguyen159@summit.com,New Orleans,LA,South,South,2012-11-19,,,,,,,,,,,,
CUST00386,Beacon Hospital,Shirley Gutierrez,303 942 9045,(303) 942-9045,Shirley.Gutierrez416@beacon.com,Boston,MA,East,East,2020-09-12,,,,,,,,,,,,
CUST00387,Valley Health System,Timothy Johnson,8585672872,(858) 567-2872,Timothy.Johnson685@valley.com,Newark,NJ,East,East,2011-06-15,,,,,,,,,,,,
CUST00388,Southport Urgent Care Clinic,Jack Sanchez,491-357-7908,(491) 357-7908,Jack.Sanchez373@southport.com,Newark,NJ,East,East,2024-11-24,,,,,,,,,,,,
CUST00389,Grace Pharmacy,Steven White,488-810-7983,(488) 810-7983,Steven.White707@grace.com,Fargo,ND,North,North,2024-08-06,,,,,,,,,,,,
CUST00390,Southport Long-Term Care Facility,Anthony Robinson,(948) 413-1284,(948) 413-1284,Anthony.Robinson250@southport.com,Birmingham,AL,South,South,2023-02-19,,,,,,,,,,,,
CUST00391,Cornerstone Long-Term Care Facility,Nicole Ramirez,(513) 717-1731,(513) 717-1731,Nicole.Ramirez613@cornerstone.com,Phoenix,AZ,Northeast,East,2020-12-05,,,,,,,,,,,,
CUST00392,Cornerstone Urgent Care Clinic,Angela Thompson,173.997.0469,(173) 997-0469,Angela.Thompson337@cornerstone.com,Billings,MT,North,North,2021-05-18,,,,,,,,,,,,
CUST00393,Crossroads Medical Center,James Green,8354884712,(835) 488-4712,James.Green915@crossroads.com,Philadelphia,PA,East,East,2021-06-06,,,,,,,,,,,,
CUST00394,Hilltop Medical Center,Nicholas Flores,417.582.3133,(417) 582-3133,Nicholas.Flores328@hilltop.com,Atlanta,GA,Southeast,South,2021-11-24,,,,,,,,,,,,
CUST00395,Maple Medical Center,Jacob Kim,(252) 362-2925,(252) 362-2925,Jacob.Kim808@maple.com,Hartford,CT,East,East,2019-05-09,,,,,,,,,,,,
CUST00396,Eastview Long-Term Care Facility,Ronald Turner,(452) 455-5746,(452) 455-5746,Ronald.Turner6@eastview.com,Tampa,FL,South,South,2019-01-24,,,,,,,,,,,,
CUST00397,Trinity Pharmacy,Carol Bailey,4033445056,(403) 344-5056,Carol.Bailey574@trinity.com,Newark,NJ,East,East,2014-06-22,,,,,,,,,,,,
CUST00398,Northgate Long-Term Care Facility,Nicole Carter,(257) 970-6734,(257) 970-6734,Nicole.Carter61@northgate.com,Portland,OR,Northeast,East,2012-04-10,,,,,,,,,,,,
CUST00399,Union Pharmacy,Emma Sanchez,417.215.6229,(417) 215-6229,Emma.Sanchez576@union.com,Hartford,CT,East,East,2011-12-22,,,,,,,,,,,,
CUST00400,Southport Medical Center,Margaret White,488 402 1557,(488) 402-1557,Margaret.White329@southport.com,Hartford,CT,East,East,2020-07-03,,,,,,,,,,,,
CUST00401,Parkview Hospital,Anna Davis,(449) 021-6667,(449) 021-6667,Anna.Davis935@parkview.com,Philadelphia,PA,East,East,2021-06-28,,,,,,,,,,,,
CUST00402,Riverside Urgent Care Clinic,Joseph Morgan,(587) 495-1191,(587) 495-1191,Joseph.Morgan163@riverside.com,Sacramento,CA,West,West,2021-07-08,,,,,,,,,,,,
CUST00403,Cedar Long-Term Care Facility,Emma Baker,316 477 2512,(316) 477-2512,Emma.Baker465@cedar.com,Denver,CO,West,West,2021-11-02,,,,,,,,,,,,
CUST00404,Trinity Long-Term Care Facility,Justin Adams,096-003-5624,(096) 003-5624,Justin.Adams546@trinity.com,Sioux Falls,SD,North,North,2020-04-07,,,,,,,,,,,,
CUST00405,Northgate Community Clinic,Brian Rodriguez,(234) 210-8902,(234) 210-8902,Brian.Rodriguez336@northgate.com,Hartford,CT,East,East,2017-01-27,,,,,,,,,,,,
CUST00406,Northgate Hospital,Maria Clark,4335027160,(433) 502-7160,Maria.Clark390@northgate.com,Tampa,FL,South,South,2011-02-08,,,,,,,,,,,,
CUST00407,Parkview Medical Center,Jessica Morales,691-128-9812,(691) 128-9812,Jessica.Morales759@parkview.com,Seattle,WA,West,West,2023-07-26,,,,,,,,,,,,
CUST00408,Union Urgent Care Clinic,Sharon Phillips,1857481700,(185) 748-1700,Sharon.Phillips985@union.com,Seattle,WA,West,West,2012-03-30,,,,,,,,,,,,
CUST00409,Mercy Urgent Care Clinic,Daniel Reed,431-670-4502,(431) 670-4502,Daniel.Reed10@mercy.com,Albany,NY,East,East,2012-11-14,,,,,,,,,,,,
CUST00410,Summit Health System,Eric Martin,093-459-6262,(093) 459-6262,Eric.Martin760@summit.com,Birmingham,AL,South,South,2024-12-30,,,,,,,,,,,,
CUST00411,Mercy Hospital,John Jackson,4654950050,(465) 495-0050,John.Jackson936@mercy.com,Milwaukee,WI,Northeast,East,2019-02-22,,,,,,,,,,,,
CUST00412,Heritage Pharmacy,Kathleen Turner,2210531611,(221) 053-1611,Kathleen.Turner877@heritage.com,Denver,CO,West,West,2022-01-14,,,,,,,,,,,,
CUST00413,Summit Medical Center,Thomas Lewis,425-859-1779,(425) 859-1779,Thomas.Lewis528@summit.com,Fargo,ND,North,North,2012-11-29,,,,,,,,,,,,
CUST00414,Summit Long-Term Care Facility,Kathleen Ramos,649 133 4245,(649) 133-4245,Kathleen.Ramos533@summit.com,Dallas,TX,South,South,2021-08-05,,,,,,,,,,,,
CUST00415,Eastview Health System,Christopher Gomez,290-603-2020,(290) 603-2020,Christopher.Gomez331@eastview.com,Tampa,FL,South,South,2010-04-06,,,,,,,,,,,,
CUST00416,Hilltop Health System,Emily Rogers,967 379 4871,(967) 379-4871,Emily.Rogers947@hilltop.com,Portland,OR,West,West,2017-07-26,,,,,,,,,,,,
CUST00417,Valley Urgent Care Clinic,Patricia Cooper,787 158 4156,(787) 158-4156,Patricia.Cooper130@valley.com,Philadelphia,PA,East,East,2012-02-14,,,,,,,,,,,,
CUST00418,Parkview Hospital,Shirley Harris,4254768182,(425) 476-8182,Shirley.Harris146@parkview.com,Minneapolis,MN,North,North,2014-12-23,,,,,,,,,,,,
CUST00419,Riverside Long-Term Care Facility,Deborah Lee,298-808-5838,(298) 808-5838,Deborah.Lee103@riverside.com,Tampa,FL,South,South,2013-09-18,,,,,,,,,,,,
CUST00420,Beacon Community Clinic,Kathleen Adams,9634064686,(963) 406-4686,Kathleen.Adams140@beacon.com,Atlanta,GA,South,South,2016-09-23,,,,,,,,,,,,
CUST00421,Cedar Pharmacy,Ronald Lee,399-106-2272,(399) 106-2272,Ronald.Lee662@cedar.com,Hartford,CT,East,East,2019-05-26,,,,,,,,,,,,
CUST00422,Cornerstone Medical Center,Frank Scott,134-261-9237,(134) 261-9237,Frank.Scott779@cornerstone.com,Atlanta,GA,South,South,2017-05-06,,,,,,,,,,,,
CUST00423,Maple Pharmacy,Patrick Baker,(973) 741-8972,(973) 741-8972,Patrick.Baker897@maple.com,Hartford,CT,Midwest,North,2016-02-08,,,,,,,,,,,,
CUST00424,Grace Pharmacy,George Walker,(692) 743-8119,(692) 743-8119,George.Walker891@grace.com,Albany,NY,East,East,2024-11-29,,,,,,,,,,,,
CUST00425,Trinity Medical Center,Janet Morales,(444) 856-4510,(444) 856-4510,Janet.Morales249@trinity.com,Sacramento,CA,West,West,2023-02-20,,,,,,,,,,,,
CUST00426,Southport Medical Center,Nicole Gonzalez,(789) 969-8609,(789) 969-8609,Nicole.Gonzalez590@southport.com,Portland,OR,Midwest,North,2012-02-17,,,,,,,,,,,,
CUST00427,Southport Pharmacy,Benjamin Parker,9660577980,(966) 057-7980,Benjamin.Parker686@southport.com,Hartford,CT,East,East,2010-07-30,,,,,,,,,,,,
CUST00428,Cornerstone Hospital,Emily Edwards,514-607-4555,(514) 607-4555,Emily.Edwards803@cornerstone.com,Dallas,TX,South,South,2011-01-27,,,,,,,,,,,,
CUST00429,Parkview Urgent Care Clinic,Jack Robinson,(856) 527-1559,(856) 527-1559,Jack.Robinson325@parkview.com,Newark,NJ,East,East,2016-11-10,,,,,,,,,,,,
CUST00430,Cedar Pharmacy,Carol Williams,263-475-5752,(263) 475-5752,Carol.Williams115@cedar.com,Portland,OR,West,West,2014-04-04,,,,,,,,,,,,
CUST00431,Westfield Health System,Amanda Morgan,691 311 9642,(691) 311-9642,Amanda.Morgan363@westfield.com,Hartford,CT,East,East,2018-11-25,,,,,,,,,,,,
CUST00432,Grace Hospital,Mark Lewis,1537038240,(153) 703-8240,Mark.Lewis252@grace.com,Fargo,ND,North,North,2015-01-25,,,,,,,,,,,,
CUST00433,Northgate Medical Center,Eric Howard,097-768-8936,(097) 768-8936,Eric.Howard410@northgate.com,Dallas,TX,South,South,2024-01-26,,,,,,,,,,,,
CUST00434,Grace Health System,Carolyn Young,465.535.8512,(465) 535-8512,Carolyn.Young815@grace.com,Philadelphia,PA,East,East,2022-01-27,,,,,,,,,,,,
CUST00435,Summit Health System,Michael Collins,(851) 935-8374,(851) 935-8374,Michael.Collins634@summit.com,Billings,MT,North,North,2019-10-28,,,,,,,,,,,,
CUST00436,Cornerstone Medical Center,Melissa Rodriguez,208 780 5721,(208) 780-5721,Melissa.Rodriguez978@cornerstone.com,Sacramento,CA,West,West,2016-03-11,,,,,,,,,,,,
CUST00437,Eastview Health System,Jason Jackson,(263) 748-4539,(263) 748-4539,Jason.Jackson785@eastview.com,Billings,MT,North,North,2022-02-07,,,,,,,,,,,,
CUST00438,Cornerstone Community Clinic,Matthew Young,059 119 1862,(059) 119-1862,Matthew.Young616@cornerstone.com,Albany,NY,East,East,2014-01-09,,,,,,,,,,,,
CUST00439,Valley Long-Term Care Facility,Lisa Gonzalez,511.696.6672,(511) 696-6672,Lisa.Gonzalez319@valley.com,Sioux Falls,SD,North,North,2017-12-19,,,,,,,,,,,,
CUST00440,Trinity Hospital,Helen Davis,(633) 515-7184,(633) 515-7184,Helen.Davis571@trinity.com,Boston,MA,Southeast,South,2011-04-30,,,,,,,,,,,,
CUST00441,Mercy Community Clinic,Matthew Richardson,005-640-9951,(005) 640-9951,Matthew.Richardson511@mercy.com,Milwaukee,WI,Midwest,North,2014-01-29,,,,,,,,,,,,
CUST00442,Northgate Health System,Samantha Jones,(295) 927-2827,(295) 927-2827,Samantha.Jones958@northgate.com,Albany,NY,East,East,2022-01-21,,,,,,,,,,,,
CUST00443,Maple Long-Term Care Facility,Ryan Peterson,298.217.3929,(298) 217-3929,Ryan.Peterson852@maple.com,Philadelphia,PA,Midwest,North,2018-09-21,,,,,,,,,,,,
CUST00444,Parkview Long-Term Care Facility,Raymond Ramos,523 736 0507,(523) 736-0507,Raymond.Ramos102@parkview.com,Billings,MT,Northeast,East,2021-08-29,,,,,,,,,,,,
CUST00445,Union Pharmacy,Gary Brown,(452) 734-6666,(452) 734-6666,Gary.Brown504@union.com,Denver,CO,West,West,2012-05-04,,,,,,,,,,,,
CUST00446,Heritage Urgent Care Clinic,Daniel Green,(740) 803-1499,(740) 803-1499,Daniel.Green757@heritage.com,Denver,CO,West,West,2011-01-28,,,,,,,,,,,,
CUST00447,Riverside Health System,Richard Collins,580-688-2850,(580) 688-2850,Richard.Collins973@riverside.com,Fargo,ND,North,North,2014-03-02,,,,,,,,,,,,
CUST00448,Union Hospital,Kevin Thompson,990 063 1403,(990) 063-1403,Kevin.Thompson400@union.com,Milwaukee,WI,North,North,2015-02-14,,,,,,,,,,,,
CUST00449,Grace Urgent Care Clinic,Jason Carter,3946943460,(394) 694-3460,Jason.Carter285@grace.com,Milwaukee,WI,North,North,2014-04-02,,,,,,,,,,,,
CUST00450,Hilltop Long-Term Care Facility,Lisa Morgan,(607) 231-1127,(607) 231-1127,Lisa.Morgan336@hilltop.com,Hartford,CT,Midwest,North,2013-10-03,,,,,,,,,,,,
CUST00451,Eastview Community Clinic,Thomas Gutierrez,494-116-3187,(494) 116-3187,Thomas.Gutierrez37@eastview.com,Portland,OR,West,West,2020-07-08,,,,,,,,,,,,
CUST00452,Maple Medical Center,Jennifer Cook,(211) 369-5727,(211) 369-5727,Jennifer.Cook786@maple.com,Milwaukee,WI,Southeast,South,2014-03-29,,,,,,,,,,,,
CUST00453,Northgate Long-Term Care Facility,Donna Cook,254-257-3066,(254) 257-3066,Donna.Cook66@northgate.com,Albany,NY,East,East,2015-01-20,,,,,,,,,,,,
CUST00454,Northgate Hospital,Joseph Rodriguez,(139) 848-2285,(139) 848-2285,Joseph.Rodriguez420@northgate.com,Boston,MA,Southeast,South,2021-08-14,,,,,,,,,,,,
CUST00455,Riverside Health System,Mark Jones,(213) 060-9069,(213) 060-9069,Mark.Jones578@riverside.com,Tampa,FL,South,South,2022-03-28,,,,,,,,,,,,
CUST00456,Riverside Pharmacy,Karen Collins,4967379457,(496) 737-9457,Karen.Collins550@riverside.com,Denver,CO,West,West,2018-01-29,,,,,,,,,,,,
CUST00457,Summit Hospital,Raymond Cooper,6425064207,(642) 506-4207,Raymond.Cooper873@summit.com,Newark,NJ,East,East,2015-02-03,,,,,,,,,,,,
CUST00458,Summit Medical Center,Rebecca Moore,667 776 7555,(667) 776-7555,Rebecca.Moore741@summit.com,Newark,NJ,East,East,2021-11-20,,,,,,,,,,,,
CUST00459,Southport Hospital,Susan Cooper,9578654362,(957) 865-4362,Susan.Cooper668@southport.com,Atlanta,GA,South,South,2020-02-23,,,,,,,,,,,,
CUST00460,Beacon Urgent Care Clinic,Larry Thompson,5826862703,(582) 686-2703,Larry.Thompson280@beacon.com,Sacramento,CA,West,West,2022-08-21,,,,,,,,,,,,
CUST00461,Summit Long-Term Care Facility,Anna Jones,(326) 573-2759,(326) 573-2759,Anna.Jones693@summit.com,Denver,CO,West,West,2012-03-06,,,,,,,,,,,,
CUST00462,Cedar Long-Term Care Facility,Kenneth Howard,(515) 532-3415,(515) 532-3415,Kenneth.Howard927@cedar.com,Minneapolis,MN,Northeast,East,2020-01-07,,,,,,,,,,,,
CUST00463,Union Medical Center,Stephen Stewart,(822) 261-8962,(822) 261-8962,Stephen.Stewart717@union.com,Tampa,FL,South,South,2016-04-22,,,,,,,,,,,,
CUST00464,Southport Community Clinic,George Cruz,102 676 7209,(102) 676-7209,George.Cruz599@southport.com,Milwaukee,WI,North,North,2022-10-30,,,,,,,,,,,,
CUST00465,Parkview Hospital,Ronald Martin,955 151 2294,(955) 151-2294,Ronald.Martin114@parkview.com,Sioux Falls,SD,North,North,2014-06-03,,,,,,,,,,,,
CUST00466,Union Community Clinic,Eric Brown,709.962.5438,(709) 962-5438,Eric.Brown502@union.com,Albany,NY,East,East,2017-02-22,,,,,,,,,,,,
CUST00467,Lakeside Hospital,Mary Kelly,(650) 471-5802,(650) 471-5802,Mary.Kelly20@lakeside.com,Tampa,FL,South,South,2016-10-15,,,,,,,,,,,,
CUST00468,Northgate Medical Center,Kimberly Peterson,465 586 6525,(465) 586-6525,Kimberly.Peterson198@northgate.com,Phoenix,AZ,West,West,2020-12-18,,,,,,,,,,,,
CUST00469,Eastview Urgent Care Clinic,William Martin,158.102.1312,(158) 102-1312,William.Martin586@eastview.com,Sioux Falls,SD,North,North,2015-04-26,,,,,,,,,,,,
CUST00470,Cedar Long-Term Care Facility,Raymond Moore,(591) 297-5191,(591) 297-5191,Raymond.Moore205@cedar.com,Minneapolis,MN,North,North,2011-10-27,,,,,,,,,,,,
CUST00471,Cedar Hospital,Angela Cox,330 165 8373,(330) 165-8373,Angela.Cox724@cedar.com,Minneapolis,MN,North,North,2014-03-05,,,,,,,,,,,,
CUST00472,Westfield Medical Center,Elizabeth Harris,012 342 8931,(012) 342-8931,Elizabeth.Harris192@westfield.com,Sioux Falls,SD,North,North,2017-03-17,,,,,,,,,,,,
CUST00473,Southport Long-Term Care Facility,Donald Ortiz,949 684 3645,(949) 684-3645,Donald.Ortiz8@southport.com,Birmingham,AL,South,South,2024-09-08,,,,,,,,,,,,
CUST00474,Eastview Community Clinic,George Cox,(750) 961-7015,(750) 961-7015,George.Cox695@eastview.com,Newark,NJ,Northeast,East,2011-06-24,,,,,,,,,,,,
CUST00475,Eastview Health System,Jennifer Rivera,757-475-8339,(757) 475-8339,Jennifer.Rivera420@eastview.com,Boston,MA,East,East,2020-06-05,,,,,,,,,,,,
CUST00476,Union Medical Center,Karen Phillips,772 266 0256,(772) 266-0256,Karen.Phillips375@union.com,Phoenix,AZ,West,West,2010-04-25,,,,,,,,,,,,
CUST00477,Valley Medical Center,Ronald Lee,3106724530,(310) 672-4530,Ronald.Lee311@valley.com,New Orleans,LA,South,South,2022-04-28,,,,,,,,,,,,
CUST00478,Southport Urgent Care Clinic,Amy Cox,766 270 5115,(766) 270-5115,Amy.Cox297@southport.com,Birmingham,AL,South,South,2013-03-04,,,,,,,,,,,,
CUST00479,Crossroads Hospital,Anna Torres,042-549-6919,(042) 549-6919,Anna.Torres350@crossroads.com,Seattle,WA,West,West,2018-05-17,,,,,,,,,,,,
CUST00480,Summit Long-Term Care Facility,Jacob Scott,107 563 3535,(107) 563-3535,Jacob.Scott569@summit.com,Hartford,CT,East,East,2017-08-23,,,,,,,,,,,,
CUST00481,Union Health System,Shirley Gonzalez,939.933.7970,(939) 933-7970,Shirley.Gonzalez394@union.com,Atlanta,GA,South,South,2013-04-30,,,,,,,,,,,,
CUST00482,Union Health System,Ashley Lewis,9417634250,(941) 763-4250,Ashley.Lewis649@union.com,Billings,MT,North,North,2010-01-26,,,,,,,,,,,,
CUST00483,Mercy Urgent Care Clinic,Donna Davis,(457) 598-3399,(457) 598-3399,Donna.Davis754@mercy.com,Denver,CO,West,West,2014-05-16,,,,,,,,,,,,
CUST00484,Crossroads Health System,Deborah Reyes,(604) 432-4006,(604) 432-4006,Deborah.Reyes795@crossroads.com,Newark,NJ,East,East,2013-04-24,,,,,,,,,,,,
CUST00485,Grace Medical Center,Thomas Adams,(514) 743-9742,(514) 743-9742,Thomas.Adams980@grace.com,New Orleans,LA,South,South,2010-05-19,,,,,,,,,,,,
CUST00486,Lakeside Pharmacy,John Torres,(256) 806-5625,(256) 806-5625,John.Torres332@lakeside.com,Hartford,CT,East,East,2022-09-08,,,,,,,,,,,,
CUST00487,Cornerstone Long-Term Care Facility,George Rivera,(271) 122-1823,(271) 122-1823,George.Rivera347@cornerstone.com,Billings,MT,Midwest,North,2011-10-27,,,,,,,,,,,,
CUST00488,Union Medical Center,Kimberly Robinson,(086) 628-1372,(086) 628-1372,Kimberly.Robinson246@union.com,Sioux Falls,SD,North,North,2011-04-08,,,,,,,,,,,,
CUST00489,Heritage Community Clinic,Stephanie Gomez,370.033.2285,(370) 033-2285,Stephanie.Gomez20@heritage.com,Minneapolis,MN,North,North,2021-06-11,,,,,,,,,,,,
CUST00490,Westfield Long-Term Care Facility,James Hall,6810390339,(681) 039-0339,James.Hall719@westfield.com,Sacramento,CA,West,West,2011-10-23,,,,,,,,,,,,
CUST00491,Mercy Health System,Helen Allen,809-448-5862,(809) 448-5862,Helen.Allen343@mercy.com,Birmingham,AL,South,South,2014-05-23,,,,,,,,,,,,
CUST00492,Eastview Urgent Care Clinic,Susan Clark,7079863210,(707) 986-3210,Susan.Clark205@eastview.com,Sacramento,CA,West,West,2022-10-16,,,,,,,,,,,,
CUST00493,Westfield Community Clinic,Margaret White,(570) 394-3804,(570) 394-3804,Margaret.White882@westfield.com,New Orleans,LA,South,South,2017-06-28,,,,,,,,,,,,
CUST00494,Hilltop Hospital,Susan Smith,(692) 778-9431,(692) 778-9431,Susan.Smith874@hilltop.com,Portland,OR,West,West,2010-09-13,,,,,,,,,,,,
CUST00495,Lakeside Health System,Jack Mitchell,4769210533,(476) 921-0533,Jack.Mitchell78@lakeside.com,Fargo,ND,North,North,2016-04-12,,,,,,,,,,,,
CUST00496,Riverside Medical Center,Barbara Walker,(424) 731-0720,(424) 731-0720,Barbara.Walker467@riverside.com,Albany,NY,East,East,2023-01-02,,,,,,,,,,,,
CUST00497,Heritage Community Clinic,Kathleen Evans,7123166007,(712) 316-6007,Kathleen.Evans180@heritage.com,Philadelphia,PA,Midwest,North,2010-04-19,,,,,,,,,,,,
CUST00498,Lakeside Health System,Laura Bailey,(734) 043-3700,(734) 043-3700,Laura.Bailey975@lakeside.com,Fargo,ND,North,North,2020-12-16,,,,,,,,,,,,
CUST00499,Southport Long-Term Care Facility,Carol Hall,957-782-5588,(957) 782-5588,Carol.Hall417@southport.com,Fargo,ND,North,North,2013-11-26,,,,,,,,,,,,
CUST00500,Grace Health System,Kevin Rivera,427-865-6194,(427) 865-6194,Kevin.Rivera661@grace.com,Boston,MA,East,East,2020-06-19,,,,,,,,,,,,
CUST00501,Heritage Medical Center,Joseph Cook,2958292361,(295) 829-2361,Joseph.Cook558@heritage.com,Dallas,TX,South,South,2010-12-10,,,,,,,,,,,,
CUST00502,Maple Health System,Ronald Lewis,235 715 5868,(235) 715-5868,Ronald.Lewis591@maple.com,Fargo,ND,North,North,2017-11-16,,,,,,,,,,,,
CUST00503,Trinity Community Clinic,Rebecca Hill,723-081-7214,(723) 081-7214,Rebecca.Hill846@trinity.com,Milwaukee,WI,North,North,2014-09-11,,,,,,,,,,,,
CUST00504,Maple Health System,Rebecca Johnson,132 114 7165,(132) 114-7165,Rebecca.Johnson715@maple.com,Dallas,TX,Southeast,South,2023-05-28,,,,,,,,,,,,
CUST00505,Union Urgent Care Clinic,Brian Brown,699.799.0707,(699) 799-0707,Brian.Brown262@union.com,Portland,OR,West,West,2020-08-15,,,,,,,,,,,,
CUST00506,Grace Long-Term Care Facility,Barbara Hernandez,(957) 060-7174,(957) 060-7174,Barbara.Hernandez252@grace.com,Sioux Falls,SD,North,North,2024-02-28,,,,,,,,,,,,
CUST00507,Parkview Pharmacy,Rachel Taylor,(705) 487-3961,(705) 487-3961,Rachel.Taylor608@parkview.com,Portland,OR,West,West,2010-08-20,,,,,,,,,,,,
CUST00508,Parkview Health System,Cynthia Nguyen,496-804-9187,(496) 804-9187,Cynthia.Nguyen875@parkview.com,Billings,MT,North,North,2013-08-26,,,,,,,,,,,,
CUST00509,Westfield Pharmacy,Lisa Lewis,137.730.6260,(137) 730-6260,Lisa.Lewis349@westfield.com,Boston,MA,Northeast,East,2023-02-02,,,,,,,,,,,,
CUST00510,Hilltop Long-Term Care Facility,Carolyn Parker,112.229.9077,(112) 229-9077,Carolyn.Parker22@hilltop.com,Birmingham,AL,South,South,2021-10-12,,,,,,,,,,,,
CUST00511,Mercy Community Clinic,Nicholas Young,4686111457,(468) 611-1457,Nicholas.Young929@mercy.com,Sioux Falls,SD,North,North,2013-01-31,,,,,,,,,,,,
CUST00512,Riverside Pharmacy,Joseph Bailey,3785847129,(378) 584-7129,Joseph.Bailey41@riverside.com,Dallas,TX,South,South,2015-03-18,,,,,,,,,,,,
CUST00513,Summit Hospital,Mary Hill,(605) 080-1849,(605) 080-1849,Mary.Hill902@summit.com,Newark,NJ,East,East,2013-01-27,,,,,,,,,,,,
CUST00514,Southport Urgent Care Clinic,Debra Taylor,777-312-6881,(777) 312-6881,Debra.Taylor879@southport.com,Seattle,WA,West,West,2021-06-08,,,,,,,,,,,,
CUST00515,Cedar Hospital,Jennifer Adams,1923653460,(192) 365-3460,Jennifer.Adams800@cedar.com,Denver,CO,West,West,2018-11-07,,,,,,,,,,,,
CUST00516,Northgate Pharmacy,Angela Martinez,327.986.2398,(327) 986-2398,Angela.Martinez444@northgate.com,Boston,MA,East,East,2023-06-15,,,,,,,,,,,,
CUST00517,Trinity Pharmacy,Michelle Stewart,054.647.5489,(054) 647-5489,Michelle.Stewart524@trinity.com,Billings,MT,Northeast,East,2020-12-09,,,,,,,,,,,,
CUST00518,Cornerstone Medical Center,Shirley Robinson,(758) 891-4444,(758) 891-4444,Shirley.Robinson321@cornerstone.com,Birmingham,AL,South,South,2017-04-09,,,,,,,,,,,,
CUST00519,Cornerstone Hospital,Alexander Nguyen,358-644-9639,(358) 644-9639,Alexander.Nguyen195@cornerstone.com,Tampa,FL,South,South,2018-02-09,,,,,,,,,,,,
CUST00520,Heritage Community Clinic,Angela Mitchell,982 143 3952,(982) 143-3952,Angela.Mitchell252@heritage.com,Newark,NJ,East,East,2018-10-14,,,,,,,,,,,,
CUST00521,Eastview Medical Center,Steven Murphy,491-416-8601,(491) 416-8601,Steven.Murphy466@eastview.com,Denver,CO,West,West,2022-05-08,,,,,,,,,,,,
CUST00522,Eastview Health System,Jessica Campbell,679-176-6512,(679) 176-6512,Jessica.Campbell779@eastview.com,Seattle,WA,West,West,2011-03-23,,,,,,,,,,,,
CUST00523,Cedar Pharmacy,Samantha Scott,421.630.9001,(421) 630-9001,Samantha.Scott292@cedar.com,Albany,NY,East,East,2019-08-22,,,,,,,,,,,,
CUST00524,Southport Hospital,Stephanie Clark,485-320-8953,(485) 320-8953,Stephanie.Clark555@southport.com,New Orleans,LA,South,South,2023-10-28,,,,,,,,,,,,
CUST00525,Valley Pharmacy,Daniel Lewis,471-136-3379,(471) 136-3379,Daniel.Lewis287@valley.com,Billings,MT,North,North,2012-05-29,,,,,,,,,,,,
CUST00526,Southport Pharmacy,Jack Roberts,967-331-1677,(967) 331-1677,Jack.Roberts872@southport.com,Boston,MA,East,East,2023-10-18,,,,,,,,,,,,
CUST00527,Grace Long-Term Care Facility,Jeffrey Cox,3768550789,(376) 855-0789,Jeffrey.Cox211@grace.com,Billings,MT,North,North,2018-05-14,,,,,,,,,,,,
CUST00528,Cedar Hospital,Jacob Brown,(335) 564-3436,(335) 564-3436,Jacob.Brown703@cedar.com,Seattle,WA,West,West,2022-08-20,,,,,,,,,,,,
CUST00529,Cedar Hospital,Brian Robinson,556.076.7616,(556) 076-7616,Brian.Robinson276@cedar.com,Sacramento,CA,West,West,2018-03-23,,,,,,,,,,,,
CUST00530,Hilltop Urgent Care Clinic,Raymond Lee,(989) 830-6503,(989) 830-6503,Raymond.Lee95@hilltop.com,Atlanta,GA,South,South,2023-10-21,,,,,,,,,,,,
CUST00531,Heritage Community Clinic,Eric Rodriguez,724-264-2364,(724) 264-2364,Eric.Rodriguez238@heritage.com,Fargo,ND,Southeast,South,2012-01-26,,,,,,,,,,,,
CUST00532,Lakeside Health System,Jonathan Thomas,623-039-1114,(623) 039-1114,Jonathan.Thomas798@lakeside.com,Tampa,FL,South,South,2020-05-17,,,,,,,,,,,,
CUST00533,Mercy Health System,Ronald Moore,(230) 524-8088,(230) 524-8088,Ronald.Moore172@mercy.com,Atlanta,GA,South,South,2011-02-01,,,,,,,,,,,,
CUST00534,Summit Medical Center,Helen Garcia,594 737 2132,(594) 737-2132,Helen.Garcia69@summit.com,Atlanta,GA,South,South,2018-06-19,,,,,,,,,,,,
CUST00535,Riverside Hospital,Janet Phillips,(768) 868-7859,(768) 868-7859,Janet.Phillips770@riverside.com,Boston,MA,East,East,2015-08-22,,,,,,,,,,,,
CUST00536,Trinity Health System,Timothy Hill,2031954196,(203) 195-4196,Timothy.Hill383@trinity.com,New Orleans,LA,South,South,2010-07-15,,,,,,,,,,,,
CUST00537,Hilltop Urgent Care Clinic,Steven Morales,2792463203,(279) 246-3203,Steven.Morales409@hilltop.com,Dallas,TX,South,South,2020-06-17,,,,,,,,,,,,
CUST00538,Parkview Community Clinic,Christine Parker,6032145057,(603) 214-5057,Christine.Parker80@parkview.com,Newark,NJ,East,East,2023-06-02,,,,,,,,,,,,
CUST00539,Mercy Urgent Care Clinic,Maria Bailey,715-534-8201,(715) 534-8201,Maria.Bailey277@mercy.com,Sacramento,CA,West,West,2011-05-06,,,,,,,,,,,,
CUST00540,Crossroads Pharmacy,Eric Howard,(765) 975-9545,(765) 975-9545,Eric.Howard127@crossroads.com,New Orleans,LA,South,South,2019-11-01,,,,,,,,,,,,
CUST00541,Hilltop Long-Term Care Facility,Barbara Ward,981-265-7422,(981) 265-7422,Barbara.Ward394@hilltop.com,Denver,CO,Midwest,North,2016-03-09,,,,,,,,,,,,
CUST00542,Southport Medical Center,Anthony Smith,236.936.2689,(236) 936-2689,Anthony.Smith68@southport.com,Minneapolis,MN,North,North,2013-08-31,,,,,,,,,,,,
CUST00543,Lakeside Long-Term Care Facility,Kimberly Kelly,3727117595,(372) 711-7595,Kimberly.Kelly572@lakeside.com,Boston,MA,East,East,2022-04-16,,,,,,,,,,,,
CUST00544,Union Long-Term Care Facility,Shirley Hill,984.933.0674,(984) 933-0674,Shirley.Hill511@union.com,Hartford,CT,East,East,2019-01-29,,,,,,,,,,,,
CUST00545,Cornerstone Pharmacy,Maria Phillips,8333721885,(833) 372-1885,Maria.Phillips430@cornerstone.com,Philadelphia,PA,Northeast,East,2022-09-16,,,,,,,,,,,,
CUST00546,Westfield Urgent Care Clinic,Kevin Mitchell,(715) 066-6267,(715) 066-6267,Kevin.Mitchell122@westfield.com,Milwaukee,WI,North,North,2016-11-28,,,,,,,,,,,,
CUST00547,Hilltop Hospital,Nicole Carter,663.439.2529,(663) 439-2529,Nicole.Carter874@hilltop.com,Phoenix,AZ,West,West,2011-11-10,,,,,,,,,,,,
CUST00548,Cedar Pharmacy,George Rivera,671.200.7202,(671) 200-7202,George.Rivera683@cedar.com,Minneapolis,MN,North,North,2022-10-30,,,,,,,,,,,,
CUST00549,Lakeside Pharmacy,Paul Ramos,(091) 090-3267,(091) 090-3267,Paul.Ramos299@lakeside.com,Tampa,FL,South,South,2023-10-21,,,,,,,,,,,,
CUST00550,Crossroads Long-Term Care Facility,Andrew Jones,179 428 1793,(179) 428-1793,Andrew.Jones403@crossroads.com,Billings,MT,North,North,2017-08-06,,,,,,,,,,,,
CUST00551,Valley Community Clinic,Karen Martin,8446634533,(844) 663-4533,Karen.Martin38@valley.com,Phoenix,AZ,West,West,2011-10-13,,,,,,,,,,,,
CUST00552,Cornerstone Pharmacy,Jessica Peterson,2214559376,(221) 455-9376,Jessica.Peterson747@cornerstone.com,Milwaukee,WI,Southeast,South,2023-03-08,,,,,,,,,,,,
CUST00553,Northgate Urgent Care Clinic,Gregory Gomez,6351004627,(635) 100-4627,Gregory.Gomez803@northgate.com,Sacramento,CA,West,West,2017-04-04,,,,,,,,,,,,
CUST00554,Summit Medical Center,Sarah Walker,(920) 246-1752,(920) 246-1752,Sarah.Walker526@summit.com,Boston,MA,East,East,2023-07-19,,,,,,,,,,,,
CUST00555,Eastview Medical Center,Margaret Jackson,055-955-0178,(055) 955-0178,Margaret.Jackson341@eastview.com,Atlanta,GA,South,South,2024-10-09,,,,,,,,,,,,
CUST00556,Crossroads Long-Term Care Facility,Jonathan Collins,899.936.0798,(899) 936-0798,Jonathan.Collins46@crossroads.com,Hartford,CT,East,East,2016-05-19,,,,,,,,,,,,
CUST00557,Riverside Urgent Care Clinic,Kimberly Hill,1767993593,(176) 799-3593,Kimberly.Hill913@riverside.com,Denver,CO,West,West,2024-08-16,,,,,,,,,,,,
CUST00558,Lakeside Long-Term Care Facility,Michael Martinez,4083037360,(408) 303-7360,Michael.Martinez822@lakeside.com,New Orleans,LA,South,South,2016-02-20,,,,,,,,,,,,
CUST00559,Heritage Health System,Stephanie Bailey,490-793-8841,(490) 793-8841,Stephanie.Bailey744@heritage.com,Sacramento,CA,West,West,2017-05-15,,,,,,,,,,,,
CUST00560,Heritage Hospital,Steven Turner,153 701 2424,(153) 701-2424,Steven.Turner166@heritage.com,Dallas,TX,South,South,2019-07-26,,,,,,,,,,,,
CUST00561,Valley Hospital,Paul Thompson,(448) 811-2103,(448) 811-2103,Paul.Thompson117@valley.com,Albany,NY,East,East,2020-02-14,,,,,,,,,,,,
CUST00562,Maple Urgent Care Clinic,Patrick Williams,941.515.2638,(941) 515-2638,Patrick.Williams933@maple.com,Denver,CO,West,West,2023-11-30,,,,,,,,,,,,
CUST00563,Cedar Long-Term Care Facility,Shirley Phillips,(288) 375-0566,(288) 375-0566,Shirley.Phillips218@cedar.com,Milwaukee,WI,North,North,2013-10-04,,,,,,,,,,,,
CUST00564,Beacon Hospital,Cynthia Harris,(137) 876-5530,(137) 876-5530,Cynthia.Harris4@beacon.com,Denver,CO,West,West,2022-10-22,,,,,,,,,,,,
CUST00565,Riverside Urgent Care Clinic,Sarah Stewart,(57) 121-9881,(057) 121-9881,Sarah.Stewart507@riverside.com,Philadelphia,PA,East,East,2022-06-01,,,,,,,,,,,,
CUST00566,Union Health System,Sarah King,534 864 0104,(534) 864-0104,Sarah.King836@union.com,Billings,MT,North,North,2018-07-07,,,,,,,,,,,,
CUST00567,Eastview Hospital,Lisa Lopez,851.744.6004,(851) 744-6004,Lisa.Lopez891@eastview.com,Boston,MA,East,East,2013-01-30,,,,,,,,,,,,
CUST00568,Beacon Health System,Michelle Peterson,551.293.9130,(551) 293-9130,Michelle.Peterson773@beacon.com,Fargo,ND,Southeast,South,2022-02-21,,,,,,,,,,,,
CUST00569,Cedar Long-Term Care Facility,Richard Ramos,(160) 461-5402,(160) 461-5402,Richard.Ramos5@cedar.com,Hartford,CT,East,East,2012-05-25,,,,,,,,,,,,
CUST00570,Lakeside Medical Center,Larry Wilson,142 983 1522,(142) 983-1522,Larry.Wilson646@lakeside.com,Portland,OR,West,West,2010-05-18,,,,,,,,,,,,
CUST00571,Northgate Medical Center,Linda Parker,836-084-9378,(836) 084-9378,Brandon.Wright998@cornerstone.com,Atlanta,GA,South,South,2023-10-03,,,,,,,,,,,,
CUST00572,Grace Community Clinic,Sharon Allen,269 694 4391,(269) 694-4391,Sharon.Allen664@grace.com,New Orleans,LA,South,South,2023-07-30,,,,,,,,,,,,
CUST00573,Riverside Medical Center,Maria Garcia,429-291-3203,(429) 291-3203,Maria.Garcia749@riverside.com,Sioux Falls,SD,North,North,2011-08-15,,,,,,,,,,,,
CUST00574,Grace Community Clinic,Charles Jackson,1903106153,(190) 310-6153,Charles.Jackson742@grace.com,Atlanta,GA,South,South,2024-07-14,,,,,,,,,,,,
CUST00575,Maple Long-Term Care Facility,Gregory Young,684 732 3653,(684) 732-3653,Gregory.Young502@maple.com,Philadelphia,PA,East,East,2020-12-19,,,,,,,,,,,,
CUST00576,Trinity Urgent Care Clinic,Andrew Scott,200-784-3614,(200) 784-3614,Andrew.Scott182@trinity.com,Fargo,ND,Southeast,South,2019-07-24,,,,,,,,,,,,
CUST00577,Riverside Long-Term Care Facility,Mark Cruz,5437347642,(543) 734-7642,Mark.Cruz927@riverside.com,Denver,CO,Southeast,South,2012-12-29,,,,,,,,,,,,
CUST00578,Southport Pharmacy,Eric Flores,882 145 8414,(882) 145-8414,Eric.Flores765@southport.com,Phoenix,AZ,West,West,2019-01-21,,,,,,,,,,,,
CUST00579,Cedar Pharmacy,Robert Adams,438-998-2780,(438) 998-2780,Robert.Adams787@cedar.com,Milwaukee,WI,North,North,2022-06-04,,,,,,,,,,,,
CUST00580,Cornerstone Medical Center,Larry Rivera,(214) 644-9369,(214) 644-9369,Larry.Rivera99@cornerstone.com,Albany,NY,East,East,2018-07-10,,,,,,,,,,,,
CUST00581,Beacon Medical Center,Alexander Martinez,(557) 385-7368,(557) 385-7368,Alexander.Martinez106@beacon.com,Atlanta,GA,South,South,2022-09-04,,,,,,,,,,,,
CUST00582,Southport Hospital,Richard Jones,681.187.2333,(681) 187-2333,Richard.Jones263@southport.com,Sacramento,CA,West,West,2010-04-06,,,,,,,,,,,,
CUST00583,Trinity Health System,Maria Walker,(731) 539-1149,(731) 539-1149,Maria.Walker46@trinity.com,Fargo,ND,North,North,2020-09-04,,,,,,,,,,,,
CUST00584,Eastview Community Clinic,James Diaz,736.511.8939,(736) 511-8939,James.Diaz714@eastview.com,Dallas,TX,South,South,2017-10-29,,,,,,,,,,,,
CUST00585,Parkview Urgent Care Clinic,Betty Taylor,904-322-3023,(904) 322-3023,Betty.Taylor303@parkview.com,Dallas,TX,South,South,2020-05-03,,,,,,,,,,,,
CUST00586,Parkview Pharmacy,Nancy Mitchell,(135) 462-1276,(135) 462-1276,Nancy.Mitchell36@parkview.com,New Orleans,LA,South,South,2021-12-15,,,,,,,,,,,,
CUST00587,Trinity Hospital,Pamela Ortiz,312 616 3248,(312) 616-3248,Pamela.Ortiz973@trinity.com,Minneapolis,MN,North,North,2023-04-10,,,,,,,,,,,,
CUST00588,Union Health System,Kimberly Cox,989.376.2974,(989) 376-2974,Kimberly.Cox220@union.com,Seattle,WA,West,West,2010-06-14,,,,,,,,,,,,
CUST00589,Grace Hospital,Ronald Howard,7191203818,(719) 120-3818,Ronald.Howard730@grace.com,Boston,MA,East,East,2013-01-12,,,,,,,,,,,,
CUST00590,Crossroads Pharmacy,Amanda Ortiz,(230) 898-1388,(230) 898-1388,Amanda.Ortiz551@crossroads.com,New Orleans,LA,South,South,2012-02-06,,,,,,,,,,,,
CUST00591,Eastview Urgent Care Clinic,Jeffrey Martinez,(206) 732-3182,(206) 732-3182,Jeffrey.Martinez433@eastview.com,Hartford,CT,East,East,2024-03-20,,,,,,,,,,,,
CUST00592,Cedar Health System,Maria Howard,450-000-0015,(450) 000-0015,Maria.Howard84@cedar.com,Boston,MA,East,East,2011-11-08,,,,,,,,,,,,
CUST00593,Northgate Community Clinic,Samuel Nguyen,(850) 902-5561,(850) 902-5561,Samuel.Nguyen771@northgate.com,Sacramento,CA,West,West,2016-07-21,,,,,,,,,,,,
CUST00594,Valley Urgent Care Clinic,Nicholas Richardson,998.747.8122,(998) 747-8122,Nicholas.Richardson808@valley.com,Billings,MT,North,North,2010-12-14,,,,,,,,,,,,
CUST00595,Grace Urgent Care Clinic,Amanda Lopez,700 900 4365,(700) 900-4365,Amanda.Lopez371@grace.com,Sacramento,CA,West,West,2021-07-28,,,,,,,,,,,,
CUST00596,Crossroads Urgent Care Clinic,Michelle Perez,136.248.3550,(136) 248-3550,Michelle.Perez804@crossroads.com,Birmingham,AL,South,South,2022-12-09,,,,,,,,,,,,
CUST00597,Lakeside Medical Center,Anna White,369 987 9509,(369) 987-9509,Anna.White129@lakeside.com,Sioux Falls,SD,Northeast,East,2011-06-13,,,,,,,,,,,,
CUST00598,Eastview Pharmacy,Angela Young,4818804428,(481) 880-4428,Angela.Young529@eastview.com,Minneapolis,MN,North,North,2014-05-08,,,,,,,,,,,,
CUST00599,Northgate Medical Center,Joshua Lee,2126942894,(212) 694-2894,Joshua.Lee22@northgate.com,Sioux Falls,SD,North,North,2015-06-12,,,,,,,,,,,,
CUST00600,Summit Medical Center,Deborah Nguyen,144.170.6462,(144) 170-6462,Deborah.Nguyen888@summit.com,Hartford,CT,East,East,2010-12-13,,,,,,,,,,,,
CUST00601,Grace Hospital,Shirley Kelly,243.017.6464,(243) 017-6464,Shirley.Kelly984@grace.com,Tampa,FL,South,South,2021-11-23,,,,,,,,,,,,
CUST00602,Riverside Health System,Alexander Baker,888 245 2790,(888) 245-2790,Alexander.Baker39@riverside.com,Dallas,TX,South,South,2016-07-01,,,,,,,,,,,,
CUST00603,Lakeside Community Clinic,Mark Jackson,335 384 9516,(335) 384-9516,Mark.Jackson826@lakeside.com,Newark,NJ,East,East,2012-04-17,,,,,,,,,,,,
CUST00604,Maple Pharmacy,Sarah Phillips,180-933-9137,(180) 933-9137,Sarah.Phillips660@maple.com,Denver,CO,West,West,2017-03-31,,,,,,,,,,,,
CUST00605,Lakeside Hospital,Patrick Ortiz,(198) 756-1786,(198) 756-1786,Patrick.Ortiz914@lakeside.com,Sacramento,CA,West,West,2010-03-10,,,,,,,,,,,,
CUST00606,Valley Pharmacy,Ashley Carter,(091) 561-8298,(091) 561-8298,Ashley.Carter342@valley.com,Dallas,TX,South,South,2020-08-04,,,,,,,,,,,,
CUST00607,Hilltop Community Clinic,Linda Martinez,916-093-6595,(916) 093-6595,Linda.Martinez319@hilltop.com,Philadelphia,PA,East,East,2023-07-17,,,,,,,,,,,,
CUST00608,Maple Pharmacy,Nancy Lee,336-875-0926,(336) 875-0926,Nancy.Lee965@maple.com,Albany,NY,East,East,2014-11-02,,,,,,,,,,,,
CUST00609,Beacon Health System,Jonathan Evans,(455) 611-4042,(455) 611-4042,Jonathan.Evans964@beacon.com,Dallas,TX,South,South,2010-12-18,,,,,,,,,,,,
CUST00610,Mercy Long-Term Care Facility,Matthew Davis,(666) 081-1260,(666) 081-1260,Matthew.Davis533@mercy.com,Fargo,ND,North,North,2014-07-23,,,,,,,,,,,,
CUST00611,Grace Urgent Care Clinic,Melissa Miller,627.153.1234,(627) 153-1234,Melissa.Miller838@grace.com,Denver,CO,Northeast,East,2019-08-22,,,,,,,,,,,,
CUST00612,Heritage Health System,Jennifer Anderson,776 829 3844,(776) 829-3844,Jennifer.Anderson248@heritage.com,Birmingham,AL,South,South,2016-10-26,,,,,,,,,,,,
CUST00613,Riverside Health System,Patrick Thomas,(378) 826-0335,(378) 826-0335,Patrick.Thomas55@riverside.com,Seattle,WA,West,West,2012-04-19,,,,,,,,,,,,
CUST00614,Mercy Community Clinic,Janet Edwards,(085) 991-4492,(085) 991-4492,Janet.Edwards262@mercy.com,Sacramento,CA,West,West,2023-01-28,,,,,,,,,,,,
CUST00615,Valley Long-Term Care Facility,Eric Nguyen,(969) 964-8997,(969) 964-8997,Eric.Nguyen149@valley.com,Denver,CO,West,West,2022-01-02,,,,,,,,,,,,
CUST00616,Mercy Long-Term Care Facility,Matthew Wilson,591-408-4993,(591) 408-4993,Matthew.Wilson190@mercy.com,Denver,CO,West,West,2015-01-02,,,,,,,,,,,,
CUST00617,Summit Urgent Care Clinic,Patricia Cruz,0690872617,(069) 087-2617,Patricia.Cruz179@summit.com,Phoenix,AZ,West,West,2014-11-04,,,,,,,,,,,,
CUST00618,Heritage Urgent Care Clinic,Jason Thomas,595.382.8040,(595) 382-8040,Jason.Thomas146@heritage.com,New Orleans,LA,South,South,2022-09-13,,,,,,,,,,,,
CUST00619,Trinity Health System,Emma Carter,2695826418,(269) 582-6418,Emma.Carter353@trinity.com,Albany,NY,East,East,2019-02-16,,,,,,,,,,,,
CUST00620,Cedar Community Clinic,Paul Phillips,612-385-9514,(612) 385-9514,Paul.Phillips555@cedar.com,Dallas,TX,South,South,2013-05-05,,,,,,,,,,,,
CUST00621,Cornerstone Hospital,Stephanie Rodriguez,0027300869,(002) 730-0869,Stephanie.Rodriguez57@cornerstone.com,Hartford,CT,East,East,2012-08-14,,,,,,,,,,,,
CUST00622,Grace Long-Term Care Facility,Donna Cox,(950) 016-8094,(950) 016-8094,Donna.Cox75@grace.com,Dallas,TX,Northeast,East,2017-03-17,,,,,,,,,,,,
CUST00623,Parkview Pharmacy,Robert Murphy,839.762.0534,(839) 762-0534,Robert.Murphy452@parkview.com,Seattle,WA,West,West,2019-12-06,,,,,,,,,,,,
CUST00624,Westfield Health System,Gary Stewart,266 292 5081,(266) 292-5081,Gary.Stewart945@westfield.com,Seattle,WA,Southeast,South,2018-08-16,,,,,,,,,,,,
CUST00625,Valley Pharmacy,Melissa Perez,841.333.7312,(841) 333-7312,Melissa.Perez208@valley.com,Fargo,ND,Midwest,North,2017-09-25,,,,,,,,,,,,
CUST00626,Maple Medical Center,Mark Diaz,(703) 211-9206,(703) 211-9206,Mark.Diaz244@maple.com,Denver,CO,West,West,2021-07-06,,,,,,,,,,,,
CUST00627,Union Community Clinic,Kimberly Ramos,956.133.7184,(956) 133-7184,Kimberly.Ramos51@union.com,Birmingham,AL,South,South,2013-10-13,,,,,,,,,,,,
CUST00628,Cornerstone Long-Term Care Facility,Anthony Allen,6480164403,(648) 016-4403,Anthony.Allen852@cornerstone.com,Albany,NY,East,East,2012-04-12,,,,,,,,,,,,
CUST00629,Hilltop Medical Center,Lisa Wilson,(782) 210-2179,(782) 210-2179,Lisa.Wilson644@hilltop.com,Milwaukee,WI,North,North,2014-05-04,,,,,,,,,,,,
CUST00630,Crossroads Urgent Care Clinic,Daniel Cooper,(579) 736-3831,(579) 736-3831,Daniel.Cooper698@crossroads.com,Seattle,WA,West,West,2017-02-21,,,,,,,,,,,,
CUST00631,Riverside Medical Center,Linda Phillips,707 986 6177,(707) 986-6177,Linda.Phillips882@riverside.com,Newark,NJ,East,East,2021-02-19,,,,,,,,,,,,
CUST00632,Grace Hospital,Christopher Lopez,068 212 2355,(068) 212-2355,Christopher.Lopez403@grace.com,Dallas,TX,South,South,2024-10-17,,,,,,,,,,,,
CUST00633,Riverside Urgent Care Clinic,Carol Reed,146-921-8219,(146) 921-8219,Carol.Reed408@riverside.com,Hartford,CT,East,East,2020-03-30,,,,,,,,,,,,
CUST00634,Beacon Long-Term Care Facility,John Nelson,436-998-4802,(436) 998-4802,John.Nelson818@beacon.com,Billings,MT,North,North,2010-10-05,,,,,,,,,,,,
CUST00635,Southport Health System,William Hernandez,484 249 5988,(484) 249-5988,William.Hernandez291@southport.com,Denver,CO,West,West,2017-10-11,,,,,,,,,,,,
CUST00636,Heritage Medical Center,Brenda White,715-238-6767,(715) 238-6767,Brenda.White27@heritage.com,Sacramento,CA,West,West,2023-10-22,,,,,,,,,,,,
CUST00637,Eastview Medical Center,Laura Cook,(177) 987-6829,(177) 987-6829,Laura.Cook510@eastview.com,Sacramento,CA,West,West,2013-06-14,,,,,,,,,,,,
CUST00638,Summit Long-Term Care Facility,Carolyn Wright,(708) 580-6235,(708) 580-6235,Carolyn.Wright905@summit.com,Hartford,CT,East,East,2010-09-02,,,,,,,,,,,,
CUST00639,Mercy Community Clinic,Amanda Mitchell,579 001 2482,(579) 001-2482,Robert.Ramos902@trinity.com,Phoenix,AZ,West,West,2015-08-20,,,,,,,,,,,,
CUST00640,Crossroads Hospital,Ronald Lewis,325.942.3289,(325) 942-3289,Ronald.Lewis888@crossroads.com,Phoenix,AZ,West,West,2014-05-13,,,,,,,,,,,,
CUST00641,Cornerstone Health System,Emma Perez,415-285-7256,(415) 285-7256,Emma.Perez414@cornerstone.com,Fargo,ND,North,North,2023-03-20,,,,,,,,,,,,
CUST00642,Southport Hospital,Gary Gutierrez,513 818 6550,(513) 818-6550,Gary.Gutierrez270@southport.com,Hartford,CT,East,East,2018-08-31,,,,,,,,,,,,
CUST00643,Heritage Long-Term Care Facility,Elizabeth Anderson,(744) 303-4918,(744) 303-4918,Elizabeth.Anderson936@heritage.com,Albany,NY,East,East,2020-10-17,,,,,,,,,,,,
CUST00644,Hilltop Health System,Carol Nguyen,(593) 401-5364,(593) 401-5364,Carol.Nguyen465@hilltop.com,Dallas,TX,South,South,2012-05-30,,,,,,,,,,,,
CUST00645,Union Urgent Care Clinic,Kenneth Garcia,2593678136,(259) 367-8136,Kenneth.Garcia17@union.com,Dallas,TX,South,South,2023-12-04,,,,,,,,,,,,
CUST00646,Summit Urgent Care Clinic,Jacob Bailey,(105) 276-9819,(105) 276-9819,Jacob.Bailey62@summit.com,Fargo,ND,North,North,2023-07-28,,,,,,,,,,,,
CUST00647,Summit Community Clinic,Edward Turner,(238) 885-6225,(238) 885-6225,Edward.Turner60@summit.com,Sacramento,CA,West,West,2017-04-11,,,,,,,,,,,,
CUST00648,Cornerstone Long-Term Care Facility,Amanda Ramos,442 275 8548,(442) 275-8548,Amanda.Ramos433@cornerstone.com,Phoenix,AZ,West,West,2018-02-27,,,,,,,,,,,,
CUST00649,Union Long-Term Care Facility,Karen Flores,(491) 165-0200,(491) 165-0200,Karen.Flores382@union.com,Newark,NJ,East,East,2024-05-03,,,,,,,,,,,,
CUST00650,Cornerstone Hospital,Eric Clark,(215) 513-0557,(215) 513-0557,Eric.Clark649@cornerstone.com,Dallas,TX,South,South,2024-03-13,,,,,,,,,,,,
CUST00651,Heritage Medical Center,Alexander Lewis,4889669972,(488) 966-9972,Alexander.Lewis434@heritage.com,Dallas,TX,South,South,2020-01-27,,,,,,,,,,,,
CUST00652,Parkview Community Clinic,Daniel Cooper,025-825-4318,(025) 825-4318,Daniel.Cooper828@parkview.com,Boston,MA,East,East,2012-05-17,,,,,,,,,,,,
CUST00653,Summit Community Clinic,Ashley Turner,(920) 491-0601,(920) 491-0601,Ashley.Turner269@summit.com,Dallas,TX,South,South,2020-12-24,,,,,,,,,,,,
CUST00654,Northgate Hospital,Kimberly Campbell,768.172.2577,(768) 172-2577,Susan.King7@mercy.com,Portland,OR,Northeast,East,2024-01-30,,,,,,,,,,,,
CUST00655,Hilltop Urgent Care Clinic,Catherine Wilson,905-291-8768,(905) 291-8768,Catherine.Wilson402@hilltop.com,Birmingham,AL,South,South,2011-03-11,,,,,,,,,,,,
CUST00656,Valley Health System,Carol White,(217) 337-3992,(217) 337-3992,Carol.White177@valley.com,Sacramento,CA,West,West,2013-06-25,,,,,,,,,,,,
CUST00657,Cornerstone Health System,Nancy Adams,165-914-3882,(165) 914-3882,Nancy.Adams669@cornerstone.com,Birmingham,AL,South,South,2018-02-27,,,,,,,,,,,,
CUST00658,Southport Community Clinic,Ashley Williams,446.177.7326,(446) 177-7326,Ashley.Williams585@southport.com,Tampa,FL,South,South,2017-06-17,,,,,,,,,,,,
CUST00659,Eastview Urgent Care Clinic,William Lee,1279970292,(127) 997-0292,William.Lee57@eastview.com,Denver,CO,West,West,2017-06-05,,,,,,,,,,,,
CUST00660,Beacon Hospital,Patricia Gonzalez,137-529-8832,(137) 529-8832,Patricia.Gonzalez138@beacon.com,Denver,CO,West,West,2018-03-04,,,,,,,,,,,,
CUST00661,Lakeside Medical Center,Rachel Clark,487.978.8897,(487) 978-8897,Rachel.Clark710@lakeside.com,Atlanta,GA,Northeast,East,2018-05-08,,,,,,,,,,,,
CUST00662,Crossroads Community Clinic,David Kelly,860 030 4436,(860) 030-4436,David.Kelly876@crossroads.com,Newark,NJ,East,East,2022-11-14,,,,,,,,,,,,
CUST00663,Maple Urgent Care Clinic,Patricia Lopez,239 102 9295,(239) 102-9295,Patricia.Lopez311@maple.com,Sacramento,CA,West,West,2014-06-17,,,,,,,,,,,,
CUST00664,Eastview Medical Center,Joseph Jackson,(309) 671-3971,(309) 671-3971,Joseph.Jackson408@eastview.com,Dallas,TX,South,South,2011-02-01,,,,,,,,,,,,
CUST00665,Summit Community Clinic,Timothy Phillips,(176) 720-1911,(176) 720-1911,Timothy.Phillips108@summit.com,Dallas,TX,South,South,2012-11-26,,,,,,,,,,,,
CUST00666,Lakeside Hospital,Emma Harris,725.873.3930,(725) 873-3930,Emma.Harris442@lakeside.com,Billings,MT,North,North,2018-07-13,,,,,,,,,,,,
CUST00667,Northgate Urgent Care Clinic,Rachel Gomez,(481) 242-1140,(481) 242-1140,Rachel.Gomez641@northgate.com,Milwaukee,WI,North,North,2021-10-09,,,,,,,,,,,,
CUST00668,Union Hospital,Patrick Carter,229.462.0935,(229) 462-0935,Patrick.Carter860@union.com,Billings,MT,North,North,2011-06-25,,,,,,,,,,,,
CUST00669,Riverside Long-Term Care Facility,Edward Rivera,297-013-7124,(297) 013-7124,Edward.Rivera563@riverside.com,New Orleans,LA,South,South,2017-04-29,,,,,,,,,,,,
CUST00670,Mercy Health System,Jessica Campbell,2304120270,(230) 412-0270,Jessica.Campbell629@mercy.com,Portland,OR,West,West,2013-08-19,,,,,,,,,,,,
CUST00671,Southport Medical Center,Thomas Torres,907-166-9063,(907) 166-9063,Thomas.Torres544@southport.com,Portland,OR,Midwest,North,2024-07-31,,,,,,,,,,,,
CUST00672,Union Pharmacy,Rebecca Murphy,203.403.0109,(203) 403-0109,Rebecca.Murphy578@union.com,Philadelphia,PA,East,East,2024-05-08,,,,,,,,,,,,
CUST00673,Mercy Medical Center,Susan Moore,5795546234,(579) 554-6234,Susan.Moore857@mercy.com,Portland,OR,West,West,2015-08-20,,,,,,,,,,,,
CUST00674,Trinity Medical Center,Rebecca Scott,1810306831,(181) 030-6831,Rebecca.Scott782@trinity.com,Minneapolis,MN,Northeast,East,2012-01-08,,,,,,,,,,,,
CUST00675,Valley Medical Center,Linda Reyes,815 712 9015,(815) 712-9015,Linda.Reyes87@valley.com,Denver,CO,Northeast,East,2014-05-21,,,,,,,,,,,,
CUST00676,Lakeside Health System,Betty Phillips,735.104.5847,(735) 104-5847,Betty.Phillips180@lakeside.com,Phoenix,AZ,Northeast,East,2012-07-24,,,,,,,,,,,,
CUST00677,Northgate Community Clinic,Patricia Clark,2588576694,(258) 857-6694,Patricia.Clark124@northgate.com,Minneapolis,MN,North,North,2022-08-03,,,,,,,,,,,,
CUST00678,Union Pharmacy,Anna Walker,(274) 666-2159,(274) 666-2159,Anna.Walker851@union.com,Atlanta,GA,South,South,2013-02-06,,,,,,,,,,,,
CUST00679,Hilltop Community Clinic,Cynthia Ramos,(666) 145-9011,(666) 145-9011,Cynthia.Ramos498@hilltop.com,Minneapolis,MN,Southeast,South,2024-12-13,,,,,,,,,,,,
CUST00680,Maple Medical Center,Ashley Rodriguez,493.881.9490,(493) 881-9490,Ashley.Rodriguez325@maple.com,Albany,NY,Midwest,North,2013-11-11,,,,,,,,,,,,
CUST00681,Eastview Pharmacy,Jeffrey Thomas,(976) 987-3137,(976) 987-3137,Jeffrey.Thomas834@eastview.com,Billings,MT,North,North,2019-04-20,,,,,,,,,,,,
CUST00682,Beacon Medical Center,Ashley Robinson,612.374.0779,(612) 374-0779,Ashley.Robinson851@beacon.com,Albany,NY,East,East,2013-11-28,,,,,,,,,,,,
CUST00683,Union Long-Term Care Facility,Janet King,(899) 499-1970,(899) 499-1970,Janet.King170@union.com,Seattle,WA,West,West,2019-08-31,,,,,,,,,,,,
CUST00684,Summit Long-Term Care Facility,Gregory King,878 211 6020,(878) 211-6020,Gregory.King98@summit.com,Milwaukee,WI,North,North,2022-03-29,,,,,,,,,,,,
CUST00685,Cedar Long-Term Care Facility,Robert Morgan,9989897211,(998) 989-7211,Robert.Morgan516@cedar.com,Tampa,FL,South,South,2024-01-15,,,,,,,,,,,,
CUST00686,Westfield Health System,Jack Robinson,(644) 822-1758,(644) 822-1758,Jack.Robinson585@westfield.com,Minneapolis,MN,North,North,2019-11-17,,,,,,,,,,,,
CUST00687,Mercy Health System,Matthew Carter,004-806-7571,(004) 806-7571,Matthew.Carter577@mercy.com,Sacramento,CA,West,West,2011-11-29,,,,,,,,,,,,
CUST00688,Beacon Urgent Care Clinic,Karen Reyes,(128) 794-2968,(128) 794-2968,Karen.Reyes744@beacon.com,Sacramento,CA,West,West,2018-10-18,,,,,,,,,,,,
CUST00689,Hilltop Health System,Stephen Young,3141961560,(314) 196-1560,Stephen.Young182@hilltop.com,Fargo,ND,Southeast,South,2020-12-07,,,,,,,,,,,,
CUST00690,Heritage Urgent Care Clinic,Katherine Torres,517 962 4096,(517) 962-4096,Katherine.Torres856@heritage.com,Tampa,FL,South,South,2023-09-05,,,,,,,,,,,,
CUST00691,Grace Medical Center,Pamela Baker,604-784-2170,(604) 784-2170,Pamela.Baker105@grace.com,Tampa,FL,South,South,2018-08-28,,,,,,,,,,,,
CUST00692,Valley Hospital,Rebecca Morgan,(648) 820-8934,(648) 820-8934,Rebecca.Morgan714@valley.com,Hartford,CT,East,East,2021-04-03,,,,,,,,,,,,
CUST00693,Beacon Hospital,Samantha Rodriguez,(467) 287-9916,(467) 287-9916,Samantha.Rodriguez92@beacon.com,Sioux Falls,SD,North,North,2016-09-22,,,,,,,,,,,,
CUST00694,Northgate Pharmacy,Jason Smith,359 236 1337,(359) 236-1337,Jason.Smith350@northgate.com,Billings,MT,North,North,2014-03-09,,,,,,,,,,,,
CUST00695,Lakeside Hospital,Jessica Ward,165.025.4472,(165) 025-4472,Jessica.Ward100@lakeside.com,Philadelphia,PA,East,East,2019-08-15,,,,,,,,,,,,
CUST00696,Lakeside Urgent Care Clinic,Jonathan Kelly,(966) 177-1824,(966) 177-1824,Jonathan.Kelly772@lakeside.com,Tampa,FL,South,South,2022-04-05,,,,,,,,,,,,
CUST00697,Lakeside Community Clinic,Carol Richardson,821-417-4681,(821) 417-4681,Carol.Richardson190@lakeside.com,Sioux Falls,SD,North,North,2018-11-06,,,,,,,,,,,,
CUST00698,Grace Community Clinic,Larry Flores,8939698748,(893) 969-8748,Larry.Flores706@grace.com,Hartford,CT,East,East,2012-01-10,,,,,,,,,,,,
CUST00699,Union Urgent Care Clinic,Carolyn Carter,011-929-2075,(011) 929-2075,Carolyn.Carter911@union.com,Philadelphia,PA,East,East,2010-12-31,,,,,,,,,,,,
CUST00700,Maple Urgent Care Clinic,Raymond Taylor,0398863653,(039) 886-3653,Raymond.Taylor103@maple.com,Sioux Falls,SD,Midwest,North,2021-07-18,,,,,,,,,,,,
CUST00701,Eastview Health System,Justin Allen,(670) 009-9424,(670) 009-9424,Justin.Allen184@eastview.com,Philadelphia,PA,East,East,2011-01-20,,,,,,,,,,,,
CUST00702,Grace Urgent Care Clinic,Mary Flores,896-676-0564,(896) 676-0564,Mary.Flores323@grace.com,Portland,OR,West,West,2019-07-03,,,,,,,,,,,,
CUST00703,Mercy Long-Term Care Facility,Thomas Young,0974533890,(097) 453-3890,Thomas.Young878@mercy.com,Phoenix,AZ,West,West,2018-04-16,,,,,,,,,,,,
CUST00704,Grace Urgent Care Clinic,Sandra Miller,265.401.6599,(265) 401-6599,Sandra.Miller10@grace.com,Seattle,WA,West,West,2019-07-18,,,,,,,,,,,,
CUST00705,Valley Hospital,Stephanie Brown,(276) 774-6259,(276) 774-6259,Stephanie.Brown107@valley.com,Milwaukee,WI,North,North,2011-10-10,,,,,,,,,,,,
CUST00706,Eastview Hospital,Nicole Gutierrez,8488600801,(848) 860-0801,Nicole.Gutierrez406@eastview.com,Minneapolis,MN,North,North,2020-10-16,,,,,,,,,,,,
CUST00707,Hilltop Community Clinic,Nancy Diaz,299.570.4726,(299) 570-4726,Nancy.Diaz78@hilltop.com,Atlanta,GA,South,South,2013-04-21,,,,,,,,,,,,
CUST00708,Maple Community Clinic,Kathleen Peterson,(437) 536-5968,(437) 536-5968,Kathleen.Peterson359@maple.com,Dallas,TX,South,South,2024-04-03,,,,,,,,,,,,
CUST00709,Mercy Hospital,Frank Diaz,(218) 385-4540,(218) 385-4540,Frank.Diaz261@mercy.com,Hartford,CT,East,East,2016-11-07,,,,,,,,,,,,
CUST00710,Mercy Community Clinic,Jack Morales,(231) 123-2748,(231) 123-2748,Jack.Morales699@mercy.com,Boston,MA,East,East,2023-12-04,,,,,,,,,,,,
CUST00711,Cedar Community Clinic,Timothy Perez,(633) 427-2038,(633) 427-2038,Timothy.Perez840@cedar.com,Phoenix,AZ,West,West,2011-08-20,,,,,,,,,,,,
CUST00712,Mercy Medical Center,Carol Cooper,963-045-3069,(963) 045-3069,Carol.Cooper516@mercy.com,Billings,MT,Northeast,East,2013-04-01,,,,,,,,,,,,
CUST00713,Beacon Urgent Care Clinic,Shirley Rodriguez,400.181.6778,(400) 181-6778,Shirley.Rodriguez863@beacon.com,Tampa,FL,South,South,2019-07-14,,,,,,,,,,,,
CUST00714,Valley Urgent Care Clinic,Helen Richardson,5446083851,(544) 608-3851,Helen.Richardson223@valley.com,Philadelphia,PA,East,East,2020-02-07,,,,,,,,,,,,
CUST00715,Heritage Community Clinic,Jack Roberts,(539) 128-7884,(539) 128-7884,Jack.Roberts824@heritage.com,Minneapolis,MN,North,North,2023-12-15,,,,,,,,,,,,
CUST00716,Cornerstone Health System,Cynthia Moore,290.457.9271,(290) 457-9271,Cynthia.Moore260@cornerstone.com,Denver,CO,West,West,2018-06-15,,,,,,,,,,,,
CUST00717,Lakeside Hospital,Eric Walker,642-423-8397,(642) 423-8397,Eric.Walker244@lakeside.com,Billings,MT,North,North,2022-09-28,,,,,,,,,,,,
CUST00718,Maple Long-Term Care Facility,Janet Kelly,(870) 629-3288,(870) 629-3288,Janet.Kelly571@maple.com,Dallas,TX,South,South,2014-10-04,,,,,,,,,,,,
CUST00719,Summit Hospital,Timothy Anderson,0232001867,(023) 200-1867,Timothy.Anderson47@summit.com,Minneapolis,MN,North,North,2010-09-02,,,,,,,,,,,,
CUST00720,Beacon Health System,Donna Green,(814) 356-1403,(814) 356-1403,Donna.Green666@beacon.com,Phoenix,AZ,West,West,2015-06-22,,,,,,,,,,,,
CUST00721,Cedar Community Clinic,Betty Williams,(823) 546-9510,(823) 546-9510,Betty.Williams469@cedar.com,Sioux Falls,SD,North,North,2019-01-25,,,,,,,,,,,,
CUST00722,Riverside Hospital,Paul Lopez,9671500666,(967) 150-0666,Paul.Lopez76@riverside.com,Philadelphia,PA,East,East,2010-04-17,,,,,,,,,,,,
CUST00723,Grace Community Clinic,Paul Richardson,(134) 078-5169,(134) 078-5169,Paul.Richardson481@grace.com,Philadelphia,PA,East,East,2010-12-10,,,,,,,,,,,,
CUST00724,Beacon Health System,Larry Reed,366 834 8268,(366) 834-8268,Larry.Reed637@beacon.com,Fargo,ND,North,North,2019-02-02,,,,,,,,,,,,
CUST00725,Grace Hospital,Elizabeth Campbell,(868) 889-1787,(868) 889-1787,Elizabeth.Campbell32@grace.com,Sacramento,CA,West,West,2018-04-28,,,,,,,,,,,,
CUST00726,Cornerstone Long-Term Care Facility,Laura Rivera,197-609-3201,(197) 609-3201,Laura.Rivera466@cornerstone.com,Seattle,WA,West,West,2024-02-26,,,,,,,,,,,,
CUST00727,Cornerstone Health System,Jessica Collins,809.521.7558,(809) 521-7558,Jessica.Collins499@cornerstone.com,Birmingham,AL,Northeast,East,2020-04-01,,,,,,,,,,,,
CUST00728,Cedar Urgent Care Clinic,Nicole Phillips,921 188 2419,(921) 188-2419,Nicole.Phillips963@cedar.com,Birmingham,AL,South,South,2013-02-02,,,,,,,,,,,,
CUST00729,Eastview Medical Center,Susan Peterson,758-917-0454,(758) 917-0454,Susan.Peterson355@eastview.com,Atlanta,GA,South,South,2016-08-02,,,,,,,,,,,,
CUST00730,Hilltop Urgent Care Clinic,Catherine Miller,(820) 922-5709,(820) 922-5709,Catherine.Miller65@hilltop.com,Fargo,ND,North,North,2024-03-06,,,,,,,,,,,,
CUST00731,Southport Medical Center,Brandon Adams,(72) 324-7282,(072) 324-7282,Brandon.Adams909@southport.com,Boston,MA,East,East,2016-04-12,,,,,,,,,,,,
CUST00732,Lakeside Pharmacy,Brenda Mitchell,8224731261,(822) 473-1261,Brenda.Mitchell7@lakeside.com,Sioux Falls,SD,North,North,2020-10-19,,,,,,,,,,,,
CUST00733,Lakeside Pharmacy,Barbara Green,011 950 9271,(011) 950-9271,Barbara.Green191@lakeside.com,Hartford,CT,East,East,2019-08-03,,,,,,,,,,,,
CUST00734,Lakeside Pharmacy,Kenneth Johnson,(709) 230-0716,(709) 230-0716,Kenneth.Johnson5@lakeside.com,Newark,NJ,East,East,2020-11-07,,,,,,,,,,,,
CUST00735,Cedar Urgent Care Clinic,Jason Hall,432-987-6989,(432) 987-6989,Jason.Hall135@cedar.com,Hartford,CT,East,East,2023-05-08,,,,,,,,,,,,
CUST00736,Eastview Urgent Care Clinic,Elizabeth Jones,198 273 4813,(198) 273-4813,Elizabeth.Jones265@eastview.com,Sacramento,CA,West,West,2017-06-15,,,,,,,,,,,,
CUST00737,Summit Pharmacy,Donald Baker,(632) 174-3574,(632) 174-3574,Donald.Baker893@summit.com,Hartford,CT,East,East,2013-05-25,,,,,,,,,,,,
CUST00738,Crossroads Medical Center,Brenda Cook,860.673.9834,(860) 673-9834,Brenda.Cook200@crossroads.com,Sioux Falls,SD,North,North,2022-04-10,,,,,,,,,,,,
CUST00739,Valley Urgent Care Clinic,Raymond Miller,462.805.5077,(462) 805-5077,Raymond.Miller403@valley.com,Newark,NJ,East,East,2018-01-28,,,,,,,,,,,,
CUST00740,Beacon Medical Center,Jennifer Murphy,(239) 209-0855,(239) 209-0855,Jennifer.Murphy645@beacon.com,Philadelphia,PA,Southeast,South,2016-12-10,,,,,,,,,,,,
CUST00741,Riverside Community Clinic,Jeffrey Roberts,178 619 0254,(178) 619-0254,Jeffrey.Roberts56@riverside.com,Milwaukee,WI,Northeast,East,2013-12-22,,,,,,,,,,,,
CUST00742,Riverside Hospital,Larry Rivera,354.120.1227,(354) 120-1227,Larry.Rivera893@riverside.com,Denver,CO,West,West,2011-05-03,,,,,,,,,,,,
CUST00743,Valley Pharmacy,Andrew Garcia,5325947950,(532) 594-7950,Andrew.Garcia979@valley.com,Sacramento,CA,Northeast,East,2021-01-16,,,,,,,,,,,,
CUST00744,Parkview Pharmacy,Andrew Richardson,8059503100,(805) 950-3100,Andrew.Richardson222@parkview.com,Atlanta,GA,South,South,2016-10-26,,,,,,,,,,,,
CUST00745,Riverside Long-Term Care Facility,Brenda Hill,(520) 360-8941,(520) 360-8941,Brenda.Hill642@riverside.com,New Orleans,LA,Southeast,South,2023-10-05,,,,,,,,,,,,
CUST00746,Southport Pharmacy,Stephanie Martinez,285.535.9520,(285) 535-9520,Stephanie.Martinez35@southport.com,Hartford,CT,East,East,2011-05-01,,,,,,,,,,,,
CUST00747,Hilltop Medical Center,Donald Morris,680 186 7740,(680) 186-7740,Donald.Morris513@hilltop.com,Minneapolis,MN,North,North,2015-12-28,,,,,,,,,,,,
CUST00748,Summit Community Clinic,Christopher Nelson,4495300677,(449) 530-0677,Christopher.Nelson336@summit.com,Atlanta,GA,South,South,2010-03-07,,,,,,,,,,,,
CUST00749,Valley Hospital,Lisa Howard,654.262.4178,(654) 262-4178,Lisa.Howard63@valley.com,Albany,NY,Northeast,East,2024-01-30,,,,,,,,,,,,
CUST00750,Cornerstone Hospital,Ashley Smith,451.100.9060,(451) 100-9060,Ashley.Smith653@cornerstone.com,Atlanta,GA,South,South,2022-02-18,,,,,,,,,,,,
CUST00751,Trinity Health System,Kevin Reed,1667329045,(166) 732-9045,Kevin.Reed570@trinity.com,Newark,NJ,Northeast,East,2022-03-07,,,,,,,,,,,,
CUST00752,Union Medical Center,Alexander Jackson,(964) 260-3362,(964) 260-3362,Alexander.Jackson469@union.com,Dallas,TX,South,South,2018-04-20,,,,,,,,,,,,
CUST00753,Crossroads Urgent Care Clinic,Janet Peterson,709-207-1152,(709) 207-1152,Janet.Peterson7@crossroads.com,Dallas,TX,South,South,2014-01-22,,,,,,,,,,,,
CUST00754,Trinity Hospital,George Reed,921 581 8970,(921) 581-8970,George.Reed97@trinity.com,Dallas,TX,South,South,2019-09-24,,,,,,,,,,,,
CUST00755,Maple Pharmacy,Alexander Gonzalez,588 195 9772,(588) 195-9772,Alexander.Gonzalez391@maple.com,Seattle,WA,West,West,2022-06-21,,,,,,,,,,,,
CUST00756,Lakeside Health System,Amy Thompson,(789) 318-6928,(789) 318-6928,Amy.Thompson823@lakeside.com,Fargo,ND,North,North,2021-06-02,,,,,,,,,,,,
CUST00757,Union Urgent Care Clinic,Donna Morgan,(822) 720-0283,(822) 720-0283,Donna.Morgan131@union.com,Albany,NY,East,East,2024-01-10,,,,,,,,,,,,
CUST00758,Southport Long-Term Care Facility,Emma Cox,447.432.8116,(447) 432-8116,Emma.Cox728@southport.com,Atlanta,GA,Northeast,East,2014-05-27,,,,,,,,,,,,
CUST00759,Riverside Community Clinic,Carolyn Wilson,304-232-2775,(304) 232-2775,Carolyn.Wilson250@riverside.com,Dallas,TX,South,South,2018-05-14,,,,,,,,,,,,
CUST00760,Northgate Community Clinic,Scott Robinson,650 646 3005,(650) 646-3005,Scott.Robinson958@northgate.com,Milwaukee,WI,North,North,2019-11-14,,,,,,,,,,,,
CUST00761,Parkview Medical Center,Rachel Martinez,1983210291,(198) 321-0291,Rachel.Martinez481@parkview.com,Boston,MA,East,East,2016-09-11,,,,,,,,,,,,
CUST00762,Beacon Medical Center,Ronald Lee,8310438419,(831) 043-8419,Ronald.Lee155@beacon.com,Milwaukee,WI,North,North,2022-09-23,,,,,,,,,,,,
CUST00763,Northgate Pharmacy,Sandra Gomez,8056856670,(805) 685-6670,Sandra.Gomez953@northgate.com,Sioux Falls,SD,North,North,2013-06-07,,,,,,,,,,,,
CUST00764,Cornerstone Pharmacy,Michelle Cox,494 440 7663,(494) 440-7663,Michelle.Cox789@cornerstone.com,Portland,OR,West,West,2014-03-25,,,,,,,,,,,,
CUST00765,Southport Community Clinic,Barbara Nguyen,(962) 732-2626,(962) 732-2626,Barbara.Nguyen992@southport.com,Portland,OR,Midwest,North,2013-04-18,,,,,,,,,,,,
CUST00766,Northgate Urgent Care Clinic,Angela Kim,585 421 8808,(585) 421-8808,Angela.Kim974@northgate.com,Seattle,WA,West,West,2023-11-09,,,,,,,,,,,,
CUST00767,Beacon Pharmacy,Sarah Torres,419-964-3385,(419) 964-3385,Sarah.Torres970@beacon.com,Seattle,WA,West,West,2020-05-03,,,,,,,,,,,,
CUST00768,Mercy Hospital,Rebecca Brown,3343031158,(334) 303-1158,Rebecca.Brown383@mercy.com,Fargo,ND,North,North,2015-12-28,,,,,,,,,,,,
CUST00769,Parkview Urgent Care Clinic,Deborah Reed,7576945353,(757) 694-5353,Deborah.Reed484@parkview.com,Denver,CO,West,West,2016-01-28,,,,,,,,,,,,
CUST00770,Grace Medical Center,Kevin Richardson,(421) 254-5080,(421) 254-5080,Kevin.Richardson940@grace.com,Sacramento,CA,West,West,2016-11-14,,,,,,,,,,,,
CUST00771,Cedar Health System,Donald Johnson,(925) 596-6472,(925) 596-6472,Donald.Johnson465@cedar.com,Newark,NJ,East,East,2016-03-12,,,,,,,,,,,,
CUST00772,Southport Hospital,Christopher Turner,426-140-4893,(426) 140-4893,Christopher.Turner837@southport.com,Hartford,CT,East,East,2012-08-11,,,,,,,,,,,,
CUST00773,Union Urgent Care Clinic,Samuel Thomas,(79) 637-3100,(079) 637-3100,Samuel.Thomas508@union.com,Newark,NJ,East,East,2021-11-27,,,,,,,,,,,,
CUST00774,Mercy Long-Term Care Facility,Gregory Scott,158.718.4523,(158) 718-4523,Gregory.Scott757@mercy.com,Atlanta,GA,South,South,2013-12-14,,,,,,,,,,,,
CUST00775,Crossroads Medical Center,Charles Lewis,701 732 0865,(701) 732-0865,Charles.Lewis927@crossroads.com,Portland,OR,West,West,2019-12-23,,,,,,,,,,,,
CUST00776,Parkview Medical Center,Carolyn Rivera,563 370 1400,(563) 370-1400,Carolyn.Rivera835@parkview.com,New Orleans,LA,South,South,2013-06-03,,,,,,,,,,,,
CUST00777,Parkview Long-Term Care Facility,Michelle White,(558) 000-2722,(558) 000-2722,Michelle.White328@parkview.com,Minneapolis,MN,North,North,2020-05-21,,,,,,,,,,,,
CUST00778,Northgate Community Clinic,Jessica Sanchez,391-368-1720,(391) 368-1720,Jessica.Sanchez388@northgate.com,Sioux Falls,SD,Southeast,South,2023-12-17,,,,,,,,,,,,
CUST00779,Mercy Urgent Care Clinic,Melissa Ramirez,(209) 297-3525,(209) 297-3525,Melissa.Ramirez932@mercy.com,New Orleans,LA,South,South,2015-04-07,,,,,,,,,,,,
CUST00780,Valley Hospital,Alexander Lewis,938 992 0457,(938) 992-0457,Alexander.Lewis801@valley.com,Birmingham,AL,South,South,2017-12-10,,,,,,,,,,,,
CUST00781,Summit Hospital,Lisa Roberts,(850) 761-0870,(850) 761-0870,Lisa.Roberts622@summit.com,Birmingham,AL,South,South,2021-03-02,,,,,,,,,,,,
CUST00782,Maple Long-Term Care Facility,Frank Bailey,(107) 126-1583,(107) 126-1583,Frank.Bailey648@maple.com,Atlanta,GA,South,South,2014-02-07,,,,,,,,,,,,
CUST00783,Cedar Community Clinic,Anthony Ramirez,484-673-5742,(484) 673-5742,Anthony.Ramirez708@cedar.com,Phoenix,AZ,West,West,2013-06-05,,,,,,,,,,,,
CUST00784,Valley Hospital,Linda Carter,4425892225,(442) 589-2225,Linda.Carter188@valley.com,Minneapolis,MN,North,North,2023-11-11,,,,,,,,,,,,
CUST00785,Northgate Urgent Care Clinic,Susan Walker,373.118.0467,(373) 118-0467,Susan.Walker7@northgate.com,Albany,NY,East,East,2020-11-21,,,,,,,,,,,,
CUST00786,Union Community Clinic,Linda Rogers,185 201 3626,(185) 201-3626,Linda.Rogers804@union.com,New Orleans,LA,South,South,2016-06-07,,,,,,,,,,,,
CUST00787,Grace Community Clinic,Larry Martinez,756.154.7055,(756) 154-7055,Larry.Martinez819@grace.com,New Orleans,LA,South,South,2013-11-28,,,,,,,,,,,,
CUST00788,Cedar Community Clinic,Barbara Kelly,411 955 6409,(411) 955-6409,Barbara.Kelly739@cedar.com,Albany,NY,East,East,2018-06-07,,,,,,,,,,,,
CUST00789,Northgate Health System,Debra Johnson,520-702-0426,(520) 702-0426,Debra.Johnson73@northgate.com,Boston,MA,East,East,2023-12-20,,,,,,,,,,,,
CUST00790,Hilltop Long-Term Care Facility,Jonathan Reed,1241393696,(124) 139-3696,Jonathan.Reed663@hilltop.com,Milwaukee,WI,North,North,2020-03-07,,,,,,,,,,,,
CUST00791,Lakeside Medical Center,Amanda Kelly,7731922760,(773) 192-2760,Amanda.Kelly987@lakeside.com,Seattle,WA,Southeast,South,2021-11-24,,,,,,,,,,,,
CUST00792,Beacon Health System,Matthew Brown,339.431.9165,(339) 431-9165,Matthew.Brown977@beacon.com,Denver,CO,West,West,2021-06-30,,,,,,,,,,,,
CUST00793,Cornerstone Community Clinic,Paul Torres,2021915057,(202) 191-5057,Paul.Torres577@cornerstone.com,Newark,NJ,East,East,2024-05-10,,,,,,,,,,,,
CUST00794,Westfield Medical Center,Rebecca Hill,0268764486,(026) 876-4486,Rebecca.Hill587@westfield.com,Sacramento,CA,West,West,2020-01-17,,,,,,,,,,,,
CUST00795,Parkview Health System,Melissa Green,365-604-5006,(365) 604-5006,Melissa.Green716@parkview.com,Albany,NY,East,East,2014-12-13,,,,,,,,,,,,
CUST00796,Northgate Medical Center,Melissa Moore,496 927 7119,(496) 927-7119,Melissa.Moore583@northgate.com,Billings,MT,North,North,2018-07-12,,,,,,,,,,,,
CUST00797,Union Hospital,Jason Clark,9702551282,(970) 255-1282,Jason.Clark437@union.com,Dallas,TX,South,South,2016-09-21,,,,,,,,,,,,
CUST00798,Cedar Hospital,Laura Young,898 959 6546,(898) 959-6546,Laura.Young306@cedar.com,Hartford,CT,East,East,2017-05-30,,,,,,,,,,,,
CUST00799,Eastview Long-Term Care Facility,Ashley King,(414) 916-9993,(414) 916-9993,Ashley.King283@eastview.com,Newark,NJ,East,East,2022-12-21,,,,,,,,,,,,
CUST00800,Westfield Medical Center,Nicholas Turner,640.882.2309,(640) 882-2309,Nicholas.Turner132@westfield.com,New Orleans,LA,South,South,2023-07-31,,,,,,,,,,,,
CUST00801,Hilltop Community Clinic,Thomas Davis,8894132109,(889) 413-2109,Thomas.Davis708@hilltop.com,New Orleans,LA,South,South,2013-11-20,,,,,,,,,,,,
CUST00802,Hilltop Pharmacy,John Young,853-465-5792,(853) 465-5792,John.Young11@hilltop.com,Sioux Falls,SD,North,North,2010-12-18,,,,,,,,,,,,
CUST00803,Eastview Urgent Care Clinic,Joseph Clark,129-390-0251,(129) 390-0251,Joseph.Clark752@eastview.com,Portland,OR,West,West,2020-05-08,,,,,,,,,,,,
CUST00804,Grace Urgent Care Clinic,Brandon Ramirez,(635) 957-0861,(635) 957-0861,Brandon.Ramirez968@grace.com,Hartford,CT,East,East,2011-07-18,,,,,,,,,,,,
CUST00805,Mercy Urgent Care Clinic,Anthony Nguyen,(566) 311-3885,(566) 311-3885,Anthony.Nguyen912@mercy.com,Newark,NJ,East,East,2014-02-12,,,,,,,,,,,,
CUST00806,Trinity Hospital,Sandra Edwards,347.424.6310,(347) 424-6310,Sandra.Edwards732@trinity.com,Atlanta,GA,Northeast,East,2022-12-30,,,,,,,,,,,,
CUST00807,Crossroads Medical Center,Barbara Morales,085 294 6902,(085) 294-6902,Barbara.Morales449@crossroads.com,Denver,CO,West,West,2016-06-01,,,,,,,,,,,,
CUST00808,Parkview Pharmacy,Pamela Ward,435-023-8502,(435) 023-8502,Pamela.Ward967@parkview.com,Newark,NJ,East,East,2016-04-15,,,,,,,,,,,,
CUST00809,Grace Medical Center,Robert Moore,523-328-2930,(523) 328-2930,Robert.Moore339@grace.com,Newark,NJ,East,East,2019-01-01,,,,,,,,,,,,
CUST00810,Maple Health System,Edward Collins,303 346 7711,(303) 346-7711,Edward.Collins374@maple.com,Atlanta,GA,South,South,2010-03-29,,,,,,,,,,,,
CUST00811,Trinity Medical Center,Sandra Howard,553-024-5301,(553) 024-5301,Sandra.Howard570@trinity.com,Birmingham,AL,South,South,2015-10-18,,,,,,,,,,,,
CUST00812,Hilltop Long-Term Care Facility,Janet Lee,2028471901,(202) 847-1901,Janet.Lee981@hilltop.com,Atlanta,GA,Southeast,South,2013-08-31,,,,,,,,,,,,
CUST00813,Summit Community Clinic,Jason Wilson,076.487.1775,(076) 487-1775,Jason.Wilson638@summit.com,Albany,NY,East,East,2023-06-23,,,,,,,,,,,,
CUST00814,Valley Long-Term Care Facility,Karen Green,838-727-2581,(838) 727-2581,Karen.Green614@valley.com,Albany,NY,East,East,2010-11-25,,,,,,,,,,,,
CUST00815,Cornerstone Long-Term Care Facility,Elizabeth White,(844) 823-7337,(844) 823-7337,Elizabeth.White103@cornerstone.com,Boston,MA,East,East,2012-11-30,,,,,,,,,,,,
CUST00816,Cedar Pharmacy,Gary Nguyen,(803) 586-9017,(803) 586-9017,Gary.Nguyen711@cedar.com,Minneapolis,MN,North,North,2010-10-23,,,,,,,,,,,,
CUST00817,Southport Long-Term Care Facility,Charles Murphy,945-295-1712,(945) 295-1712,Charles.Murphy969@southport.com,Tampa,FL,Midwest,North,2018-09-12,,,,,,,,,,,,
CUST00818,Eastview Community Clinic,Frank Adams,2205422162,(220) 542-2162,Frank.Adams702@eastview.com,Atlanta,GA,South,South,2015-11-06,,,,,,,,,,,,
CUST00819,Grace Health System,Eric Murphy,(83) 344-4704,(083) 344-4704,Eric.Murphy521@grace.com,Atlanta,GA,South,South,2023-06-10,,,,,,,,,,,,
CUST00820,Union Health System,Rachel Edwards,205-968-5195,(205) 968-5195,Rachel.Edwards509@union.com,Fargo,ND,North,North,2015-10-10,,,,,,,,,,,,
CUST00821,Valley Health System,Kenneth Perez,3295634277,(329) 563-4277,Kenneth.Perez164@valley.com,Phoenix,AZ,West,West,2018-01-17,,,,,,,,,,,,
CUST00822,Summit Health System,Nicole Torres,581-292-0592,(581) 292-0592,Nicole.Torres120@summit.com,Sioux Falls,SD,Southeast,South,2011-08-08,,,,,,,,,,,,
CUST00823,Trinity Urgent Care Clinic,Samantha Nguyen,559-636-3726,(559) 636-3726,Samantha.Nguyen681@trinity.com,Dallas,TX,South,South,2014-01-13,,,,,,,,,,,,
CUST00824,Trinity Pharmacy,Christine Morgan,498-085-1331,(498) 085-1331,Christine.Morgan779@trinity.com,Sacramento,CA,West,West,2010-11-28,,,,,,,,,,,,
CUST00825,Eastview Pharmacy,Deborah Morgan,122 121 5481,(122) 121-5481,Deborah.Morgan158@eastview.com,Atlanta,GA,Midwest,North,2019-10-08,,,,,,,,,,,,
CUST00826,Trinity Health System,Michelle Flores,0191854880,(019) 185-4880,Michelle.Flores769@trinity.com,Phoenix,AZ,West,West,2012-12-30,,,,,,,,,,,,
CUST00827,Riverside Long-Term Care Facility,Rebecca Torres,877 873 5856,(877) 873-5856,Rebecca.Torres969@riverside.com,Sioux Falls,SD,North,North,2018-12-16,,,,,,,,,,,,
CUST00828,Westfield Community Clinic,Matthew White,(234) 219-2622,(234) 219-2622,Matthew.White18@westfield.com,Billings,MT,North,North,2016-11-08,,,,,,,,,,,,
CUST00829,Cedar Community Clinic,Brandon Edwards,4831478911,(483) 147-8911,Brandon.Edwards158@cedar.com,Fargo,ND,North,North,2019-02-11,,,,,,,,,,,,
CUST00830,Beacon Health System,Jason Williams,1283180036,(128) 318-0036,Jason.Williams756@beacon.com,Hartford,CT,East,East,2013-10-09,,,,,,,,,,,,
CUST00831,Riverside Community Clinic,Benjamin Garcia,328.538.6310,(328) 538-6310,Benjamin.Garcia335@riverside.com,Minneapolis,MN,North,North,2014-01-10,,,,,,,,,,,,
CUST00832,Southport Urgent Care Clinic,Ronald Morgan,5826929900,(582) 692-9900,Ronald.Morgan715@southport.com,New Orleans,LA,South,South,2019-09-11,,,,,,,,,,,,
CUST00833,Parkview Hospital,David Cook,283 896 3376,(283) 896-3376,David.Cook345@parkview.com,Seattle,WA,West,West,2024-03-29,,,,,,,,,,,,
CUST00834,Heritage Pharmacy,Nicholas Lee,136 841 0132,(136) 841-0132,Nicholas.Lee206@heritage.com,Seattle,WA,West,West,2015-01-23,,,,,,,,,,,,
CUST00835,Beacon Community Clinic,Jack Williams,835 279 1875,(835) 279-1875,Jack.Williams416@beacon.com,Dallas,TX,South,South,2020-10-25,,,,,,,,,,,,
CUST00836,Grace Medical Center,Thomas Reyes,(592) 088-1431,(592) 088-1431,Thomas.Reyes622@grace.com,Minneapolis,MN,North,North,2019-12-22,,,,,,,,,,,,
CUST00837,Maple Medical Center,Jack Williams,596-983-8457,(596) 983-8457,Jack.Williams734@maple.com,Denver,CO,West,West,2013-05-19,,,,,,,,,,,,
CUST00838,Grace Community Clinic,Anthony Flores,6862959125,(686) 295-9125,Anthony.Flores632@grace.com,Portland,OR,West,West,2021-05-18,,,,,,,,,,,,
CUST00839,Cornerstone Health System,Paul Stewart,9460742990,(946) 074-2990,Paul.Stewart147@cornerstone.com,Tampa,FL,South,South,2023-11-06,,,,,,,,,,,,
CUST00840,Trinity Medical Center,Rachel Murphy,996.708.0897,(996) 708-0897,Rachel.Murphy262@trinity.com,Albany,NY,East,East,2022-07-17,,,,,,,,,,,,
CUST00841,Beacon Urgent Care Clinic,Eric Baker,8398416734,(839) 841-6734,Eric.Baker212@beacon.com,Boston,MA,East,East,2018-12-10,,,,,,,,,,,,
CUST00842,Cornerstone Community Clinic,Mary Adams,9804450928,(980) 445-0928,Mary.Adams989@cornerstone.com,Sioux Falls,SD,North,North,2013-11-01,,,,,,,,,,,,
CUST00843,Lakeside Pharmacy,Paul Morgan,706-648-9008,(706) 648-9008,Paul.Morgan854@lakeside.com,Birmingham,AL,South,South,2015-09-01,,,,,,,,,,,,
CUST00844,Crossroads Urgent Care Clinic,Scott Stewart,(983) 057-4883,(983) 057-4883,Scott.Stewart269@crossroads.com,Milwaukee,WI,Midwest,North,2012-05-18,,,,,,,,,,,,
CUST00845,Mercy Health System,Scott Rivera,(500) 030-5661,(500) 030-5661,Scott.Rivera661@mercy.com,Seattle,WA,Southeast,South,2014-07-24,,,,,,,,,,,,
CUST00846,Mercy Pharmacy,Patrick Williams,9378467908,(937) 846-7908,Patrick.Williams670@mercy.com,Portland,OR,Southeast,South,2012-08-27,,,,,,,,,,,,
CUST00847,Hilltop Health System,Joshua Allen,001.365.1034,(001) 365-1034,Joshua.Allen135@hilltop.com,Birmingham,AL,South,South,2023-06-29,,,,,,,,,,,,
CUST00848,Lakeside Health System,Joseph Adams,568-652-4062,(568) 652-4062,Joseph.Adams933@lakeside.com,Phoenix,AZ,West,West,2017-09-20,,,,,,,,,,,,
CUST00849,Beacon Health System,Samuel Nguyen,622 219 0533,(622) 219-0533,Samuel.Nguyen451@beacon.com,Phoenix,AZ,West,West,2010-08-29,,,,,,,,,,,,
CUST00850,Hilltop Urgent Care Clinic,Richard Robinson,484-559-3965,(484) 559-3965,Richard.Robinson548@hilltop.com,Boston,MA,East,East,2015-01-20,,,,,,,,,,,,
CUST00851,Riverside Urgent Care Clinic,Thomas White,4553129003,(455) 312-9003,Thomas.White970@riverside.com,Sacramento,CA,West,West,2012-01-19,,,,,,,,,,,,
CUST00852,Cedar Long-Term Care Facility,Pamela Adams,277.264.8839,(277) 264-8839,Pamela.Adams730@cedar.com,Seattle,WA,West,West,2017-03-16,,,,,,,,,,,,
CUST00853,Union Health System,Deborah Ward,4252516185,(425) 251-6185,Deborah.Ward87@union.com,Atlanta,GA,South,South,2020-01-24,,,,,,,,,,,,
CUST00854,Lakeside Pharmacy,Sandra Campbell,0549147744,(054) 914-7744,Sandra.Campbell654@lakeside.com,Albany,NY,East,East,2014-10-26,,,,,,,,,,,,
CUST00855,Summit Urgent Care Clinic,Donna Cox,417.159.4973,(417) 159-4973,Donna.Cox209@summit.com,Boston,MA,East,East,2010-10-28,,,,,,,,,,,,
CUST00856,Southport Urgent Care Clinic,Eric Kim,331 836 1133,(331) 836-1133,Eric.Kim187@southport.com,Denver,CO,West,West,2019-07-31,,,,,,,,,,,,
CUST00857,Crossroads Pharmacy,Pamela Parker,281.527.8730,(281) 527-8730,Pamela.Parker189@crossroads.com,Denver,CO,West,West,2017-02-01,,,,,,,,,,,,
CUST00858,Cedar Community Clinic,Larry Wilson,(465) 353-7801,(465) 353-7801,Larry.Wilson365@cedar.com,Newark,NJ,East,East,2019-07-13,,,,,,,,,,,,
CUST00859,Hilltop Community Clinic,Michelle Lewis,(671) 776-2969,(671) 776-2969,Michelle.Lewis215@hilltop.com,Tampa,FL,South,South,2018-11-19,,,,,,,,,,,,
CUST00860,Cornerstone Hospital,Michael Morgan,(645) 099-9900,(645) 099-9900,Michael.Morgan610@cornerstone.com,Boston,MA,East,East,2022-06-06,,,,,,,,,,,,
CUST00861,Hilltop Urgent Care Clinic,Christine Nguyen,521-189-6844,(521) 189-6844,Christine.Nguyen400@hilltop.com,New Orleans,LA,Northeast,East,2016-03-18,,,,,,,,,,,,
CUST00862,Crossroads Community Clinic,Raymond Kelly,979 572 8575,(979) 572-8575,Raymond.Kelly357@crossroads.com,Hartford,CT,East,East,2021-08-30,,,,,,,,,,,,
CUST00863,Crossroads Hospital,Matthew Cox,(179) 789-1248,(179) 789-1248,Matthew.Cox930@crossroads.com,Billings,MT,Northeast,East,2020-02-19,,,,,,,,,,,,
CUST00864,Parkview Pharmacy,Ronald Gutierrez,(844) 514-3672,(844) 514-3672,Ronald.Gutierrez108@parkview.com,Fargo,ND,North,North,2011-11-11,,,,,,,,,,,,
CUST00865,Northgate Hospital,Emily Baker,(568) 119-3978,(568) 119-3978,Emily.Baker591@northgate.com,Milwaukee,WI,North,North,2010-04-04,,,,,,,,,,,,
CUST00866,Riverside Long-Term Care Facility,Deborah Lopez,905-528-6693,(905) 528-6693,Deborah.Lopez644@riverside.com,Dallas,TX,South,South,2024-09-26,,,,,,,,,,,,
CUST00867,Crossroads Urgent Care Clinic,David Johnson,(53) 260-1193,(053) 260-1193,David.Johnson255@crossroads.com,Sioux Falls,SD,North,North,2021-12-12,,,,,,,,,,,,
CUST00868,Cornerstone Hospital,Richard Cook,(551) 360-9085,(551) 360-9085,Richard.Cook735@cornerstone.com,Portland,OR,West,West,2012-10-04,,,,,,,,,,,,
CUST00869,Westfield Pharmacy,Rebecca Moore,4373615873,(437) 361-5873,Rebecca.Moore937@westfield.com,Albany,NY,East,East,2019-11-13,,,,,,,,,,,,
CUST00870,Northgate Pharmacy,Carol Parker,(693) 353-9005,(693) 353-9005,Carol.Parker93@northgate.com,Hartford,CT,East,East,2018-03-24,,,,,,,,,,,,
CUST00871,Westfield Community Clinic,Timothy Nguyen,(663) 979-2551,(663) 979-2551,Timothy.Nguyen253@westfield.com,Seattle,WA,Southeast,South,2018-10-24,,,,,,,,,,,,
CUST00872,Beacon Community Clinic,Timothy Evans,377 270 2896,(377) 270-2896,Timothy.Evans5@beacon.com,Milwaukee,WI,North,North,2017-09-11,,,,,,,,,,,,
CUST00873,Westfield Hospital,Jonathan Hill,416.101.9753,(416) 101-9753,Jonathan.Hill420@westfield.com,New Orleans,LA,Southeast,South,2015-12-16,,,,,,,,,,,,
CUST00874,Mercy Pharmacy,Anthony Diaz,8802730427,(880) 273-0427,Anthony.Diaz138@mercy.com,Minneapolis,MN,North,North,2021-06-02,,,,,,,,,,,,
CUST00875,Maple Long-Term Care Facility,Emma Garcia,7189395309,(718) 939-5309,Emma.Garcia429@maple.com,Philadelphia,PA,East,East,2021-02-09,,,,,,,,,,,,
CUST00876,Eastview Medical Center,Donald Nelson,884 987 4551,(884) 987-4551,Donald.Nelson551@eastview.com,Billings,MT,North,North,2020-03-05,,,,,,,,,,,,
CUST00877,Hilltop Hospital,Michelle Clark,306-881-1640,(306) 881-1640,Michelle.Clark605@hilltop.com,Sioux Falls,SD,North,North,2021-04-20,,,,,,,,,,,,
CUST00878,Crossroads Long-Term Care Facility,Cynthia Johnson,8775833364,(877) 583-3364,Cynthia.Johnson850@crossroads.com,Billings,MT,North,North,2015-08-19,,,,,,,,,,,,
CUST00879,Southport Pharmacy,Kimberly Perez,538.602.8262,(538) 602-8262,Kimberly.Perez994@southport.com,Billings,MT,Northeast,East,2010-11-20,,,,,,,,,,,,
CUST00880,Cedar Urgent Care Clinic,Linda Murphy,(905) 772-0441,(905) 772-0441,Linda.Murphy707@cedar.com,Atlanta,GA,South,South,2023-04-09,,,,,,,,,,,,
CUST00881,Eastview Long-Term Care Facility,Katherine Jackson,(453) 810-9794,(453) 810-9794,Katherine.Jackson148@eastview.com,Billings,MT,North,North,2016-03-19,,,,,,,,,,,,
CUST00882,Parkview Health System,David Murphy,872.649.6322,(872) 649-6322,David.Murphy863@parkview.com,Billings,MT,North,North,2016-09-11,,,,,,,,,,,,
CUST00883,Summit Long-Term Care Facility,Timothy Ortiz,326.118.9003,(326) 118-9003,Timothy.Ortiz442@summit.com,Tampa,FL,Midwest,North,2012-03-23,,,,,,,,,,,,
CUST00884,Grace Community Clinic,Donald Gomez,286.720.2009,(286) 720-2009,Donald.Gomez915@grace.com,Dallas,TX,South,South,2019-04-16,,,,,,,,,,,,
CUST00885,Summit Community Clinic,Linda Gonzalez,(689) 005-7795,(689) 005-7795,Linda.Gonzalez507@summit.com,Billings,MT,North,North,2015-06-17,,,,,,,,,,,,
CUST00886,Union Hospital,Anthony Cooper,(397) 130-7221,(397) 130-7221,Anthony.Cooper833@union.com,Minneapolis,MN,North,North,2018-07-16,,,,,,,,,,,,
CUST00887,Lakeside Health System,Joseph Reed,7221045461,(722) 104-5461,Joseph.Reed172@lakeside.com,Sacramento,CA,West,West,2022-04-10,,,,,,,,,,,,
CUST00888,Cedar Long-Term Care Facility,Charles Lopez,436.023.4422,(436) 023-4422,Charles.Lopez664@cedar.com,Sacramento,CA,West,West,2018-11-29,,,,,,,,,,,,
CUST00889,Summit Pharmacy,Timothy Ward,941-209-4477,(941) 209-4477,Timothy.Ward24@summit.com,Newark,NJ,East,East,2014-09-02,,,,,,,,,,,,
CUST00890,Valley Community Clinic,Sarah Wright,327 617 9480,(327) 617-9480,Sarah.Wright971@valley.com,Portland,OR,West,West,2017-09-26,,,,,,,,,,,,
CUST00891,Mercy Long-Term Care Facility,Brenda Phillips,2119158912,(211) 915-8912,Brenda.Phillips776@mercy.com,Albany,NY,East,East,2016-05-28,,,,,,,,,,,,
CUST00892,Beacon Community Clinic,Paul Flores,(686) 237-6008,(686) 237-6008,Paul.Flores468@beacon.com,Portland,OR,West,West,2015-10-22,,,,,,,,,,,,
CUST00893,Crossroads Pharmacy,David Parker,819-190-7499,(819) 190-7499,David.Parker308@crossroads.com,Birmingham,AL,South,South,2010-12-24,,,,,,,,,,,,
CUST00894,Grace Pharmacy,Jennifer Cook,2353484864,(235) 348-4864,Jennifer.Cook162@grace.com,Birmingham,AL,South,South,2012-08-18,,,,,,,,,,,,
CUST00895,Cornerstone Hospital,Kevin Smith,220.212.3720,(220) 212-3720,Kevin.Smith900@cornerstone.com,Portland,OR,West,West,2014-09-02,,,,,,,,,,,,
CUST00896,Northgate Long-Term Care Facility,James Gutierrez,(863) 467-3919,(863) 467-3919,James.Gutierrez534@northgate.com,Minneapolis,MN,Midwest,North,2022-10-28,,,,,,,,,,,,
CUST00897,Cornerstone Long-Term Care Facility,Angela Sanchez,600 916 9232,(600) 916-9232,Angela.Sanchez957@cornerstone.com,Minneapolis,MN,North,North,2020-03-30,,,,,,,,,,,,
CUST00898,Cornerstone Community Clinic,Jennifer Miller,854-818-6746,(854) 818-6746,Jennifer.Miller24@cornerstone.com,Denver,CO,Northeast,East,2023-05-21,,,,,,,,,,,,
CUST00899,Cornerstone Long-Term Care Facility,Helen Bailey,113 711 8151,(113) 711-8151,Helen.Bailey662@cornerstone.com,Newark,NJ,East,East,2018-04-14,,,,,,,,,,,,
CUST00900,Eastview Community Clinic,Donald Scott,942.034.0153,(942) 034-0153,Donald.Scott423@eastview.com,Hartford,CT,East,East,2019-03-22,,,,,,,,,,,,
CUST00901,Parkview Pharmacy,Michael Gonzalez,994 494 6672,(994) 494-6672,Michael.Gonzalez60@parkview.com,Boston,MA,East,East,2022-05-07,,,,,,,,,,,,
CUST00902,Eastview Hospital,Karen Gomez,(818) 223-8794,(818) 223-8794,Karen.Gomez145@eastview.com,Milwaukee,WI,North,North,2010-10-03,,,,,,,,,,,,
CUST00903,Mercy Health System,Ryan Williams,527.353.6423,(527) 353-6423,Ryan.Williams9@mercy.com,Sioux Falls,SD,North,North,2016-08-10,,,,,,,,,,,,
CUST00904,Valley Pharmacy,Robert Torres,(851) 816-1255,(851) 816-1255,Robert.Torres682@valley.com,Billings,MT,North,North,2018-12-01,,,,,,,,,,,,
CUST00905,Lakeside Pharmacy,Eric Jackson,304-660-0128,(304) 660-0128,Eric.Jackson470@lakeside.com,Sioux Falls,SD,North,North,2011-12-11,,,,,,,,,,,,
CUST00906,Cedar Pharmacy,Deborah Johnson,296 151 2048,(296) 151-2048,Deborah.Johnson510@cedar.com,Atlanta,GA,South,South,2019-08-19,,,,,,,,,,,,
CUST00907,Union Medical Center,Samantha Lopez,(042) 276-3460,(042) 276-3460,Samantha.Lopez341@union.com,Tampa,FL,South,South,2015-04-23,,,,,,,,,,,,
CUST00908,Mercy Pharmacy,Jonathan Perez,4724358617,(472) 435-8617,Jonathan.Perez168@mercy.com,Seattle,WA,West,West,2017-02-16,,,,,,,,,,,,
CUST00909,Maple Long-Term Care Facility,Thomas Scott,267-086-6656,(267) 086-6656,Thomas.Scott79@maple.com,Birmingham,AL,South,South,2023-12-09,,,,,,,,,,,,
CUST00910,Trinity Medical Center,Mary Jones,494.771.2903,(494) 771-2903,Mary.Jones423@trinity.com,Denver,CO,West,West,2012-06-10,,,,,,,,,,,,
CUST00911,Crossroads Long-Term Care Facility,Sharon Carter,422 354 3404,(422) 354-3404,Sharon.Carter561@crossroads.com,Hartford,CT,East,East,2013-06-02,,,,,,,,,,,,
CUST00912,Summit Pharmacy,Gregory Scott,6495254920,(649) 525-4920,Gregory.Scott821@summit.com,Fargo,ND,North,North,2016-05-07,,,,,,,,,,,,
CUST00913,Cedar Community Clinic,Debra Diaz,(973) 881-8273,(973) 881-8273,Debra.Diaz240@cedar.com,Minneapolis,MN,North,North,2016-11-17,,,,,,,,,,,,
CUST00914,Union Hospital,Rebecca King,8218849680,(821) 884-9680,Rebecca.King887@union.com,Hartford,CT,East,East,2010-05-30,,,,,,,,,,,,
CUST00915,Maple Urgent Care Clinic,Rebecca Miller,254 341 2301,(254) 341-2301,Rebecca.Miller319@maple.com,Minneapolis,MN,North,North,2023-09-17,,,,,,,,,,,,
CUST00916,Crossroads Community Clinic,Carolyn Sanchez,(372) 186-0032,(372) 186-0032,Carolyn.Sanchez108@crossroads.com,Sacramento,CA,West,West,2023-05-04,,,,,,,,,,,,
CUST00917,Heritage Medical Center,Kathleen Bailey,(3) 471-3171,(003) 471-3171,Kathleen.Bailey425@heritage.com,Minneapolis,MN,Southeast,South,2011-01-09,,,,,,,,,,,,
CUST00918,Maple Long-Term Care Facility,George Johnson,590.841.9478,(590) 841-9478,George.Johnson644@maple.com,Seattle,WA,West,West,2012-09-13,,,,,,,,,,,,
CUST00919,Northgate Pharmacy,James Stewart,821 072 8878,(821) 072-8878,James.Stewart141@northgate.com,Portland,OR,West,West,2020-06-30,,,,,,,,,,,,
CUST00920,Lakeside Health System,Frank Kim,160-881-9722,(160) 881-9722,Frank.Kim901@lakeside.com,Birmingham,AL,Southeast,South,2023-03-11,,,,,,,,,,,,
CUST00921,Grace Community Clinic,James White,(183) 753-0768,(183) 753-0768,James.White818@grace.com,Boston,MA,East,East,2016-06-07,,,,,,,,,,,,
CUST00922,Riverside Health System,Christopher Thomas,800-244-3236,(800) 244-3236,Christopher.Thomas401@riverside.com,Philadelphia,PA,East,East,2023-02-14,,,,,,,,,,,,
CUST00923,Grace Pharmacy,Alexander Thomas,(746) 706-7516,(746) 706-7516,Alexander.Thomas252@grace.com,Denver,CO,West,West,2022-12-19,,,,,,,,,,,,
CUST00924,Mercy Long-Term Care Facility,George Garcia,164-261-0703,(164) 261-0703,George.Garcia964@mercy.com,Dallas,TX,South,South,2024-07-20,,,,,,,,,,,,
CUST00925,Eastview Health System,Mark Brown,(198) 392-4848,(198) 392-4848,Mark.Brown11@eastview.com,Tampa,FL,South,South,2016-10-05,,,,,,,,,,,,
CUST00926,Trinity Pharmacy,Carolyn Nguyen,3021516758,(302) 151-6758,Carolyn.Nguyen414@trinity.com,Minneapolis,MN,North,North,2015-07-01,,,,,,,,,,,,
CUST00927,Beacon Hospital,Gary Cook,110-501-4764,(110) 501-4764,Gary.Cook840@beacon.com,Newark,NJ,East,East,2023-02-16,,,,,,,,,,,,
CUST00928,Trinity Long-Term Care Facility,Sarah Robinson,(855) 128-1775,(855) 128-1775,Sarah.Robinson607@trinity.com,Fargo,ND,North,North,2018-05-07,,,,,,,,,,,,
CUST00929,Cornerstone Long-Term Care Facility,Donna Nguyen,426-097-2360,(426) 097-2360,Donna.Nguyen446@cornerstone.com,Denver,CO,Southeast,South,2018-04-18,,,,,,,,,,,,
CUST00930,Eastview Long-Term Care Facility,Jessica Campbell,0517107308,(051) 710-7308,Jessica.Campbell394@eastview.com,Phoenix,AZ,West,West,2015-11-30,,,,,,,,,,,,
CUST00931,Hilltop Long-Term Care Facility,Donna Martinez,0317543802,(031) 754-3802,Donna.Martinez861@hilltop.com,Birmingham,AL,South,South,2016-10-07,,,,,,,,,,,,
CUST00932,Union Health System,Pamela Gutierrez,292-546-8627,(292) 546-8627,Pamela.Gutierrez854@union.com,Seattle,WA,West,West,2016-09-25,,,,,,,,,,,,
CUST00933,Parkview Pharmacy,Stephen Phillips,076 327 1353,(076) 327-1353,Stephen.Phillips488@parkview.com,Phoenix,AZ,West,West,2019-05-14,,,,,,,,,,,,
CUST00934,Summit Community Clinic,Ronald Ramos,(868) 790-6048,(868) 790-6048,Ronald.Ramos696@summit.com,Hartford,CT,East,East,2015-03-30,,,,,,,,,,,,
CUST00935,Lakeside Hospital,Maria Hernandez,4050892739,(405) 089-2739,Maria.Hernandez980@lakeside.com,Philadelphia,PA,East,East,2017-05-05,,,,,,,,,,,,
CUST00936,Parkview Health System,Raymond Baker,5356707897,(535) 670-7897,Raymond.Baker353@parkview.com,Portland,OR,West,West,2015-09-18,,,,,,,,,,,,
CUST00937,Trinity Hospital,Catherine Clark,0384227362,(038) 422-7362,Catherine.Clark185@trinity.com,Billings,MT,North,North,2011-05-04,,,,,,,,,,,,
CUST00938,Valley Community Clinic,Nancy Davis,1175769171,(117) 576-9171,Nancy.Davis799@valley.com,Atlanta,GA,South,South,2016-08-09,,,,,,,,,,,,
CUST00939,Beacon Hospital,Mary Clark,(869) 830-5216,(869) 830-5216,Mary.Clark599@beacon.com,Albany,NY,East,East,2014-01-07,,,,,,,,,,,,
CUST00940,Riverside Hospital,Edward Cooper,(980) 142-6471,(980) 142-6471,Edward.Cooper26@riverside.com,Birmingham,AL,South,South,2011-08-09,,,,,,,,,,,,
CUST00941,Parkview Medical Center,Anthony White,163-705-0049,(163) 705-0049,Anthony.White424@parkview.com,Milwaukee,WI,North,North,2020-04-16,,,,,,,,,,,,
CUST00942,Eastview Hospital,Mark Reed,(172) 947-6380,(172) 947-6380,Mark.Reed34@eastview.com,Boston,MA,East,East,2018-12-02,,,,,,,,,,,,
CUST00943,Union Long-Term Care Facility,Kathleen Lee,599-851-9393,(599) 851-9393,Kathleen.Lee777@union.com,Albany,NY,East,East,2021-01-23,,,,,,,,,,,,
CUST00944,Heritage Hospital,Janet Turner,1635049602,(163) 504-9602,Janet.Turner464@heritage.com,Milwaukee,WI,North,North,2018-11-11,,,,,,,,,,,,
CUST00945,Union Community Clinic,Cynthia Smith,(845) 397-4995,(845) 397-4995,Cynthia.Smith518@union.com,Birmingham,AL,South,South,2022-04-01,,,,,,,,,,,,
CUST00946,Westfield Medical Center,Jennifer Perez,(560) 208-0192,(560) 208-0192,Jennifer.Perez191@westfield.com,Sioux Falls,SD,North,North,2011-09-29,,,,,,,,,,,,
CUST00947,Westfield Urgent Care Clinic,Daniel Smith,890-932-2533,(890) 932-2533,Daniel.Smith981@westfield.com,New Orleans,LA,Southeast,South,2013-10-06,,,,,,,,,,,,
CUST00948,Mercy Hospital,Rachel Jones,555 019 3545,(555) 019-3545,Rachel.Jones232@mercy.com,Minneapolis,MN,North,North,2019-01-30,,,,,,,,,,,,
CUST00949,Crossroads Health System,Jonathan Brown,(332) 436-2962,(332) 436-2962,Jonathan.Brown356@crossroads.com,Newark,NJ,East,East,2022-08-28,,,,,,,,,,,,
CUST00950,Heritage Community Clinic,Brandon Kim,441.290.7596,(441) 290-7596,Brandon.Kim630@heritage.com,Dallas,TX,South,South,2013-01-01,,,,,,,,,,,,
CUST00951,Maple Pharmacy,Mary Roberts,(631) 774-9542,(631) 774-9542,Mary.Roberts187@maple.com,Atlanta,GA,South,South,2023-05-09,,,,,,,,,,,,
CUST00952,Eastview Long-Term Care Facility,Sandra Gonzalez,759 192 2671,(759) 192-2671,Sandra.Gonzalez494@eastview.com,Billings,MT,North,North,2018-05-09,,,,,,,,,,,,
CUST00953,Grace Hospital,Patricia Richardson,475 286 4612,(475) 286-4612,Patricia.Richardson436@grace.com,Birmingham,AL,South,South,2012-09-13,,,,,,,,,,,,
CUST00954,Southport Medical Center,Melissa Robinson,(284) 524-0321,(284) 524-0321,Melissa.Robinson881@southport.com,Minneapolis,MN,North,North,2017-06-11,,,,,,,,,,,,
CUST00955,Riverside Urgent Care Clinic,Kathleen Moore,(219) 143-0877,(219) 143-0877,Kathleen.Moore268@riverside.com,Albany,NY,East,East,2020-06-15,,,,,,,,,,,,
CUST00956,Summit Health System,Jack Smith,218-834-5819,(218) 834-5819,Jack.Smith310@summit.com,Philadelphia,PA,East,East,2022-03-05,,,,,,,,,,,,
CUST00957,Hilltop Medical Center,Richard Rivera,693.332.9986,(693) 332-9986,Richard.Rivera894@hilltop.com,Sioux Falls,SD,North,North,2023-11-07,,,,,,,,,,,,
CUST00958,Valley Pharmacy,Jack Cooper,464-085-8588,(464) 085-8588,Jack.Cooper176@valley.com,Boston,MA,East,East,2017-03-11,,,,,,,,,,,,
CUST00959,Trinity Community Clinic,Margaret Green,208.467.2925,(208) 467-2925,Margaret.Green755@trinity.com,Seattle,WA,West,West,2018-05-16,,,,,,,,,,,,
CUST00960,Cornerstone Pharmacy,Cynthia Thompson,225.018.2562,(225) 018-2562,Cynthia.Thompson566@cornerstone.com,Seattle,WA,West,West,2019-03-23,,,,,,,,,,,,
CUST00961,Cornerstone Hospital,Mary Johnson,(122) 341-4992,(122) 341-4992,Mary.Johnson621@cornerstone.com,Newark,NJ,East,East,2024-09-10,,,,,,,,,,,,
CUST00962,Grace Medical Center,Amy Torres,(604) 509-5632,(604) 509-5632,Amy.Torres663@grace.com,Birmingham,AL,Southeast,South,2010-11-19,,,,,,,,,,,,
CUST00963,Southport Pharmacy,Joshua Reyes,193-353-8922,(193) 353-8922,Joshua.Reyes96@southport.com,Minneapolis,MN,North,North,2011-12-13,,,,,,,,,,,,
CUST00964,Southport Health System,Joseph Turner,6082770564,(608) 277-0564,Joseph.Turner851@southport.com,Sacramento,CA,West,West,2011-03-26,,,,,,,,,,,,
CUST00965,Trinity Medical Center,Edward Lopez,850.095.3723,(850) 095-3723,Edward.Lopez456@trinity.com,Birmingham,AL,South,South,2019-07-19,,,,,,,,,,,,
CUST00966,Summit Community Clinic,Betty Gonzalez,361-094-4164,(361) 094-4164,Betty.Gonzalez399@summit.com,Dallas,TX,South,South,2017-10-29,,,,,,,,,,,,
CUST00967,Westfield Urgent Care Clinic,Helen Nguyen,776.857.6063,(776) 857-6063,Helen.Nguyen185@westfield.com,Milwaukee,WI,North,North,2023-12-28,,,,,,,,,,,,
CUST00968,Eastview Pharmacy,Matthew Thompson,(518) 870-1799,(518) 870-1799,Matthew.Thompson307@eastview.com,Sacramento,CA,West,West,2014-02-06,,,,,,,,,,,,
CUST00969,Valley Pharmacy,Betty Cook,444.172.3456,(444) 172-3456,Betty.Cook844@valley.com,Hartford,CT,East,East,2018-09-20,,,,,,,,,,,,
CUST00970,Eastview Health System,Larry Garcia,(25) 485-3626,(025) 485-3626,Larry.Garcia288@eastview.com,Denver,CO,West,West,2020-06-27,,,,,,,,,,,,
CUST00971,Northgate Hospital,Ronald Scott,(095) 385-5742,(095) 385-5742,Ronald.Scott241@northgate.com,Portland,OR,Northeast,East,2017-03-16,,,,,,,,,,,,
CUST00972,Cornerstone Long-Term Care Facility,Richard Nguyen,378 146 0476,(378) 146-0476,Richard.Nguyen228@cornerstone.com,Minneapolis,MN,North,North,2020-03-21,,,,,,,,,,,,
CUST00973,Crossroads Health System,Thomas Roberts,0661875646,(066) 187-5646,Thomas.Roberts774@crossroads.com,Philadelphia,PA,East,East,2015-03-31,,,,,,,,,,,,
CUST00974,Heritage Medical Center,Carolyn Perez,1858990027,(185) 899-0027,Carolyn.Perez591@heritage.com,Fargo,ND,North,North,2012-06-20,,,,,,,,,,,,
CUST00975,Crossroads Pharmacy,Sandra Young,(860) 435-6605,(860) 435-6605,Sandra.Young455@crossroads.com,Philadelphia,PA,Southeast,South,2015-12-28,,,,,,,,,,,,
CUST00976,Cornerstone Medical Center,Jason Stewart,7306718222,(730) 671-8222,Jason.Stewart934@cornerstone.com,Atlanta,GA,Southeast,South,2022-11-21,,,,,,,,,,,,
CUST00977,Eastview Community Clinic,Jacob Clark,7886538590,(788) 653-8590,Jacob.Clark587@eastview.com,Billings,MT,Midwest,North,2019-04-21,,,,,,,,,,,,
CUST00978,Westfield Hospital,Jessica Collins,876-055-0492,(876) 055-0492,Jessica.Collins61@westfield.com,New Orleans,LA,South,South,2015-11-20,,,,,,,,,,,,
CUST00979,Heritage Community Clinic,Emma Johnson,670-663-2016,(670) 663-2016,Emma.Johnson486@heritage.com,Sacramento,CA,West,West,2014-04-20,,,,,,,,,,,,
CUST00980,Cornerstone Long-Term Care Facility,Sandra Reyes,198-271-8265,(198) 271-8265,Sandra.Reyes93@cornerstone.com,New Orleans,LA,South,South,2020-04-06,,,,,,,,,,,,
CUST00981,Riverside Community Clinic,Frank Walker,(269) 420-3983,(269) 420-3983,Frank.Walker981@riverside.com,Portland,OR,West,West,2017-05-01,,,,,,,,,,,,
CUST00982,Beacon Urgent Care Clinic,Jonathan Cruz,996.706.9219,(996) 706-9219,Jonathan.Cruz195@beacon.com,Minneapolis,MN,North,North,2010-01-17,,,,,,,,,,,,
CUST00983,Eastview Urgent Care Clinic,Nicholas Smith,8430217816,(843) 021-7816,Nicholas.Smith396@eastview.com,Tampa,FL,South,South,2024-03-21,,,,,,,,,,,,
CUST00984,Eastview Medical Center,James Sanchez,890.164.9281,(890) 164-9281,James.Sanchez963@eastview.com,Dallas,TX,South,South,2020-01-25,,,,,,,,,,,,
CUST00985,Lakeside Long-Term Care Facility,Eric Rodriguez,(264) 070-3088,(264) 070-3088,Eric.Rodriguez466@lakeside.com,Sioux Falls,SD,Midwest,North,2013-07-29,,,,,,,,,,,,
CUST00986,Summit Medical Center,Nicholas Howard,(824) 485-0072,(824) 485-0072,Nicholas.Howard990@summit.com,New Orleans,LA,South,South,2017-08-08,,,,,,,,,,,,
CUST00987,Valley Health System,Ronald Taylor,8069196127,(806) 919-6127,Ronald.Taylor16@valley.com,Portland,OR,Southeast,South,2022-07-03,,,,,,,,,,,,
CUST00988,Crossroads Pharmacy,Scott Carter,170.263.4443,(170) 263-4443,Scott.Carter646@crossroads.com,Dallas,TX,South,South,2024-08-07,,,,,,,,,,,,
CUST00989,Eastview Hospital,Jason Kim,701-204-2425,(701) 204-2425,Jason.Kim20@eastview.com,Hartford,CT,East,East,2023-02-18,,,,,,,,,,,,
CUST00990,Summit Pharmacy,Christine Edwards,0284976039,(028) 497-6039,Christine.Edwards1@summit.com,Birmingham,AL,South,South,2012-12-16,,,,,,,,,,,,
CUST00991,Westfield Long-Term Care Facility,Deborah Scott,4055364818,(405) 536-4818,Deborah.Scott696@westfield.com,Birmingham,AL,South,South,2010-05-14,,,,,,,,,,,,
CUST00992,Grace Hospital,Karen Sanchez,1597738546,(159) 773-8546,Karen.Sanchez984@grace.com,Hartford,CT,East,East,2012-11-07,,,,,,,,,,,,
CUST00993,Trinity Hospital,Michelle Reed,(799) 864-9125,(799) 864-9125,Michelle.Reed837@trinity.com,Sioux Falls,SD,North,North,2020-11-13,,,,,,,,,,,,
CUST00994,Valley Long-Term Care Facility,Stephanie Turner,(298) 622-6992,(298) 622-6992,Stephanie.Turner408@valley.com,Dallas,TX,South,South,2011-08-19,,,,,,,,,,,,
CUST00995,Cornerstone Medical Center,Carol Peterson,569-992-9983,(569) 992-9983,Carol.Peterson753@cornerstone.com,Seattle,WA,West,West,2020-09-16,,,,,,,,,,,,
CUST00996,Grace Long-Term Care Facility,Eric Allen,(256) 041-3482,(256) 041-3482,Eric.Allen917@grace.com,Phoenix,AZ,West,West,2023-08-21,,,,,,,,,,,,
CUST00997,Southport Long-Term Care Facility,Donna Hill,(839) 122-6000,(839) 122-6000,Donna.Hill51@southport.com,Fargo,ND,North,North,2024-08-19,,,,,,,,,,,,
CUST00998,Parkview Community Clinic,Anthony Gutierrez,(143) 049-1341,(143) 049-1341,Anthony.Gutierrez832@parkview.com,Seattle,WA,West,West,2022-11-23,,,,,,,,,,,,
CUST00999,Union Medical Center,Mary Nelson,099.865.6422,(099) 865-6422,Brian.Allen551@cornerstone.com,New Orleans,LA,South,South,2024-07-22,,,,,,,,,,,,
CUST01000,Lakeside Hospital,Samantha Phillips,(309) 766-9194,(309) 766-9194,Samantha.Phillips129@lakeside.com,Atlanta,GA,South,South,2022-10-01,,,,,,,,,,,,
CUST01001,Heritage Long-Term Care Facility,Richard Ortiz,2017530796,(201) 753-0796,Richard.Ortiz441@heritage.com,Fargo,ND,North,North,2022-10-29,,,,,,,,,,,,
CUST01002,Hilltop Urgent Care Clinic,Gregory Harris,(043) 474-1253,(043) 474-1253,Gregory.Harris494@hilltop.com,Tampa,FL,South,South,2024-10-24,,,,,,,,,,,,
CUST01003,Union Health System,Emma Thompson,(773) 217-5036,(773) 217-5036,Emma.Thompson990@union.com,Sacramento,CA,Southeast,South,2011-01-04,,,,,,,,,,,,
CUST01004,Union Hospital,Cynthia Torres,733.703.4244,(733) 703-4244,Cynthia.Torres564@union.com,Billings,MT,North,North,2023-08-29,,,,,,,,,,,,
CUST01005,Eastview Pharmacy,Helen Martinez,(862) 351-0765,(862) 351-0765,Helen.Martinez806@eastview.com,Phoenix,AZ,Midwest,North,2020-07-27,,,,,,,,,,,,
CUST01006,Lakeside Community Clinic,John Cox,328.951.4563,(328) 951-4563,John.Cox834@lakeside.com,Albany,NY,East,East,2011-08-25,,,,,,,,,,,,
CUST01007,Mercy Health System,Debra Anderson,(115) 744-9653,(115) 744-9653,Debra.Anderson944@mercy.com,Fargo,ND,North,North,2018-12-08,,,,,,,,,,,,
CUST01008,Hilltop Pharmacy,Helen Cooper,930-454-1840,(930) 454-1840,Helen.Cooper154@hilltop.com,Sacramento,CA,Northeast,East,2013-12-30,,,,,,,,,,,,
CUST01009,Heritage Pharmacy,Alexander Williams,620 385 8864,(620) 385-8864,Alexander.Williams676@heritage.com,Milwaukee,WI,North,North,2019-12-23,,,,,,,,,,,,
CUST01010,Heritage Health System,Donald Baker,295 164 6933,(295) 164-6933,Donald.Baker739@heritage.com,Milwaukee,WI,North,North,2019-05-14,,,,,,,,,,,,
CUST01011,Northgate Hospital,Patrick Cox,(744) 088-0670,(744) 088-0670,Patrick.Cox572@northgate.com,Milwaukee,WI,North,North,2020-10-31,,,,,,,,,,,,
CUST01012,Beacon Pharmacy,Charles Roberts,199 184 3113,(199) 184-3113,Charles.Roberts388@beacon.com,Dallas,TX,South,South,2012-04-01,,,,,,,,,,,,
CUST01013,Union Pharmacy,Donna Collins,(052) 632-1196,(052) 632-1196,Donna.Collins818@union.com,Hartford,CT,East,East,2013-07-25,,,,,,,,,,,,
CUST01014,Riverside Hospital,Frank Moore,(707) 745-4470,(707) 745-4470,Frank.Moore941@riverside.com,Newark,NJ,East,East,2024-05-14,,,,,,,,,,,,
CUST01015,Cedar Hospital,Thomas Evans,1995394676,(199) 539-4676,Thomas.Evans185@cedar.com,Sacramento,CA,West,West,2015-07-27,,,,,,,,,,,,
CUST01016,Cornerstone Urgent Care Clinic,Cynthia Smith,(26) 184-0257,(026) 184-0257,Cynthia.Smith222@cornerstone.com,Sacramento,CA,West,West,2018-09-16,,,,,,,,,,,,
CUST01017,Grace Health System,Thomas Ortiz,(063) 066-3605,(063) 066-3605,Thomas.Ortiz909@grace.com,Fargo,ND,North,North,2024-05-18,,,,,,,,,,,,
CUST01018,Trinity Pharmacy,Donald Brown,910 390 9120,(910) 390-9120,Donald.Brown147@trinity.com,Albany,NY,East,East,2018-03-08,,,,,,,,,,,,
CUST01019,Riverside Hospital,Lisa Gomez,375 979 5319,(375) 979-5319,Lisa.Gomez43@riverside.com,Philadelphia,PA,East,East,2011-02-10,,,,,,,,,,,,
CUST01020,Heritage Health System,Andrew Bailey,757.454.4920,(757) 454-4920,Andrew.Bailey986@heritage.com,Sacramento,CA,West,West,2023-07-27,,,,,,,,,,,,
CUST01021,Westfield Urgent Care Clinic,Margaret Torres,(180) 818-9655,(180) 818-9655,Margaret.Torres908@westfield.com,Newark,NJ,East,East,2016-05-07,,,,,,,,,,,,
CUST01022,Union Long-Term Care Facility,Jason Carter,295 217 9705,(295) 217-9705,Jason.Carter13@union.com,Phoenix,AZ,West,West,2015-04-07,,,,,,,,,,,,
CUST01023,Trinity Long-Term Care Facility,Robert Taylor,4860704726,(486) 070-4726,Robert.Taylor202@trinity.com,Sioux Falls,SD,North,North,2017-12-04,,,,,,,,,,,,
CUST01024,Cedar Long-Term Care Facility,Kenneth Diaz,(153) 017-3167,(153) 017-3167,Kenneth.Diaz56@cedar.com,Hartford,CT,East,East,2017-10-12,,,,,,,,,,,,
CUST01025,Parkview Health System,Linda Carter,441.339.5479,(441) 339-5479,Linda.Carter992@parkview.com,Fargo,ND,North,North,2015-12-05,,,,,,,,,,,,
CUST01026,Mercy Community Clinic,Emma Morgan,579 057 1918,(579) 057-1918,Emma.Morgan408@mercy.com,Dallas,TX,South,South,2019-10-02,,,,,,,,,,,,
CUST01027,Westfield Community Clinic,Debra Bailey,561 833 5974,(561) 833-5974,Debra.Bailey472@westfield.com,Denver,CO,West,West,2018-11-18,,,,,,,,,,,,
CUST01028,Riverside Health System,Christopher Brown,377-184-3019,(377) 184-3019,Christopher.Brown618@riverside.com,Boston,MA,Northeast,East,2018-01-27,,,,,,,,,,,,
CUST01029,Hilltop Medical Center,Lisa Bailey,(297) 323-9644,(297) 323-9644,Lisa.Bailey944@hilltop.com,Atlanta,GA,South,South,2012-12-28,,,,,,,,,,,,
CUST01030,Southport Urgent Care Clinic,Raymond Lee,(769) 924-2773,(769) 924-2773,Raymond.Lee230@southport.com,Birmingham,AL,South,South,2021-12-31,,,,,,,,,,,,
CUST01031,Union Long-Term Care Facility,Daniel Gutierrez,209-140-1693,(209) 140-1693,Daniel.Gutierrez286@union.com,Dallas,TX,South,South,2016-07-31,,,,,,,,,,,,
CUST01032,Northgate Hospital,Paul Baker,998.290.7551,(998) 290-7551,Paul.Baker130@northgate.com,Boston,MA,East,East,2018-09-22,,,,,,,,,,,,
CUST01033,Parkview Pharmacy,Ashley Ramirez,991.383.1006,(991) 383-1006,Ashley.Ramirez690@parkview.com,Boston,MA,East,East,2013-06-21,,,,,,,,,,,,
CUST01034,Trinity Hospital,Catherine Morris,773.316.8066,(773) 316-8066,Catherine.Morris29@trinity.com,Atlanta,GA,South,South,2019-12-08,,,,,,,,,,,,
CUST01035,Northgate Pharmacy,Catherine Jones,(059) 529-8424,(059) 529-8424,Catherine.Jones656@northgate.com,Albany,NY,East,East,2020-08-10,,,,,,,,,,,,
CUST01036,Westfield Long-Term Care Facility,Deborah Reed,406-758-2676,(406) 758-2676,Deborah.Reed949@westfield.com,Milwaukee,WI,North,North,2010-01-20,,,,,,,,,,,,
CUST01037,Trinity Long-Term Care Facility,Cynthia Wright,(363) 856-4614,(363) 856-4614,Cynthia.Wright323@trinity.com,Dallas,TX,South,South,2023-05-07,,,,,,,,,,,,
CUST01038,Cornerstone Medical Center,Raymond Cook,(399) 798-4914,(399) 798-4914,Raymond.Cook438@cornerstone.com,Dallas,TX,South,South,2010-10-09,,,,,,,,,,,,
CUST01039,Beacon Health System,Steven Carter,(932) 664-3223,(932) 664-3223,Steven.Carter104@beacon.com,Philadelphia,PA,Southeast,South,2012-12-07,,,,,,,,,,,,
CUST01040,Valley Pharmacy,Jack Lee,4853400127,(485) 340-0127,Jack.Lee141@valley.com,Minneapolis,MN,North,North,2014-05-01,,,,,,,,,,,,
CUST01041,Cornerstone Long-Term Care Facility,Thomas Clark,256-787-1888,(256) 787-1888,Thomas.Clark462@cornerstone.com,Boston,MA,East,East,2021-10-17,,,,,,,,,,,,
CUST01042,Heritage Community Clinic,Samuel Mitchell,(841) 680-6134,(841) 680-6134,Samuel.Mitchell411@heritage.com,Sacramento,CA,West,West,2016-11-11,,,,,,,,,,,,
CUST01043,Cornerstone Medical Center,James Richardson,586-794-9638,(586) 794-9638,James.Richardson879@cornerstone.com,Boston,MA,Midwest,North,2019-12-23,,,,,,,,,,,,
CUST01044,Northgate Hospital,Carol Rivera,0926166201,(092) 616-6201,Nancy.Roberts863@summit.com,Sacramento,CA,Midwest,North,2017-02-23,,,,,,,,,,,,
CUST01045,Parkview Community Clinic,Laura Scott,8655575124,(865) 557-5124,Laura.Scott6@parkview.com,Portland,OR,West,West,2010-02-26,,,,,,,,,,,,
CUST01046,Grace Pharmacy,Carol Wilson,682.405.1665,(682) 405-1665,Carol.Wilson158@grace.com,Portland,OR,West,West,2013-12-05,,,,,,,,,,,,
CUST01047,Westfield Urgent Care Clinic,Edward Williams,(997) 402-3386,(997) 402-3386,Edward.Williams525@westfield.com,Albany,NY,East,East,2015-03-27,,,,,,,,,,,,
CUST01048,Union Long-Term Care Facility,Shirley Evans,703-630-9442,(703) 630-9442,Shirley.Evans63@union.com,Sacramento,CA,West,West,2013-11-21,,,,,,,,,,,,
CUST01049,Union Pharmacy,Laura Rodriguez,(830) 941-3490,(830) 941-3490,Laura.Rodriguez844@union.com,Billings,MT,North,North,2023-08-16,,,,,,,,,,,,
CUST01050,Beacon Medical Center,Paul Ortiz,(245) 284-1356,(245) 284-1356,Paul.Ortiz14@beacon.com,Denver,CO,West,West,2016-09-13,,,,,,,,,,,,
CUST01051,Lakeside Urgent Care Clinic,Frank Williams,674.809.5739,(674) 809-5739,Frank.Williams910@lakeside.com,Seattle,WA,West,West,2017-07-21,,,,,,,,,,,,
CUST01052,Heritage Health System,Anna Kim,602.944.2031,(602) 944-2031,Anna.Kim999@heritage.com,Milwaukee,WI,North,North,2013-02-20,,,,,,,,,,,,
CUST01053,Crossroads Urgent Care Clinic,Ryan Stewart,073 420 3197,(073) 420-3197,Ryan.Stewart293@crossroads.com,Hartford,CT,East,East,2021-12-11,,,,,,,,,,,,
CUST01054,Parkview Medical Center,Eric Taylor,(141) 864-8230,(141) 864-8230,Eric.Taylor860@parkview.com,Hartford,CT,East,East,2023-08-08,,,,,,,,,,,,
CUST01055,Crossroads Urgent Care Clinic,Samuel Campbell,419 623 3260,(419) 623-3260,Samuel.Campbell740@crossroads.com,Denver,CO,West,West,2022-04-22,,,,,,,,,,,,
CUST01056,Beacon Medical Center,Nicole Ramirez,748-317-3066,(748) 317-3066,Nicole.Ramirez673@beacon.com,Newark,NJ,East,East,2024-05-28,,,,,,,,,,,,
CUST01057,Cedar Community Clinic,Larry Flores,817.882.4265,(817) 882-4265,Larry.Flores425@cedar.com,Albany,NY,East,East,2023-12-21,,,,,,,,,,,,
CUST01058,Cornerstone Health System,Patricia Martin,(327) 237-1798,(327) 237-1798,Patricia.Martin906@cornerstone.com,Sioux Falls,SD,North,North,2013-11-03,,,,,,,,,,,,
CUST01059,Hilltop Hospital,Carol King,(654) 870-8477,(654) 870-8477,Carol.King73@hilltop.com,Minneapolis,MN,North,North,2024-01-25,,,,,,,,,,,,
CUST01060,Parkview Long-Term Care Facility,Shirley Rodriguez,3981889073,(398) 188-9073,Shirley.Rodriguez362@parkview.com,Phoenix,AZ,West,West,2023-01-30,,,,,,,,,,,,
CUST01061,Union Pharmacy,Stephen Rogers,458.962.6838,(458) 962-6838,Stephen.Rogers454@union.com,Denver,CO,Midwest,North,2019-03-22,,,,,,,,,,,,
CUST01062,Crossroads Hospital,Debra Cox,761 239 6121,(761) 239-6121,Debra.Cox29@crossroads.com,Milwaukee,WI,North,North,2024-03-05,,,,,,,,,,,,
CUST01063,Union Long-Term Care Facility,Christine Morales,(812) 988-6182,(812) 988-6182,Christine.Morales8@union.com,Billings,MT,North,North,2019-01-05,,,,,,,,,,,,
CUST01064,Beacon Medical Center,Mark Scott,237-298-2689,(237) 298-2689,Mark.Scott928@beacon.com,Minneapolis,MN,Midwest,North,2021-06-21,,,,,,,,,,,,
CUST01065,Trinity Community Clinic,Eric Lewis,0350675789,(035) 067-5789,Eric.Lewis998@trinity.com,Hartford,CT,East,East,2014-04-14,,,,,,,,,,,,
CUST01066,Mercy Urgent Care Clinic,Kenneth Cruz,731 231 5550,(731) 231-5550,Kenneth.Cruz693@mercy.com,Sacramento,CA,West,West,2010-09-26,,,,,,,,,,,,
CUST01067,Summit Urgent Care Clinic,Anthony Wilson,(938) 444-0458,(938) 444-0458,Anthony.Wilson996@summit.com,Billings,MT,North,North,2011-09-18,,,,,,,,,,,,
CUST01068,Cedar Urgent Care Clinic,Benjamin Gomez,123.503.6871,(123) 503-6871,Benjamin.Gomez839@cedar.com,Boston,MA,East,East,2021-12-22,,,,,,,,,,,,
CUST01069,Cedar Health System,Shirley Nguyen,7978023445,(797) 802-3445,Shirley.Nguyen270@cedar.com,Billings,MT,North,North,2019-03-30,,,,,,,,,,,,
CUST01070,Cornerstone Medical Center,Amy Ramirez,366.401.6329,(366) 401-6329,Amy.Ramirez777@cornerstone.com,Albany,NY,East,East,2021-03-08,,,,,,,,,,,,
CUST01071,Northgate Health System,Pamela Clark,7572927318,(757) 292-7318,Pamela.Clark728@northgate.com,Fargo,ND,North,North,2010-11-06,,,,,,,,,,,,
CUST01072,Cornerstone Hospital,Brian Allen,(423) 324-1651,(423) 324-1651,Brian.Allen551@cornerstone.com,Fargo,ND,North,North,2015-07-21,,,,,,,,,,,,
CUST01073,Trinity Health System,Benjamin Kelly,344 674 6215,(344) 674-6215,Benjamin.Kelly366@trinity.com,Sacramento,CA,West,West,2022-03-21,,,,,,,,,,,,
CUST01074,Cedar Urgent Care Clinic,Shirley Gonzalez,(916) 170-5022,(916) 170-5022,Shirley.Gonzalez415@cedar.com,Portland,OR,West,West,2022-08-30,,,,,,,,,,,,
CUST01075,Cedar Health System,Andrew Brown,4476094837,(447) 609-4837,Andrew.Brown754@cedar.com,Albany,NY,East,East,2012-11-18,,,,,,,,,,,,
CUST01076,Summit Health System,Lisa Anderson,330 265 0996,(330) 265-0996,Lisa.Anderson572@summit.com,Portland,OR,West,West,2014-03-26,,,,,,,,,,,,
CUST01077,Grace Medical Center,Daniel Jones,666.610.2563,(666) 610-2563,Daniel.Jones138@grace.com,Phoenix,AZ,West,West,2012-11-14,,,,,,,,,,,,
CUST01078,Southport Hospital,Jack Williams,(13) 768-3675,(013) 768-3675,Jack.Williams97@southport.com,Hartford,CT,East,East,2020-08-21,,,,,,,,,,,,
CUST01079,Parkview Long-Term Care Facility,Brian Rodriguez,446-144-0923,(446) 144-0923,Brian.Rodriguez469@parkview.com,Fargo,ND,North,North,2016-10-26,,,,,,,,,,,,
CUST01080,Grace Long-Term Care Facility,William Reed,260-186-3726,(260) 186-3726,William.Reed599@grace.com,Boston,MA,East,East,2018-01-01,,,,,,,,,,,,
CUST01081,Grace Community Clinic,Margaret Peterson,(227) 764-1490,(227) 764-1490,Margaret.Peterson332@grace.com,Philadelphia,PA,East,East,2010-01-21,,,,,,,,,,,,
CUST01082,Union Hospital,Sandra Kelly,(344) 486-7228,(344) 486-7228,Sandra.Kelly1@union.com,Albany,NY,East,East,2016-09-29,,,,,,,,,,,,
CUST01083,Southport Medical Center,Barbara Anderson,546.157.4932,(546) 157-4932,Barbara.Anderson267@southport.com,Dallas,TX,South,South,2023-03-13,,,,,,,,,,,,
CUST01084,Crossroads Medical Center,Angela Parker,3120409543,(312) 040-9543,Angela.Parker436@crossroads.com,Denver,CO,West,West,2012-02-16,,,,,,,,,,,,
CUST01085,Northgate Health System,David Adams,(800) 187-3143,(800) 187-3143,David.Adams95@northgate.com,Billings,MT,North,North,2011-06-16,,,,,,,,,,,,
CUST01086,Southport Urgent Care Clinic,Debra Phillips,(210) 781-8710,(210) 781-8710,Debra.Phillips647@southport.com,Phoenix,AZ,West,West,2021-10-06,,,,,,,,,,,,
CUST01087,Trinity Urgent Care Clinic,Elizabeth Mitchell,706 802 6933,(706) 802-6933,Elizabeth.Mitchell965@trinity.com,Newark,NJ,East,East,2015-11-27,,,,,,,,,,,,
CUST01088,Northgate Hospital,Andrew Gonzalez,302-865-5052,(302) 865-5052,Andrew.Gonzalez99@northgate.com,Sioux Falls,SD,Northeast,East,2016-06-27,,,,,,,,,,,,
CUST01089,Summit Long-Term Care Facility,Rebecca Diaz,(015) 145-9920,(015) 145-9920,Rebecca.Diaz915@summit.com,Sioux Falls,SD,North,North,2015-08-09,,,,,,,,,,,,
CUST01090,Crossroads Hospital,Deborah Carter,(240) 053-9222,(240) 053-9222,Deborah.Carter144@crossroads.com,Atlanta,GA,South,South,2024-09-09,,,,,,,,,,,,
CUST01091,Maple Pharmacy,Lisa Gutierrez,484.339.1332,(484) 339-1332,Lisa.Gutierrez388@maple.com,Minneapolis,MN,Northeast,East,2012-08-14,,,,,,,,,,,,
CUST01092,Northgate Long-Term Care Facility,Joshua Hill,4564523428,(456) 452-3428,Joshua.Hill625@northgate.com,Atlanta,GA,South,South,2019-12-06,,,,,,,,,,,,
CUST01093,Riverside Medical Center,Katherine Stewart,6634209536,(663) 420-9536,Katherine.Stewart641@riverside.com,Tampa,FL,South,South,2015-06-10,,,,,,,,,,,,
CUST01094,Cornerstone Urgent Care Clinic,William Wright,(356) 152-6655,(356) 152-6655,William.Wright500@cornerstone.com,Newark,NJ,East,East,2018-10-01,,,,,,,,,,,,
CUST01095,Mercy Hospital,Deborah Lee,641 475 3369,(641) 475-3369,Deborah.Lee296@mercy.com,New Orleans,LA,Southeast,South,2019-11-27,,,,,,,,,,,,
CUST01096,Eastview Long-Term Care Facility,Ashley Martin,353 896 2985,(353) 896-2985,Ashley.Martin297@eastview.com,Phoenix,AZ,West,West,2014-07-18,,,,,,,,,,,,
CUST01097,Grace Community Clinic,Paul Ramirez,157.127.6383,(157) 127-6383,Paul.Ramirez963@grace.com,Denver,CO,West,West,2024-10-15,,,,,,,,,,,,
CUST01098,Trinity Urgent Care Clinic,Nicole Walker,3906168249,(390) 616-8249,Nicole.Walker631@trinity.com,Hartford,CT,East,East,2023-08-25,,,,,,,,,,,,
CUST01099,Heritage Long-Term Care Facility,Angela Clark,(811) 683-7103,(811) 683-7103,Angela.Clark486@heritage.com,Sioux Falls,SD,Northeast,East,2012-12-07,,,,,,,,,,,,
CUST01100,Lakeside Medical Center,Stephanie Scott,014-896-7808,(014) 896-7808,Stephanie.Scott588@lakeside.com,Seattle,WA,West,West,2014-08-31,,,,,,,,,,,,
CUST01101,Summit Pharmacy,Nancy Roberts,394 762 5429,(394) 762-5429,Nancy.Roberts863@summit.com,Fargo,ND,North,North,2016-08-26,,,,,,,,,,,,
CUST01102,Grace Urgent Care Clinic,Debra Hernandez,(729) 940-3694,(729) 940-3694,Debra.Hernandez684@grace.com,Atlanta,GA,South,South,2012-06-18,,,,,,,,,,,,
CUST01103,Trinity Hospital,Scott Anderson,196-706-8335,(196) 706-8335,Scott.Anderson34@trinity.com,Portland,OR,West,West,2012-05-09,,,,,,,,,,,,
CUST01104,Maple Medical Center,Matthew Lewis,(901) 639-9490,(901) 639-9490,Matthew.Lewis238@maple.com,Tampa,FL,South,South,2016-02-08,,,,,,,,,,,,
CUST01105,Northgate Urgent Care Clinic,Linda Martinez,348 140 9841,(348) 140-9841,Linda.Martinez886@northgate.com,Phoenix,AZ,West,West,2019-09-27,,,,,,,,,,,,
CUST01106,Beacon Medical Center,Michelle Lee,(811) 604-9910,(811) 604-9910,Michelle.Lee916@beacon.com,Dallas,TX,Southeast,South,2010-11-13,,,,,,,,,,,,
CUST01107,Crossroads Hospital,Betty King,(680) 199-0342,(680) 199-0342,Betty.King514@crossroads.com,Phoenix,AZ,West,West,2017-05-20,,,,,,,,,,,,
CUST01108,Heritage Urgent Care Clinic,Richard Clark,(353) 160-7917,(353) 160-7917,Richard.Clark943@heritage.com,Newark,NJ,East,East,2022-03-11,,,,,,,,,,,,
CUST01109,Lakeside Medical Center,Joshua Reyes,117-132-1940,(117) 132-1940,Joshua.Reyes686@lakeside.com,Fargo,ND,North,North,2010-02-05,,,,,,,,,,,,
CUST01110,Crossroads Hospital,Shirley Mitchell,8745271936,(874) 527-1936,Shirley.Mitchell503@crossroads.com,Fargo,ND,Northeast,East,2018-07-15,,,,,,,,,,,,
CUST01111,Trinity Urgent Care Clinic,Ashley Martin,107-491-6194,(107) 491-6194,Ashley.Martin122@trinity.com,New Orleans,LA,Midwest,North,2017-10-24,,,,,,,,,,,,
CUST01112,Lakeside Urgent Care Clinic,Steven Hall,(350) 696-2616,(350) 696-2616,Steven.Hall346@lakeside.com,Milwaukee,WI,Southeast,South,2013-10-01,,,,,,,,,,,,
CUST01113,Valley Urgent Care Clinic,Brandon Scott,025 471 7989,(025) 471-7989,Brandon.Scott534@valley.com,Portland,OR,West,West,2021-10-16,,,,,,,,,,,,
CUST01114,Trinity Urgent Care Clinic,Brian Phillips,9930051956,(993) 005-1956,Brian.Phillips214@trinity.com,Denver,CO,West,West,2018-03-15,,,,,,,,,,,,
CUST01115,Crossroads Urgent Care Clinic,Patricia King,271.726.6256,(271) 726-6256,Patricia.King392@crossroads.com,Newark,NJ,East,East,2010-03-07,,,,,,,,,,,,
CUST01116,Riverside Medical Center,Shirley Cruz,413 068 6240,(413) 068-6240,Shirley.Cruz797@riverside.com,Minneapolis,MN,North,North,2012-04-20,,,,,,,,,,,,
CUST01117,Riverside Pharmacy,Matthew Cook,041-728-2076,(041) 728-2076,Matthew.Cook738@riverside.com,Phoenix,AZ,West,West,2012-06-30,,,,,,,,,,,,
CUST01118,Mercy Pharmacy,Carol Martin,8222824084,(822) 282-4084,Carol.Martin539@mercy.com,Atlanta,GA,South,South,2014-04-27,,,,,,,,,,,,
CUST01119,Beacon Urgent Care Clinic,Brian Brown,084-791-3511,(084) 791-3511,Brian.Brown846@beacon.com,Albany,NY,Northeast,East,2017-01-19,,,,,,,,,,,,
CUST01120,Union Hospital,Scott Reyes,(892) 064-1578,(892) 064-1578,Scott.Reyes537@union.com,Seattle,WA,West,West,2015-05-23,,,,,,,,,,,,
CUST01121,Summit Pharmacy,Richard King,(194) 534-1952,(194) 534-1952,Richard.King295@summit.com,Minneapolis,MN,Southeast,South,2020-07-13,,,,,,,,,,,,
CUST01122,Trinity Health System,Mark Hall,2802188930,(280) 218-8930,Mark.Hall510@trinity.com,Portland,OR,West,West,2022-07-18,,,,,,,,,,,,
CUST01123,Riverside Community Clinic,Mary Green,(121) 397-4369,(121) 397-4369,Mary.Green834@riverside.com,Birmingham,AL,South,South,2017-06-12,,,,,,,,,,,,
CUST01124,Union Health System,Laura Reed,(994) 084-2906,(994) 084-2906,Laura.Reed653@union.com,Boston,MA,East,East,2011-02-05,,,,,,,,,,,,
CUST01125,Westfield Community Clinic,Sandra Edwards,860-610-6567,(860) 610-6567,Sandra.Edwards775@westfield.com,Newark,NJ,East,East,2016-02-18,,,,,,,,,,,,
CUST01126,Parkview Urgent Care Clinic,Linda Moore,(276) 136-8149,(276) 136-8149,Linda.Moore367@parkview.com,Minneapolis,MN,North,North,2014-12-07,,,,,,,,,,,,
CUST01127,Riverside Community Clinic,Lisa Adams,6992964447,(699) 296-4447,Lisa.Adams822@riverside.com,Newark,NJ,East,East,2010-03-16,,,,,,,,,,,,
CUST01128,Westfield Health System,Thomas Flores,423 480 0417,(423) 480-0417,Thomas.Flores114@westfield.com,Atlanta,GA,South,South,2017-06-04,,,,,,,,,,,,
CUST01129,Southport Urgent Care Clinic,Mary Lee,5574906279,(557) 490-6279,Mary.Lee285@southport.com,Denver,CO,Midwest,North,2013-09-09,,,,,,,,,,,,
CUST01130,Parkview Urgent Care Clinic,Carol Morgan,(332) 959-4523,(332) 959-4523,Carol.Morgan944@parkview.com,Milwaukee,WI,North,North,2013-02-15,,,,,,,,,,,,
CUST01131,Grace Health System,Gary Nguyen,(296) 629-9172,(296) 629-9172,Gary.Nguyen975@grace.com,Dallas,TX,South,South,2013-07-09,,,,,,,,,,,,
CUST01132,Summit Health System,Helen Clark,6782153926,(678) 215-3926,Helen.Clark487@summit.com,Dallas,TX,South,South,2010-02-10,,,,,,,,,,,,
CUST01133,Southport Medical Center,Lisa Martin,(313) 928-0485,(313) 928-0485,Lisa.Martin47@southport.com,Tampa,FL,South,South,2019-05-18,,,,,,,,,,,,
CUST01134,Cornerstone Pharmacy,James Davis,(335) 937-9719,(335) 937-9719,James.Davis662@cornerstone.com,Minneapolis,MN,North,North,2010-06-27,,,,,,,,,,,,
CUST01135,Cornerstone Hospital,James Edwards,256.471.8559,(256) 471-8559,James.Edwards594@cornerstone.com,Boston,MA,Northeast,East,2023-12-11,,,,,,,,,,,,
CUST01136,Summit Long-Term Care Facility,Kevin Carter,532.316.7781,(532) 316-7781,Kevin.Carter297@summit.com,Dallas,TX,South,South,2019-11-23,,,,,,,,,,,,
CUST01137,Westfield Community Clinic,Sharon Diaz,1945391177,(194) 539-1177,Sharon.Diaz349@westfield.com,Birmingham,AL,Midwest,North,2011-04-24,,,,,,,,,,,,
CUST01138,Valley Urgent Care Clinic,Samantha Davis,928 157 8061,(928) 157-8061,Samantha.Davis160@valley.com,Phoenix,AZ,Northeast,East,2012-12-17,,,,,,,,,,,,
CUST01139,Cedar Hospital,Betty Morales,870-676-3532,(870) 676-3532,Betty.Morales127@cedar.com,Sioux Falls,SD,North,North,2022-02-03,,,,,,,,,,,,
CUST01140,Cornerstone Urgent Care Clinic,Karen Cox,684.856.3711,(684) 856-3711,Karen.Cox320@cornerstone.com,Dallas,TX,South,South,2014-04-27,,,,,,,,,,,,
CUST01141,Lakeside Pharmacy,Laura Hall,539.892.3132,(539) 892-3132,Laura.Hall614@lakeside.com,Milwaukee,WI,North,North,2024-10-10,,,,,,,,,,,,
CUST01142,Crossroads Community Clinic,Larry Martinez,278.417.8376,(278) 417-8376,Larry.Martinez904@crossroads.com,Phoenix,AZ,West,West,2017-08-24,,,,,,,,,,,,
CUST01143,Crossroads Hospital,Deborah Rodriguez,065-266-4267,(065) 266-4267,Deborah.Rodriguez825@crossroads.com,Dallas,TX,Southeast,South,2013-03-29,,,,,,,,,,,,
CUST01144,Valley Medical Center,Anna Cruz,337.565.6976,(337) 565-6976,Anna.Cruz524@valley.com,Philadelphia,PA,East,East,2016-08-01,,,,,,,,,,,,
CUST01145,Trinity Health System,Justin Taylor,9451046250,(945) 104-6250,Justin.Taylor994@trinity.com,Atlanta,GA,South,South,2022-09-23,,,,,,,,,,,,
CUST01146,Union Medical Center,Jack Green,120-627-6729,(120) 627-6729,Jack.Green720@union.com,Denver,CO,West,West,2010-06-28,,,,,,,,,,,,
CUST01147,Parkview Health System,Charles Sanchez,421-291-4650,(421) 291-4650,Charles.Sanchez300@parkview.com,Tampa,FL,South,South,2021-01-25,,,,,,,,,,,,
CUST01148,Heritage Medical Center,Anthony Robinson,(797) 251-8407,(797) 251-8407,Anthony.Robinson666@heritage.com,Fargo,ND,North,North,2023-09-15,,,,,,,,,,,,
CUST01149,Summit Health System,Ronald Morales,233 720 9451,(233) 720-9451,Ronald.Morales410@summit.com,Fargo,ND,North,North,2019-12-27,,,,,,,,,,,,
CUST01150,Grace Pharmacy,Patrick Gutierrez,(286) 301-1220,(286) 301-1220,Frank.Reyes584@northgate.com,Birmingham,AL,South,South,2021-04-16,,,,,,,,,,,,
CUST01151,Summit Urgent Care Clinic,Alexander Cooper,833-367-9608,(833) 367-9608,Alexander.Cooper620@summit.com,Portland,OR,West,West,2019-02-04,,,,,,,,,,,,
CUST01152,Cedar Medical Center,Larry Miller,494.692.0856,(494) 692-0856,Larry.Miller117@cedar.com,Birmingham,AL,Southeast,South,2014-03-19,,,,,,,,,,,,
CUST01153,Eastview Hospital,Brian Ortiz,3500115461,(350) 011-5461,Brian.Ortiz733@eastview.com,Albany,NY,East,East,2024-05-28,,,,,,,,,,,,
CUST01154,Heritage Pharmacy,William Hall,890-441-0404,(890) 441-0404,William.Hall416@heritage.com,Milwaukee,WI,North,North,2018-08-20,,,,,,,,,,,,
CUST01155,Union Health System,Nicholas Miller,381.483.7475,(381) 483-7475,Nicholas.Miller202@union.com,Milwaukee,WI,North,North,2010-12-11,,,,,,,,,,,,
CUST01156,Riverside Health System,Helen Jones,(564) 717-7840,(564) 717-7840,Helen.Jones159@riverside.com,Sioux Falls,SD,North,North,2020-05-17,,,,,,,,,,,,
CUST01157,Maple Long-Term Care Facility,Eric Diaz,8371611586,(837) 161-1586,Eric.Diaz116@maple.com,Denver,CO,West,West,2011-11-29,,,,,,,,,,,,
CUST01158,Cornerstone Health System,Kevin Morgan,(983) 326-1705,(983) 326-1705,Kevin.Morgan213@cornerstone.com,Phoenix,AZ,West,West,2018-05-30,,,,,,,,,,,,
CUST01159,Eastview Hospital,Christine Ramos,(657) 285-3533,(657) 285-3533,Christine.Ramos789@eastview.com,Hartford,CT,Southeast,South,2021-06-03,,,,,,,,,,,,
CUST01160,Westfield Hospital,Edward Diaz,217.758.0158,(217) 758-0158,Edward.Diaz562@westfield.com,Birmingham,AL,South,South,2020-11-16,,,,,,,,,,,,
CUST01161,Northgate Health System,Mark Allen,532 727 6698,(532) 727-6698,Mark.Allen325@northgate.com,Milwaukee,WI,Midwest,North,2011-07-25,,,,,,,,,,,,
CUST01162,Mercy Community Clinic,Jonathan Reed,(854) 613-0873,(854) 613-0873,Jonathan.Reed947@mercy.com,Milwaukee,WI,North,North,2020-08-01,,,,,,,,,,,,
CUST01163,Riverside Hospital,Thomas Morris,277.771.1842,(277) 771-1842,Thomas.Morris669@riverside.com,Seattle,WA,West,West,2021-04-21,,,,,,,,,,,,
CUST01164,Northgate Medical Center,Margaret Miller,1210242344,(121) 024-2344,Margaret.Miller358@northgate.com,Billings,MT,Southeast,South,2024-10-09,,,,,,,,,,,,
CUST01165,Parkview Medical Center,Rebecca Phillips,619.971.6596,(619) 971-6596,Rebecca.Phillips789@parkview.com,Sacramento,CA,West,West,2020-03-18,,,,,,,,,,,,
CUST01166,Westfield Medical Center,Christopher Torres,683-344-0095,(683) 344-0095,Christopher.Torres968@westfield.com,Billings,MT,North,North,2013-02-07,,,,,,,,,,,,
CUST01167,Grace Community Clinic,Mary Collins,932 219 1439,(932) 219-1439,Mary.Collins22@grace.com,Newark,NJ,East,East,2018-02-12,,,,,,,,,,,,
CUST01168,Westfield Community Clinic,Ronald Martin,(157) 911-5010,(157) 911-5010,Ronald.Martin430@westfield.com,Seattle,WA,West,West,2010-03-15,,,,,,,,,,,,
CUST01169,Crossroads Pharmacy,Kenneth Torres,893-475-9783,(893) 475-9783,Kenneth.Torres520@crossroads.com,Milwaukee,WI,North,North,2021-03-23,,,,,,,,,,,,
CUST01170,Northgate Community Clinic,Ashley Cook,9214967914,(921) 496-7914,Ashley.Cook947@northgate.com,Boston,MA,East,East,2019-04-08,,,,,,,,,,,,
CUST01171,Grace Community Clinic,Michelle Gomez,031-726-6528,(031) 726-6528,Michelle.Gomez552@grace.com,Newark,NJ,East,East,2017-06-21,,,,,,,,,,,,
CUST01172,Cornerstone Urgent Care Clinic,Debra Carter,400.020.8601,(400) 020-8601,Debra.Carter809@cornerstone.com,Birmingham,AL,South,South,2010-05-24,,,,,,,,,,,,
CUST01173,Cedar Urgent Care Clinic,Sharon Ramirez,432.716.3033,(432) 716-3033,Sharon.Ramirez391@cedar.com,Billings,MT,North,North,2023-06-03,,,,,,,,,,,,
CUST01174,Northgate Community Clinic,Eric Anderson,0090899318,(009) 089-9318,Eric.Anderson745@northgate.com,Minneapolis,MN,North,North,2010-01-30,,,,,,,,,,,,
CUST01175,Westfield Long-Term Care Facility,Jack Robinson,(354) 158-9290,(354) 158-9290,Jack.Robinson51@westfield.com,Milwaukee,WI,North,North,2015-11-21,,,,,,,,,,,,
CUST01176,Southport Community Clinic,Katherine Diaz,366 280 8122,(366) 280-8122,Katherine.Diaz533@southport.com,Phoenix,AZ,West,West,2011-07-02,,,,,,,,,,,,
CUST01177,Cornerstone Urgent Care Clinic,Frank Young,470-531-1058,(470) 531-1058,Frank.Young9@cornerstone.com,Boston,MA,East,East,2023-09-30,,,,,,,,,,,,
CUST01178,Hilltop Medical Center,Sandra Stewart,(842) 189-1426,(842) 189-1426,Sandra.Stewart418@hilltop.com,New Orleans,LA,South,South,2017-12-26,,,,,,,,,,,,
CUST01179,Riverside Community Clinic,Jason Walker,671-877-6288,(671) 877-6288,Jason.Walker443@riverside.com,Sioux Falls,SD,North,North,2022-03-21,,,,,,,,,,,,
CUST01180,Mercy Health System,Jeffrey Rogers,6276292266,(627) 629-2266,Jeffrey.Rogers851@mercy.com,Minneapolis,MN,North,North,2021-07-19,,,,,,,,,,,,
CUST01181,Cornerstone Pharmacy,Donna Howard,1652289890,(165) 228-9890,Donna.Howard598@cornerstone.com,Birmingham,AL,South,South,2015-06-05,,,,,,,,,,,,
CUST01182,Union Long-Term Care Facility,Patricia Peterson,977.726.5976,(977) 726-5976,Patricia.Peterson859@union.com,Milwaukee,WI,North,North,2014-03-20,,,,,,,,,,,,
CUST01183,Mercy Health System,William Moore,(417) 165-7893,(417) 165-7893,William.Moore605@mercy.com,Fargo,ND,Northeast,East,2017-11-27,,,,,,,,,,,,
CUST01184,Grace Long-Term Care Facility,Janet Cox,(711) 486-0050,(711) 486-0050,Janet.Cox189@grace.com,Albany,NY,East,East,2015-11-16,,,,,,,,,,,,
CUST01185,Beacon Urgent Care Clinic,Jessica Wilson,(875) 703-0293,(875) 703-0293,Jessica.Wilson749@beacon.com,New Orleans,LA,South,South,2013-05-13,,,,,,,,,,,,
CUST01186,Riverside Urgent Care Clinic,Christopher Robinson,074-290-6952,(074) 290-6952,Christopher.Robinson872@riverside.com,Billings,MT,North,North,2014-03-29,,,,,,,,,,,,
CUST01187,Beacon Medical Center,Stephanie Diaz,062-007-3024,(062) 007-3024,Stephanie.Diaz143@beacon.com,Dallas,TX,South,South,2015-10-28,,,,,,,,,,,,
CUST01188,Cornerstone Community Clinic,Frank Murphy,4057144695,(405) 714-4695,Frank.Murphy262@cornerstone.com,Portland,OR,West,West,2011-02-12,,,,,,,,,,,,
CUST01189,Grace Community Clinic,Jonathan Turner,(445) 345-1466,(445) 345-1466,Jonathan.Turner363@grace.com,Seattle,WA,West,West,2021-07-13,,,,,,,,,,,,
CUST01190,Eastview Hospital,Eric Green,358.626.7366,(358) 626-7366,Eric.Green247@eastview.com,Tampa,FL,South,South,2013-06-17,,,,,,,,,,,,
CUST01191,Parkview Pharmacy,Christine Allen,089 432 6983,(089) 432-6983,Christine.Allen308@parkview.com,Portland,OR,West,West,2015-06-21,,,,,,,,,,,,
CUST01192,Trinity Long-Term Care Facility,Nancy Johnson,4505092846,(450) 509-2846,Nancy.Johnson53@trinity.com,Hartford,CT,Northeast,East,2020-04-08,,,,,,,,,,,,
CUST01193,Eastview Hospital,Brian Smith,907 737 2954,(907) 737-2954,Rebecca.Sanchez146@northgate.com,New Orleans,LA,South,South,2022-08-11,,,,,,,,,,,,
CUST01194,Cedar Pharmacy,Richard Flores,(515) 020-4502,(515) 020-4502,Richard.Flores215@cedar.com,Seattle,WA,West,West,2017-09-14,,,,,,,,,,,,
CUST01195,Cedar Hospital,Gregory Rivera,337-953-1112,(337) 953-1112,Gregory.Rivera590@cedar.com,Birmingham,AL,South,South,2010-08-28,,,,,,,,,,,,
CUST01196,Valley Urgent Care Clinic,George Murphy,(742) 866-2510,(742) 866-2510,George.Murphy229@valley.com,Portland,OR,West,West,2021-11-08,,,,,,,,,,,,
CUST01197,Heritage Hospital,Amy Hill,(146) 091-9351,(146) 091-9351,Amy.Hill353@heritage.com,Philadelphia,PA,East,East,2018-01-07,,,,,,,,,,,,
CUST01198,Southport Urgent Care Clinic,Steven Roberts,6272816733,(627) 281-6733,Steven.Roberts98@southport.com,Sacramento,CA,West,West,2013-02-24,,,,,,,,,,,,
CUST01199,Cedar Long-Term Care Facility,Jessica Rogers,(626) 412-6084,(626) 412-6084,Jessica.Rogers803@cedar.com,Boston,MA,East,East,2024-09-09,,,,,,,,,,,,
CUST01200,Grace Medical Center,Scott Baker,(69) 319-6303,(069) 319-6303,Scott.Baker973@grace.com,Dallas,TX,South,South,2011-08-28,,,,,,,,,,,,
CUST01201,Hilltop Medical Center,Margaret Scott,599-822-6731,(599) 822-6731,Margaret.Scott801@hilltop.com,Fargo,ND,North,North,2015-02-21,,,,,,,,,,,,
CUST01202,Crossroads Long-Term Care Facility,Jennifer Jackson,142.025.9364,(142) 025-9364,Jennifer.Jackson567@crossroads.com,Fargo,ND,North,North,2013-12-10,,,,,,,,,,,,
CUST01203,Southport Long-Term Care Facility,Janet Nelson,(755) 767-2991,(755) 767-2991,Janet.Nelson300@southport.com,Milwaukee,WI,North,North,2023-03-31,,,,,,,,,,,,
CUST01204,Westfield Pharmacy,Christine Lee,834 369 5310,(834) 369-5310,Christine.Lee681@westfield.com,Newark,NJ,East,East,2023-02-16,,,,,,,,,,,,
CUST01205,Hilltop Medical Center,Margaret Lee,6291792651,(629) 179-2651,Margaret.Lee522@hilltop.com,Minneapolis,MN,North,North,2012-07-02,,,,,,,,,,,,
CUST01206,Trinity Long-Term Care Facility,Larry Martinez,8739221983,(873) 922-1983,Larry.Martinez806@trinity.com,New Orleans,LA,Northeast,East,2017-03-24,,,,,,,,,,,,
CUST01207,Northgate Medical Center,Donna Hall,105 298 7707,(105) 298-7707,Donna.Hall871@northgate.com,Phoenix,AZ,West,West,2023-05-06,,,,,,,,,,,,
CUST01208,Beacon Community Clinic,Eric Young,044 500 2026,(044) 500-2026,Eric.Young574@beacon.com,Fargo,ND,North,North,2021-02-01,,,,,,,,,,,,
CUST01209,Beacon Health System,Donald Miller,(450) 295-8676,(450) 295-8676,Donald.Miller279@beacon.com,Milwaukee,WI,North,North,2010-03-11,,,,,,,,,,,,
CUST01210,Northgate Health System,Jennifer Martinez,(754) 182-3688,(754) 182-3688,Jennifer.Martinez910@northgate.com,Boston,MA,East,East,2015-06-19,,,,,,,,,,,,
CUST01211,Heritage Long-Term Care Facility,Christopher Martin,051.334.6018,(051) 334-6018,Christopher.Martin3@heritage.com,Birmingham,AL,South,South,2012-03-18,,,,,,,,,,,,
CUST01212,Heritage Hospital,Mary Walker,2083168163,(208) 316-8163,Mary.Walker551@heritage.com,Tampa,FL,South,South,2022-09-06,,,,,,,,,,,,
CUST01213,Cedar Community Clinic,Jennifer Williams,(907) 894-7672,(907) 894-7672,Jennifer.Williams363@cedar.com,Seattle,WA,West,West,2012-11-26,,,,,,,,,,,,
CUST01214,Eastview Pharmacy,Carol Wilson,(71) 634-8508,(071) 634-8508,Carol.Wilson185@eastview.com,Minneapolis,MN,North,North,2014-11-11,,,,,,,,,,,,
CUST01215,Riverside Medical Center,Charles Ward,9194454569,(919) 445-4569,Charles.Ward405@riverside.com,Albany,NY,East,East,2017-09-20,,,,,,,,,,,,
CUST01216,Grace Urgent Care Clinic,Edward Walker,671-377-1886,(671) 377-1886,Edward.Walker599@grace.com,Billings,MT,North,North,2017-12-13,,,,,,,,,,,,
CUST01217,Maple Medical Center,Betty Cooper,(678) 305-5737,(678) 305-5737,Betty.Cooper867@maple.com,Birmingham,AL,South,South,2021-10-08,,,,,,,,,,,,
CUST01218,Westfield Medical Center,Anthony Ramirez,3461446627,(346) 144-6627,Anthony.Ramirez1@westfield.com,Milwaukee,WI,North,North,2016-08-28,,,,,,,,,,,,
CUST01219,Maple Community Clinic,Ronald Morgan,(142) 152-4831,(142) 152-4831,Ronald.Morgan755@maple.com,Sioux Falls,SD,North,North,2019-06-15,,,,,,,,,,,,
CUST01220,Trinity Hospital,Timothy Peterson,656-896-9870,(656) 896-9870,Timothy.Peterson573@trinity.com,Boston,MA,Southeast,South,2015-03-11,,,,,,,,,,,,
CUST01221,Riverside Pharmacy,Gregory Perez,(936) 315-9229,(936) 315-9229,Gregory.Perez495@riverside.com,Hartford,CT,East,East,2011-04-18,,,,,,,,,,,,
CUST01222,Union Medical Center,Christopher Scott,(62) 911-8722,(062) 911-8722,Christopher.Scott492@union.com,Tampa,FL,Southeast,South,2012-10-13,,,,,,,,,,,,
CUST01223,Northgate Health System,Steven Kelly,796 075 7898,(796) 075-7898,Steven.Kelly489@northgate.com,Minneapolis,MN,North,North,2016-05-22,,,,,,,,,,,,
CUST01224,Beacon Health System,Sharon Rivera,522.171.1486,(522) 171-1486,Sharon.Rivera530@beacon.com,Denver,CO,West,West,2012-02-17,,,,,,,,,,,,
CUST01225,Beacon Health System,Kathleen Campbell,(735) 631-6312,(735) 631-6312,Kathleen.Campbell853@beacon.com,Minneapolis,MN,North,North,2017-11-26,,,,,,,,,,,,
CUST01226,Valley Medical Center,Anna Ramos,496-378-8119,(496) 378-8119,Anna.Ramos664@valley.com,Sacramento,CA,West,West,2023-01-10,,,,,,,,,,,,
CUST01227,Lakeside Health System,Rachel Perez,201-307-1675,(201) 307-1675,Rachel.Perez118@lakeside.com,Denver,CO,West,West,2018-09-22,,,,,,,,,,,,
CUST01228,Northgate Hospital,Alexander Cox,317.985.4900,(317) 985-4900,Alexander.Cox855@northgate.com,Sacramento,CA,West,West,2011-04-07,,,,,,,,,,,,
CUST01229,Hilltop Hospital,Stephen Thomas,(458) 583-5639,(458) 583-5639,Stephen.Thomas157@hilltop.com,New Orleans,LA,South,South,2020-10-22,,,,,,,,,,,,
CUST01230,Eastview Long-Term Care Facility,William Allen,(255) 174-1925,(255) 174-1925,William.Allen853@eastview.com,New Orleans,LA,South,South,2021-01-26,,,,,,,,,,,,
CUST01231,Trinity Long-Term Care Facility,Melissa King,236.018.6399,(236) 018-6399,Melissa.King101@trinity.com,Dallas,TX,South,South,2014-08-31,,,,,,,,,,,,
CUST01232,Heritage Community Clinic,Gregory Baker,(563) 093-0796,(563) 093-0796,Gregory.Baker794@heritage.com,Philadelphia,PA,East,East,2023-12-12,,,,,,,,,,,,
CUST01233,Cornerstone Pharmacy,Susan Collins,987 240 8992,(987) 240-8992,Susan.Collins496@cornerstone.com,Portland,OR,West,West,2024-04-07,,,,,,,,,,,,
CUST01234,Northgate Long-Term Care Facility,Amy Moore,(811) 339-7367,(811) 339-7367,Amy.Moore124@northgate.com,Albany,NY,East,East,2020-09-27,,,,,,,,,,,,
CUST01235,Southport Community Clinic,Jason Young,(242) 224-1983,(242) 224-1983,Jason.Young190@southport.com,Albany,NY,East,East,2015-04-07,,,,,,,,,,,,
CUST01236,Union Medical Center,Alexander Scott,144-424-8420,(144) 424-8420,Alexander.Scott251@union.com,Albany,NY,Midwest,North,2018-04-02,,,,,,,,,,,,
CUST01237,Beacon Pharmacy,Andrew Wilson,(118) 615-6409,(118) 615-6409,Andrew.Wilson317@beacon.com,Boston,MA,East,East,2021-02-06,,,,,,,,,,,,
CUST01238,Northgate Urgent Care Clinic,Elizabeth Martinez,5424519082,(542) 451-9082,Elizabeth.Martinez28@northgate.com,Milwaukee,WI,North,North,2024-06-03,,,,,,,,,,,,
CUST01239,Union Hospital,Justin Diaz,2992023766,(299) 202-3766,Justin.Diaz615@union.com,Portland,OR,West,West,2013-11-20,,,,,,,,,,,,
CUST01240,Valley Long-Term Care Facility,Sandra Flores,(619) 411-8390,(619) 411-8390,Sandra.Flores130@valley.com,Newark,NJ,East,East,2016-04-16,,,,,,,,,,,,
CUST01241,Summit Community Clinic,Sandra Walker,(283) 463-3488,(283) 463-3488,Sandra.Walker264@summit.com,Albany,NY,East,East,2014-09-06,,,,,,,,,,,,
CUST01242,Mercy Medical Center,Pamela Thompson,940 865 4243,(940) 865-4243,Pamela.Thompson393@mercy.com,Billings,MT,North,North,2023-11-29,,,,,,,,,,,,
CUST01243,Heritage Hospital,Paul Morris,(350) 952-8895,(350) 952-8895,Paul.Morris864@heritage.com,Philadelphia,PA,Southeast,South,2024-03-01,,,,,,,,,,,,
CUST01244,Riverside Long-Term Care Facility,Jennifer King,964.535.9176,(964) 535-9176,Jennifer.King469@riverside.com,New Orleans,LA,South,South,2012-10-17,,,,,,,,,,,,
CUST01245,Heritage Long-Term Care Facility,Catherine Ward,954 288 7344,(954) 288-7344,Catherine.Ward661@heritage.com,Dallas,TX,Midwest,North,2019-01-06,,,,,,,,,,,,
CUST01246,Grace Community Clinic,Justin Miller,8994706170,(899) 470-6170,Justin.Miller88@grace.com,Phoenix,AZ,West,West,2015-11-07,,,,,,,,,,,,
CUST01247,Parkview Health System,Carol Smith,847 156 7566,(847) 156-7566,Carol.Smith669@parkview.com,Minneapolis,MN,Northeast,East,2017-08-06,,,,,,,,,,,,
CUST01248,Heritage Pharmacy,Katherine Parker,(674) 492-3435,(674) 492-3435,Katherine.Parker590@heritage.com,Sacramento,CA,West,West,2021-08-07,,,,,,,,,,,,
CUST01249,Riverside Urgent Care Clinic,Janet King,056-693-7540,(056) 693-7540,Janet.King923@riverside.com,Philadelphia,PA,East,East,2013-12-28,,,,,,,,,,,,
CUST01250,Heritage Long-Term Care Facility,Rachel Walker,(892) 571-4025,(892) 571-4025,Rachel.Walker552@heritage.com,Sacramento,CA,West,West,2017-04-05,,,,,,,,,,,,
CUST01251,Hilltop Long-Term Care Facility,Michael Roberts,(481) 638-4936,(481) 638-4936,Michael.Roberts201@hilltop.com,Seattle,WA,West,West,2017-03-31,,,,,,,,,,,,
CUST01252,Mercy Health System,Brandon Clark,(101) 278-9695,(101) 278-9695,Brandon.Clark2@mercy.com,Dallas,TX,South,South,2016-08-05,,,,,,,,,,,,
CUST01253,Crossroads Community Clinic,Charles Miller,7758670365,(775) 867-0365,Charles.Miller969@crossroads.com,Newark,NJ,East,East,2014-05-11,,,,,,,,,,,,
CUST01254,Trinity Community Clinic,Jonathan Martinez,(439) 468-9633,(439) 468-9633,Jonathan.Martinez691@trinity.com,Tampa,FL,South,South,2013-05-18,,,,,,,,,,,,
CUST01255,Southport Hospital,Kathleen Diaz,1707317445,(170) 731-7445,Kathleen.Diaz178@southport.com,Boston,MA,East,East,2019-04-11,,,,,,,,,,,,
CUST01256,Grace Hospital,Brandon Wright,508.989.7747,(508) 989-7747,Brandon.Wright701@grace.com,Birmingham,AL,South,South,2016-06-07,,,,,,,,,,,,
CUST01257,Southport Community Clinic,Kathleen Turner,2953774037,(295) 377-4037,Kathleen.Turner571@southport.com,Hartford,CT,East,East,2020-08-29,,,,,,,,,,,,
CUST01258,Riverside Urgent Care Clinic,Elizabeth Green,(675) 149-7534,(675) 149-7534,Elizabeth.Green773@riverside.com,Newark,NJ,Southeast,South,2020-07-26,,,,,,,,,,,,
CUST01259,Northgate Long-Term Care Facility,Nicholas Martin,000 940 6565,(000) 940-6565,Nicholas.Martin248@northgate.com,Dallas,TX,South,South,2016-07-07,,,,,,,,,,,,
CUST01260,Eastview Community Clinic,Benjamin Johnson,(565) 352-3266,(565) 352-3266,Benjamin.Johnson883@eastview.com,Newark,NJ,East,East,2010-10-29,,,,,,,,,,,,
CUST01261,Parkview Urgent Care Clinic,Scott Cook,103 495 6119,(103) 495-6119,Scott.Cook582@parkview.com,Billings,MT,North,North,2023-04-09,,,,,,,,,,,,
CUST01262,Grace Community Clinic,Cynthia Diaz,5837466144,(583) 746-6144,Cynthia.Diaz946@grace.com,Albany,NY,Northeast,East,2012-02-01,,,,,,,,,,,,
CUST01263,Trinity Health System,Sarah Mitchell,796 668 2905,(796) 668-2905,Eric.Murphy784@lakeside.com,Sacramento,CA,West,West,2017-09-11,,,,,,,,,,,,
CUST01264,Cornerstone Health System,Edward Torres,9142330292,(914) 233-0292,Edward.Torres876@cornerstone.com,Albany,NY,East,East,2010-05-23,,,,,,,,,,,,
CUST01265,Eastview Urgent Care Clinic,Stephanie Carter,(622) 140-5131,(622) 140-5131,Stephanie.Carter34@eastview.com,Seattle,WA,West,West,2016-11-30,,,,,,,,,,,,
CUST01266,Westfield Medical Center,Thomas Smith,914.785.2474,(914) 785-2474,Thomas.Smith193@westfield.com,Seattle,WA,West,West,2017-05-05,,,,,,,,,,,,
CUST01267,Eastview Health System,Angela Morris,238.735.1866,(238) 735-1866,Angela.Morris310@eastview.com,Albany,NY,Midwest,North,2012-02-22,,,,,,,,,,,,
CUST01268,Cedar Hospital,David Hall,(302) 585-3465,(302) 585-3465,David.Hall216@cedar.com,Tampa,FL,Midwest,North,2023-12-14,,,,,,,,,,,,
CUST01269,Heritage Health System,Raymond Martinez,789.559.9098,(789) 559-9098,Raymond.Martinez939@heritage.com,Newark,NJ,East,East,2013-10-31,,,,,,,,,,,,
CUST01270,Grace Health System,Mark Flores,(167) 592-3831,(167) 592-3831,Mark.Flores546@grace.com,Philadelphia,PA,East,East,2022-10-30,,,,,,,,,,,,
CUST01271,Heritage Pharmacy,Susan Cox,814-634-2924,(814) 634-2924,Susan.Cox898@heritage.com,Minneapolis,MN,North,North,2018-04-19,,,,,,,,,,,,
CUST01272,Parkview Health System,Donna Phillips,(121) 852-7341,(121) 852-7341,Donna.Phillips91@parkview.com,Dallas,TX,South,South,2014-05-30,,,,,,,,,,,,
CUST01273,Cedar Hospital,Jeffrey Morgan,0153030440,(015) 303-0440,Jeffrey.Morgan91@cedar.com,Philadelphia,PA,East,East,2012-03-28,,,,,,,,,,,,
CUST01274,Beacon Pharmacy,Pamela White,(455) 766-3454,(455) 766-3454,Pamela.White612@beacon.com,Portland,OR,West,West,2023-04-04,,,,,,,,,,,,
CUST01275,Summit Pharmacy,Sharon Wilson,(945) 206-4191,(945) 206-4191,Sharon.Wilson940@summit.com,Denver,CO,West,West,2018-07-30,,,,,,,,,,,,
CUST01276,Grace Community Clinic,Thomas Martin,(822) 421-6826,(822) 421-6826,Thomas.Martin704@grace.com,Minneapolis,MN,Midwest,North,2011-11-17,,,,,,,,,,,,
CUST01277,Hilltop Community Clinic,Raymond Lopez,(699) 620-8347,(699) 620-8347,Raymond.Lopez764@hilltop.com,Boston,MA,East,East,2010-02-01,,,,,,,,,,,,
CUST01278,Mercy Pharmacy,Jennifer Reyes,(572) 287-0322,(572) 287-0322,Jennifer.Reyes935@mercy.com,Atlanta,GA,South,South,2015-12-30,,,,,,,,,,,,
CUST01279,Union Health System,Janet Garcia,387-129-5145,(387) 129-5145,Janet.Garcia340@union.com,Seattle,WA,West,West,2021-06-24,,,,,,,,,,,,
CUST01280,Riverside Long-Term Care Facility,Joshua Morris,604.802.2406,(604) 802-2406,Joshua.Morris270@riverside.com,New Orleans,LA,South,South,2020-02-13,,,,,,,,,,,,
CUST01281,Grace Long-Term Care Facility,John Gonzalez,041-898-5664,(041) 898-5664,John.Gonzalez923@grace.com,Albany,NY,East,East,2018-09-22,,,,,,,,,,,,
CUST01282,Mercy Urgent Care Clinic,Donald Martinez,(878) 887-6569,(878) 887-6569,Donald.Martinez211@mercy.com,Seattle,WA,West,West,2018-09-25,,,,,,,,,,,,
CUST01283,Lakeside Community Clinic,Nicole Scott,2901138604,(290) 113-8604,Nicole.Scott682@lakeside.com,Seattle,WA,West,West,2020-01-12,,,,,,,,,,,,
CUST01284,Cornerstone Pharmacy,Larry Nguyen,351 489 5382,(351) 489-5382,Larry.Nguyen316@cornerstone.com,Milwaukee,WI,North,North,2011-08-25,,,,,,,,,,,,
CUST01285,Maple Health System,Jack Evans,(053) 472-8395,(053) 472-8395,Jack.Evans486@maple.com,Boston,MA,East,East,2014-10-28,,,,,,,,,,,,
CUST01286,Lakeside Community Clinic,Timothy Martin,670.848.8686,(670) 848-8686,Timothy.Martin608@lakeside.com,Newark,NJ,East,East,2013-09-28,,,,,,,,,,,,
CUST01287,Heritage Urgent Care Clinic,Laura Rogers,(280) 183-2353,(280) 183-2353,Laura.Rogers527@heritage.com,Atlanta,GA,South,South,2017-09-09,,,,,,,,,,,,
CUST01288,Heritage Medical Center,Paul Scott,6780964583,(678) 096-4583,Paul.Scott589@heritage.com,Boston,MA,East,East,2017-04-20,,,,,,,,,,,,
CUST01289,Cornerstone Long-Term Care Facility,Carolyn Richardson,(353) 175-5592,(353) 175-5592,Carolyn.Richardson501@cornerstone.com,Portland,OR,West,West,2016-02-28,,,,,,,,,,,,
CUST01290,Parkview Health System,Samantha Murphy,(148) 626-7511,(148) 626-7511,Samantha.Murphy435@parkview.com,Albany,NY,East,East,2015-10-08,,,,,,,,,,,,
CUST01291,Southport Urgent Care Clinic,Edward Walker,(515) 641-9678,(515) 641-9678,Edward.Walker958@southport.com,Hartford,CT,East,East,2010-03-07,,,,,,,,,,,,
CUST01292,Lakeside Long-Term Care Facility,Katherine Martin,201 630 1597,(201) 630-1597,Katherine.Martin177@lakeside.com,Tampa,FL,South,South,2016-04-19,,,,,,,,,,,,
CUST01293,Summit Hospital,Eric Allen,349 276 6809,(349) 276-6809,Eric.Allen447@summit.com,Hartford,CT,East,East,2024-09-08,,,,,,,,,,,,
CUST01294,Lakeside Community Clinic,Maria Walker,4033480153,(403) 348-0153,Maria.Walker384@lakeside.com,Billings,MT,North,North,2021-10-27,,,,,,,,,,,,
CUST01295,Grace Medical Center,Brandon Parker,(544) 605-3926,(544) 605-3926,Brandon.Parker497@grace.com,Sacramento,CA,West,West,2015-12-30,,,,,,,,,,,,
CUST01296,Grace Community Clinic,Anna Hall,536 499 1192,(536) 499-1192,Anna.Hall419@grace.com,Birmingham,AL,South,South,2019-12-20,,,,,,,,,,,,
CUST01297,Summit Community Clinic,Stephen Moore,155.383.0775,(155) 383-0775,Stephen.Moore92@summit.com,Albany,NY,East,East,2013-07-24,,,,,,,,,,,,
CUST01298,Valley Medical Center,Brandon Williams,(956) 784-4607,(956) 784-4607,Brandon.Williams852@valley.com,Portland,OR,West,West,2020-10-11,,,,,,,,,,,,
CUST01299,Union Long-Term Care Facility,Frank Scott,(198) 177-5512,(198) 177-5512,Frank.Scott307@union.com,Billings,MT,North,North,2012-02-26,,,,,,,,,,,,
CUST01300,Westfield Long-Term Care Facility,Emma Stewart,164 982 8385,(164) 982-8385,Emma.Stewart279@westfield.com,Tampa,FL,South,South,2019-11-14,,,,,,,,,,,,
CUST01301,Trinity Medical Center,Michelle Lewis,907 055 4943,(907) 055-4943,Michelle.Lewis785@trinity.com,Boston,MA,East,East,2019-09-09,,,,,,,,,,,,
CUST01302,Hilltop Health System,Alexander Walker,6922094907,(692) 209-4907,Alexander.Walker306@hilltop.com,Sacramento,CA,West,West,2012-07-11,,,,,,,,,,,,
CUST01303,Northgate Urgent Care Clinic,Brandon King,100.115.4773,(100) 115-4773,Brandon.King247@northgate.com,Hartford,CT,East,East,2024-11-16,,,,,,,,,,,,
CUST01304,Eastview Pharmacy,Catherine Morales,578 564 1354,(578) 564-1354,Catherine.Morales317@eastview.com,Seattle,WA,West,West,2012-02-20,,,,,,,,,,,,
CUST01305,Heritage Medical Center,Frank Howard,(952) 328-5558,(952) 328-5558,Frank.Howard805@heritage.com,Philadelphia,PA,East,East,2017-09-19,,,,,,,,,,,,
CUST01306,Beacon Medical Center,Nancy Walker,8166028413,(816) 602-8413,Nancy.Walker219@beacon.com,Boston,MA,East,East,2024-09-11,,,,,,,,,,,,
CUST01307,Westfield Long-Term Care Facility,Patrick Young,7146971479,(714) 697-1479,Patrick.Young998@westfield.com,Sacramento,CA,West,West,2016-07-10,,,,,,,,,,,,
CUST01308,Heritage Pharmacy,Matthew Cox,(083) 745-6017,(083) 745-6017,Matthew.Cox845@heritage.com,Philadelphia,PA,East,East,2018-09-16,,,,,,,,,,,,
CUST01309,Riverside Pharmacy,Gary Cooper,(001) 706-7949,(001) 706-7949,Gary.Cooper443@riverside.com,Sioux Falls,SD,North,North,2023-05-26,,,,,,,,,,,,
CUST01310,Crossroads Hospital,Frank Young,6215938967,(621) 593-8967,Frank.Young362@crossroads.com,Philadelphia,PA,East,East,2014-06-10,,,,,,,,,,,,
CUST01311,Trinity Long-Term Care Facility,Jonathan Ramirez,(589) 607-0722,(589) 607-0722,Jonathan.Ramirez277@trinity.com,Seattle,WA,West,West,2011-12-01,,,,,,,,,,,,
CUST01312,Southport Hospital,Katherine Flores,9014309742,(901) 430-9742,Katherine.Flores999@southport.com,Albany,NY,East,East,2023-10-13,,,,,,,,,,,,
CUST01313,Trinity Hospital,Frank Robinson,9671480300,(967) 148-0300,Frank.Robinson824@trinity.com,Seattle,WA,West,West,2018-03-03,,,,,,,,,,,,
CUST01314,Trinity Long-Term Care Facility,Raymond Rodriguez,608.252.6379,(608) 252-6379,Raymond.Rodriguez145@trinity.com,Hartford,CT,East,East,2021-05-12,,,,,,,,,,,,
CUST01315,Crossroads Long-Term Care Facility,Timothy Hernandez,112-232-1425,(112) 232-1425,Timothy.Hernandez946@crossroads.com,Phoenix,AZ,West,West,2012-06-05,,,,,,,,,,,,
CUST01316,Hilltop Health System,Rachel Green,465.744.6532,(465) 744-6532,Daniel.Lewis287@valley.com,Tampa,FL,South,South,2016-06-04,,,,,,,,,,,,
CUST01317,Maple Pharmacy,Anthony Peterson,(513) 673-8052,(513) 673-8052,Anthony.Peterson846@maple.com,Billings,MT,North,North,2024-07-14,,,,,,,,,,,,
CUST01318,Heritage Community Clinic,Sarah Perez,684 184 7146,(684) 184-7146,Sarah.Perez29@heritage.com,Billings,MT,North,North,2011-09-03,,,,,,,,,,,,
CUST01319,Crossroads Urgent Care Clinic,Betty Smith,(401) 127-2836,(401) 127-2836,Betty.Smith521@crossroads.com,Atlanta,GA,South,South,2020-10-20,,,,,,,,,,,,
CUST01320,Grace Long-Term Care Facility,Charles Cox,0906761837,(090) 676-1837,Charles.Cox383@grace.com,Boston,MA,East,East,2010-01-22,,,,,,,,,,,,
CUST01321,Trinity Medical Center,Michael Hill,(217) 204-8886,(217) 204-8886,Michael.Hill106@trinity.com,Sacramento,CA,West,West,2021-03-28,,,,,,,,,,,,
CUST01322,Cornerstone Medical Center,Nicole Ward,(264) 564-9674,(264) 564-9674,Nicole.Ward86@cornerstone.com,Dallas,TX,South,South,2019-01-01,,,,,,,,,,,,
CUST01323,Union Pharmacy,Gregory Anderson,649.097.0342,(649) 097-0342,Gregory.Anderson723@union.com,New Orleans,LA,South,South,2023-05-16,,,,,,,,,,,,
CUST01324,Lakeside Medical Center,Kathleen Scott,(891) 368-2967,(891) 368-2967,Kathleen.Scott180@lakeside.com,Billings,MT,Southeast,South,2012-08-23,,,,,,,,,,,,
CUST01325,Southport Urgent Care Clinic,Jack Brown,(625) 260-2216,(625) 260-2216,Jack.Brown564@southport.com,Billings,MT,North,North,2021-06-10,,,,,,,,,,,,
CUST01326,Mercy Medical Center,Jason Campbell,(335) 838-4391,(335) 838-4391,Jason.Campbell460@mercy.com,Hartford,CT,Midwest,North,2015-05-15,,,,,,,,,,,,
CUST01327,Union Long-Term Care Facility,Barbara Martin,(469) 351-0214,(469) 351-0214,Barbara.Martin933@union.com,Sioux Falls,SD,North,North,2022-03-07,,,,,,,,,,,,
CUST01328,Northgate Hospital,Angela Murphy,(897) 990-3597,(897) 990-3597,Angela.Murphy84@northgate.com,Billings,MT,North,North,2020-11-24,,,,,,,,,,,,
CUST01329,Riverside Community Clinic,Barbara Gomez,870.941.2460,(870) 941-2460,Barbara.Gomez260@riverside.com,Dallas,TX,South,South,2022-02-17,,,,,,,,,,,,
CUST01330,Southport Long-Term Care Facility,Mary Roberts,(684) 187-6776,(684) 187-6776,Mary.Roberts287@southport.com,Newark,NJ,East,East,2015-01-13,,,,,,,,,,,,
CUST01331,Union Urgent Care Clinic,Angela King,730.332.4967,(730) 332-4967,Angela.King890@union.com,Seattle,WA,West,West,2017-08-19,,,,,,,,,,,,
CUST01332,Riverside Pharmacy,Robert Baker,8094731815,(809) 473-1815,Robert.Baker866@riverside.com,Hartford,CT,East,East,2016-06-29,,,,,,,,,,,,
CUST01333,Hilltop Hospital,Emma Stewart,9594761110,(959) 476-1110,Emma.Stewart402@hilltop.com,Sioux Falls,SD,North,North,2016-11-17,,,,,,,,,,,,
CUST01334,Mercy Medical Center,Nicholas Baker,728.972.2693,(728) 972-2693,Nicholas.Baker275@mercy.com,Philadelphia,PA,East,East,2010-07-22,,,,,,,,,,,,
CUST01335,Northgate Long-Term Care Facility,Janet Evans,685 606 6992,(685) 606-6992,Janet.Evans70@northgate.com,Billings,MT,North,North,2014-11-25,,,,,,,,,,,,
CUST01336,Summit Health System,Larry Evans,(977) 779-5703,(977) 779-5703,Larry.Evans148@summit.com,Denver,CO,West,West,2018-06-10,,,,,,,,,,,,
CUST01337,Hilltop Hospital,Sharon Thompson,(711) 073-5128,(711) 073-5128,Sharon.Thompson192@hilltop.com,Denver,CO,West,West,2024-10-26,,,,,,,,,,,,
CUST01338,Lakeside Long-Term Care Facility,Nicole Robinson,(243) 233-3023,(243) 233-3023,Nicole.Robinson259@lakeside.com,Denver,CO,West,West,2016-04-12,,,,,,,,,,,,
CUST01339,Riverside Medical Center,Jeffrey Morgan,694.306.9523,(694) 306-9523,Jeffrey.Morgan902@riverside.com,Sacramento,CA,West,West,2018-10-15,,,,,,,,,,,,
CUST01340,Summit Urgent Care Clinic,Andrew Morgan,537.006.4488,(537) 006-4488,Andrew.Morgan491@summit.com,Albany,NY,East,East,2017-08-22,,,,,,,,,,,,
CUST01341,Maple Hospital,Ashley Cruz,804.255.4280,(804) 255-4280,Ashley.Cruz421@maple.com,Billings,MT,North,North,2016-10-15,,,,,,,,,,,,
CUST01342,Mercy Hospital,Nicole Taylor,688 786 0203,(688) 786-0203,Nicole.Taylor173@mercy.com,Albany,NY,East,East,2012-09-29,,,,,,,,,,,,
CUST01343,Cedar Hospital,Jacob Reed,(195) 866-3992,(195) 866-3992,Jacob.Reed538@cedar.com,Sacramento,CA,West,West,2020-11-09,,,,,,,,,,,,
CUST01344,Crossroads Hospital,Debra Kelly,1424956291,(142) 495-6291,Debra.Kelly402@crossroads.com,Seattle,WA,West,West,2016-12-12,,,,,,,,,,,,
CUST01345,Maple Urgent Care Clinic,Jennifer Thompson,288 807 0051,(288) 807-0051,Jennifer.Thompson540@maple.com,Sacramento,CA,West,West,2020-12-08,,,,,,,,,,,,
CUST01346,Union Urgent Care Clinic,Emily Ortiz,2201754541,(220) 175-4541,Emily.Ortiz511@union.com,Milwaukee,WI,North,North,2023-11-24,,,,,,,,,,,,
CUST01347,Cedar Hospital,Emily Perez,275.015.2697,(275) 015-2697,Emily.Perez846@cedar.com,Fargo,ND,North,North,2011-02-21,,,,,,,,,,,,
CUST01348,Grace Hospital,Donald Bailey,548-330-9587,(548) 330-9587,Donald.Bailey222@grace.com,Sioux Falls,SD,North,North,2018-12-04,,,,,,,,,,,,
CUST01349,Riverside Health System,Jack Morgan,457.923.2671,(457) 923-2671,Jack.Morgan351@riverside.com,Sacramento,CA,West,West,2021-03-21,,,,,,,,,,,,
CUST01350,Maple Community Clinic,Elizabeth Kelly,196.797.2092,(196) 797-2092,Elizabeth.Kelly134@maple.com,Sacramento,CA,Northeast,East,2011-01-14,,,,,,,,,,,,
CUST01351,Heritage Pharmacy,Betty Morris,523 329 7049,(523) 329-7049,Betty.Morris600@heritage.com,New Orleans,LA,South,South,2017-08-21,,,,,,,,,,,,
CUST01352,Valley Health System,Nancy Williams,(551) 163-9714,(551) 163-9714,Nancy.Williams926@valley.com,Fargo,ND,North,North,2020-06-19,,,,,,,,,,,,
CUST01353,Parkview Urgent Care Clinic,Brian Kim,424-873-9626,(424) 873-9626,Brian.Kim82@parkview.com,Albany,NY,East,East,2021-08-07,,,,,,,,,,,,
CUST01354,Southport Health System,Katherine Flores,977-367-7244,(977) 367-7244,Katherine.Flores203@southport.com,Milwaukee,WI,North,North,2024-02-15,,,,,,,,,,,,
CUST01355,Westfield Urgent Care Clinic,Samuel Garcia,965 715 6438,(965) 715-6438,Samuel.Garcia855@westfield.com,Denver,CO,West,West,2013-07-07,,,,,,,,,,,,
CUST01356,Cornerstone Health System,Michael Reed,804 247 9600,(804) 247-9600,Michael.Reed294@cornerstone.com,Milwaukee,WI,North,North,2010-03-19,,,,,,,,,,,,
CUST01357,Cedar Health System,Scott Martin,762.426.6225,(762) 426-6225,Scott.Martin945@cedar.com,Portland,OR,West,West,2010-09-28,,,,,,,,,,,,
CUST01358,Trinity Hospital,Lisa White,1401527311,(140) 152-7311,Lisa.White406@trinity.com,Dallas,TX,South,South,2016-12-20,,,,,,,,,,,,
CUST01359,Eastview Pharmacy,Anna Wright,(1) 842-9335,(001) 842-9335,Anna.Wright460@eastview.com,Portland,OR,West,West,2016-11-13,,,,,,,,,,,,
CUST01360,Valley Hospital,Christopher Hill,6771539022,(677) 153-9022,Christopher.Hill477@valley.com,Tampa,FL,South,South,2015-04-20,,,,,,,,,,,,
CUST01361,Union Medical Center,William Flores,2990900647,(299) 090-0647,William.Flores309@union.com,Minneapolis,MN,North,North,2013-04-08,,,,,,,,,,,,
CUST01362,Crossroads Medical Center,Scott Jackson,5540423169,(554) 042-3169,Scott.Jackson742@crossroads.com,Seattle,WA,West,West,2011-05-17,,,,,,,,,,,,
CUST01363,Trinity Community Clinic,Emily Green,(493) 934-3969,(493) 934-3969,Emily.Green875@trinity.com,Portland,OR,West,West,2014-10-03,,,,,,,,,,,,
CUST01364,Cornerstone Community Clinic,Robert Morris,783-573-3813,(783) 573-3813,Robert.Morris239@cornerstone.com,Tampa,FL,South,South,2016-03-21,,,,,,,,,,,,
CUST01365,Southport Urgent Care Clinic,Larry Morgan,364 122 4740,(364) 122-4740,Larry.Morgan384@southport.com,Dallas,TX,South,South,2014-04-13,,,,,,,,,,,,
CUST01366,Parkview Community Clinic,Patricia Morales,(505) 160-2325,(505) 160-2325,Patricia.Morales726@parkview.com,Dallas,TX,South,South,2012-01-06,,,,,,,,,,,,
CUST01367,Mercy Urgent Care Clinic,Elizabeth Hernandez,094.042.2456,(094) 042-2456,Elizabeth.Hernandez608@mercy.com,Hartford,CT,East,East,2023-12-03,,,,,,,,,,,,
CUST01368,Mercy Hospital,Brian Lewis,(380) 781-9135,(380) 781-9135,Brian.Lewis747@mercy.com,Albany,NY,East,East,2016-12-15,,,,,,,,,,,,
CUST01369,Eastview Health System,Daniel Rogers,715-755-7166,(715) 755-7166,Daniel.Rogers647@eastview.com,Billings,MT,North,North,2024-07-27,,,,,,,,,,,,
CUST01370,Eastview Hospital,James Collins,(162) 185-6352,(162) 185-6352,James.Collins447@eastview.com,Seattle,WA,Southeast,South,2011-08-23,,,,,,,,,,,,
CUST01371,Lakeside Urgent Care Clinic,Rachel Ramirez,868-569-7714,(868) 569-7714,Rachel.Ramirez710@lakeside.com,Newark,NJ,Midwest,North,2019-06-23,,,,,,,,,,,,
CUST01372,Crossroads Pharmacy,Nicholas Bailey,(146) 103-9278,(146) 103-9278,Nicholas.Bailey101@crossroads.com,Billings,MT,Northeast,East,2022-01-24,,,,,,,,,,,,
CUST01373,Northgate Health System,Jonathan Rivera,616 388 1687,(616) 388-1687,Jonathan.Rivera91@northgate.com,Fargo,ND,North,North,2021-10-30,,,,,,,,,,,,
CUST01374,Mercy Long-Term Care Facility,Anna Jones,096-568-8267,(096) 568-8267,Anna.Jones13@mercy.com,Denver,CO,Southeast,South,2020-09-30,,,,,,,,,,,,
CUST01375,Hilltop Hospital,Robert Reyes,814.723.7356,(814) 723-7356,Robert.Reyes529@hilltop.com,Dallas,TX,South,South,2015-01-04,,,,,,,,,,,,
CUST01376,Riverside Community Clinic,Helen Peterson,978.999.5145,(978) 999-5145,Helen.Peterson210@riverside.com,Dallas,TX,South,South,2019-03-27,,,,,,,,,,,,
CUST01377,Cedar Medical Center,Amanda Morales,(906) 688-6751,(906) 688-6751,Amanda.Morales915@cedar.com,Boston,MA,East,East,2012-04-07,,,,,,,,,,,,
CUST01378,Trinity Pharmacy,Christine Cruz,595 634 3180,(595) 634-3180,Christine.Cruz215@trinity.com,Philadelphia,PA,East,East,2023-03-15,,,,,,,,,,,,
CUST01379,Riverside Hospital,Betty Gonzalez,565 337 7730,(565) 337-7730,Betty.Gonzalez388@riverside.com,Milwaukee,WI,North,North,2021-02-08,,,,,,,,,,,,
CUST01380,Heritage Community Clinic,Kimberly Davis,261-548-7201,(261) 548-7201,Kimberly.Davis142@heritage.com,Sacramento,CA,West,West,2018-05-30,,,,,,,,,,,,
CUST01381,Westfield Long-Term Care Facility,Angela Phillips,(549) 080-9983,(549) 080-9983,Angela.Phillips647@westfield.com,Philadelphia,PA,Northeast,East,2020-04-11,,,,,,,,,,,,
CUST01382,Crossroads Hospital,Patricia Howard,(163) 034-3830,(163) 034-3830,Patricia.Howard82@crossroads.com,Seattle,WA,West,West,2016-07-12,,,,,,,,,,,,
CUST01383,Union Hospital,Jason Roberts,307.417.9965,(307) 417-9965,Jason.Roberts157@union.com,New Orleans,LA,South,South,2021-06-26,,,,,,,,,,,,
CUST01384,Hilltop Health System,Thomas Young,622-527-5600,(622) 527-5600,Thomas.Young39@hilltop.com,Tampa,FL,Midwest,North,2012-11-28,,,,,,,,,,,,
CUST01385,Westfield Hospital,Susan Gutierrez,771.251.5890,(771) 251-5890,Susan.Gutierrez872@westfield.com,Fargo,ND,North,North,2024-02-10,,,,,,,,,,,,
CUST01386,Crossroads Hospital,Donna Scott,(608) 123-9278,(608) 123-9278,Donna.Scott498@crossroads.com,Fargo,ND,Southeast,South,2024-03-28,,,,,,,,,,,,
CUST01387,Lakeside Health System,Mary Jackson,527-695-8444,(527) 695-8444,Mary.Jackson164@lakeside.com,Seattle,WA,West,West,2015-10-28,,,,,,,,,,,,
CUST01388,Heritage Community Clinic,Mark Martinez,(631) 373-7145,(631) 373-7145,Mark.Martinez858@heritage.com,Tampa,FL,South,South,2012-06-19,,,,,,,,,,,,
CUST01389,Lakeside Health System,Patricia King,(914) 193-9606,(914) 193-9606,Patricia.King466@lakeside.com,Birmingham,AL,South,South,2012-01-28,,,,,,,,,,,,
CUST01390,Crossroads Long-Term Care Facility,Debra Ramirez,(925) 692-4768,(925) 692-4768,Debra.Ramirez297@crossroads.com,Minneapolis,MN,North,North,2011-06-04,,,,,,,,,,,,
CUST01391,Southport Pharmacy,Carolyn Robinson,(318) 118-1405,(318) 118-1405,Carolyn.Robinson161@southport.com,Albany,NY,East,East,2017-01-23,,,,,,,,,,,,
CUST01392,Maple Community Clinic,Stephanie Collins,(447) 085-6094,(447) 085-6094,Stephanie.Collins103@maple.com,Denver,CO,West,West,2016-08-21,,,,,,,,,,,,
CUST01393,Crossroads Community Clinic,Ryan Adams,031-456-4572,(031) 456-4572,Ryan.Adams678@crossroads.com,Denver,CO,West,West,2020-08-05,,,,,,,,,,,,
CUST01394,Eastview Health System,James Cox,0337449998,(033) 744-9998,James.Cox966@eastview.com,Sioux Falls,SD,North,North,2015-02-25,,,,,,,,,,,,
CUST01395,Beacon Hospital,Nancy Diaz,941-264-1060,(941) 264-1060,Nancy.Diaz778@beacon.com,Milwaukee,WI,North,North,2020-02-11,,,,,,,,,,,,
CUST01396,Southport Urgent Care Clinic,Jason Gonzalez,631.010.8965,(631) 010-8965,Jason.Gonzalez170@southport.com,Billings,MT,Southeast,South,2017-03-23,,,,,,,,,,,,
CUST01397,Grace Hospital,Timothy Howard,(4) 748-6794,(004) 748-6794,Timothy.Howard836@grace.com,Sioux Falls,SD,North,North,2021-08-21,,,,,,,,,,,,
CUST01398,Eastview Health System,Mark Morris,3610077017,(361) 007-7017,Mark.Morris321@eastview.com,Hartford,CT,Northeast,East,2022-11-17,,,,,,,,,,,,
CUST01399,Beacon Urgent Care Clinic,John Scott,(078) 111-7196,(078) 111-7196,John.Scott631@beacon.com,Atlanta,GA,South,South,2010-07-13,,,,,,,,,,,,
CUST01400,Cedar Hospital,Gregory Reed,559.674.3338,(559) 674-3338,Gregory.Reed748@cedar.com,Philadelphia,PA,East,East,2019-02-18,,,,,,,,,,,,
CUST01401,Union Community Clinic,Alexander Howard,(170) 335-3004,(170) 335-3004,Alexander.Howard598@union.com,Newark,NJ,East,East,2014-01-15,,,,,,,,,,,,
CUST01402,Grace Medical Center,Alexander Martin,1977317394,(197) 731-7394,Alexander.Martin280@grace.com,Newark,NJ,East,East,2021-05-12,,,,,,,,,,,,
CUST01403,Summit Medical Center,Barbara King,865 392 7687,(865) 392-7687,Barbara.King719@summit.com,New Orleans,LA,South,South,2011-10-03,,,,,,,,,,,,
CUST01404,Eastview Hospital,Richard Morris,796 706 0558,(796) 706-0558,Richard.Morris894@eastview.com,Dallas,TX,South,South,2015-02-19,,,,,,,,,,,,
CUST01405,Union Long-Term Care Facility,Kimberly Gomez,162.506.9893,(162) 506-9893,Kimberly.Gomez310@union.com,Denver,CO,West,West,2018-12-27,,,,,,,,,,,,
CUST01406,Cornerstone Hospital,Richard Cooper,557 039 3427,(557) 039-3427,Richard.Cooper405@cornerstone.com,Sacramento,CA,Southeast,South,2018-12-01,,,,,,,,,,,,
CUST01407,Cornerstone Community Clinic,David Anderson,905 092 6000,(905) 092-6000,David.Anderson684@cornerstone.com,Tampa,FL,South,South,2011-03-30,,,,,,,,,,,,
CUST01408,Union Pharmacy,Sandra Smith,(973) 844-9812,(973) 844-9812,Sandra.Smith49@union.com,Sacramento,CA,West,West,2022-06-22,,,,,,,,,,,,
CUST01409,Summit Health System,Linda King,(699) 086-7233,(699) 086-7233,Mary.Howard311@hilltop.com,New Orleans,LA,South,South,2015-11-20,,,,,,,,,,,,
CUST01410,Maple Health System,Stephen Moore,(365) 561-9221,(365) 561-9221,Stephen.Moore900@maple.com,Phoenix,AZ,West,West,2013-02-18,,,,,,,,,,,,
CUST01411,Trinity Pharmacy,Kimberly Anderson,6417613023,(641) 761-3023,Kimberly.Anderson707@trinity.com,Dallas,TX,South,South,2024-01-30,,,,,,,,,,,,
CUST01412,Beacon Medical Center,Mark Kelly,599-167-6403,(599) 167-6403,Mark.Kelly683@beacon.com,Birmingham,AL,South,South,2011-07-09,,,,,,,,,,,,
CUST01413,Cornerstone Community Clinic,Justin King,2826712693,(282) 671-2693,Justin.King620@cornerstone.com,Atlanta,GA,South,South,2024-01-04,,,,,,,,,,,,
CUST01414,Union Health System,Nicholas Anderson,9644484368,(964) 448-4368,Nicholas.Anderson894@union.com,Atlanta,GA,South,South,2012-08-09,,,,,,,,,,,,
CUST01415,Westfield Pharmacy,Carolyn Hall,098.058.7715,(098) 058-7715,Carolyn.Hall609@westfield.com,Atlanta,GA,Southeast,South,2024-10-20,,,,,,,,,,,,
CUST01416,Lakeside Long-Term Care Facility,Catherine Wright,879 025 9120,(879) 025-9120,Catherine.Wright978@lakeside.com,Seattle,WA,West,West,2018-10-02,,,,,,,,,,,,
CUST01417,Parkview Hospital,James Thompson,(660) 323-5841,(660) 323-5841,James.Thompson638@parkview.com,Dallas,TX,South,South,2017-03-02,,,,,,,,,,,,
CUST01418,Beacon Urgent Care Clinic,Samuel Jackson,(793) 957-9551,(793) 957-9551,Samuel.Jackson261@beacon.com,Phoenix,AZ,West,West,2020-02-16,,,,,,,,,,,,
CUST01419,Cedar Urgent Care Clinic,Kathleen Parker,367 038 6256,(367) 038-6256,Kathleen.Parker107@cedar.com,Minneapolis,MN,North,North,2012-04-27,,,,,,,,,,,,
CUST01420,Mercy Hospital,Nancy Allen,(8) 056-3082,(008) 056-3082,Nancy.Allen653@mercy.com,Newark,NJ,East,East,2022-07-13,,,,,,,,,,,,
CUST01421,Crossroads Hospital,Janet Diaz,210-788-3127,(210) 788-3127,Janet.Diaz362@crossroads.com,Seattle,WA,West,West,2016-07-08,,,,,,,,,,,,
CUST01422,Mercy Health System,Frank Rodriguez,019.708.4287,(019) 708-4287,Frank.Rodriguez448@mercy.com,Atlanta,GA,Northeast,East,2013-08-05,,,,,,,,,,,,
CUST01423,Beacon Medical Center,David Jones,512.955.5100,(512) 955-5100,David.Jones526@beacon.com,Seattle,WA,West,West,2012-07-29,,,,,,,,,,,,
CUST01424,Westfield Health System,Carol Jones,230-036-0722,(230) 036-0722,Carol.Jones158@westfield.com,Newark,NJ,East,East,2024-09-03,,,,,,,,,,,,
CUST01425,Southport Health System,Pamela Brown,243-753-9169,(243) 753-9169,Pamela.Brown886@southport.com,Milwaukee,WI,North,North,2023-08-06,,,,,,,,,,,,
CUST01426,Trinity Pharmacy,Deborah Scott,696.874.0330,(696) 874-0330,Deborah.Scott932@trinity.com,Seattle,WA,West,West,2015-09-02,,,,,,,,,,,,
CUST01427,Riverside Pharmacy,Richard Nelson,(497) 008-4458,(497) 008-4458,Richard.Nelson747@riverside.com,Sacramento,CA,West,West,2024-09-17,,,,,,,,,,,,
CUST01428,Hilltop Pharmacy,Kenneth Williams,(628) 092-4115,(628) 092-4115,Kenneth.Williams670@hilltop.com,Portland,OR,West,West,2023-09-05,,,,,,,,,,,,
CUST01429,Trinity Long-Term Care Facility,Stephen Miller,315 255 2322,(315) 255-2322,Stephen.Miller333@trinity.com,Sacramento,CA,West,West,2021-04-15,,,,,,,,,,,,
CUST01430,Heritage Long-Term Care Facility,Frank Sanchez,435 404 7625,(435) 404-7625,Frank.Sanchez611@heritage.com,Birmingham,AL,South,South,2018-03-02,,,,,,,,,,,,
CUST01431,Maple Pharmacy,Daniel Phillips,(255) 862-7788,(255) 862-7788,Daniel.Phillips42@maple.com,Minneapolis,MN,North,North,2014-12-16,,,,,,,,,,,,
CUST01432,Parkview Pharmacy,Laura Rodriguez,(304) 588-0971,(304) 588-0971,Laura.Rodriguez819@parkview.com,Hartford,CT,East,East,2016-12-10,,,,,,,,,,,,
CUST01433,Summit Long-Term Care Facility,Jason Cruz,(355) 459-2055,(355) 459-2055,Jason.Cruz329@summit.com,New Orleans,LA,South,South,2019-12-24,,,,,,,,,,,,
CUST01434,Beacon Medical Center,Steven Adams,7983045762,(798) 304-5762,Steven.Adams786@beacon.com,Minneapolis,MN,North,North,2012-05-02,,,,,,,,,,,,
CUST01435,Grace Pharmacy,Betty Carter,589-701-5221,(589) 701-5221,Betty.Carter727@grace.com,Billings,MT,North,North,2021-09-13,,,,,,,,,,,,
CUST01436,Grace Health System,Patrick Robinson,(347) 612-8989,(347) 612-8989,Patrick.Robinson8@grace.com,Minneapolis,MN,North,North,2021-02-13,,,,,,,,,,,,
CUST01437,Grace Urgent Care Clinic,Mark Ramirez,(997) 992-7156,(997) 992-7156,Mark.Ramirez534@grace.com,Minneapolis,MN,North,North,2020-11-23,,,,,,,,,,,,
CUST01438,Heritage Community Clinic,Ronald Young,8986818439,(898) 681-8439,Ronald.Young53@heritage.com,Newark,NJ,East,East,2022-10-01,,,,,,,,,,,,
CUST01439,Riverside Pharmacy,Joseph Garcia,499.944.5744,(499) 944-5744,Joseph.Garcia463@riverside.com,Seattle,WA,West,West,2019-01-15,,,,,,,,,,,,
CUST01440,Valley Health System,Kimberly Young,543 475 9160,(543) 475-9160,Kimberly.Young350@valley.com,Seattle,WA,West,West,2023-01-02,,,,,,,,,,,,
CUST01441,Crossroads Community Clinic,Mark Murphy,(907) 996-5857,(907) 996-5857,Mark.Murphy338@crossroads.com,New Orleans,LA,South,South,2019-05-07,,,,,,,,,,,,
CUST01442,Heritage Community Clinic,Stephanie Gonzalez,4340730717,(434) 073-0717,Stephanie.Gonzalez902@heritage.com,Sioux Falls,SD,North,North,2024-04-13,,,,,,,,,,,,
CUST01443,Northgate Long-Term Care Facility,Janet Cook,078-836-9223,(078) 836-9223,Janet.Cook330@northgate.com,Albany,NY,East,East,2016-05-03,,,,,,,,,,,,
CUST01444,Southport Pharmacy,Ronald Green,952 850 2312,(952) 850-2312,Ronald.Green201@southport.com,Birmingham,AL,South,South,2013-07-23,,,,,,,,,,,,
CUST01445,Southport Medical Center,Paul Morris,497-249-0322,(497) 249-0322,Paul.Morris499@southport.com,Philadelphia,PA,East,East,2011-09-06,,,,,,,,,,,,
CUST01446,Trinity Urgent Care Clinic,Jacob Allen,(555) 570-2006,(555) 570-2006,Jacob.Allen76@trinity.com,Albany,NY,East,East,2014-05-13,,,,,,,,,,,,
CUST01447,Westfield Medical Center,Charles Morris,761 218 9391,(761) 218-9391,Charles.Morris694@westfield.com,Philadelphia,PA,East,East,2010-04-27,,,,,,,,,,,,
CUST01448,Trinity Long-Term Care Facility,Andrew Turner,612.228.3056,(612) 228-3056,Andrew.Turner571@trinity.com,Albany,NY,East,East,2017-11-29,,,,,,,,,,,,
CUST01449,Riverside Hospital,Angela Morales,5950263560,(595) 026-3560,Angela.Morales787@riverside.com,Philadelphia,PA,East,East,2022-02-01,,,,,,,,,,,,
CUST01450,Westfield Health System,Daniel Young,(763) 990-4600,(763) 990-4600,Daniel.Young410@westfield.com,Atlanta,GA,South,South,2022-09-08,,,,,,,,,,,,
CUST01451,Summit Medical Center,Helen Jones,2209755061,(220) 975-5061,Helen.Jones443@summit.com,Denver,CO,Midwest,North,2024-06-06,,,,,,,,,,,,
CUST01452,Riverside Medical Center,Laura Kim,2003934490,(200) 393-4490,Laura.Kim488@riverside.com,Fargo,ND,North,North,2013-09-02,,,,,,,,,,,,
CUST01453,Grace Pharmacy,Joseph Smith,333-919-2969,(333) 919-2969,Joseph.Smith871@grace.com,Dallas,TX,South,South,2017-07-25,,,,,,,,,,,,
CUST01454,Riverside Hospital,Emily White,600 822 8377,(600) 822-8377,Emily.White465@riverside.com,Sacramento,CA,West,West,2011-03-20,,,,,,,,,,,,
CUST01455,Westfield Urgent Care Clinic,Gregory Gutierrez,872 820 6322,(872) 820-6322,Gregory.Gutierrez851@westfield.com,Boston,MA,East,East,2010-07-31,,,,,,,,,,,,
CUST01456,Valley Pharmacy,Jason Johnson,4466589524,(446) 658-9524,Jason.Johnson865@valley.com,Denver,CO,West,West,2022-09-26,,,,,,,,,,,,
CUST01457,Riverside Medical Center,Angela Peterson,4525737874,(452) 573-7874,Angela.Peterson928@riverside.com,Portland,OR,West,West,2022-01-11,,,,,,,,,,,,
CUST01458,Riverside Urgent Care Clinic,Brandon Rogers,946-577-7061,(946) 577-7061,Brandon.Rogers513@riverside.com,Sacramento,CA,West,West,2023-08-10,,,,,,,,,,,,
CUST01459,Summit Medical Center,Patricia Smith,0928261641,(092) 826-1641,Patricia.Smith350@summit.com,Newark,NJ,East,East,2014-05-24,,,,,,,,,,,,
CUST01460,Hilltop Long-Term Care Facility,Michelle Stewart,0566880316,(056) 688-0316,Michelle.Stewart993@hilltop.com,Billings,MT,North,North,2022-12-12,,,,,,,,,,,,
CUST01461,Mercy Long-Term Care Facility,Rachel Wright,831 242 8535,(831) 242-8535,Rachel.Wright86@mercy.com,Milwaukee,WI,North,North,2018-12-12,,,,,,,,,,,,
CUST01462,Riverside Long-Term Care Facility,Alexander Rogers,(984) 808-7017,(984) 808-7017,Alexander.Rogers799@riverside.com,Billings,MT,North,North,2018-12-24,,,,,,,,,,,,
CUST01463,Maple Medical Center,Deborah Cruz,(107) 404-3368,(107) 404-3368,Deborah.Cruz612@maple.com,Newark,NJ,Southeast,South,2018-07-05,,,,,,,,,,,,
CUST01464,Summit Medical Center,Pamela Campbell,5110900701,(511) 090-0701,Pamela.Campbell29@summit.com,Boston,MA,Northeast,East,2013-12-17,,,,,,,,,,,,
CUST01465,Mercy Pharmacy,Daniel Richardson,497 239 2010,(497) 239-2010,Daniel.Richardson923@mercy.com,Milwaukee,WI,North,North,2020-07-22,,,,,,,,,,,,
CUST01466,Beacon Urgent Care Clinic,Karen Roberts,539.659.7442,(539) 659-7442,Karen.Roberts680@beacon.com,Portland,OR,West,West,2023-10-22,,,,,,,,,,,,
CUST01467,Eastview Long-Term Care Facility,Donald Collins,641-537-4051,(641) 537-4051,Donald.Collins960@eastview.com,Dallas,TX,South,South,2023-09-28,,,,,,,,,,,,
CUST01468,Southport Long-Term Care Facility,Amanda Murphy,699.768.1608,(699) 768-1608,Amanda.Murphy786@southport.com,Phoenix,AZ,West,West,2011-12-26,,,,,,,,,,,,
CUST01469,Parkview Long-Term Care Facility,Brandon Jones,(584) 968-8144,(584) 968-8144,Brandon.Jones528@parkview.com,Hartford,CT,East,East,2011-04-23,,,,,,,,,,,,
CUST01470,Union Hospital,Laura Clark,(57) 445-0999,(057) 445-0999,Laura.Clark188@union.com,Seattle,WA,West,West,2015-10-19,,,,,,,,,,,,
CUST01471,Southport Urgent Care Clinic,Jason Diaz,911.110.8518,(911) 110-8518,Jason.Diaz919@southport.com,Newark,NJ,East,East,2021-06-23,,,,,,,,,,,,
CUST01472,Heritage Health System,Ryan Sanchez,213 596 1830,(213) 596-1830,Ryan.Sanchez667@heritage.com,Hartford,CT,East,East,2016-03-02,,,,,,,,,,,,
CUST01473,Heritage Community Clinic,Donna Cooper,264.259.7205,(264) 259-7205,Donna.Cooper847@heritage.com,Minneapolis,MN,North,North,2013-09-05,,,,,,,,,,,,
CUST01474,Cornerstone Long-Term Care Facility,Stephanie Smith,921.474.9847,(921) 474-9847,Stephanie.Smith302@cornerstone.com,Denver,CO,West,West,2013-11-30,,,,,,,,,,,,
CUST01475,Southport Health System,Amanda Morgan,8472146172,(847) 214-6172,Amanda.Morgan49@southport.com,Sacramento,CA,West,West,2016-02-02,,,,,,,,,,,,
CUST01476,Summit Urgent Care Clinic,Kevin Nguyen,6988979887,(698) 897-9887,Kevin.Nguyen286@summit.com,Birmingham,AL,South,South,2017-05-22,,,,,,,,,,,,
CUST01477,Eastview Health System,Kevin Cox,340 192 9360,(340) 192-9360,Kevin.Cox446@eastview.com,Portland,OR,West,West,2014-01-30,,,,,,,,,,,,
CUST01478,Parkview Community Clinic,Anna Torres,934.638.9012,(934) 638-9012,Anna.Torres807@parkview.com,Albany,NY,East,East,2016-08-10,,,,,,,,,,,,
CUST01479,Beacon Medical Center,Donald Davis,561 156 8622,(561) 156-8622,Donald.Davis990@beacon.com,Birmingham,AL,South,South,2020-06-09,,,,,,,,,,,,
CUST01480,Trinity Pharmacy,Ashley Miller,053-160-2274,(053) 160-2274,Ashley.Miller219@trinity.com,Hartford,CT,East,East,2019-11-14,,,,,,,,,,,,
CUST01481,Valley Community Clinic,Elizabeth Clark,244 756 3112,(244) 756-3112,Elizabeth.Clark557@valley.com,Sacramento,CA,West,West,2010-04-28,,,,,,,,,,,,
CUST01482,Heritage Medical Center,Shirley Phillips,806.615.4598,(806) 615-4598,Shirley.Phillips386@heritage.com,New Orleans,LA,South,South,2015-03-13,,,,,,,,,,,,
CUST01483,Trinity Urgent Care Clinic,Laura Howard,2882521288,(288) 252-1288,Laura.Howard43@trinity.com,Philadelphia,PA,Northeast,East,2017-02-02,,,,,,,,,,,,
CUST01484,Beacon Long-Term Care Facility,Kevin Martin,(984) 288-2847,(984) 288-2847,Kevin.Martin46@beacon.com,Boston,MA,East,East,2015-06-10,,,,,,,,,,,,
CUST01485,Southport Pharmacy,Donna Taylor,7123203668,(712) 320-3668,Donna.Taylor807@southport.com,New Orleans,LA,South,South,2019-12-05,,,,,,,,,,,,
CUST01486,Hilltop Long-Term Care Facility,James Cook,852-728-7603,(852) 728-7603,James.Cook935@hilltop.com,Seattle,WA,West,West,2020-11-01,,,,,,,,,,,,
CUST01487,Heritage Medical Center,Ashley Baker,1062833455,(106) 283-3455,Ashley.Baker913@heritage.com,Tampa,FL,South,South,2019-07-16,,,,,,,,,,,,
CUST01488,Northgate Hospital,Linda Taylor,004-535-8597,(004) 535-8597,Linda.Taylor795@northgate.com,Birmingham,AL,South,South,2020-05-15,,,,,,,,,,,,
CUST01489,Summit Hospital,Jason Gutierrez,704.240.2555,(704) 240-2555,Jason.Gutierrez619@summit.com,New Orleans,LA,South,South,2015-01-01,,,,,,,,,,,,
CUST01490,Parkview Health System,Samuel Collins,1678815964,(167) 881-5964,Samuel.Collins239@parkview.com,Sacramento,CA,West,West,2021-11-01,,,,,,,,,,,,
CUST01491,Union Medical Center,Christopher Torres,846 733 2291,(846) 733-2291,Christopher.Torres558@union.com,Denver,CO,Southeast,South,2023-07-05,,,,,,,,,,,,
CUST01492,Mercy Urgent Care Clinic,Emily Jones,6239459942,(623) 945-9942,Emily.Jones500@mercy.com,Phoenix,AZ,Midwest,North,2019-04-03,,,,,,,,,,,,
CUST01493,Heritage Pharmacy,Timothy Jackson,(033) 980-1387,(033) 980-1387,Timothy.Jackson558@heritage.com,Newark,NJ,Northeast,East,2015-01-08,,,,,,,,,,,,
CUST01494,Mercy Hospital,Emily Sanchez,5810801533,(581) 080-1533,Emily.Sanchez334@mercy.com,Denver,CO,West,West,2019-01-21,,,,,,,,,,,,
CUST01495,Riverside Medical Center,Carolyn Howard,8715659695,(871) 565-9695,Carolyn.Howard684@riverside.com,Birmingham,AL,South,South,2016-08-20,,,,,,,,,,,,
CUST01496,Hilltop Urgent Care Clinic,Benjamin Hernandez,955 055 3629,(955) 055-3629,Benjamin.Hernandez454@hilltop.com,Hartford,CT,East,East,2012-07-28,,,,,,,,,,,,
CUST01497,Crossroads Urgent Care Clinic,Debra Ortiz,8395252520,(839) 525-2520,Debra.Ortiz661@crossroads.com,Philadelphia,PA,East,East,2021-03-25,,,,,,,,,,,,
CUST01498,Cedar Hospital,Anthony Garcia,(921) 457-4452,(921) 457-4452,Anthony.Garcia809@cedar.com,Portland,OR,Northeast,East,2024-11-29,,,,,,,,,,,,
CUST01499,Hilltop Hospital,Donald Thompson,730 882 4035,(730) 882-4035,Donald.Thompson741@hilltop.com,Denver,CO,West,West,2012-01-21,,,,,,,,,,,,
CUST01500,Valley Long-Term Care Facility,Janet Lopez,293-634-0941,(293) 634-0941,Janet.Lopez843@valley.com,Philadelphia,PA,Midwest,North,2022-05-17,,,,,,,,,,,,
CUST01501,Mercy Pharmacy,Christine Walker,599-004-7941,(599) 004-7941,Christine.Walker926@mercy.com,Tampa,FL,South,South,2013-06-14,,,,,,,,,,,,
CUST01502,Westfield Urgent Care Clinic,Margaret Kim,113-434-8571,(113) 434-8571,Margaret.Kim786@westfield.com,Sacramento,CA,Midwest,North,2023-12-25,,,,,,,,,,,,
CUST01503,Valley Medical Center,Samantha Lopez,127-342-1120,(127) 342-1120,Samantha.Lopez905@valley.com,Phoenix,AZ,West,West,2014-07-28,,,,,,,,,,,,
CUST01504,Cedar Health System,Anna Rodriguez,480 298 9088,(480) 298-9088,Anna.Rodriguez593@cedar.com,Dallas,TX,Midwest,North,2018-07-09,,,,,,,,,,,,
CUST01505,Trinity Community Clinic,Carol Gomez,191-990-8213,(191) 990-8213,Carol.Gomez988@trinity.com,Philadelphia,PA,East,East,2022-08-06,,,,,,,,,,,,
CUST01506,Northgate Community Clinic,Margaret Peterson,366 704 1710,(366) 704-1710,Margaret.Peterson924@northgate.com,Sioux Falls,SD,North,North,2022-08-19,,,,,,,,,,,,
CUST01507,Beacon Pharmacy,Paul King,740-501-3320,(740) 501-3320,Paul.King607@beacon.com,Billings,MT,North,North,2018-04-02,,,,,,,,,,,,
CUST01508,Riverside Medical Center,Christine Collins,876 507 7525,(876) 507-7525,Christine.Collins156@riverside.com,Sacramento,CA,West,West,2015-01-27,,,,,,,,,,,,
CUST01509,Grace Pharmacy,Brandon Carter,(378) 110-5703,(378) 110-5703,Brandon.Carter881@grace.com,Dallas,TX,South,South,2014-08-13,,,,,,,,,,,,
CUST01510,Trinity Pharmacy,Margaret Reyes,994-696-6932,(994) 696-6932,Margaret.Reyes61@trinity.com,Phoenix,AZ,Southeast,South,2010-08-28,,,,,,,,,,,,
CUST01511,Maple Medical Center,Margaret Hill,097-140-8633,(097) 140-8633,Margaret.Hill221@maple.com,Hartford,CT,East,East,2010-09-08,,,,,,,,,,,,
CUST01512,Grace Long-Term Care Facility,Scott Smith,448.883.9237,(448) 883-9237,Scott.Smith861@grace.com,Hartford,CT,East,East,2022-12-17,,,,,,,,,,,,
CUST01513,Valley Medical Center,Samantha Anderson,582-585-4551,(582) 585-4551,Samantha.Anderson916@valley.com,New Orleans,LA,South,South,2022-12-03,,,,,,,,,,,,
CUST01514,Riverside Medical Center,Larry Harris,2367883873,(236) 788-3873,Larry.Harris149@riverside.com,Tampa,FL,South,South,2015-05-25,,,,,,,,,,,,
CUST01515,Riverside Health System,Jack Morris,6475846648,(647) 584-6648,Jack.Morris967@riverside.com,Fargo,ND,North,North,2015-12-18,,,,,,,,,,,,
CUST01516,Grace Pharmacy,Amy Phillips,2063175529,(206) 317-5529,Amy.Phillips39@grace.com,Birmingham,AL,South,South,2012-09-25,,,,,,,,,,,,
CUST01517,Mercy Urgent Care Clinic,Margaret Carter,144 157 2814,(144) 157-2814,Margaret.Carter914@mercy.com,Albany,NY,East,East,2011-07-15,,,,,,,,,,,,
CUST01518,Trinity Pharmacy,Amanda Baker,036.118.9260,(036) 118-9260,Amanda.Baker727@trinity.com,Sacramento,CA,Southeast,South,2024-02-22,,,,,,,,,,,,
CUST01519,Grace Urgent Care Clinic,Patricia Sanchez,683.684.3771,(683) 684-3771,Patricia.Sanchez298@grace.com,Philadelphia,PA,East,East,2016-02-12,,,,,,,,,,,,
CUST01520,Union Community Clinic,Samuel Moore,5660030119,(566) 003-0119,Samuel.Moore156@union.com,Philadelphia,PA,East,East,2021-02-19,,,,,,,,,,,,
CUST01521,Summit Long-Term Care Facility,Deborah Davis,(974) 217-3683,(974) 217-3683,Deborah.Davis965@summit.com,New Orleans,LA,South,South,2023-01-11,,,,,,,,,,,,
CUST01522,Parkview Urgent Care Clinic,Jason King,099-165-0811,(099) 165-0811,Jason.King877@parkview.com,Billings,MT,North,North,2010-06-07,,,,,,,,,,,,
CUST01523,Eastview Hospital,Raymond Thomas,770.062.7959,(770) 062-7959,Raymond.Thomas313@eastview.com,Hartford,CT,East,East,2014-01-24,,,,,,,,,,,,
CUST01524,Mercy Health System,Jacob Baker,669-542-1756,(669) 542-1756,Jacob.Baker173@mercy.com,Philadelphia,PA,East,East,2021-03-24,,,,,,,,,,,,
CUST01525,Riverside Pharmacy,Sandra Green,173-447-9459,(173) 447-9459,Sandra.Green691@riverside.com,Sioux Falls,SD,North,North,2012-08-20,,,,,,,,,,,,
CUST01526,Trinity Long-Term Care Facility,Mary Reyes,2648971001,(264) 897-1001,Mary.Reyes570@trinity.com,New Orleans,LA,South,South,2012-04-27,,,,,,,,,,,,
CUST01527,Beacon Hospital,Benjamin Young,130-494-8414,(130) 494-8414,Benjamin.Young321@beacon.com,Philadelphia,PA,East,East,2017-11-12,,,,,,,,,,,,
CUST01528,Summit Long-Term Care Facility,Sharon Adams,875-679-8130,(875) 679-8130,Sharon.Adams388@summit.com,Atlanta,GA,South,South,2016-02-22,,,,,,,,,,,,
CUST01529,Parkview Community Clinic,Elizabeth Smith,588.218.7089,(588) 218-7089,Elizabeth.Smith500@parkview.com,Sacramento,CA,West,West,2022-12-09,,,,,,,,,,,,
CUST01530,Maple Pharmacy,George Hill,4461198309,(446) 119-8309,George.Hill177@maple.com,Sacramento,CA,Southeast,South,2016-10-09,,,,,,,,,,,,
CUST01531,Hilltop Long-Term Care Facility,Jacob Bailey,(523) 774-8770,(523) 774-8770,Jacob.Bailey574@hilltop.com,New Orleans,LA,South,South,2012-09-18,,,,,,,,,,,,
CUST01532,Summit Community Clinic,Justin Davis,(121) 808-2267,(121) 808-2267,Justin.Davis630@summit.com,Newark,NJ,East,East,2019-03-06,,,,,,,,,,,,
CUST01533,Grace Community Clinic,Rebecca Ortiz,653.839.5716,(653) 839-5716,Rebecca.Ortiz137@grace.com,Sacramento,CA,West,West,2012-06-07,,,,,,,,,,,,
CUST01534,Riverside Long-Term Care Facility,Benjamin Rogers,(709) 070-3780,(709) 070-3780,Benjamin.Rogers770@riverside.com,Milwaukee,WI,North,North,2019-05-09,,,,,,,,,,,,
CUST01535,Trinity Community Clinic,Patrick Hill,0983484926,(098) 348-4926,Patrick.Hill554@trinity.com,Atlanta,GA,Midwest,North,2019-11-16,,,,,,,,,,,,
CUST01536,Trinity Long-Term Care Facility,Ronald Campbell,0744565726,(074) 456-5726,Ronald.Campbell694@trinity.com,New Orleans,LA,South,South,2016-03-12,,,,,,,,,,,,
CUST01537,Beacon Pharmacy,Karen Davis,477-950-0345,(477) 950-0345,Karen.Davis191@beacon.com,New Orleans,LA,Midwest,North,2019-10-24,,,,,,,,,,,,
CUST01538,Grace Hospital,John Reyes,645 257 3309,(645) 257-3309,John.Reyes772@grace.com,Dallas,TX,South,South,2015-10-14,,,,,,,,,,,,
CUST01539,Lakeside Long-Term Care Facility,Thomas Baker,(685) 224-7675,(685) 224-7675,Thomas.Baker726@lakeside.com,Seattle,WA,West,West,2022-07-07,,,,,,,,,,,,
CUST01540,Hilltop Hospital,Margaret King,536-693-3276,(536) 693-3276,Margaret.King133@hilltop.com,Minneapolis,MN,North,North,2013-05-09,,,,,,,,,,,,
CUST01541,Mercy Health System,Susan Jones,837-237-2259,(837) 237-2259,Susan.Jones239@mercy.com,Seattle,WA,West,West,2015-02-23,,,,,,,,,,,,
CUST01542,Hilltop Community Clinic,Matthew Robinson,942-340-3704,(942) 340-3704,Matthew.Robinson909@hilltop.com,Minneapolis,MN,North,North,2014-05-30,,,,,,,,,,,,
CUST01543,Maple Community Clinic,Richard Ramos,6125780473,(612) 578-0473,Richard.Ramos537@maple.com,New Orleans,LA,South,South,2024-05-23,,,,,,,,,,,,
CUST01544,Mercy Community Clinic,Alexander Jackson,968 064 5544,(968) 064-5544,Alexander.Jackson99@mercy.com,Sioux Falls,SD,North,North,2018-03-31,,,,,,,,,,,,
CUST01545,Heritage Medical Center,Eric Ortiz,2640532739,(264) 053-2739,Eric.Ortiz372@heritage.com,Birmingham,AL,South,South,2023-11-01,,,,,,,,,,,,
CUST01546,Eastview Hospital,Frank Ramirez,390-397-9978,(390) 397-9978,Frank.Ramirez83@eastview.com,New Orleans,LA,South,South,2018-05-08,,,,,,,,,,,,
CUST01547,Southport Pharmacy,Laura Parker,5965510250,(596) 551-0250,Laura.Parker898@southport.com,Dallas,TX,South,South,2024-07-25,,,,,,,,,,,,
CUST01548,Grace Health System,Ashley Jackson,3476714998,(347) 671-4998,Ashley.Jackson573@grace.com,Sioux Falls,SD,North,North,2023-02-02,,,,,,,,,,,,
CUST01549,Beacon Urgent Care Clinic,Larry Phillips,524.276.2215,(524) 276-2215,Larry.Phillips248@beacon.com,Minneapolis,MN,North,North,2019-11-28,,,,,,,,,,,,
CUST01550,Northgate Urgent Care Clinic,Maria Torres,495.940.3895,(495) 940-3895,Maria.Torres425@northgate.com,Seattle,WA,West,West,2018-02-15,,,,,,,,,,,,
CUST01551,Mercy Medical Center,Timothy Carter,873-002-1027,(873) 002-1027,Timothy.Carter227@mercy.com,Dallas,TX,South,South,2013-10-06,,,,,,,,,,,,
CUST01552,Grace Urgent Care Clinic,Edward Gomez,(223) 487-4939,(223) 487-4939,Edward.Gomez6@grace.com,Seattle,WA,West,West,2012-02-26,,,,,,,,,,,,
CUST01553,Maple Health System,Pamela Kelly,8660732644,(866) 073-2644,Pamela.Kelly644@maple.com,Billings,MT,Midwest,North,2014-06-08,,,,,,,,,,,,
CUST01554,Hilltop Community Clinic,Sharon Nguyen,(417) 609-0937,(417) 609-0937,Sharon.Nguyen938@hilltop.com,Hartford,CT,East,East,2024-09-25,,,,,,,,,,,,
CUST01555,Mercy Community Clinic,Sandra Cooper,734 669 4473,(734) 669-4473,Sandra.Cooper452@mercy.com,Minneapolis,MN,North,North,2022-04-26,,,,,,,,,,,,
CUST01556,Union Pharmacy,Jack Edwards,056.651.8378,(056) 651-8378,Jack.Edwards454@union.com,New Orleans,LA,South,South,2012-01-12,,,,,,,,,,,,
CUST01557,Crossroads Health System,Ronald Lee,(450) 968-5938,(450) 968-5938,Ronald.Lee765@crossroads.com,Birmingham,AL,South,South,2017-04-03,,,,,,,,,,,,
CUST01558,Summit Pharmacy,Melissa Allen,996-469-2434,(996) 469-2434,Paul.Gutierrez949@valley.com,Dallas,TX,South,South,2019-02-06,,,,,,,,,,,,
CUST01559,Union Health System,Jennifer Clark,(156) 038-7108,(156) 038-7108,Jennifer.Clark339@union.com,Dallas,TX,South,South,2016-12-17,,,,,,,,,,,,
CUST01560,Beacon Medical Center,Jack Howard,4903764747,(490) 376-4747,Jack.Howard126@beacon.com,Boston,MA,East,East,2024-09-26,,,,,,,,,,,,
CUST01561,Cedar Community Clinic,Nicholas Rodriguez,150 396 5586,(150) 396-5586,Nicholas.Rodriguez654@cedar.com,Sacramento,CA,West,West,2022-08-18,,,,,,,,,,,,
CUST01562,Lakeside Community Clinic,Richard Lewis,(893) 335-2866,(893) 335-2866,Richard.Lewis528@lakeside.com,Fargo,ND,North,North,2017-01-14,,,,,,,,,,,,
CUST01563,Riverside Urgent Care Clinic,Richard Cooper,7380101245,(738) 010-1245,Richard.Cooper95@riverside.com,Milwaukee,WI,North,North,2018-05-29,,,,,,,,,,,,
CUST01564,Lakeside Health System,Emma Gonzalez,(999) 136-5055,(999) 136-5055,Emma.Gonzalez688@lakeside.com,Sacramento,CA,West,West,2023-04-21,,,,,,,,,,,,
CUST01565,Cornerstone Hospital,Scott Clark,867-170-8049,(867) 170-8049,Scott.Clark725@cornerstone.com,Denver,CO,West,West,2013-08-27,,,,,,,,,,,,
CUST01566,Heritage Long-Term Care Facility,Emily Kelly,196-129-3321,(196) 129-3321,Emily.Kelly362@heritage.com,Albany,NY,East,East,2013-08-29,,,,,,,,,,,,
CUST01567,Lakeside Hospital,Janet Edwards,371-775-8856,(371) 775-8856,Janet.Edwards262@lakeside.com,Albany,NY,East,East,2022-02-18,,,,,,,,,,,,
CUST01568,Grace Pharmacy,Gary Lopez,620.306.9516,(620) 306-9516,Gary.Lopez173@grace.com,Sacramento,CA,Northeast,East,2012-06-21,,,,,,,,,,,,
CUST01569,Heritage Pharmacy,Lisa Adams,(181) 123-9933,(181) 123-9933,Lisa.Adams366@heritage.com,Sacramento,CA,West,West,2023-02-03,,,,,,,,,,,,
CUST01570,Crossroads Long-Term Care Facility,Gregory Cook,(206) 231-4596,(206) 231-4596,Gregory.Cook718@crossroads.com,Denver,CO,West,West,2023-07-30,,,,,,,,,,,,
CUST01571,Maple Long-Term Care Facility,William Jackson,(196) 804-5052,(196) 804-5052,William.Jackson773@maple.com,Billings,MT,North,North,2011-02-06,,,,,,,,,,,,
CUST01572,Northgate Long-Term Care Facility,Elizabeth Ward,641 804 4608,(641) 804-4608,Elizabeth.Ward512@northgate.com,Sacramento,CA,West,West,2012-04-17,,,,,,,,,,,,
CUST01573,Lakeside Urgent Care Clinic,John Evans,(544) 950-6095,(544) 950-6095,John.Evans848@lakeside.com,Tampa,FL,South,South,2012-12-14,,,,,,,,,,,,
CUST01574,Parkview Community Clinic,Helen Scott,983-985-9074,(983) 985-9074,Helen.Scott81@parkview.com,Philadelphia,PA,East,East,2016-11-03,,,,,,,,,,,,
CUST01575,Beacon Hospital,Helen Hernandez,7762538476,(776) 253-8476,Helen.Hernandez900@beacon.com,Fargo,ND,North,North,2023-06-21,,,,,,,,,,,,
CUST01576,Mercy Long-Term Care Facility,Mary Moore,(728) 617-4685,(728) 617-4685,Mary.Moore990@mercy.com,Dallas,TX,Southeast,South,2018-09-09,,,,,,,,,,,,
CUST01577,Beacon Hospital,Paul Phillips,628-660-3498,(628) 660-3498,Paul.Phillips898@beacon.com,Phoenix,AZ,Southeast,South,2022-04-20,,,,,,,,,,,,
CUST01578,Trinity Health System,Thomas Clark,5627740215,(562) 774-0215,Thomas.Clark89@trinity.com,Sacramento,CA,West,West,2013-04-23,,,,,,,,,,,,
CUST01579,Summit Urgent Care Clinic,Scott Roberts,525.600.8589,(525) 600-8589,Scott.Roberts900@summit.com,Newark,NJ,East,East,2011-05-28,,,,,,,,,,,,
CUST01580,Valley Medical Center,Jessica Rogers,052 053 5313,(052) 053-5313,Jessica.Rogers279@valley.com,Fargo,ND,North,North,2018-05-02,,,,,,,,,,,,
CUST01581,Riverside Medical Center,Charles Howard,(934) 232-2109,(934) 232-2109,Charles.Howard278@riverside.com,Hartford,CT,East,East,2015-10-16,,,,,,,,,,,,
CUST01582,Southport Community Clinic,Nicole Cooper,1408783437,(140) 878-3437,Nicole.Cooper155@southport.com,Fargo,ND,North,North,2016-10-24,,,,,,,,,,,,
CUST01583,Summit Pharmacy,Susan Johnson,(823) 137-9981,(823) 137-9981,Susan.Johnson984@summit.com,Minneapolis,MN,North,North,2010-12-16,,,,,,,,,,,,
CUST01584,Cornerstone Long-Term Care Facility,Jacob Edwards,(265) 789-6355,(265) 789-6355,Jacob.Edwards996@cornerstone.com,Seattle,WA,West,West,2016-05-01,,,,,,,,,,,,
CUST01585,Mercy Long-Term Care Facility,Maria White,488.823.7254,(488) 823-7254,Maria.White132@mercy.com,Birmingham,AL,South,South,2024-05-04,,,,,,,,,,,,
CUST01586,Northgate Urgent Care Clinic,Sandra Peterson,882.805.0345,(882) 805-0345,Sandra.Peterson754@northgate.com,Albany,NY,Southeast,South,2021-10-29,,,,,,,,,,,,
CUST01587,Crossroads Hospital,Angela Hill,(767) 666-0828,(767) 666-0828,Angela.Hill329@crossroads.com,Seattle,WA,Southeast,South,2021-03-24,,,,,,,,,,,,
CUST01588,Cedar Medical Center,Raymond Moore,531.368.5931,(531) 368-5931,Raymond.Moore406@cedar.com,Dallas,TX,South,South,2012-11-17,,,,,,,,,,,,
CUST01589,Lakeside Pharmacy,Melissa Jackson,144.301.0614,(144) 301-0614,Melissa.Jackson606@lakeside.com,Portland,OR,West,West,2023-05-27,,,,,,,,,,,,
CUST01590,Westfield Medical Center,Ashley Scott,331-997-1153,(331) 997-1153,Ashley.Scott805@westfield.com,Boston,MA,East,East,2023-01-09,,,,,,,,,,,,
CUST01591,Valley Medical Center,George Cooper,1003434499,(100) 343-4499,George.Cooper718@valley.com,Denver,CO,West,West,2017-12-25,,,,,,,,,,,,
CUST01592,Heritage Long-Term Care Facility,Nicole Martin,(881) 786-0215,(881) 786-0215,Nicole.Martin512@heritage.com,Sacramento,CA,West,West,2023-08-13,,,,,,,,,,,,
CUST01593,Northgate Urgent Care Clinic,Nancy White,382-749-0331,(382) 749-0331,Nancy.White235@northgate.com,Phoenix,AZ,West,West,2023-07-04,,,,,,,,,,,,
CUST01594,Eastview Urgent Care Clinic,Patrick Murphy,3148368747,(314) 836-8747,Patrick.Murphy262@eastview.com,Sioux Falls,SD,Southeast,South,2010-02-22,,,,,,,,,,,,
CUST01595,Riverside Medical Center,Lisa Morgan,(560) 076-2282,(560) 076-2282,Lisa.Morgan131@riverside.com,Birmingham,AL,South,South,2012-09-17,,,,,,,,,,,,
CUST01596,Northgate Health System,Joshua Campbell,(847) 264-3933,(847) 264-3933,Joshua.Campbell660@northgate.com,Denver,CO,West,West,2023-02-24,,,,,,,,,,,,
CUST01597,Trinity Long-Term Care Facility,Christine King,660.485.3123,(660) 485-3123,Christine.King211@trinity.com,Dallas,TX,South,South,2017-08-17,,,,,,,,,,,,
CUST01598,Eastview Health System,Donald Reyes,465 124 2106,(465) 124-2106,Donald.Reyes571@eastview.com,Minneapolis,MN,North,North,2011-12-25,,,,,,,,,,,,
CUST01599,Riverside Medical Center,Jack Peterson,364.811.6595,(364) 811-6595,Jack.Peterson826@riverside.com,Hartford,CT,East,East,2024-01-11,,,,,,,,,,,,
CUST01600,Mercy Community Clinic,Daniel Morales,7931363659,(793) 136-3659,Daniel.Morales410@mercy.com,Newark,NJ,Northeast,East,2020-05-06,,,,,,,,,,,,
CUST01601,Crossroads Medical Center,Scott Martinez,935.861.3417,(935) 861-3417,Scott.Martinez599@crossroads.com,Phoenix,AZ,West,West,2017-10-05,,,,,,,,,,,,
CUST01602,Heritage Hospital,Gary Phillips,426 723 3990,(426) 723-3990,Gary.Phillips118@heritage.com,Billings,MT,North,North,2018-02-24,,,,,,,,,,,,
CUST01603,Riverside Long-Term Care Facility,Steven Murphy,9154804423,(915) 480-4423,Steven.Murphy634@riverside.com,Minneapolis,MN,Northeast,East,2013-07-04,,,,,,,,,,,,
CUST01604,Cedar Long-Term Care Facility,Benjamin Cox,108.616.4790,(108) 616-4790,Benjamin.Cox585@cedar.com,Hartford,CT,East,East,2012-01-04,,,,,,,,,,,,
CUST01605,Hilltop Urgent Care Clinic,John Howard,067-996-7367,(067) 996-7367,John.Howard692@hilltop.com,New Orleans,LA,South,South,2018-11-05,,,,,,,,,,,,
CUST01606,Lakeside Pharmacy,Christopher Wright,6432058699,(643) 205-8699,Christopher.Wright934@lakeside.com,Atlanta,GA,South,South,2018-02-22,,,,,,,,,,,,
CUST01607,Hilltop Health System,Frank Richardson,793.277.0115,(793) 277-0115,Frank.Richardson99@hilltop.com,Fargo,ND,North,North,2020-06-18,,,,,,,,,,,,
CUST01608,Hilltop Community Clinic,Rachel Peterson,609 685 6888,(609) 685-6888,Rachel.Peterson431@hilltop.com,Atlanta,GA,South,South,2011-05-30,,,,,,,,,,,,
CUST01609,Crossroads Pharmacy,Angela Miller,586.794.3364,(586) 794-3364,Angela.Miller173@crossroads.com,Hartford,CT,East,East,2018-08-01,,,,,,,,,,,,
CUST01610,Summit Hospital,Kimberly Howard,(659) 645-8766,(659) 645-8766,Kimberly.Howard649@summit.com,Phoenix,AZ,West,West,2015-12-12,,,,,,,,,,,,
CUST01611,Cedar Medical Center,Jeffrey Murphy,347-450-2405,(347) 450-2405,Jeffrey.Murphy174@cedar.com,Philadelphia,PA,East,East,2023-06-21,,,,,,,,,,,,
CUST01612,Riverside Community Clinic,John Morris,(539) 450-3754,(539) 450-3754,John.Morris538@riverside.com,Hartford,CT,East,East,2010-03-01,,,,,,,,,,,,
CUST01613,Southport Urgent Care Clinic,Joshua Ortiz,5693291369,(569) 329-1369,Joshua.Ortiz44@southport.com,Atlanta,GA,South,South,2016-03-16,,,,,,,,,,,,
CUST01614,Riverside Long-Term Care Facility,Susan Garcia,041.506.3240,(041) 506-3240,Susan.Garcia822@riverside.com,Seattle,WA,West,West,2013-03-02,,,,,,,,,,,,
CUST01615,Mercy Medical Center,Ronald Parker,963 346 7464,(963) 346-7464,Ronald.Parker764@mercy.com,New Orleans,LA,South,South,2010-11-02,,,,,,,,,,,,
CUST01616,Northgate Hospital,William Miller,997.415.9209,(997) 415-9209,William.Miller899@northgate.com,Birmingham,AL,South,South,2011-12-29,,,,,,,,,,,,
CUST01617,Valley Pharmacy,Larry Stewart,1951648497,(195) 164-8497,Larry.Stewart208@valley.com,Phoenix,AZ,Midwest,North,2021-08-17,,,,,,,,,,,,
CUST01618,Southport Hospital,Brian White,(357) 547-8935,(357) 547-8935,Brian.White420@southport.com,Sioux Falls,SD,Southeast,South,2010-09-17,,,,,,,,,,,,
CUST01619,Parkview Hospital,Lisa Walker,(756) 707-1812,(756) 707-1812,Lisa.Walker905@parkview.com,Sioux Falls,SD,North,North,2018-12-14,,,,,,,,,,,,
CUST01620,Northgate Pharmacy,Jason Cook,7459984133,(745) 998-4133,Jason.Cook457@northgate.com,Milwaukee,WI,North,North,2010-03-15,,,,,,,,,,,,
CUST01621,Crossroads Urgent Care Clinic,Anna Clark,0651064070,(065) 106-4070,Anna.Clark780@crossroads.com,Sioux Falls,SD,North,North,2022-01-24,,,,,,,,,,,,
CUST01622,Westfield Community Clinic,Gregory Torres,830.348.5736,(830) 348-5736,Rebecca.Reed750@heritage.com,Denver,CO,West,West,2010-03-01,,,,,,,,,,,,
CUST01623,Westfield Long-Term Care Facility,Gregory Roberts,280-903-1788,(280) 903-1788,Gregory.Roberts823@westfield.com,Hartford,CT,East,East,2015-10-01,,,,,,,,,,,,
CUST01624,Cedar Hospital,Maria Ramos,598.444.0889,(598) 444-0889,Maria.Ramos221@cedar.com,Phoenix,AZ,West,West,2010-07-16,,,,,,,,,,,,
CUST01625,Valley Hospital,George Lee,560 526 9901,(560) 526-9901,George.Lee212@valley.com,Sioux Falls,SD,North,North,2024-07-22,,,,,,,,,,,,
CUST01626,Summit Pharmacy,Jeffrey Kim,(092) 356-5403,(092) 356-5403,Jeffrey.Kim659@summit.com,Phoenix,AZ,West,West,2023-04-22,,,,,,,,,,,,
CUST01627,Mercy Pharmacy,Carol Smith,(732) 012-9531,(732) 012-9531,Carol.Smith23@mercy.com,Albany,NY,East,East,2016-07-21,,,,,,,,,,,,
CUST01628,Northgate Hospital,Linda Hall,068-204-8109,(068) 204-8109,Linda.Hall305@northgate.com,Billings,MT,North,North,2021-11-26,,,,,,,,,,,,
CUST01629,Parkview Urgent Care Clinic,Anna Wilson,797-398-2455,(797) 398-2455,Anna.Wilson384@parkview.com,New Orleans,LA,South,South,2011-11-25,,,,,,,,,,,,
CUST01630,Valley Health System,Lisa Campbell,382.642.9518,(382) 642-9518,Lisa.Campbell374@valley.com,Seattle,WA,West,West,2024-07-02,,,,,,,,,,,,
CUST01631,Trinity Medical Center,Kimberly Cook,903.081.9695,(903) 081-9695,Kimberly.Cook465@trinity.com,Fargo,ND,North,North,2018-09-11,,,,,,,,,,,,
CUST01632,Union Pharmacy,Janet Nguyen,4915089244,(491) 508-9244,Janet.Nguyen43@union.com,Fargo,ND,North,North,2015-04-29,,,,,,,,,,,,
CUST01633,Riverside Urgent Care Clinic,Nicholas Moore,(555) 935-5881,(555) 935-5881,Nicholas.Moore680@riverside.com,Phoenix,AZ,West,West,2013-06-03,,,,,,,,,,,,
CUST01634,Parkview Medical Center,Margaret Rogers,777-459-2541,(777) 459-2541,Margaret.Rogers459@parkview.com,Philadelphia,PA,East,East,2013-04-30,,,,,,,,,,,,
CUST01635,Westfield Long-Term Care Facility,Michelle Reed,(900) 704-5594,(900) 704-5594,Michelle.Reed705@westfield.com,Birmingham,AL,South,South,2019-05-02,,,,,,,,,,,,
CUST01636,Eastview Medical Center,Amanda Brown,395-671-2559,(395) 671-2559,Amanda.Brown953@eastview.com,Sioux Falls,SD,North,North,2013-10-14,,,,,,,,,,,,
CUST01637,Parkview Long-Term Care Facility,Betty Rodriguez,064.122.7276,(064) 122-7276,Betty.Rodriguez965@parkview.com,Phoenix,AZ,West,West,2016-05-07,,,,,,,,,,,,
CUST01638,Mercy Long-Term Care Facility,Melissa Richardson,700.545.5834,(700) 545-5834,Melissa.Richardson987@mercy.com,Milwaukee,WI,North,North,2017-07-17,,,,,,,,,,,,
CUST01639,Mercy Long-Term Care Facility,Brandon Rivera,(683) 357-6680,(683) 357-6680,Brandon.Rivera777@mercy.com,Seattle,WA,West,West,2010-03-05,,,,,,,,,,,,
CUST01640,Cornerstone Urgent Care Clinic,Christopher Lopez,043.171.5578,(043) 171-5578,Christopher.Lopez641@cornerstone.com,Minneapolis,MN,North,North,2022-12-27,,,,,,,,,,,,
CUST01641,Cornerstone Medical Center,Brenda Hall,(609) 316-0898,(609) 316-0898,Brenda.Hall662@cornerstone.com,Atlanta,GA,South,South,2010-07-20,,,,,,,,,,,,
CUST01642,Lakeside Pharmacy,Rebecca Torres,839-111-5320,(839) 111-5320,Rebecca.Torres50@lakeside.com,Philadelphia,PA,East,East,2010-09-28,,,,,,,,,,,,
CUST01643,Northgate Health System,Cynthia Gutierrez,637 902 0388,(637) 902-0388,Cynthia.Gutierrez174@northgate.com,Atlanta,GA,South,South,2024-09-08,,,,,,,,,,,,
CUST01644,Heritage Pharmacy,Mary Cooper,781 676 6342,(781) 676-6342,Mary.Cooper239@heritage.com,New Orleans,LA,South,South,2016-09-15,,,,,,,,,,,,
CUST01645,Cedar Health System,Kathleen Bailey,664.742.6440,(664) 742-6440,Kathleen.Bailey199@cedar.com,Tampa,FL,South,South,2013-09-25,,,,,,,,,,,,
CUST01646,Hilltop Long-Term Care Facility,Nancy Flores,(958) 187-7449,(958) 187-7449,Nancy.Flores398@hilltop.com,Phoenix,AZ,West,West,2021-10-22,,,,,,,,,,,,
CUST01647,Cedar Medical Center,Michelle Jackson,9399531556,(939) 953-1556,Michelle.Jackson201@cedar.com,Philadelphia,PA,East,East,2023-10-18,,,,,,,,,,,,
CUST01648,Riverside Urgent Care Clinic,Eric Rodriguez,908 964 9666,(908) 964-9666,Eric.Rodriguez982@riverside.com,Birmingham,AL,South,South,2012-09-24,,,,,,,,,,,,
CUST01649,Heritage Community Clinic,Kathleen Clark,232-468-7220,(232) 468-7220,Kathleen.Clark236@heritage.com,Atlanta,GA,South,South,2020-11-25,,,,,,,,,,,,
CUST01650,Heritage Community Clinic,Michael King,138-674-8578,(138) 674-8578,Michael.King807@heritage.com,Albany,NY,East,East,2017-05-24,,,,,,,,,,,,
CUST01651,Cornerstone Urgent Care Clinic,William Taylor,765.786.8005,(765) 786-8005,William.Taylor939@cornerstone.com,Portland,OR,West,West,2018-11-15,,,,,,,,,,,,
CUST01652,Hilltop Community Clinic,Steven Parker,(943) 632-7056,(943) 632-7056,Steven.Parker364@hilltop.com,Portland,OR,West,West,2014-04-30,,,,,,,,,,,,
CUST01653,Eastview Urgent Care Clinic,Carol Hernandez,186-747-1520,(186) 747-1520,Carol.Hernandez647@eastview.com,Dallas,TX,Northeast,East,2022-11-19,,,,,,,,,,,,
CUST01654,Cornerstone Pharmacy,Benjamin King,(651) 335-8508,(651) 335-8508,Benjamin.King193@cornerstone.com,Albany,NY,East,East,2014-03-01,,,,,,,,,,,,
CUST01655,Valley Long-Term Care Facility,James Phillips,(327) 904-2338,(327) 904-2338,James.Phillips42@valley.com,Phoenix,AZ,West,West,2021-05-03,,,,,,,,,,,,
CUST01656,Cedar Health System,Samantha Kim,291.845.7496,(291) 845-7496,Samantha.Kim22@cedar.com,Sacramento,CA,Northeast,East,2017-06-27,,,,,,,,,,,,
CUST01657,Summit Long-Term Care Facility,Jennifer Flores,599-611-4358,(599) 611-4358,Jennifer.Flores965@summit.com,Sacramento,CA,West,West,2010-02-21,,,,,,,,,,,,
CUST01658,Hilltop Community Clinic,Ryan Torres,(61) 092-2168,(061) 092-2168,Ryan.Torres348@hilltop.com,Portland,OR,West,West,2014-07-06,,,,,,,,,,,,
CUST01659,Parkview Long-Term Care Facility,Barbara Thompson,320-431-9274,(320) 431-9274,Barbara.Thompson424@parkview.com,Fargo,ND,North,North,2019-07-14,,,,,,,,,,,,
CUST01660,Mercy Medical Center,Ryan Adams,361.655.8062,(361) 655-8062,Ryan.Adams340@mercy.com,Sacramento,CA,West,West,2017-08-03,,,,,,,,,,,,
CUST01661,Trinity Hospital,Maria Parker,367.027.5100,(367) 027-5100,Maria.Parker564@trinity.com,Seattle,WA,West,West,2020-12-07,,,,,,,,,,,,
CUST01662,Trinity Pharmacy,Donald Campbell,112-181-6793,(112) 181-6793,Donald.Campbell819@trinity.com,Fargo,ND,North,North,2014-03-18,,,,,,,,,,,,
CUST01663,Southport Health System,Jeffrey Howard,(548) 495-1657,(548) 495-1657,Jeffrey.Howard304@southport.com,Dallas,TX,South,South,2014-03-23,,,,,,,,,,,,
CUST01664,Maple Hospital,Patrick Jones,264-685-5190,(264) 685-5190,Patrick.Jones312@maple.com,Dallas,TX,South,South,2011-07-18,,,,,,,,,,,,
CUST01665,Cedar Long-Term Care Facility,Ashley Lewis,051 093 3465,(051) 093-3465,Ashley.Lewis427@cedar.com,Philadelphia,PA,East,East,2014-07-22,,,,,,,,,,,,
CUST01666,Southport Long-Term Care Facility,Kimberly Robinson,5437009841,(543) 700-9841,Kimberly.Robinson462@southport.com,Fargo,ND,North,North,2020-01-26,,,,,,,,,,,,
CUST01667,Summit Pharmacy,Benjamin Reed,470-125-9283,(470) 125-9283,Benjamin.Reed763@summit.com,Sioux Falls,SD,Midwest,North,2020-07-22,,,,,,,,,,,,
CUST01668,Parkview Pharmacy,Donald Reed,769 750 5917,(769) 750-5917,Donald.Reed245@parkview.com,Boston,MA,East,East,2010-09-08,,,,,,,,,,,,
CUST01669,Cedar Long-Term Care Facility,Timothy Torres,916-983-3179,(916) 983-3179,Timothy.Torres660@cedar.com,Fargo,ND,North,North,2021-03-16,,,,,,,,,,,,
CUST01670,Crossroads Pharmacy,Deborah Smith,4525935707,(452) 593-5707,Deborah.Smith591@crossroads.com,Philadelphia,PA,Southeast,South,2015-11-08,,,,,,,,,,,,
CUST01671,Valley Medical Center,Benjamin Roberts,562-271-9260,(562) 271-9260,Benjamin.Roberts807@valley.com,Sioux Falls,SD,North,North,2011-06-16,,,,,,,,,,,,
CUST01672,Heritage Pharmacy,Emma Smith,010.936.0919,(010) 936-0919,Emma.Smith835@heritage.com,Denver,CO,West,West,2022-06-19,,,,,,,,,,,,
CUST01673,Parkview Pharmacy,Angela Miller,2762805877,(276) 280-5877,Angela.Miller87@parkview.com,Minneapolis,MN,North,North,2016-03-23,,,,,,,,,,,,
CUST01674,Cornerstone Community Clinic,Patricia Morales,8211956964,(821) 195-6964,Patricia.Morales461@cornerstone.com,Seattle,WA,West,West,2014-07-16,,,,,,,,,,,,
CUST01675,Union Community Clinic,Donald Reed,9192205135,(919) 220-5135,Helen.Murphy380@crossroads.com,Boston,MA,East,East,2024-11-13,,,,,,,,,,,,
CUST01676,Westfield Medical Center,Jessica Peterson,(516) 748-6735,(516) 748-6735,Jessica.Peterson134@westfield.com,Tampa,FL,Southeast,South,2012-07-14,,,,,,,,,,,,
CUST01677,Hilltop Medical Center,Margaret Morgan,477.935.9958,(477) 935-9958,Margaret.Morgan241@hilltop.com,Hartford,CT,East,East,2018-05-13,,,,,,,,,,,,
CUST01678,Beacon Medical Center,Karen Carter,(201) 930-6469,(201) 930-6469,Karen.Carter830@beacon.com,Sacramento,CA,West,West,2021-01-04,,,,,,,,,,,,
CUST01679,Cornerstone Pharmacy,Amy Bailey,(993) 353-0313,(993) 353-0313,Amy.Bailey222@cornerstone.com,Billings,MT,North,North,2010-11-21,,,,,,,,,,,,
CUST01680,Grace Urgent Care Clinic,Scott Scott,753-355-2620,(753) 355-2620,Scott.Scott795@grace.com,New Orleans,LA,South,South,2022-04-24,,,,,,,,,,,,
CUST01681,Eastview Medical Center,Sandra Kelly,2826993451,(282) 699-3451,Sandra.Kelly997@eastview.com,Denver,CO,West,West,2013-09-15,,,,,,,,,,,,
CUST01682,Summit Long-Term Care Facility,Samuel Davis,778.650.3947,(778) 650-3947,Samuel.Davis324@summit.com,New Orleans,LA,South,South,2017-04-21,,,,,,,,,,,,
CUST01683,Hilltop Medical Center,Carolyn Martinez,(312) 434-5353,(312) 434-5353,Carolyn.Martinez71@hilltop.com,Denver,CO,Southeast,South,2017-05-30,,,,,,,,,,,,
CUST01684,Mercy Medical Center,Deborah Edwards,720 948 0369,(720) 948-0369,Deborah.Edwards660@mercy.com,Billings,MT,North,North,2017-11-26,,,,,,,,,,,,
CUST01685,Valley Medical Center,Rebecca Kelly,(168) 670-8855,(168) 670-8855,Rebecca.Kelly778@valley.com,Newark,NJ,East,East,2016-02-09,,,,,,,,,,,,
CUST01686,Cornerstone Hospital,Brian Scott,010-427-9749,(010) 427-9749,Brian.Scott862@cornerstone.com,Philadelphia,PA,East,East,2023-02-10,,,,,,,,,,,,
CUST01687,Maple Hospital,Nicole Young,188 969 9132,(188) 969-9132,Nicole.Young379@maple.com,Minneapolis,MN,North,North,2020-01-21,,,,,,,,,,,,
CUST01688,Northgate Urgent Care Clinic,Michael Lopez,1115703475,(111) 570-3475,Michael.Lopez892@northgate.com,Hartford,CT,East,East,2019-03-30,,,,,,,,,,,,
CUST01689,Valley Urgent Care Clinic,Steven Roberts,554 620 2135,(554) 620-2135,Steven.Roberts638@valley.com,Seattle,WA,West,West,2013-10-21,,,,,,,,,,,,
CUST01690,Southport Hospital,Kimberly Stewart,173.434.6609,(173) 434-6609,Kimberly.Stewart702@southport.com,Albany,NY,East,East,2011-02-11,,,,,,,,,,,,
CUST01691,Lakeside Community Clinic,Amanda Moore,398-107-9516,(398) 107-9516,Amanda.Moore77@lakeside.com,Sacramento,CA,West,West,2015-10-29,,,,,,,,,,,,
CUST01692,Cedar Community Clinic,Amanda Parker,(241) 756-1680,(241) 756-1680,Amanda.Parker260@cedar.com,Dallas,TX,South,South,2024-11-26,,,,,,,,,,,,
CUST01693,Cedar Long-Term Care Facility,Kevin Parker,(336) 650-2859,(336) 650-2859,Kevin.Parker714@cedar.com,Philadelphia,PA,East,East,2017-03-02,,,,,,,,,,,,
CUST01694,Maple Health System,David Howard,782-905-2492,(782) 905-2492,David.Howard884@maple.com,Denver,CO,Southeast,South,2012-08-09,,,,,,,,,,,,
CUST01695,Maple Community Clinic,George Gomez,(948) 141-4013,(948) 141-4013,George.Gomez923@maple.com,Newark,NJ,East,East,2022-12-12,,,,,,,,,,,,
CUST01696,Northgate Health System,Karen Miller,(652) 012-0174,(652) 012-0174,Karen.Miller635@northgate.com,Fargo,ND,North,North,2021-05-08,,,,,,,,,,,,
CUST01697,Westfield Community Clinic,Brenda Jackson,888 665 9481,(888) 665-9481,Brenda.Jackson475@westfield.com,Boston,MA,East,East,2014-03-09,,,,,,,,,,,,
CUST01698,Beacon Long-Term Care Facility,Karen Anderson,759-164-4915,(759) 164-4915,Karen.Anderson574@beacon.com,Milwaukee,WI,North,North,2024-09-06,,,,,,,,,,,,
CUST01699,Maple Pharmacy,Steven Johnson,(231) 568-2342,(231) 568-2342,Steven.Johnson745@maple.com,Milwaukee,WI,Southeast,South,2012-10-24,,,,,,,,,,,,
CUST01700,Eastview Hospital,Jonathan Diaz,713-202-5342,(713) 202-5342,Jonathan.Diaz452@eastview.com,Seattle,WA,West,West,2010-11-19,,,,,,,,,,,,
CUST01701,Parkview Long-Term Care Facility,Carolyn Murphy,(939) 876-6740,(939) 876-6740,Carolyn.Murphy499@parkview.com,Phoenix,AZ,Northeast,East,2013-01-03,,,,,,,,,,,,
CUST01702,Lakeside Pharmacy,Angela Jackson,400 330 5109,(400) 330-5109,Angela.Jackson291@lakeside.com,Portland,OR,West,West,2020-05-12,,,,,,,,,,,,
CUST01703,Summit Long-Term Care Facility,Patrick Robinson,5416893927,(541) 689-3927,Patrick.Robinson595@summit.com,Philadelphia,PA,East,East,2022-05-11,,,,,,,,,,,,
CUST01704,Valley Urgent Care Clinic,Edward Gutierrez,828 936 3278,(828) 936-3278,Edward.Gutierrez22@valley.com,New Orleans,LA,South,South,2020-09-21,,,,,,,,,,,,
CUST01705,Lakeside Community Clinic,Elizabeth Hernandez,357-318-9959,(357) 318-9959,Elizabeth.Hernandez743@lakeside.com,Newark,NJ,East,East,2019-07-25,,,,,,,,,,,,
CUST01706,Cornerstone Community Clinic,Deborah Smith,5347050707,(534) 705-0707,Deborah.Smith741@cornerstone.com,Dallas,TX,South,South,2022-07-12,,,,,,,,,,,,
CUST01707,Westfield Health System,Brenda Johnson,635-768-6621,(635) 768-6621,Brenda.Johnson832@westfield.com,Hartford,CT,East,East,2017-04-19,,,,,,,,,,,,
CUST01708,Mercy Health System,Richard Sanchez,484.542.2595,(484) 542-2595,Richard.Sanchez837@mercy.com,Billings,MT,North,North,2014-03-28,,,,,,,,,,,,
CUST01709,Lakeside Community Clinic,Michelle Baker,1963511096,(196) 351-1096,Michelle.Baker110@lakeside.com,Hartford,CT,Southeast,South,2015-03-03,,,,,,,,,,,,
CUST01710,Trinity Long-Term Care Facility,Donald King,905-041-7372,(905) 041-7372,Donald.King138@trinity.com,Birmingham,AL,South,South,2019-06-02,,,,,,,,,,,,
CUST01711,Hilltop Long-Term Care Facility,Samantha Reed,(323) 812-8171,(323) 812-8171,Samantha.Reed769@hilltop.com,Sacramento,CA,West,West,2015-02-28,,,,,,,,,,,,
CUST01712,Westfield Urgent Care Clinic,Barbara Flores,(112) 759-6373,(112) 759-6373,Barbara.Flores621@westfield.com,Portland,OR,West,West,2014-08-14,,,,,,,,,,,,
CUST01713,Maple Hospital,Richard Rogers,(230) 659-4003,(230) 659-4003,Richard.Rogers821@maple.com,Billings,MT,North,North,2010-06-03,,,,,,,,,,,,
CUST01714,Trinity Hospital,Brenda Lopez,(100) 218-2414,(100) 218-2414,Brenda.Lopez459@trinity.com,Hartford,CT,East,East,2011-01-09,,,,,,,,,,,,
CUST01715,Crossroads Hospital,Amy Johnson,(878) 732-1499,(878) 732-1499,Amy.Johnson215@crossroads.com,Boston,MA,Midwest,North,2024-11-28,,,,,,,,,,,,
CUST01716,Riverside Hospital,William Garcia,743.344.2106,(743) 344-2106,William.Garcia825@riverside.com,Newark,NJ,East,East,2010-06-20,,,,,,,,,,,,
CUST01717,Grace Urgent Care Clinic,Michael Stewart,131-355-5794,(131) 355-5794,Michael.Stewart779@grace.com,Minneapolis,MN,Southeast,South,2013-04-17,,,,,,,,,,,,
CUST01718,Summit Community Clinic,Stephen Murphy,(672) 176-1898,(672) 176-1898,Stephen.Murphy733@summit.com,New Orleans,LA,South,South,2022-06-03,,,,,,,,,,,,
CUST01719,Parkview Long-Term Care Facility,Jonathan Hernandez,(751) 387-7123,(751) 387-7123,Jonathan.Hernandez546@parkview.com,Phoenix,AZ,West,West,2022-11-14,,,,,,,,,,,,
CUST01720,Beacon Hospital,Nicholas Evans,730 451 9455,(730) 451-9455,Nicholas.Evans952@beacon.com,Seattle,WA,Midwest,North,2021-06-08,,,,,,,,,,,,
CUST01721,Cedar Long-Term Care Facility,Gary Green,880.796.4031,(880) 796-4031,Gary.Green523@cedar.com,Seattle,WA,West,West,2017-06-08,,,,,,,,,,,,
CUST01722,Northgate Health System,Lisa Edwards,(362) 054-4933,(362) 054-4933,Lisa.Edwards84@northgate.com,Billings,MT,North,North,2022-08-22,,,,,,,,,,,,
CUST01723,Eastview Urgent Care Clinic,Pamela Scott,5670207153,(567) 020-7153,Pamela.Scott191@eastview.com,Sioux Falls,SD,North,North,2011-03-28,,,,,,,,,,,,
CUST01724,Mercy Community Clinic,Carolyn Cook,3544078967,(354) 407-8967,Carolyn.Cook896@mercy.com,Philadelphia,PA,East,East,2021-10-15,,,,,,,,,,,,
CUST01725,Cornerstone Health System,William Thomas,1007204094,(100) 720-4094,William.Thomas802@cornerstone.com,Atlanta,GA,South,South,2013-11-24,,,,,,,,,,,,
CUST01726,Grace Urgent Care Clinic,David Gutierrez,7804104866,(780) 410-4866,David.Gutierrez429@grace.com,Sioux Falls,SD,North,North,2015-10-08,,,,,,,,,,,,
CUST01727,Summit Urgent Care Clinic,Jessica Cook,(470) 498-6711,(470) 498-6711,Jessica.Cook475@summit.com,Seattle,WA,West,West,2020-06-16,,,,,,,,,,,,
CUST01728,Riverside Long-Term Care Facility,Gregory Diaz,7044307324,(704) 430-7324,Gregory.Diaz792@riverside.com,Atlanta,GA,South,South,2021-11-21,,,,,,,,,,,,
CUST01729,Beacon Health System,Jack Cook,(30) 438-1779,(030) 438-1779,Jack.Cook956@beacon.com,Portland,OR,West,West,2023-03-26,,,,,,,,,,,,
CUST01730,Summit Health System,Shirley Diaz,(247) 048-1130,(247) 048-1130,Shirley.Diaz787@summit.com,Boston,MA,East,East,2016-06-20,,,,,,,,,,,,
CUST01731,Summit Hospital,Jacob Davis,(565) 181-2759,(565) 181-2759,Jacob.Davis23@summit.com,Dallas,TX,South,South,2015-07-07,,,,,,,,,,,,
CUST01732,Southport Urgent Care Clinic,Barbara Martin,256.740.5362,(256) 740-5362,Barbara.Martin211@southport.com,Portland,OR,West,West,2012-10-08,,,,,,,,,,,,
CUST01733,Union Pharmacy,Rebecca Howard,190 206 0713,(190) 206-0713,Rebecca.Howard209@union.com,Albany,NY,East,East,2011-03-09,,,,,,,,,,,,
CUST01734,Lakeside Long-Term Care Facility,Sarah Green,442 673 5384,(442) 673-5384,Sarah.Green794@lakeside.com,Newark,NJ,East,East,2019-07-09,,,,,,,,,,,,
CUST01735,Maple Pharmacy,Kevin Green,599.944.2618,(599) 944-2618,Kevin.Green215@maple.com,Sacramento,CA,West,West,2019-11-02,,,,,,,,,,,,
CUST01736,Union Long-Term Care Facility,Matthew Moore,950-814-9940,(950) 814-9940,Matthew.Moore200@union.com,Birmingham,AL,South,South,2017-10-16,,,,,,,,,,,,
CUST01737,Mercy Health System,Angela Rogers,(352) 880-5075,(352) 880-5075,Angela.Rogers91@mercy.com,Tampa,FL,South,South,2023-02-21,,,,,,,,,,,,
CUST01738,Parkview Community Clinic,Emily Reed,425.247.7774,(425) 247-7774,Emily.Reed400@parkview.com,Tampa,FL,South,South,2015-12-08,,,,,,,,,,,,
CUST01739,Cornerstone Long-Term Care Facility,Joshua Cooper,4006069882,(400) 606-9882,Joshua.Cooper445@cornerstone.com,Dallas,TX,South,South,2012-10-28,,,,,,,,,,,,
CUST01740,Parkview Community Clinic,Sarah Thomas,(779) 385-4609,(779) 385-4609,Sarah.Thomas23@parkview.com,Philadelphia,PA,East,East,2015-09-14,,,,,,,,,,,,
CUST01741,Parkview Pharmacy,Charles Allen,539-601-6099,(539) 601-6099,Charles.Allen480@parkview.com,Tampa,FL,South,South,2010-09-12,,,,,,,,,,,,
CUST01742,Cornerstone Medical Center,Linda Robinson,517.431.6032,(517) 431-6032,Linda.Robinson768@cornerstone.com,Birmingham,AL,South,South,2023-02-10,,,,,,,,,,,,
CUST01743,Southport Urgent Care Clinic,Larry Turner,789.523.6179,(789) 523-6179,Larry.Turner744@southport.com,Philadelphia,PA,East,East,2015-11-21,,,,,,,,,,,,
CUST01744,Westfield Urgent Care Clinic,Catherine Wilson,7812731742,(781) 273-1742,Catherine.Wilson542@westfield.com,Hartford,CT,East,East,2015-02-16,,,,,,,,,,,,
CUST01745,Summit Hospital,Patricia Scott,936 276 1764,(936) 276-1764,Patricia.Scott42@summit.com,Albany,NY,East,East,2016-03-28,,,,,,,,,,,,
CUST01746,Grace Community Clinic,Thomas Morgan,863 811 0502,(863) 811-0502,Thomas.Morgan736@grace.com,Philadelphia,PA,Northeast,East,2023-07-12,,,,,,,,,,,,
CUST01747,Lakeside Hospital,Lisa Clark,595.282.7677,(595) 282-7677,Lisa.Clark640@lakeside.com,Portland,OR,West,West,2014-09-18,,,,,,,,,,,,
CUST01748,Eastview Urgent Care Clinic,Brian Thomas,(732) 783-9692,(732) 783-9692,Brian.Thomas43@eastview.com,Atlanta,GA,South,South,2010-04-08,,,,,,,,,,,,
CUST01749,Grace Hospital,Angela Rodriguez,214-348-6965,(214) 348-6965,Angela.Rodriguez370@grace.com,Sioux Falls,SD,North,North,2017-12-30,,,,,,,,,,,,
CUST01750,Southport Medical Center,Larry Campbell,089 831 8730,(089) 831-8730,Larry.Campbell53@southport.com,Minneapolis,MN,North,North,2020-09-06,,,,,,,,,,,,
CUST01751,Northgate Health System,Michael Lee,312.973.4148,(312) 973-4148,Michael.Lee701@northgate.com,Birmingham,AL,South,South,2020-03-07,,,,,,,,,,,,
CUST01752,Mercy Community Clinic,Benjamin Morris,800 907 2208,(800) 907-2208,Benjamin.Morris88@mercy.com,Billings,MT,North,North,2013-07-07,,,,,,,,,,,,
CUST01753,Maple Long-Term Care Facility,Samantha Gutierrez,(959) 602-3315,(959) 602-3315,Samantha.Gutierrez739@maple.com,Philadelphia,PA,East,East,2020-06-02,,,,,,,,,,,,
CUST01754,Maple Urgent Care Clinic,James Cox,9032308880,(903) 230-8880,James.Cox290@maple.com,Portland,OR,West,West,2011-07-04,,,,,,,,,,,,
CUST01755,Union Medical Center,Brian Gutierrez,413 007 8867,(413) 007-8867,Brian.Gutierrez718@union.com,Milwaukee,WI,North,North,2020-11-13,,,,,,,,,,,,
CUST01756,Union Urgent Care Clinic,Jason Richardson,9145049723,(914) 504-9723,Jason.Richardson299@union.com,Albany,NY,East,East,2018-10-28,,,,,,,,,,,,
CUST01757,Parkview Hospital,Gregory Adams,518.142.0438,(518) 142-0438,Gregory.Adams936@parkview.com,New Orleans,LA,South,South,2011-01-12,,,,,,,,,,,,
CUST01758,Eastview Community Clinic,Steven Jones,4349394166,(434) 939-4166,Steven.Jones453@eastview.com,Seattle,WA,Southeast,South,2022-06-21,,,,,,,,,,,,
CUST01759,Heritage Community Clinic,Laura Collins,585 749 1106,(585) 749-1106,Laura.Collins657@heritage.com,Denver,CO,West,West,2013-05-23,,,,,,,,,,,,
CUST01760,Westfield Medical Center,Christopher Scott,(397) 895-3770,(397) 895-3770,Christopher.Scott589@westfield.com,Billings,MT,North,North,2014-10-09,,,,,,,,,,,,
CUST01761,Maple Long-Term Care Facility,Donna Garcia,(982) 437-8047,(982) 437-8047,Donna.Garcia495@maple.com,Portland,OR,West,West,2024-02-03,,,,,,,,,,,,
CUST01762,Northgate Health System,Patrick Lee,756 926 9203,(756) 926-9203,Patrick.Lee481@northgate.com,Portland,OR,Midwest,North,2014-09-03,,,,,,,,,,,,
CUST01763,Hilltop Urgent Care Clinic,Nicholas Kelly,721 230 0857,(721) 230-0857,Nicholas.Kelly358@hilltop.com,Milwaukee,WI,North,North,2023-03-02,,,,,,,,,,,,
CUST01764,Mercy Pharmacy,Jonathan Ramirez,2566009805,(256) 600-9805,Jonathan.Ramirez418@mercy.com,Atlanta,GA,South,South,2024-08-27,,,,,,,,,,,,
CUST01765,Lakeside Health System,Catherine Morgan,4136532985,(413) 653-2985,Catherine.Morgan274@lakeside.com,Dallas,TX,South,South,2023-10-30,,,,,,,,,,,,
CUST01766,Beacon Community Clinic,Donald Young,070.600.7461,(070) 600-7461,Donald.Young893@beacon.com,Phoenix,AZ,West,West,2019-12-26,,,,,,,,,,,,
CUST01767,Lakeside Pharmacy,Carolyn Collins,(744) 368-7163,(744) 368-7163,Carolyn.Collins448@lakeside.com,Hartford,CT,Midwest,North,2014-03-08,,,,,,,,,,,,
CUST01768,Cedar Long-Term Care Facility,Donna Cooper,405-458-6618,(405) 458-6618,Donna.Cooper742@cedar.com,Boston,MA,East,East,2021-03-15,,,,,,,,,,,,
CUST01769,Cedar Urgent Care Clinic,Anthony King,5314198872,(531) 419-8872,Linda.Anderson563@valley.com,Newark,NJ,East,East,2022-10-30,,,,,,,,,,,,
CUST01770,Cedar Hospital,Carolyn Thomas,3998215900,(399) 821-5900,Carolyn.Thomas217@cedar.com,Atlanta,GA,South,South,2013-02-09,,,,,,,,,,,,
CUST01771,Riverside Community Clinic,Carolyn Carter,456 771 5417,(456) 771-5417,Carolyn.Carter400@riverside.com,Philadelphia,PA,East,East,2010-02-27,,,,,,,,,,,,
CUST01772,Union Urgent Care Clinic,Cynthia Phillips,391 164 5767,(391) 164-5767,Cynthia.Phillips955@union.com,Denver,CO,West,West,2018-05-10,,,,,,,,,,,,
CUST01773,Hilltop Long-Term Care Facility,Sarah Ramos,476 085 2085,(476) 085-2085,Sarah.Ramos447@hilltop.com,Phoenix,AZ,West,West,2016-12-21,,,,,,,,,,,,
CUST01774,Union Urgent Care Clinic,Nicholas Morales,(49) 988-7829,(049) 988-7829,Nicholas.Morales148@union.com,Dallas,TX,South,South,2020-07-01,,,,,,,,,,,,
CUST01775,Westfield Urgent Care Clinic,Frank Robinson,6185069298,(618) 506-9298,Susan.Taylor645@summit.com,Newark,NJ,East,East,2021-10-20,,,,,,,,,,,,
CUST01776,Eastview Medical Center,Steven Young,(724) 663-9032,(724) 663-9032,Steven.Young57@eastview.com,Minneapolis,MN,North,North,2014-05-09,,,,,,,,,,,,
CUST01777,Heritage Pharmacy,Steven Cook,330.111.8406,(330) 111-8406,Steven.Cook545@heritage.com,New Orleans,LA,South,South,2017-04-03,,,,,,,,,,,,
CUST01778,Crossroads Urgent Care Clinic,Helen Collins,4529615143,(452) 961-5143,Helen.Collins959@crossroads.com,Portland,OR,West,West,2015-09-04,,,,,,,,,,,,
CUST01779,Parkview Urgent Care Clinic,Samantha Parker,9838713556,(983) 871-3556,Samantha.Parker997@parkview.com,Tampa,FL,Southeast,South,2015-07-21,,,,,,,,,,,,
CUST01780,Northgate Community Clinic,Maria Howard,(417) 825-6019,(417) 825-6019,Maria.Howard114@northgate.com,Hartford,CT,East,East,2019-09-11,,,,,,,,,,,,
CUST01781,Eastview Hospital,George Anderson,(762) 936-8426,(762) 936-8426,George.Anderson497@eastview.com,Denver,CO,West,West,2023-03-26,,,,,,,,,,,,
CUST01782,Northgate Medical Center,Patrick Taylor,901.027.1909,(901) 027-1909,Patrick.Taylor857@northgate.com,Phoenix,AZ,West,West,2010-03-15,,,,,,,,,,,,
CUST01783,Heritage Hospital,Paul Turner,151 904 5624,(151) 904-5624,Paul.Turner706@heritage.com,Seattle,WA,Northeast,East,2014-02-07,,,,,,,,,,,,
CUST01784,Lakeside Hospital,Catherine Taylor,633-935-0824,(633) 935-0824,Catherine.Taylor393@lakeside.com,Sioux Falls,SD,North,North,2012-11-16,,,,,,,,,,,,
CUST01785,Southport Urgent Care Clinic,Andrew Ortiz,755-984-1420,(755) 984-1420,Andrew.Ortiz305@southport.com,Fargo,ND,Northeast,East,2014-04-03,,,,,,,,,,,,
CUST01786,Mercy Long-Term Care Facility,Patricia Moore,0933280999,(093) 328-0999,Patricia.Moore272@mercy.com,Sioux Falls,SD,North,North,2016-01-20,,,,,,,,,,,,
CUST01787,Westfield Pharmacy,Jacob Lewis,0771823532,(077) 182-3532,Jacob.Lewis502@westfield.com,Dallas,TX,Midwest,North,2019-10-14,,,,,,,,,,,,
CUST01788,Union Urgent Care Clinic,Andrew Reyes,(727) 573-5548,(727) 573-5548,Andrew.Reyes961@union.com,Boston,MA,East,East,2012-03-08,,,,,,,,,,,,
CUST01789,Grace Hospital,William Hall,393-929-4270,(393) 929-4270,William.Hall61@grace.com,Phoenix,AZ,Midwest,North,2024-05-23,,,,,,,,,,,,
CUST01790,Northgate Pharmacy,Andrew Edwards,906-279-8958,(906) 279-8958,Andrew.Edwards485@northgate.com,Newark,NJ,East,East,2014-03-28,,,,,,,,,,,,
CUST01791,Cornerstone Hospital,Ashley Reed,(903) 719-1275,(903) 719-1275,Ashley.Reed714@cornerstone.com,Milwaukee,WI,North,North,2018-02-18,,,,,,,,,,,,
CUST01792,Parkview Urgent Care Clinic,James Scott,(116) 220-6591,(116) 220-6591,James.Scott855@parkview.com,Fargo,ND,North,North,2015-08-22,,,,,,,,,,,,
CUST01793,Grace Hospital,Alexander Smith,443-296-9142,(443) 296-9142,Alexander.Smith647@grace.com,Newark,NJ,East,East,2011-04-07,,,,,,,,,,,,
CUST01794,Summit Medical Center,Debra Morris,835.278.0878,(835) 278-0878,Debra.Morris109@summit.com,Birmingham,AL,South,South,2011-04-07,,,,,,,,,,,,
CUST01795,Northgate Health System,Shirley Diaz,300.090.0632,(300) 090-0632,Shirley.Diaz661@northgate.com,New Orleans,LA,South,South,2020-09-03,,,,,,,,,,,,
CUST01796,Union Medical Center,Sharon Ramirez,617.284.7034,(617) 284-7034,Sharon.Ramirez226@union.com,Boston,MA,East,East,2014-02-14,,,,,,,,,,,,
CUST01797,Westfield Community Clinic,Kenneth Murphy,6841546351,(684) 154-6351,Kenneth.Murphy209@westfield.com,Portland,OR,West,West,2017-01-12,,,,,,,,,,,,
CUST01798,Cedar Long-Term Care Facility,Mary Garcia,7696595965,(769) 659-5965,Mary.Garcia805@cedar.com,Albany,NY,East,East,2024-05-14,,,,,,,,,,,,
CUST01799,Southport Long-Term Care Facility,Christopher White,(229) 648-4210,(229) 648-4210,Christopher.White995@southport.com,Birmingham,AL,South,South,2012-11-13,,,,,,,,,,,,
CUST01800,Cedar Urgent Care Clinic,William Torres,953.723.7660,(953) 723-7660,William.Torres148@cedar.com,Philadelphia,PA,East,East,2019-08-21,,,,,,,,,,,,
CUST01801,Northgate Urgent Care Clinic,Jessica Williams,708-137-2298,(708) 137-2298,Jessica.Williams635@northgate.com,Milwaukee,WI,North,North,2014-06-29,,,,,,,,,,,,
CUST01802,Summit Urgent Care Clinic,Patricia Collins,295.014.9628,(295) 014-9628,Patricia.Collins825@summit.com,Newark,NJ,East,East,2019-09-14,,,,,,,,,,,,
CUST01803,Cornerstone Community Clinic,Jeffrey Cook,(878) 347-6790,(878) 347-6790,Jeffrey.Cook160@cornerstone.com,Newark,NJ,East,East,2016-12-20,,,,,,,,,,,,
CUST01804,Grace Urgent Care Clinic,Christopher Rivera,(483) 609-4386,(483) 609-4386,Christopher.Rivera928@grace.com,Phoenix,AZ,West,West,2010-05-15,,,,,,,,,,,,
CUST01805,Union Health System,Carol Edwards,629-726-6923,(629) 726-6923,Carol.Edwards753@union.com,Hartford,CT,East,East,2013-07-25,,,,,,,,,,,,
CUST01806,Southport Medical Center,Steven Parker,927 047 2334,(927) 047-2334,Steven.Parker427@southport.com,Boston,MA,East,East,2018-12-03,,,,,,,,,,,,
CUST01807,Lakeside Pharmacy,Stephen Roberts,(496) 180-6862,(496) 180-6862,Stephen.Roberts776@lakeside.com,Albany,NY,East,East,2021-08-30,,,,,,,,,,,,
CUST01808,Crossroads Community Clinic,Samantha Adams,4494039518,(449) 403-9518,Samantha.Adams428@crossroads.com,Denver,CO,West,West,2011-12-12,,,,,,,,,,,,
CUST01809,Westfield Hospital,Jack Harris,(833) 183-8016,(833) 183-8016,Jack.Harris275@westfield.com,Albany,NY,East,East,2020-07-08,,,,,,,,,,,,
CUST01810,Cornerstone Medical Center,Patricia Martinez,377-939-8012,(377) 939-8012,Patricia.Martinez395@cornerstone.com,Milwaukee,WI,North,North,2014-10-28,,,,,,,,,,,,
CUST01811,Crossroads Pharmacy,Katherine Ramirez,2391523133,(239) 152-3133,Katherine.Ramirez696@crossroads.com,Newark,NJ,Midwest,North,2011-06-30,,,,,,,,,,,,
CUST01812,Riverside Urgent Care Clinic,Lisa Richardson,(023) 189-6720,(023) 189-6720,Lisa.Richardson357@riverside.com,Dallas,TX,South,South,2023-07-23,,,,,,,,,,,,
CUST01813,Southport Pharmacy,Amanda Ramirez,5690001917,(569) 000-1917,Amanda.Ramirez841@southport.com,Sioux Falls,SD,North,North,2013-11-27,,,,,,,,,,,,
CUST01814,Westfield Urgent Care Clinic,Joseph Anderson,(871) 515-4746,(871) 515-4746,Joseph.Anderson477@westfield.com,Tampa,FL,South,South,2024-01-19,,,,,,,,,,,,
CUST01815,Heritage Pharmacy,Brenda Sanchez,(282) 040-0938,(282) 040-0938,Brenda.Sanchez290@heritage.com,Sacramento,CA,West,West,2024-01-25,,,,,,,,,,,,
CUST01816,Cornerstone Community Clinic,Elizabeth Cooper,216 005 9324,(216) 005-9324,Elizabeth.Cooper240@cornerstone.com,Milwaukee,WI,North,North,2013-02-11,,,,,,,,,,,,
CUST01817,Mercy Community Clinic,Brian Nguyen,(520) 213-1167,(520) 213-1167,Brian.Nguyen170@mercy.com,Birmingham,AL,South,South,2021-11-13,,,,,,,,,,,,
CUST01818,Northgate Community Clinic,Jonathan Evans,011 678 1167,(011) 678-1167,Jonathan.Evans755@northgate.com,Birmingham,AL,South,South,2013-01-16,,,,,,,,,,,,
CUST01819,Riverside Health System,Brandon Kelly,(864) 267-3022,(864) 267-3022,Brandon.Kelly307@riverside.com,Tampa,FL,Northeast,East,2011-11-17,,,,,,,,,,,,
CUST01820,Union Medical Center,Cynthia Adams,(053) 198-4105,(053) 198-4105,Cynthia.Adams815@union.com,Dallas,TX,South,South,2017-03-04,,,,,,,,,,,,
CUST01821,Crossroads Pharmacy,Cynthia Ward,8467703784,(846) 770-3784,Cynthia.Ward504@crossroads.com,Hartford,CT,East,East,2011-02-10,,,,,,,,,,,,
CUST01822,Riverside Community Clinic,Angela Lee,(644) 058-3550,(644) 058-3550,Angela.Lee453@riverside.com,Dallas,TX,South,South,2013-09-30,,,,,,,,,,,,
CUST01823,Beacon Medical Center,Susan Lopez,282.901.8320,(282) 901-8320,Susan.Lopez770@beacon.com,Seattle,WA,West,West,2013-07-15,,,,,,,,,,,,
CUST01824,Northgate Pharmacy,Joshua Garcia,368-019-9050,(368) 019-9050,Joshua.Garcia411@northgate.com,Albany,NY,East,East,2017-01-22,,,,,,,,,,,,
CUST01825,Cedar Pharmacy,Laura Rogers,(711) 706-4857,(711) 706-4857,Laura.Rogers570@cedar.com,Portland,OR,West,West,2019-02-05,,,,,,,,,,,,
CUST01826,Cedar Hospital,Emma Davis,(790) 448-1388,(790) 448-1388,Emma.Davis936@cedar.com,Tampa,FL,South,South,2012-10-15,,,,,,,,,,,,
CUST01827,Eastview Pharmacy,Jack Brown,6776195249,(677) 619-5249,Jack.Brown99@eastview.com,Boston,MA,East,East,2020-11-08,,,,,,,,,,,,
CUST01828,Cornerstone Pharmacy,Steven Hall,(451) 770-2238,(451) 770-2238,Steven.Hall981@cornerstone.com,Dallas,TX,South,South,2015-02-28,,,,,,,,,,,,
CUST01829,Parkview Urgent Care Clinic,Anna Reed,253.209.5928,(253) 209-5928,Anna.Reed569@parkview.com,Birmingham,AL,South,South,2020-08-21,,,,,,,,,,,,
CUST01830,Southport Long-Term Care Facility,Steven Brown,729 933 5702,(729) 933-5702,Steven.Brown916@southport.com,Hartford,CT,East,East,2023-09-26,,,,,,,,,,,,
CUST01831,Cornerstone Hospital,Justin Bailey,984-648-4427,(984) 648-4427,Justin.Bailey239@cornerstone.com,Phoenix,AZ,West,West,2017-02-27,,,,,,,,,,,,
CUST01832,Grace Community Clinic,Kevin Lewis,918-867-6227,(918) 867-6227,Kevin.Lewis851@grace.com,Newark,NJ,East,East,2015-04-07,,,,,,,,,,,,
CUST01833,Westfield Long-Term Care Facility,Sarah Lopez,016 633 4014,(016) 633-4014,Sarah.Lopez384@westfield.com,Sioux Falls,SD,North,North,2018-12-08,,,,,,,,,,,,
CUST01834,Northgate Community Clinic,Ryan Jones,636.288.6233,(636) 288-6233,Ryan.Jones291@northgate.com,Philadelphia,PA,East,East,2016-03-10,,,,,,,,,,,,
CUST01835,Mercy Urgent Care Clinic,Emma King,434.421.1175,(434) 421-1175,Emma.King301@mercy.com,Albany,NY,East,East,2022-09-25,,,,,,,,,,,,
CUST01836,Hilltop Urgent Care Clinic,Elizabeth Lee,188.424.6381,(188) 424-6381,Elizabeth.Lee640@hilltop.com,Newark,NJ,East,East,2012-06-30,,,,,,,,,,,,
CUST01837,Trinity Pharmacy,Jeffrey Clark,246.429.9872,(246) 429-9872,Jeffrey.Clark331@trinity.com,Boston,MA,East,East,2014-10-23,,,,,,,,,,,,
CUST01838,Beacon Community Clinic,Christine Martinez,915.300.7514,(915) 300-7514,Christine.Martinez817@beacon.com,Portland,OR,West,West,2021-11-12,,,,,,,,,,,,
CUST01839,Eastview Hospital,Patrick Cook,(305) 782-4531,(305) 782-4531,Pamela.Williams684@grace.com,Denver,CO,West,West,2013-02-23,,,,,,,,,,,,
CUST01840,Grace Urgent Care Clinic,Sharon Ramos,8624301460,(862) 430-1460,Sharon.Ramos399@grace.com,Newark,NJ,East,East,2012-07-24,,,,,,,,,,,,
CUST01841,Riverside Community Clinic,Benjamin Jones,374 912 1879,(374) 912-1879,Benjamin.Jones396@riverside.com,Denver,CO,West,West,2017-08-02,,,,,,,,,,,,
CUST01842,Trinity Pharmacy,Sharon Garcia,(590) 112-5023,(590) 112-5023,Sharon.Garcia2@trinity.com,Fargo,ND,North,North,2015-09-15,,,,,,,,,,,,
CUST01843,Lakeside Long-Term Care Facility,David King,9868321208,(986) 832-1208,David.King766@lakeside.com,Birmingham,AL,South,South,2023-11-04,,,,,,,,,,,,
CUST01844,Westfield Health System,Samuel Rodriguez,(966) 997-8420,(966) 997-8420,Samuel.Rodriguez293@westfield.com,Tampa,FL,Southeast,South,2011-11-26,,,,,,,,,,,,
CUST01845,Eastview Urgent Care Clinic,Nancy Gutierrez,737.238.6159,(737) 238-6159,Nancy.Gutierrez722@eastview.com,Tampa,FL,South,South,2017-03-23,,,,,,,,,,,,
CUST01846,Beacon Community Clinic,Kenneth Murphy,763.798.2930,(763) 798-2930,Kenneth.Murphy490@beacon.com,Boston,MA,East,East,2022-11-22,,,,,,,,,,,,
CUST01847,Beacon Medical Center,Frank Morgan,074 105 9394,(074) 105-9394,Frank.Morgan106@beacon.com,Birmingham,AL,South,South,2017-02-05,,,,,,,,,,,,
CUST01848,Eastview Pharmacy,Janet Johnson,5602858696,(560) 285-8696,Janet.Johnson876@eastview.com,New Orleans,LA,Northeast,East,2023-11-06,,,,,,,,,,,,
CUST01849,Northgate Medical Center,Thomas Roberts,607.512.1018,(607) 512-1018,Thomas.Roberts170@northgate.com,Philadelphia,PA,East,East,2024-11-16,,,,,,,,,,,,
CUST01850,Grace Hospital,Katherine Robinson,(802) 459-4085,(802) 459-4085,Katherine.Robinson330@grace.com,Philadelphia,PA,East,East,2019-02-03,,,,,,,,,,,,
CUST01851,Southport Urgent Care Clinic,Mark Morales,3779507655,(377) 950-7655,Mark.Morales897@southport.com,Newark,NJ,East,East,2015-08-27,,,,,,,,,,,,
CUST01852,Mercy Health System,Christopher Morris,584-679-0175,(584) 679-0175,Christopher.Morris604@mercy.com,Tampa,FL,Northeast,East,2024-03-26,,,,,,,,,,,,
CUST01853,Beacon Hospital,Michael Jackson,(652) 396-7499,(652) 396-7499,Michael.Jackson62@beacon.com,Hartford,CT,East,East,2015-01-10,,,,,,,,,,,,
CUST01854,Crossroads Community Clinic,Larry Green,0841591242,(084) 159-1242,Larry.Green482@crossroads.com,Philadelphia,PA,Northeast,East,2017-03-07,,,,,,,,,,,,
CUST01855,Heritage Hospital,Michelle Taylor,(397) 635-2946,(397) 635-2946,Michelle.Taylor741@heritage.com,Albany,NY,East,East,2019-09-29,,,,,,,,,,,,
CUST01856,Valley Community Clinic,Angela Ortiz,(206) 334-6118,(206) 334-6118,Angela.Ortiz508@valley.com,Fargo,ND,Southeast,South,2014-03-28,,,,,,,,,,,,
CUST01857,Summit Medical Center,Stephanie Miller,(933) 804-1917,(933) 804-1917,Stephanie.Miller252@summit.com,Birmingham,AL,South,South,2014-07-16,,,,,,,,,,,,
CUST01858,Southport Long-Term Care Facility,Robert Cox,441 843 6602,(441) 843-6602,Robert.Cox941@southport.com,Billings,MT,North,North,2014-06-20,,,,,,,,,,,,
CUST01859,Southport Pharmacy,Ryan Walker,2109367677,(210) 936-7677,Ryan.Walker874@southport.com,Denver,CO,West,West,2019-05-02,,,,,,,,,,,,
CUST01860,Parkview Urgent Care Clinic,Steven Sanchez,459 034 8195,(459) 034-8195,Steven.Sanchez367@parkview.com,Portland,OR,West,West,2012-06-28,,,,,,,,,,,,
CUST01861,Lakeside Pharmacy,Ashley Harris,955 330 8923,(955) 330-8923,Ashley.Harris669@lakeside.com,Birmingham,AL,South,South,2011-11-05,,,,,,,,,,,,
CUST01862,Mercy Hospital,Sarah Diaz,8550702640,(855) 070-2640,Sarah.Diaz15@mercy.com,Fargo,ND,North,North,2018-08-25,,,,,,,,,,,,
CUST01863,Westfield Medical Center,Ashley Allen,(144) 876-2164,(144) 876-2164,Ashley.Allen677@westfield.com,Fargo,ND,North,North,2013-01-17,,,,,,,,,,,,
CUST01864,Cornerstone Medical Center,Sandra Campbell,406-957-2520,(406) 957-2520,Sandra.Campbell520@cornerstone.com,Seattle,WA,Midwest,North,2023-11-28,,,,,,,,,,,,
CUST01865,Parkview Hospital,Helen Rivera,828.488.9199,(828) 488-9199,Helen.Rivera975@parkview.com,Sacramento,CA,West,West,2011-11-08,,,,,,,,,,,,
CUST01866,Union Medical Center,Kimberly Martinez,(644) 645-2390,(644) 645-2390,Kimberly.Martinez992@union.com,Billings,MT,North,North,2018-04-23,,,,,,,,,,,,
CUST01867,Westfield Hospital,Scott Hall,8554701897,(855) 470-1897,Scott.Hall783@westfield.com,New Orleans,LA,South,South,2011-01-05,,,,,,,,,,,,
CUST01868,Westfield Pharmacy,Alexander Flores,(936) 725-0280,(936) 725-0280,Alexander.Flores683@westfield.com,Phoenix,AZ,West,West,2011-09-21,,,,,,,,,,,,
CUST01869,Hilltop Medical Center,Samantha Taylor,(603) 161-3407,(603) 161-3407,Samantha.Taylor822@hilltop.com,Sioux Falls,SD,North,North,2011-12-21,,,,,,,,,,,,
CUST01870,Eastview Medical Center,Rachel Cook,2754283286,(275) 428-3286,Rachel.Cook347@eastview.com,Boston,MA,East,East,2012-01-10,,,,,,,,,,,,
CUST01871,Lakeside Urgent Care Clinic,Sharon Turner,(815) 571-5566,(815) 571-5566,Sharon.Turner574@lakeside.com,Phoenix,AZ,West,West,2023-01-22,,,,,,,,,,,,
CUST01872,Lakeside Urgent Care Clinic,Jason Anderson,364 605 9551,(364) 605-9551,Jason.Anderson885@lakeside.com,Birmingham,AL,South,South,2011-08-11,,,,,,,,,,,,
CUST01873,Northgate Hospital,William Ramos,2245182569,(224) 518-2569,William.Ramos132@northgate.com,Boston,MA,East,East,2011-10-30,,,,,,,,,,,,
CUST01874,Trinity Hospital,Jack Sanchez,6978487989,(697) 848-7989,Jack.Sanchez88@trinity.com,Portland,OR,West,West,2022-10-27,,,,,,,,,,,,
CUST01875,Southport Medical Center,Steven Moore,0436922591,(043) 692-2591,Steven.Moore241@southport.com,Fargo,ND,North,North,2010-02-05,,,,,,,,,,,,
CUST01876,Summit Pharmacy,Ashley Reyes,0176319198,(017) 631-9198,Ashley.Reyes699@summit.com,Portland,OR,West,West,2024-08-12,,,,,,,,,,,,
CUST01877,Crossroads Pharmacy,Jacob Clark,6062230635,(606) 223-0635,Jacob.Clark657@crossroads.com,Philadelphia,PA,East,East,2017-11-30,,,,,,,,,,,,
CUST01878,Parkview Medical Center,Maria Lee,429-841-0400,(429) 841-0400,Maria.Lee481@parkview.com,Boston,MA,East,East,2014-07-23,,,,,,,,,,,,
CUST01879,Northgate Pharmacy,Joseph Bailey,(274) 635-2356,(274) 635-2356,Joseph.Bailey528@northgate.com,Tampa,FL,South,South,2013-05-24,,,,,,,,,,,,
CUST01880,Southport Pharmacy,Susan Gonzalez,958 621 8531,(958) 621-8531,Susan.Gonzalez672@southport.com,Sioux Falls,SD,North,North,2013-09-02,,,,,,,,,,,,
CUST01881,Cedar Health System,Daniel Cook,0366663694,(036) 666-3694,Daniel.Cook76@cedar.com,Phoenix,AZ,West,West,2024-07-31,,,,,,,,,,,,
CUST01882,Valley Hospital,Patricia Lewis,450.337.9029,(450) 337-9029,Patricia.Lewis503@valley.com,Portland,OR,West,West,2018-02-07,,,,,,,,,,,,
CUST01883,Mercy Hospital,Amanda Miller,245 275 6719,(245) 275-6719,Amanda.Miller833@mercy.com,Dallas,TX,South,South,2015-08-07,,,,,,,,,,,,
CUST01884,Mercy Pharmacy,Helen Martinez,(71) 265-2494,(071) 265-2494,Helen.Martinez513@mercy.com,Denver,CO,West,West,2017-12-22,,,,,,,,,,,,
CUST01885,Beacon Hospital,Paul Kelly,2015149777,(201) 514-9777,Paul.Kelly92@beacon.com,New Orleans,LA,South,South,2015-07-09,,,,,,,,,,,,
CUST01886,Cedar Medical Center,Larry Brown,528 226 1954,(528) 226-1954,Larry.Brown911@cedar.com,Portland,OR,West,West,2012-12-09,,,,,,,,,,,,
CUST01887,Westfield Health System,Laura Baker,(345) 776-6138,(345) 776-6138,Laura.Baker641@westfield.com,Hartford,CT,East,East,2017-08-16,,,,,,,,,,,,
CUST01888,Lakeside Pharmacy,Mary Anderson,6783239593,(678) 323-9593,Mary.Anderson594@lakeside.com,Fargo,ND,North,North,2016-05-21,,,,,,,,,,,,
CUST01889,Summit Pharmacy,Sarah Smith,1853608780,(185) 360-8780,Sarah.Smith685@summit.com,Sacramento,CA,West,West,2013-02-19,,,,,,,,,,,,
CUST01890,Southport Pharmacy,Jeffrey Lee,112-099-6676,(112) 099-6676,Jeffrey.Lee967@southport.com,New Orleans,LA,South,South,2010-05-23,,,,,,,,,,,,
CUST01891,Parkview Hospital,Carolyn Smith,836 567 0719,(836) 567-0719,Carolyn.Smith356@parkview.com,Tampa,FL,South,South,2019-02-05,,,,,,,,,,,,
CUST01892,Union Community Clinic,Scott Young,396-770-5467,(396) 770-5467,Scott.Young78@union.com,Portland,OR,West,West,2018-10-21,,,,,,,,,,,,
CUST01893,Beacon Urgent Care Clinic,Edward Morgan,(546) 887-3058,(546) 887-3058,Edward.Morgan128@beacon.com,Billings,MT,North,North,2011-04-22,,,,,,,,,,,,
CUST01894,Valley Long-Term Care Facility,Rachel Jones,(292) 662-5478,(292) 662-5478,Rachel.Jones578@valley.com,Newark,NJ,East,East,2017-05-09,,,,,,,,,,,,
CUST01895,Lakeside Health System,Debra Davis,(461) 597-0001,(461) 597-0001,Debra.Davis990@lakeside.com,Albany,NY,East,East,2010-10-14,,,,,,,,,,,,
CUST01896,Northgate Medical Center,Helen Scott,(347) 436-9390,(347) 436-9390,Helen.Scott108@northgate.com,Philadelphia,PA,East,East,2014-09-22,,,,,,,,,,,,
CUST01897,Cornerstone Pharmacy,Brenda Allen,183 213 0542,(183) 213-0542,Brenda.Allen671@cornerstone.com,Hartford,CT,East,East,2013-12-05,,,,,,,,,,,,
CUST01898,Cedar Urgent Care Clinic,Emma Torres,903 594 0942,(903) 594-0942,Emma.Torres65@cedar.com,Minneapolis,MN,North,North,2014-01-26,,,,,,,,,,,,
CUST01899,Cornerstone Urgent Care Clinic,Laura Jones,9032388767,(903) 238-8767,Laura.Jones648@cornerstone.com,Denver,CO,West,West,2018-09-08,,,,,,,,,,,,
CUST01900,Valley Long-Term Care Facility,Donna Harris,403.997.8387,(403) 997-8387,Donna.Harris22@valley.com,Albany,NY,East,East,2021-11-04,,,,,,,,,,,,
CUST01901,Crossroads Pharmacy,James Stewart,939-702-6638,(939) 702-6638,James.Stewart126@crossroads.com,Birmingham,AL,South,South,2017-10-23,,,,,,,,,,,,
CUST01902,Heritage Urgent Care Clinic,Rebecca Edwards,3311786057,(331) 178-6057,Rebecca.Edwards506@heritage.com,Billings,MT,North,North,2011-08-09,,,,,,,,,,,,
CUST01903,Summit Health System,Lisa Walker,(28) 757-4058,(028) 757-4058,Lisa.Walker696@summit.com,Dallas,TX,South,South,2010-04-16,,,,,,,,,,,,
CUST01904,Trinity Hospital,Amanda Reyes,871.924.9726,(871) 924-9726,Amanda.Reyes66@trinity.com,Sioux Falls,SD,North,North,2014-04-01,,,,,,,,,,,,
CUST01905,Westfield Medical Center,Joshua Hill,514 537 5257,(514) 537-5257,Joshua.Hill695@westfield.com,Phoenix,AZ,West,West,2021-08-16,,,,,,,,,,,,
CUST01906,Summit Health System,Laura Stewart,990 185 1115,(990) 185-1115,Laura.Stewart915@summit.com,Newark,NJ,East,East,2015-08-08,,,,,,,,,,,,
CUST01907,Southport Long-Term Care Facility,Brenda Sanchez,(646) 705-0680,(646) 705-0680,Brenda.Sanchez517@southport.com,Albany,NY,East,East,2014-09-13,,,,,,,,,,,,
CUST01908,Cornerstone Pharmacy,Betty Walker,0275860345,(027) 586-0345,Betty.Walker875@cornerstone.com,Tampa,FL,South,South,2014-08-20,,,,,,,,,,,,
CUST01909,Heritage Long-Term Care Facility,Jacob Ortiz,524 570 5155,(524) 570-5155,Jacob.Ortiz962@heritage.com,Atlanta,GA,South,South,2024-04-23,,,,,,,,,,,,
CUST01910,Grace Hospital,Janet Rogers,324-271-6186,(324) 271-6186,Janet.Rogers932@grace.com,New Orleans,LA,South,South,2024-03-04,,,,,,,,,,,,
CUST01911,Cornerstone Medical Center,Alexander White,2370385478,(237) 038-5478,Alexander.White424@cornerstone.com,Portland,OR,West,West,2021-10-23,,,,,,,,,,,,
CUST01912,Cornerstone Pharmacy,Lisa Hall,2294123280,(229) 412-3280,Lisa.Hall247@cornerstone.com,Dallas,TX,South,South,2023-01-02,,,,,,,,,,,,
CUST01913,Maple Urgent Care Clinic,James Miller,418.925.8831,(418) 925-8831,James.Miller912@maple.com,Philadelphia,PA,East,East,2015-03-18,,,,,,,,,,,,
CUST01914,Grace Urgent Care Clinic,Cynthia Howard,282.673.5490,(282) 673-5490,Cynthia.Howard833@grace.com,Dallas,TX,South,South,2022-04-06,,,,,,,,,,,,
CUST01915,Mercy Medical Center,Daniel Cooper,8962132508,(896) 213-2508,Daniel.Cooper418@mercy.com,Sacramento,CA,West,West,2022-01-10,,,,,,,,,,,,
CUST01916,Grace Urgent Care Clinic,Jeffrey Thompson,(608) 823-0925,(608) 823-0925,Jeffrey.Thompson534@grace.com,Newark,NJ,East,East,2023-05-31,,,,,,,,,,,,
CUST01917,Westfield Long-Term Care Facility,Jennifer Wilson,3631633084,(363) 163-3084,Jennifer.Wilson481@westfield.com,Phoenix,AZ,West,West,2013-07-15,,,,,,,,,,,,
CUST01918,Grace Community Clinic,David Lopez,(336) 490-8474,(336) 490-8474,David.Lopez444@grace.com,New Orleans,LA,South,South,2015-05-17,,,,,,,,,,,,
CUST01919,Southport Urgent Care Clinic,George Green,016.636.6228,(016) 636-6228,George.Green314@southport.com,Milwaukee,WI,North,North,2011-08-16,,,,,,,,,,,,
CUST01920,Riverside Urgent Care Clinic,Edward Hernandez,(622) 951-1084,(622) 951-1084,Edward.Hernandez38@riverside.com,Boston,MA,East,East,2018-08-01,,,,,,,,,,,,
CUST01921,Trinity Community Clinic,Kevin Sanchez,604 690 1749,(604) 690-1749,Kevin.Sanchez524@trinity.com,Minneapolis,MN,North,North,2024-03-23,,,,,,,,,,,,
CUST01922,Maple Health System,Mark Jackson,4106678845,(410) 667-8845,Mark.Jackson931@maple.com,Seattle,WA,West,West,2011-09-16,,,,,,,,,,,,
CUST01923,Mercy Medical Center,Elizabeth Rodriguez,4238935440,(423) 893-5440,Elizabeth.Rodriguez658@mercy.com,Milwaukee,WI,North,North,2010-05-06,,,,,,,,,,,,
CUST01924,Parkview Community Clinic,Brenda Baker,023.050.6671,(023) 050-6671,Brenda.Baker240@parkview.com,New Orleans,LA,South,South,2014-12-27,,,,,,,,,,,,
CUST01925,Northgate Community Clinic,Nancy Nguyen,479 554 1298,(479) 554-1298,Nancy.Nguyen772@northgate.com,Sioux Falls,SD,North,North,2022-12-27,,,,,,,,,,,,
CUST01926,Valley Hospital,Ronald Peterson,8152089521,(815) 208-9521,Ronald.Peterson4@valley.com,Milwaukee,WI,North,North,2012-09-11,,,,,,,,,,,,
CUST01927,Valley Long-Term Care Facility,Scott Nguyen,505-073-2491,(505) 073-2491,Scott.Nguyen245@valley.com,Denver,CO,West,West,2011-03-20,,,,,,,,,,,,
CUST01928,Valley Hospital,Donna Miller,274.962.3838,(274) 962-3838,Donna.Miller777@valley.com,Albany,NY,East,East,2015-03-16,,,,,,,,,,,,
CUST01929,Grace Medical Center,Eric Evans,(994) 285-8033,(994) 285-8033,Eric.Evans656@grace.com,Philadelphia,PA,East,East,2015-09-18,,,,,,,,,,,,
CUST01930,Maple Long-Term Care Facility,Shirley Murphy,329 085 0504,(329) 085-0504,Shirley.Murphy677@maple.com,Hartford,CT,East,East,2012-05-16,,,,,,,,,,,,
CUST01931,Cornerstone Urgent Care Clinic,Steven Stewart,377.210.9074,(377) 210-9074,Steven.Stewart587@cornerstone.com,Fargo,ND,Northeast,East,2015-03-12,,,,,,,,,,,,
CUST01932,Maple Health System,Ronald Nelson,(400) 345-6884,(400) 345-6884,Ronald.Nelson691@maple.com,Sioux Falls,SD,North,North,2020-12-01,,,,,,,,,,,,
CUST01933,Northgate Long-Term Care Facility,Linda Nguyen,966 607 2366,(966) 607-2366,Linda.Nguyen872@northgate.com,Portland,OR,West,West,2020-07-16,,,,,,,,,,,,
CUST01934,Maple Urgent Care Clinic,Jonathan Howard,803-689-3825,(803) 689-3825,Jonathan.Howard641@maple.com,Dallas,TX,South,South,2016-04-29,,,,,,,,,,,,
CUST01935,Westfield Pharmacy,Thomas Parker,516.026.9577,(516) 026-9577,Thomas.Parker429@westfield.com,New Orleans,LA,South,South,2022-07-29,,,,,,,,,,,,
CUST01936,Heritage Urgent Care Clinic,Samuel Peterson,163.678.1752,(163) 678-1752,Paul.Morgan854@lakeside.com,Milwaukee,WI,North,North,2015-07-29,,,,,,,,,,,,
CUST01937,Southport Urgent Care Clinic,Scott Campbell,298-393-0395,(298) 393-0395,Scott.Campbell139@southport.com,Phoenix,AZ,West,West,2018-11-28,,,,,,,,,,,,
CUST01938,Crossroads Pharmacy,Patrick Hill,8734011499,(873) 401-1499,Patrick.Hill467@crossroads.com,Newark,NJ,East,East,2017-05-19,,,,,,,,,,,,
CUST01939,Hilltop Urgent Care Clinic,Michelle Campbell,(49) 909-6781,(049) 909-6781,Michelle.Campbell843@hilltop.com,Birmingham,AL,South,South,2018-09-25,,,,,,,,,,,,
CUST01940,Union Long-Term Care Facility,Catherine Howard,(610) 340-5736,(610) 340-5736,Catherine.Howard99@union.com,Phoenix,AZ,West,West,2011-02-24,,,,,,,,,,,,
CUST01941,Riverside Health System,Nicholas Cook,756 943 0721,(756) 943-0721,Nicholas.Cook468@riverside.com,Albany,NY,East,East,2024-11-04,,,,,,,,,,,,
CUST01942,Cedar Medical Center,John King,(658) 723-6341,(658) 723-6341,John.King551@cedar.com,Denver,CO,West,West,2017-06-11,,,,,,,,,,,,
CUST01943,Heritage Medical Center,Jessica Perez,(126) 572-8182,(126) 572-8182,Jessica.Perez870@heritage.com,Phoenix,AZ,West,West,2021-01-01,,,,,,,,,,,,
CUST01944,Heritage Long-Term Care Facility,Deborah Harris,919.608.4158,(919) 608-4158,Deborah.Harris477@heritage.com,Newark,NJ,East,East,2015-02-02,,,,,,,,,,,,
CUST01945,Eastview Pharmacy,Laura Richardson,(318) 559-6707,(318) 559-6707,Laura.Richardson855@eastview.com,Birmingham,AL,South,South,2015-09-24,,,,,,,,,,,,
CUST01946,Heritage Urgent Care Clinic,Jessica Miller,000-407-5602,(000) 407-5602,Jessica.Miller745@heritage.com,Fargo,ND,North,North,2019-06-26,,,,,,,,,,,,
CUST01947,Lakeside Urgent Care Clinic,Anthony Wright,9682288542,(968) 228-8542,Anthony.Wright265@lakeside.com,Denver,CO,West,West,2023-03-16,,,,,,,,,,,,
CUST01948,Hilltop Community Clinic,Pamela Young,9736654758,(973) 665-4758,Pamela.Young978@hilltop.com,Tampa,FL,Midwest,North,2024-12-15,,,,,,,,,,,,
CUST01949,Cedar Medical Center,Matthew Phillips,925.906.7718,(925) 906-7718,Matthew.Phillips3@cedar.com,Fargo,ND,North,North,2024-03-31,,,,,,,,,,,,
CUST01950,Hilltop Pharmacy,Jason Gomez,(402) 560-0413,(402) 560-0413,Jason.Gomez868@hilltop.com,Newark,NJ,East,East,2021-01-31,,,,,,,,,,,,
CUST01951,Mercy Medical Center,Jack Adams,071-279-7176,(071) 279-7176,Jack.Adams10@mercy.com,Birmingham,AL,South,South,2019-03-17,,,,,,,,,,,,
CUST01952,Westfield Long-Term Care Facility,Sarah Perez,9043881767,(904) 388-1767,Sarah.Perez869@westfield.com,Birmingham,AL,South,South,2019-11-01,,,,,,,,,,,,
CUST01953,Summit Pharmacy,Thomas Nelson,1639158464,(163) 915-8464,Thomas.Nelson429@summit.com,Philadelphia,PA,East,East,2011-03-20,,,,,,,,,,,,
CUST01954,Westfield Long-Term Care Facility,Carolyn Hall,820 369 0615,(820) 369-0615,Carolyn.Hall34@westfield.com,Phoenix,AZ,West,West,2024-11-15,,,,,,,,,,,,
CUST01955,Valley Long-Term Care Facility,Laura Phillips,0973122066,(097) 312-2066,Laura.Phillips994@valley.com,Sacramento,CA,West,West,2017-03-30,,,,,,,,,,,,
CUST01956,Riverside Urgent Care Clinic,Nancy Cook,242 169 4353,(242) 169-4353,Nancy.Cook764@riverside.com,Newark,NJ,East,East,2019-09-29,,,,,,,,,,,,
CUST01957,Parkview Pharmacy,Jeffrey Bailey,1380573213,(138) 057-3213,Jeffrey.Bailey776@parkview.com,Fargo,ND,North,North,2024-08-28,,,,,,,,,,,,
CUST01958,Grace Health System,George Murphy,526 151 0705,(526) 151-0705,George.Murphy9@grace.com,Philadelphia,PA,East,East,2018-03-03,,,,,,,,,,,,
CUST01959,Beacon Hospital,Brenda Ramos,874 412 3599,(874) 412-3599,Brenda.Ramos445@beacon.com,Albany,NY,East,East,2024-09-16,,,,,,,,,,,,
CUST01960,Union Hospital,George Lopez,(635) 600-6255,(635) 600-6255,George.Lopez495@union.com,Denver,CO,West,West,2023-03-05,,,,,,,,,,,,
CUST01961,Parkview Long-Term Care Facility,Paul Allen,378-495-3127,(378) 495-3127,Paul.Allen827@parkview.com,Albany,NY,East,East,2017-07-01,,,,,,,,,,,,
CUST01962,Riverside Health System,Kenneth Martin,(621) 346-1646,(621) 346-1646,Kenneth.Martin962@riverside.com,Billings,MT,North,North,2019-09-06,,,,,,,,,,,,
CUST01963,Union Long-Term Care Facility,Susan Perez,247 081 0148,(247) 081-0148,Susan.Perez597@union.com,Atlanta,GA,South,South,2019-12-06,,,,,,,,,,,,
CUST01964,Beacon Pharmacy,Joseph Morales,(894) 374-8126,(894) 374-8126,Joseph.Morales773@beacon.com,Albany,NY,East,East,2023-06-29,,,,,,,,,,,,
CUST01965,Riverside Hospital,Paul Williams,(588) 990-5808,(588) 990-5808,Paul.Williams198@riverside.com,Billings,MT,North,North,2014-11-10,,,,,,,,,,,,
CUST01966,Riverside Urgent Care Clinic,Katherine White,(105) 635-8699,(105) 635-8699,Katherine.White985@riverside.com,Albany,NY,East,East,2012-05-15,,,,,,,,,,,,
CUST01967,Southport Long-Term Care Facility,Edward King,6946021246,(694) 602-1246,Edward.King148@southport.com,Minneapolis,MN,North,North,2021-05-05,,,,,,,,,,,,
CUST01968,Summit Pharmacy,Alexander Adams,(362) 074-9884,(362) 074-9884,Alexander.Adams614@summit.com,Hartford,CT,East,East,2011-09-06,,,,,,,,,,,,
CUST01969,Valley Long-Term Care Facility,Janet Thomas,2033146565,(203) 314-6565,Janet.Thomas778@valley.com,Sacramento,CA,West,West,2019-05-31,,,,,,,,,,,,
CUST01970,Mercy Medical Center,Frank Gomez,(304) 995-0438,(304) 995-0438,Frank.Gomez298@mercy.com,Denver,CO,West,West,2024-07-24,,,,,,,,,,,,
CUST01971,Grace Pharmacy,Catherine Peterson,295.322.3072,(295) 322-3072,Catherine.Peterson940@grace.com,Philadelphia,PA,Southeast,South,2020-12-21,,,,,,,,,,,,
CUST01972,Eastview Medical Center,Maria Johnson,(395) 574-5861,(395) 574-5861,Maria.Johnson705@eastview.com,Milwaukee,WI,North,North,2017-03-30,,,,,,,,,,,,
CUST01973,Crossroads Long-Term Care Facility,Larry Cooper,083.544.2788,(083) 544-2788,Larry.Cooper951@crossroads.com,New Orleans,LA,South,South,2021-06-09,,,,,,,,,,,,
CUST01974,Cornerstone Pharmacy,Laura Lee,6569325962,(656) 932-5962,Laura.Lee143@cornerstone.com,Dallas,TX,South,South,2015-05-21,,,,,,,,,,,,
CUST01975,Heritage Medical Center,Katherine Stewart,753.418.3995,(753) 418-3995,Katherine.Stewart856@heritage.com,Dallas,TX,South,South,2022-08-01,,,,,,,,,,,,
CUST01976,Lakeside Long-Term Care Facility,Robert Moore,017.710.6294,(017) 710-6294,Robert.Moore767@lakeside.com,Atlanta,GA,South,South,2018-09-02,,,,,,,,,,,,
CUST01977,Cornerstone Community Clinic,Donald Thomas,534-143-9103,(534) 143-9103,Donald.Thomas847@cornerstone.com,Philadelphia,PA,East,East,2021-11-09,,,,,,,,,,,,
CUST01978,Trinity Medical Center,Linda Nguyen,667 477 2011,(667) 477-2011,Linda.Nguyen2@trinity.com,Denver,CO,West,West,2022-05-14,,,,,,,,,,,,
CUST01979,Crossroads Hospital,Samuel Lewis,826.018.7779,(826) 018-7779,Samuel.Lewis193@crossroads.com,Newark,NJ,East,East,2016-05-03,,,,,,,,,,,,
CUST01980,Summit Hospital,Ryan Allen,9224257772,(922) 425-7772,Ryan.Allen371@summit.com,Newark,NJ,East,East,2020-01-01,,,,,,,,,,,,
CUST01981,Union Community Clinic,Sandra Carter,(885) 211-4846,(885) 211-4846,Sandra.Carter195@union.com,Milwaukee,WI,North,North,2021-11-30,,,,,,,,,,,,
CUST01982,Cornerstone Hospital,Gregory Cook,842.047.5983,(842) 047-5983,Gregory.Cook811@cornerstone.com,Denver,CO,West,West,2023-04-29,,,,,,,,,,,,
CUST01983,Parkview Urgent Care Clinic,Michelle Evans,939.285.3202,(939) 285-3202,Michelle.Evans84@parkview.com,Sacramento,CA,West,West,2019-06-01,,,,,,,,,,,,
CUST01984,Hilltop Community Clinic,David Lewis,778 189 8636,(778) 189-8636,David.Lewis891@hilltop.com,Boston,MA,East,East,2022-11-17,,,,,,,,,,,,
CUST01985,Beacon Urgent Care Clinic,Michael Lopez,921 185 7235,(921) 185-7235,Michael.Lopez634@beacon.com,Philadelphia,PA,East,East,2016-04-19,,,,,,,,,,,,
CUST01986,Northgate Medical Center,Frank Reyes,2638965499,(263) 896-5499,Frank.Reyes584@northgate.com,Phoenix,AZ,West,West,2011-12-05,,,,,,,,,,,,
CUST01987,Hilltop Community Clinic,Ronald White,(100) 142-8669,(100) 142-8669,Ronald.White328@hilltop.com,Atlanta,GA,Midwest,North,2011-12-04,,,,,,,,,,,,
CUST01988,Hilltop Urgent Care Clinic,Janet King,(490) 967-1080,(490) 967-1080,Janet.King647@hilltop.com,Hartford,CT,East,East,2017-12-02,,,,,,,,,,,,
CUST01989,Hilltop Health System,Betty Garcia,(274) 966-5294,(274) 966-5294,Betty.Garcia973@hilltop.com,Tampa,FL,South,South,2017-09-29,,,,,,,,,,,,
CUST01990,Parkview Pharmacy,Deborah Edwards,5123433536,(512) 343-3536,Deborah.Edwards697@parkview.com,Billings,MT,North,North,2020-11-09,,,,,,,,,,,,
CUST01991,Parkview Medical Center,Raymond Ramos,265.875.0310,(265) 875-0310,Raymond.Ramos449@parkview.com,Tampa,FL,South,South,2023-06-11,,,,,,,,,,,,
CUST01992,Eastview Pharmacy,Ronald Gomez,128.061.9907,(128) 061-9907,Ronald.Gomez909@eastview.com,Sioux Falls,SD,North,North,2019-04-01,,,,,,,,,,,,
CUST01993,Hilltop Health System,Ashley Miller,171 243 5668,(171) 243-5668,Ashley.Miller224@hilltop.com,Boston,MA,East,East,2013-06-12,,,,,,,,,,,,
CUST01994,Northgate Urgent Care Clinic,Pamela Lopez,2558767350,(255) 876-7350,Pamela.Lopez765@northgate.com,Denver,CO,West,West,2011-03-30,,,,,,,,,,,,
CUST01995,Hilltop Community Clinic,Brandon Cox,947.646.1261,(947) 646-1261,Brandon.Cox210@hilltop.com,New Orleans,LA,South,South,2024-09-20,,,,,,,,,,,,
CUST01996,Southport Medical Center,Benjamin Cox,(756) 443-9095,(756) 443-9095,Benjamin.Cox857@southport.com,Billings,MT,North,North,2017-07-22,,,,,,,,,,,,
CUST01997,Grace Medical Center,Shirley Reyes,3621051640,(362) 105-1640,Shirley.Reyes892@grace.com,Dallas,TX,Southeast,South,2024-07-14,,,,,,,,,,,,
CUST01998,Westfield Pharmacy,Kenneth Howard,(537) 396-5272,(537) 396-5272,Kenneth.Howard768@westfield.com,Minneapolis,MN,North,North,2022-03-16,,,,,,,,,,,,
CUST01999,Parkview Medical Center,Nicole Cox,554 899 0712,(554) 899-0712,Nicole.Cox394@parkview.com,Phoenix,AZ,West,West,2023-08-29,,,,,,,,,,,,
CUST02000,Beacon Long-Term Care Facility,Thomas Gomez,827-002-9331,(827) 002-9331,Thomas.Gomez522@beacon.com,Fargo,ND,North,North,2022-10-30,,,,,,,,,,,,
CUST02001,Hilltop Hospital,Sarah Cox,368 841 5771,(368) 841-5771,Robert.Morgan334@mercy.com,Boston,MA,Northeast,East,2021-10-21,,,,,,,,,,,,
CUST02002,Valley Urgent Care Clinic,Mark Mitchell,561-765-5892,(561) 765-5892,Mark.Mitchell371@valley.com,Albany,NY,East,East,2012-11-28,,,,,,,,,,,,
CUST02003,Heritage Community Clinic,Melissa Jackson,063-022-8293,(063) 022-8293,Melissa.Jackson557@heritage.com,Hartford,CT,East,East,2019-11-04,,,,,,,,,,,,
CUST02004,Beacon Health System,Angela Wright,359 647 2684,(359) 647-2684,Angela.Wright423@beacon.com,Sacramento,CA,West,West,2016-03-19,,,,,,,,,,,,
CUST02005,Mercy Community Clinic,Michael Cooper,(283) 101-8508,(283) 101-8508,Michael.Cooper492@mercy.com,Albany,NY,East,East,2017-02-02,,,,,,,,,,,,
CUST02006,Westfield Medical Center,Pamela Turner,581 058 0108,(581) 058-0108,Pamela.Turner499@westfield.com,Albany,NY,East,East,2023-05-03,,,,,,,,,,,,
CUST02007,Eastview Medical Center,Kevin Young,9378866364,(937) 886-6364,Kevin.Young959@eastview.com,Boston,MA,East,East,2014-12-02,,,,,,,,,,,,
CUST02008,Westfield Hospital,Joseph Ward,(963) 379-2262,(963) 379-2262,Joseph.Ward948@westfield.com,Phoenix,AZ,West,West,2011-09-01,,,,,,,,,,,,
CUST02009,Riverside Urgent Care Clinic,Donna Johnson,(387) 345-0521,(387) 345-0521,Donna.Johnson328@riverside.com,Atlanta,GA,South,South,2024-03-16,,,,,,,,,,,,
CUST02010,Eastview Pharmacy,Gary Edwards,(97) 962-9145,(097) 962-9145,Gary.Edwards242@eastview.com,Seattle,WA,West,West,2019-03-11,,,,,,,,,,,,
CUST02011,Riverside Medical Center,Samuel Ortiz,1747366539,(174) 736-6539,Samuel.Ortiz540@riverside.com,Hartford,CT,Midwest,North,2017-11-07,,,,,,,,,,,,
CUST02012,Parkview Health System,Patrick Kim,557.131.9844,(557) 131-9844,Patrick.Kim956@parkview.com,Hartford,CT,East,East,2018-10-03,,,,,,,,,,,,
CUST02013,Trinity Pharmacy,Charles Lewis,(574) 777-4372,(574) 777-4372,Charles.Lewis520@trinity.com,New Orleans,LA,South,South,2016-02-24,,,,,,,,,,,,
CUST02014,Parkview Health System,Debra Morgan,(191) 898-7557,(191) 898-7557,Debra.Morgan869@parkview.com,Portland,OR,West,West,2014-12-15,,,,,,,,,,,,
CUST02015,Valley Hospital,Stephen Campbell,590.545.1736,(590) 545-1736,Stephen.Campbell292@valley.com,Minneapolis,MN,North,North,2010-09-23,,,,,,,,,,,,
CUST02016,Cornerstone Urgent Care Clinic,Ashley Davis,424-627-1239,(424) 627-1239,Ashley.Davis794@cornerstone.com,Billings,MT,North,North,2019-02-12,,,,,,,,,,,,
CUST02017,Southport Urgent Care Clinic,Nicholas White,359-759-8096,(359) 759-8096,Nicholas.White748@southport.com,Tampa,FL,South,South,2012-09-10,,,,,,,,,,,,
CUST02018,Grace Health System,Michael Ramos,757-882-7376,(757) 882-7376,Michael.Ramos955@grace.com,Billings,MT,North,North,2020-07-07,,,,,,,,,,,,
CUST02019,Southport Medical Center,Rachel Nguyen,(609) 797-8550,(609) 797-8550,Rachel.Nguyen285@southport.com,Birmingham,AL,South,South,2018-02-28,,,,,,,,,,,,
CUST02020,Lakeside Community Clinic,Melissa Jackson,2901079322,(290) 107-9322,Nancy.Jones551@crossroads.com,Seattle,WA,West,West,2021-08-04,,,,,,,,,,,,
CUST02021,Mercy Hospital,Kenneth Clark,5941567117,(594) 156-7117,Kenneth.Clark599@mercy.com,Boston,MA,East,East,2022-05-12,,,,,,,,,,,,
CUST02022,Parkview Long-Term Care Facility,Angela Nelson,(581) 987-0884,(581) 987-0884,Angela.Nelson729@parkview.com,Tampa,FL,South,South,2017-01-27,,,,,,,,,,,,
CUST02023,Northgate Long-Term Care Facility,Ryan Brown,(659) 726-8395,(659) 726-8395,Ryan.Brown358@northgate.com,Fargo,ND,North,North,2011-11-04,,,,,,,,,,,,
CUST02024,Northgate Long-Term Care Facility,Cynthia Brown,(721) 281-5683,(721) 281-5683,Cynthia.Brown848@northgate.com,Sioux Falls,SD,North,North,2014-02-09,,,,,,,,,,,,
CUST02025,Crossroads Medical Center,Amy Walker,(821) 492-4137,(821) 492-4137,Amy.Walker3@crossroads.com,Newark,NJ,East,East,2019-07-23,,,,,,,,,,,,
CUST02026,Northgate Community Clinic,Jeffrey Lee,3068483681,(306) 848-3681,Jeffrey.Lee204@northgate.com,Billings,MT,North,North,2022-01-06,,,,,,,,,,,,
CUST02027,Trinity Medical Center,James Green,(775) 595-7354,(775) 595-7354,James.Green967@trinity.com,Boston,MA,Southeast,South,2024-04-30,,,,,,,,,,,,
CUST02028,Parkview Community Clinic,Benjamin Cooper,(040) 258-9881,(040) 258-9881,Benjamin.Cooper934@parkview.com,Seattle,WA,West,West,2017-03-07,,,,,,,,,,,,
CUST02029,Union Long-Term Care Facility,Joseph Williams,784.572.0802,(784) 572-0802,Joseph.Williams813@union.com,Seattle,WA,West,West,2016-06-03,,,,,,,,,,,,
CUST02030,Mercy Pharmacy,Joseph Lopez,493 166 0816,(493) 166-0816,Joseph.Lopez352@mercy.com,Sioux Falls,SD,North,North,2024-03-31,,,,,,,,,,,,
CUST02031,Grace Urgent Care Clinic,Joshua Jones,(404) 750-0045,(404) 750-0045,Joshua.Jones972@grace.com,Sacramento,CA,West,West,2024-05-15,,,,,,,,,,,,
CUST02032,Cornerstone Health System,Kevin Parker,069-906-4949,(069) 906-4949,Kevin.Parker665@cornerstone.com,Atlanta,GA,South,South,2017-10-24,,,,,,,,,,,,
CUST02033,Crossroads Community Clinic,Carol Rogers,638.364.7224,(638) 364-7224,Carol.Rogers939@crossroads.com,Milwaukee,WI,North,North,2012-03-07,,,,,,,,,,,,
CUST02034,Lakeside Medical Center,Catherine Jones,(424) 496-6390,(424) 496-6390,Catherine.Jones267@lakeside.com,Atlanta,GA,South,South,2018-01-03,,,,,,,,,,,,
CUST02035,Cornerstone Hospital,Joseph Cruz,8867251409,(886) 725-1409,Joseph.Cruz53@cornerstone.com,Fargo,ND,North,North,2022-08-31,,,,,,,,,,,,
CUST02036,Crossroads Health System,Benjamin Cooper,981-668-8130,(981) 668-8130,Benjamin.Cooper302@crossroads.com,Seattle,WA,Northeast,East,2018-07-08,,,,,,,,,,,,
CUST02037,Maple Health System,Joseph Martin,164-546-6257,(164) 546-6257,Joseph.Martin887@maple.com,New Orleans,LA,Northeast,East,2017-10-31,,,,,,,,,,,,
CUST02038,Trinity Hospital,Gary Scott,987.622.9579,(987) 622-9579,Gary.Scott373@trinity.com,Milwaukee,WI,North,North,2010-11-01,,,,,,,,,,,,
CUST02039,Lakeside Health System,David King,3315716042,(331) 571-6042,David.King855@lakeside.com,Sacramento,CA,West,West,2015-08-31,,,,,,,,,,,,
CUST02040,Cedar Medical Center,Sharon Kim,(415) 264-4582,(415) 264-4582,Sharon.Kim293@cedar.com,Portland,OR,Southeast,South,2018-04-12,,,,,,,,,,,,
CUST02041,Cedar Urgent Care Clinic,Matthew Peterson,(780) 498-7620,(780) 498-7620,Matthew.Peterson828@cedar.com,Milwaukee,WI,North,North,2014-04-25,,,,,,,,,,,,
CUST02042,Southport Medical Center,Paul Smith,427.607.4146,(427) 607-4146,Paul.Smith816@southport.com,Portland,OR,West,West,2013-10-27,,,,,,,,,,,,
CUST02043,Maple Medical Center,Karen Lopez,255 561 8326,(255) 561-8326,Karen.Lopez213@maple.com,Tampa,FL,South,South,2021-12-18,,,,,,,,,,,,
CUST02044,Maple Urgent Care Clinic,Brenda Cook,9542527505,(954) 252-7505,Brenda.Cook654@maple.com,Philadelphia,PA,Northeast,East,2011-05-21,,,,,,,,,,,,
CUST02045,Eastview Health System,Gary Ortiz,712-633-4029,(712) 633-4029,Gary.Ortiz959@eastview.com,Dallas,TX,South,South,2012-05-12,,,,,,,,,,,,
CUST02046,Southport Community Clinic,Laura Ward,733.262.7767,(733) 262-7767,Laura.Ward344@southport.com,Birmingham,AL,South,South,2021-05-13,,,,,,,,,,,,
CUST02047,Crossroads Long-Term Care Facility,Helen Ward,468.774.9294,(468) 774-9294,Helen.Ward199@crossroads.com,Billings,MT,North,North,2011-08-21,,,,,,,,,,,,
CUST02048,Trinity Hospital,Christine Diaz,7266849053,(726) 684-9053,Christine.Diaz920@trinity.com,Portland,OR,West,West,2019-11-07,,,,,,,,,,,,
CUST02049,Crossroads Community Clinic,Jennifer Clark,613.177.9053,(613) 177-9053,Jennifer.Clark568@crossroads.com,Atlanta,GA,Northeast,East,2021-12-23,,,,,,,,,,,,
CUST02050,Northgate Hospital,Edward Moore,180-166-4802,(180) 166-4802,Edward.Moore551@northgate.com,Dallas,TX,South,South,2011-04-23,,,,,,,,,,,,
CUST02051,Maple Long-Term Care Facility,Richard Campbell,(953) 115-4397,(953) 115-4397,Richard.Campbell497@maple.com,New Orleans,LA,South,South,2015-07-09,,,,,,,,,,,,
CUST02052,Cedar Urgent Care Clinic,Donna Gomez,(066) 086-2365,(066) 086-2365,Donna.Gomez39@cedar.com,Hartford,CT,East,East,2013-03-02,,,,,,,,,,,,
CUST02053,Valley Medical Center,Richard Young,789 225 1826,(789) 225-1826,Richard.Young346@valley.com,Tampa,FL,South,South,2010-12-20,,,,,,,,,,,,
CUST02054,Summit Medical Center,Brandon Ortiz,015 799 7062,(015) 799-7062,Brandon.Ortiz66@summit.com,Minneapolis,MN,North,North,2010-11-01,,,,,,,,,,,,
CUST02055,Beacon Health System,Ronald Bailey,(686) 650-8368,(686) 650-8368,Ronald.Bailey953@beacon.com,Portland,OR,West,West,2013-09-05,,,,,,,,,,,,
CUST02056,Westfield Pharmacy,Samantha Johnson,730-871-4390,(730) 871-4390,Samantha.Johnson618@westfield.com,Sioux Falls,SD,North,North,2013-06-24,,,,,,,,,,,,
CUST02057,Lakeside Pharmacy,Eric Morgan,(70) 247-4857,(070) 247-4857,Eric.Morgan864@lakeside.com,Boston,MA,East,East,2021-11-17,,,,,,,,,,,,
CUST02058,Valley Health System,Ryan Thompson,(381) 522-9322,(381) 522-9322,Ryan.Thompson988@valley.com,Milwaukee,WI,North,North,2017-05-10,,,,,,,,,,,,
CUST02059,Lakeside Urgent Care Clinic,Michelle Campbell,3847543188,(384) 754-3188,Michelle.Campbell615@lakeside.com,Fargo,ND,North,North,2016-01-07,,,,,,,,,,,,
CUST02060,Heritage Medical Center,Brian Campbell,9246366983,(924) 636-6983,Brian.Campbell654@heritage.com,Minneapolis,MN,North,North,2024-07-27,,,,,,,,,,,,
CUST02061,Riverside Urgent Care Clinic,Catherine Harris,(875) 007-7099,(875) 007-7099,Catherine.Harris119@riverside.com,Philadelphia,PA,East,East,2019-12-15,,,,,,,,,,,,
CUST02062,Summit Long-Term Care Facility,Sharon Howard,598 043 3315,(598) 043-3315,Sharon.Howard431@summit.com,Minneapolis,MN,North,North,2015-12-08,,,,,,,,,,,,
CUST02063,Maple Pharmacy,Stephanie Miller,019-335-2062,(019) 335-2062,Stephanie.Miller704@maple.com,Minneapolis,MN,North,North,2022-09-20,,,,,,,,,,,,
CUST02064,Cedar Hospital,Matthew Wilson,663-316-1408,(663) 316-1408,Matthew.Wilson8@cedar.com,Portland,OR,West,West,2011-06-07,,,,,,,,,,,,
CUST02065,Cedar Medical Center,Patricia Peterson,945.740.5199,(945) 740-5199,Patricia.Peterson76@cedar.com,Sacramento,CA,West,West,2023-05-31,,,,,,,,,,,,
CUST02066,Riverside Community Clinic,Laura Walker,7352635951,(735) 263-5951,Laura.Walker371@riverside.com,Fargo,ND,North,North,2014-01-31,,,,,,,,,,,,
CUST02067,Maple Urgent Care Clinic,Nancy Nguyen,(286) 710-6656,(286) 710-6656,Nancy.Nguyen596@maple.com,Dallas,TX,South,South,2013-10-05,,,,,,,,,,,,
CUST02068,Mercy Hospital,Thomas Murphy,149-057-1753,(149) 057-1753,Thomas.Murphy885@mercy.com,Phoenix,AZ,West,West,2023-12-31,,,,,,,,,,,,
CUST02069,Hilltop Health System,Stephen Young,158 789 8916,(158) 789-8916,Stephen.Young102@hilltop.com,Newark,NJ,East,East,2020-09-15,,,,,,,,,,,,
CUST02070,Union Pharmacy,Elizabeth Clark,412-484-5467,(412) 484-5467,Elizabeth.Clark455@union.com,Minneapolis,MN,Northeast,East,2011-09-02,,,,,,,,,,,,
CUST02071,Hilltop Community Clinic,Jack Smith,0669545085,(066) 954-5085,Jack.Smith197@hilltop.com,Albany,NY,East,East,2015-09-14,,,,,,,,,,,,
CUST02072,Maple Pharmacy,Margaret Morgan,1706130112,(170) 613-0112,Margaret.Morgan227@maple.com,Sioux Falls,SD,North,North,2012-01-12,,,,,,,,,,,,
CUST02073,Crossroads Community Clinic,Larry Rodriguez,(357) 965-6400,(357) 965-6400,Larry.Rodriguez682@crossroads.com,Sioux Falls,SD,North,North,2024-07-30,,,,,,,,,,,,
CUST02074,Union Community Clinic,Alexander Thompson,078.241.1643,(078) 241-1643,Alexander.Thompson311@union.com,Newark,NJ,East,East,2024-10-27,,,,,,,,,,,,
CUST02075,Cedar Community Clinic,Linda Diaz,754-662-4822,(754) 662-4822,Linda.Diaz917@cedar.com,Fargo,ND,North,North,2016-08-04,,,,,,,,,,,,
CUST02076,Cedar Hospital,Donald Scott,460-389-5159,(460) 389-5159,Donald.Scott942@cedar.com,Sioux Falls,SD,North,North,2019-06-24,,,,,,,,,,,,
CUST02077,Union Medical Center,Kenneth Johnson,(746) 453-3164,(746) 453-3164,Kenneth.Johnson441@union.com,Dallas,TX,South,South,2010-10-04,,,,,,,,,,,,
CUST02078,Union Long-Term Care Facility,Rachel Garcia,(713) 463-1078,(713) 463-1078,Rachel.Garcia655@union.com,Albany,NY,Northeast,East,2020-11-05,,,,,,,,,,,,
CUST02079,Trinity Health System,Andrew Morales,018 830 4154,(018) 830-4154,Andrew.Morales314@trinity.com,Boston,MA,East,East,2021-03-06,,,,,,,,,,,,
CUST02080,Southport Hospital,Karen Campbell,973.697.0168,(973) 697-0168,Karen.Campbell857@southport.com,Newark,NJ,East,East,2015-06-01,,,,,,,,,,,,
CUST02081,Hilltop Pharmacy,Pamela Kelly,0937011859,(093) 701-1859,Pamela.Kelly714@hilltop.com,Albany,NY,East,East,2020-01-16,,,,,,,,,,,,
CUST02082,Riverside Urgent Care Clinic,Paul Edwards,(550) 957-9281,(550) 957-9281,Paul.Edwards748@riverside.com,Newark,NJ,East,East,2013-06-09,,,,,,,,,,,,
CUST02083,Grace Medical Center,John Carter,992.416.1195,(992) 416-1195,John.Carter182@grace.com,Sioux Falls,SD,North,North,2020-12-11,,,,,,,,,,,,
CUST02084,Beacon Health System,Helen Moore,068.311.2179,(068) 311-2179,Helen.Moore900@beacon.com,Billings,MT,North,North,2022-06-08,,,,,,,,,,,,
CUST02085,Valley Hospital,Edward Thomas,256.772.5038,(256) 772-5038,Edward.Thomas435@valley.com,Atlanta,GA,South,South,2013-12-03,,,,,,,,,,,,
CUST02086,Parkview Community Clinic,Lisa Gonzalez,277.323.5737,(277) 323-5737,Lisa.Gonzalez693@parkview.com,Fargo,ND,Southeast,South,2016-12-10,,,,,,,,,,,,
CUST02087,Summit Community Clinic,Samantha Ward,(079) 374-1587,(079) 374-1587,Samantha.Ward295@summit.com,Billings,MT,North,North,2013-03-21,,,,,,,,,,,,
CUST02088,Lakeside Urgent Care Clinic,Helen Lewis,530 955 8779,(530) 955-8779,Helen.Lewis405@lakeside.com,Hartford,CT,East,East,2016-08-16,,,,,,,,,,,,
CUST02089,Valley Community Clinic,David Walker,572-381-6129,(572) 381-6129,David.Walker329@valley.com,Seattle,WA,West,West,2012-04-29,,,,,,,,,,,,
CUST02090,Cedar Pharmacy,Andrew Wilson,(753) 502-4694,(753) 502-4694,Andrew.Wilson175@cedar.com,Atlanta,GA,Northeast,East,2014-09-26,,,,,,,,,,,,
CUST02091,Summit Hospital,Justin Wilson,087-385-7094,(087) 385-7094,Justin.Wilson255@summit.com,Atlanta,GA,South,South,2020-10-07,,,,,,,,,,,,
CUST02092,Crossroads Pharmacy,Sarah Carter,837-921-3168,(837) 921-3168,Sarah.Carter666@crossroads.com,Hartford,CT,East,East,2011-03-20,,,,,,,,,,,,
CUST02093,Riverside Health System,Brenda Smith,931-784-4988,(931) 784-4988,Brenda.Smith203@riverside.com,Birmingham,AL,Northeast,East,2019-12-19,,,,,,,,,,,,
CUST02094,Eastview Community Clinic,George Green,133.704.9462,(133) 704-9462,George.Green316@eastview.com,Seattle,WA,West,West,2010-09-13,,,,,,,,,,,,
CUST02095,Hilltop Medical Center,Jessica Rogers,355 882 3481,(355) 882-3481,Jessica.Rogers29@hilltop.com,Minneapolis,MN,North,North,2024-12-23,,,,,,,,,,,,
CUST02096,Valley Health System,Gary Rivera,(28) 477-9825,(028) 477-9825,Gary.Rivera225@valley.com,New Orleans,LA,South,South,2020-06-02,,,,,,,,,,,,
CUST02097,Mercy Pharmacy,Sandra Lopez,307-066-6706,(307) 066-6706,Sandra.Lopez103@mercy.com,Portland,OR,Northeast,East,2022-11-08,,,,,,,,,,,,
CUST02098,Cedar Long-Term Care Facility,Steven Davis,955-309-3731,(955) 309-3731,Steven.Davis236@cedar.com,Sacramento,CA,West,West,2020-12-08,,,,,,,,,,,,
CUST02099,Beacon Medical Center,Andrew Mitchell,(793) 061-8920,(793) 061-8920,Andrew.Mitchell530@beacon.com,Sioux Falls,SD,Northeast,East,2012-11-27,,,,,,,,,,,,
CUST02100,Hilltop Pharmacy,George Adams,474-246-8473,(474) 246-8473,George.Adams63@hilltop.com,Dallas,TX,South,South,2019-07-11,,,,,,,,,,,,
CUST02101,Summit Urgent Care Clinic,Brian Morris,(367) 912-0720,(367) 912-0720,Brian.Morris562@summit.com,Fargo,ND,North,North,2024-11-01,,,,,,,,,,,,
CUST02102,Riverside Health System,Laura Adams,508.199.6844,(508) 199-6844,Laura.Adams975@riverside.com,Tampa,FL,South,South,2020-01-08,,,,,,,,,,,,
CUST02103,Heritage Community Clinic,Emily Johnson,2054051556,(205) 405-1556,Emily.Johnson578@heritage.com,Sioux Falls,SD,North,North,2013-11-28,,,,,,,,,,,,
CUST02104,Maple Pharmacy,Brian Morgan,(993) 001-3414,(993) 001-3414,Brian.Morgan54@maple.com,Phoenix,AZ,West,West,2018-09-11,,,,,,,,,,,,
CUST02105,Hilltop Community Clinic,John Williams,465.484.0000,(465) 484-0000,John.Williams300@hilltop.com,Billings,MT,Southeast,South,2019-04-01,,,,,,,,,,,,
CUST02106,Mercy Urgent Care Clinic,Stephen Howard,834.875.2560,(834) 875-2560,Stephen.Howard620@mercy.com,Hartford,CT,East,East,2013-03-09,,,,,,,,,,,,
CUST02107,Westfield Long-Term Care Facility,David Lopez,760 138 0795,(760) 138-0795,David.Lopez520@westfield.com,Phoenix,AZ,West,West,2012-07-07,,,,,,,,,,,,
CUST02108,Maple Hospital,Susan Baker,508-159-5904,(508) 159-5904,Susan.Baker963@maple.com,Portland,OR,West,West,2010-06-26,,,,,,,,,,,,
CUST02109,Cedar Medical Center,Justin Collins,(477) 631-0323,(477) 631-0323,Justin.Collins412@cedar.com,Portland,OR,Southeast,South,2020-08-01,,,,,,,,,,,,
CUST02110,Valley Pharmacy,Samuel Cook,168.444.6964,(168) 444-6964,Samuel.Cook622@valley.com,Philadelphia,PA,East,East,2014-01-14,,,,,,,,,,,,
CUST02111,Westfield Urgent Care Clinic,Christopher Howard,811 372 4479,(811) 372-4479,Christopher.Howard469@westfield.com,Billings,MT,North,North,2017-04-13,,,,,,,,,,,,
CUST02112,Cedar Health System,Donald Howard,9400946584,(940) 094-6584,Stephanie.Johnson626@parkview.com,Philadelphia,PA,East,East,2024-06-14,,,,,,,,,,,,
CUST02113,Westfield Community Clinic,Jennifer Adams,(376) 764-9737,(376) 764-9737,Jennifer.Adams255@westfield.com,Denver,CO,Southeast,South,2016-02-25,,,,,,,,,,,,
CUST02114,Summit Long-Term Care Facility,Ryan Parker,8716289747,(871) 628-9747,Ryan.Parker436@summit.com,Albany,NY,East,East,2018-12-24,,,,,,,,,,,,
CUST02115,Lakeside Long-Term Care Facility,Cynthia Parker,(352) 642-5993,(352) 642-5993,Cynthia.Parker886@lakeside.com,Billings,MT,North,North,2022-12-30,,,,,,,,,,,,
CUST02116,Riverside Medical Center,Jennifer Hill,7591056396,(759) 105-6396,Jennifer.Hill877@riverside.com,Boston,MA,East,East,2016-03-23,,,,,,,,,,,,
CUST02117,Parkview Long-Term Care Facility,David Campbell,140 577 0250,(140) 577-0250,David.Campbell378@parkview.com,Phoenix,AZ,West,West,2016-04-29,,,,,,,,,,,,
CUST02118,Beacon Urgent Care Clinic,Kimberly Wright,9985752563,(998) 575-2563,Kimberly.Wright957@beacon.com,Albany,NY,East,East,2022-04-30,,,,,,,,,,,,
CUST02119,Mercy Urgent Care Clinic,Larry Baker,(766) 335-4205,(766) 335-4205,Larry.Baker975@mercy.com,Philadelphia,PA,East,East,2014-11-03,,,,,,,,,,,,
CUST02120,Riverside Long-Term Care Facility,Linda Bailey,7282769588,(728) 276-9588,Linda.Bailey596@riverside.com,Seattle,WA,West,West,2016-02-12,,,,,,,,,,,,
CUST02121,Valley Long-Term Care Facility,Samuel Kim,698-027-6448,(698) 027-6448,Samuel.Kim986@valley.com,Phoenix,AZ,Southeast,South,2016-05-27,,,,,,,,,,,,
CUST02122,Mercy Hospital,Sarah Scott,961.653.7778,(961) 653-7778,Sarah.Scott503@mercy.com,Minneapolis,MN,North,North,2012-05-19,,,,,,,,,,,,
CUST02123,Westfield Medical Center,Richard Roberts,(695) 072-5925,(695) 072-5925,Richard.Roberts621@westfield.com,Billings,MT,Northeast,East,2011-08-29,,,,,,,,,,,,
CUST02124,Trinity Urgent Care Clinic,Maria Flores,823-070-0813,(823) 070-0813,Maria.Flores845@trinity.com,Denver,CO,Midwest,North,2022-12-31,,,,,,,,,,,,
CUST02125,Summit Pharmacy,Carolyn Carter,(269) 249-4180,(269) 249-4180,Carolyn.Carter689@summit.com,Birmingham,AL,South,South,2022-12-12,,,,,,,,,,,,
CUST02126,Mercy Community Clinic,Stephen Reyes,294-640-3118,(294) 640-3118,Stephen.Reyes614@mercy.com,Minneapolis,MN,North,North,2012-02-13,,,,,,,,,,,,
CUST02127,Trinity Urgent Care Clinic,Rachel Parker,1203390596,(120) 339-0596,Rachel.Parker662@trinity.com,Hartford,CT,East,East,2023-01-01,,,,,,,,,,,,
CUST02128,Summit Urgent Care Clinic,Stephanie Young,438.375.4288,(438) 375-4288,Stephanie.Young486@summit.com,New Orleans,LA,South,South,2020-10-01,,,,,,,,,,,,
CUST02129,Westfield Hospital,Christopher Rivera,0277217931,(027) 721-7931,Christopher.Rivera48@westfield.com,Albany,NY,East,East,2017-05-27,,,,,,,,,,,,
CUST02130,Northgate Urgent Care Clinic,Kathleen Morales,924 483 7268,(924) 483-7268,Kathleen.Morales604@northgate.com,Birmingham,AL,South,South,2015-05-25,,,,,,,,,,,,
CUST02131,Crossroads Community Clinic,Brandon Hernandez,8672877478,(867) 287-7478,Brandon.Hernandez54@crossroads.com,Hartford,CT,Northeast,East,2016-08-10,,,,,,,,,,,,
CUST02132,Parkview Pharmacy,Shirley Miller,965 241 5731,(965) 241-5731,Shirley.Miller145@parkview.com,Seattle,WA,West,West,2010-05-30,,,,,,,,,,,,
CUST02133,Riverside Urgent Care Clinic,Linda White,0719129433,(071) 912-9433,Linda.White433@riverside.com,Albany,NY,East,East,2018-03-05,,,,,,,,,,,,
CUST02134,Crossroads Medical Center,David Brown,355 019 3531,(355) 019-3531,David.Brown904@crossroads.com,Fargo,ND,North,North,2012-07-21,,,,,,,,,,,,
CUST02135,Union Community Clinic,Barbara Edwards,313-700-1749,(313) 700-1749,Barbara.Edwards369@union.com,Philadelphia,PA,East,East,2019-04-22,,,,,,,,,,,,
CUST02136,Hilltop Pharmacy,Richard Nguyen,(173) 733-9701,(173) 733-9701,Richard.Nguyen580@hilltop.com,Dallas,TX,South,South,2013-11-08,,,,,,,,,,,,
CUST02137,Valley Medical Center,Paul Ramos,224.006.1386,(224) 006-1386,Paul.Ramos437@valley.com,Billings,MT,North,North,2019-01-14,,,,,,,,,,,,
CUST02138,Valley Pharmacy,Patricia Jones,435 804 7118,(435) 804-7118,Patricia.Jones980@valley.com,Albany,NY,East,East,2016-10-16,,,,,,,,,,,,
CUST02139,Lakeside Urgent Care Clinic,Matthew Scott,(119) 596-0276,(119) 596-0276,Matthew.Scott816@lakeside.com,Fargo,ND,North,North,2021-02-02,,,,,,,,,,,,
CUST02140,Beacon Medical Center,Daniel Flores,485-625-7504,(485) 625-7504,Daniel.Flores411@beacon.com,Phoenix,AZ,Southeast,South,2015-11-08,,,,,,,,,,,,
CUST02141,Lakeside Long-Term Care Facility,Susan Anderson,8617541827,(861) 754-1827,Susan.Anderson308@lakeside.com,Denver,CO,West,West,2022-08-07,,,,,,,,,,,,
CUST02142,Maple Health System,Rebecca Morales,801-975-5708,(801) 975-5708,Rebecca.Morales756@maple.com,Sacramento,CA,West,West,2022-04-20,,,,,,,,,,,,
CUST02143,Union Medical Center,Robert Ortiz,414 429 4267,(414) 429-4267,Robert.Ortiz552@union.com,Fargo,ND,North,North,2011-05-12,,,,,,,,,,,,
CUST02144,Mercy Community Clinic,Jennifer Nguyen,1378626849,(137) 862-6849,Jennifer.Nguyen147@mercy.com,Minneapolis,MN,North,North,2015-09-19,,,,,,,,,,,,
CUST02145,Trinity Pharmacy,Kimberly Lewis,(076) 817-0068,(076) 817-0068,Kimberly.Lewis437@trinity.com,Fargo,ND,North,North,2018-01-27,,,,,,,,,,,,
CUST02146,Hilltop Health System,John Brown,766.105.4171,(766) 105-4171,John.Brown816@hilltop.com,Atlanta,GA,South,South,2021-02-01,,,,,,,,,,,,
CUST02147,Riverside Medical Center,Deborah Campbell,180.077.8428,(180) 077-8428,Deborah.Campbell468@riverside.com,Sioux Falls,SD,North,North,2019-10-19,,,,,,,,,,,,
CUST02148,Crossroads Pharmacy,Joshua Ramos,066-721-9228,(066) 721-9228,Joshua.Ramos885@crossroads.com,Phoenix,AZ,West,West,2012-08-19,,,,,,,,,,,,
CUST02149,Northgate Urgent Care Clinic,Edward Reyes,152-725-9783,(152) 725-9783,Edward.Reyes934@northgate.com,Billings,MT,North,North,2016-04-15,,,,,,,,,,,,
CUST02150,Lakeside Long-Term Care Facility,Patricia Lopez,(59) 944-7698,(059) 944-7698,Patricia.Lopez181@lakeside.com,Milwaukee,WI,North,North,2013-09-15,,,,,,,,,,,,
CUST02151,Grace Urgent Care Clinic,Rebecca Perez,(610) 880-2570,(610) 880-2570,Rebecca.Perez735@grace.com,Dallas,TX,South,South,2011-01-23,,,,,,,,,,,,
CUST02152,Grace Community Clinic,Laura Evans,(595) 915-1676,(595) 915-1676,Laura.Evans156@grace.com,Birmingham,AL,Southeast,South,2022-11-04,,,,,,,,,,,,
CUST02153,Mercy Medical Center,Charles Thompson,(25) 368-7320,(025) 368-7320,Charles.Thompson335@mercy.com,Seattle,WA,West,West,2016-03-10,,,,,,,,,,,,
CUST02154,Lakeside Urgent Care Clinic,Katherine Torres,097-873-8718,(097) 873-8718,Katherine.Torres914@lakeside.com,Sioux Falls,SD,North,North,2012-08-18,,,,,,,,,,,,
CUST02155,Lakeside Long-Term Care Facility,Laura Davis,584.843.9300,(584) 843-9300,Laura.Davis231@lakeside.com,Minneapolis,MN,North,North,2017-01-09,,,,,,,,,,,,
CUST02156,Trinity Long-Term Care Facility,Andrew Reyes,706.493.7590,(706) 493-7590,Andrew.Reyes905@trinity.com,Billings,MT,North,North,2023-09-12,,,,,,,,,,,,
CUST02157,Union Pharmacy,Joseph Harris,027.890.2764,(027) 890-2764,Joseph.Harris5@union.com,Dallas,TX,South,South,2011-01-27,,,,,,,,,,,,
CUST02158,Lakeside Urgent Care Clinic,Lisa Morales,575.473.8808,(575) 473-8808,Lisa.Morales315@lakeside.com,Billings,MT,North,North,2010-07-19,,,,,,,,,,,,
CUST02159,Valley Medical Center,George Martinez,(72) 553-2052,(072) 553-2052,George.Martinez328@valley.com,New Orleans,LA,South,South,2018-04-18,,,,,,,,,,,,
CUST02160,Maple Pharmacy,Anthony Richardson,(711) 788-7505,(711) 788-7505,Anthony.Richardson765@maple.com,Tampa,FL,South,South,2012-09-13,,,,,,,,,,,,
CUST02161,Eastview Health System,Deborah Rodriguez,141 200 7404,(141) 200-7404,Deborah.Rodriguez340@eastview.com,Billings,MT,Midwest,North,2019-08-06,,,,,,,,,,,,
CUST02162,Beacon Health System,Mark Rogers,2769268994,(276) 926-8994,Mark.Rogers477@beacon.com,Atlanta,GA,South,South,2023-09-21,,,,,,,,,,,,
CUST02163,Lakeside Hospital,David Martin,3906056360,(390) 605-6360,David.Martin309@lakeside.com,Tampa,FL,South,South,2012-10-05,,,,,,,,,,,,
CUST02164,Hilltop Hospital,Andrew Harris,(912) 581-9366,(912) 581-9366,Andrew.Harris442@hilltop.com,New Orleans,LA,South,South,2016-09-02,,,,,,,,,,,,
CUST02165,Trinity Hospital,Kenneth Wilson,(594) 568-1508,(594) 568-1508,Kenneth.Wilson939@trinity.com,Newark,NJ,Southeast,South,2016-08-01,,,,,,,,,,,,
CUST02166,Southport Medical Center,Karen Clark,897.633.0230,(897) 633-0230,Karen.Clark247@southport.com,Billings,MT,North,North,2014-12-24,,,,,,,,,,,,
CUST02167,Crossroads Community Clinic,Patricia Flores,(602) 509-2704,(602) 509-2704,Patricia.Flores252@crossroads.com,Dallas,TX,South,South,2022-04-03,,,,,,,,,,,,
CUST02168,Grace Medical Center,Sharon Diaz,(72) 602-7578,(072) 602-7578,Sharon.Diaz208@grace.com,Denver,CO,West,West,2019-04-09,,,,,,,,,,,,
CUST02169,Riverside Health System,Ryan Brown,(738) 088-2330,(738) 088-2330,Ryan.Brown96@riverside.com,Newark,NJ,East,East,2023-08-27,,,,,,,,,,,,
CUST02170,Cornerstone Long-Term Care Facility,Gregory Evans,(75) 186-2109,(075) 186-2109,Gregory.Evans860@cornerstone.com,Tampa,FL,South,South,2014-03-22,,,,,,,,,,,,
CUST02171,Parkview Medical Center,Anna Rodriguez,168 960 0668,(168) 960-0668,Anna.Rodriguez897@parkview.com,New Orleans,LA,South,South,2013-07-31,,,,,,,,,,,,
CUST02172,Cornerstone Medical Center,Elizabeth Edwards,(252) 846-5806,(252) 846-5806,Elizabeth.Edwards612@cornerstone.com,Fargo,ND,North,North,2013-01-04,,,,,,,,,,,,
CUST02173,Westfield Hospital,Kimberly Bailey,797-031-0808,(797) 031-0808,Kimberly.Bailey743@westfield.com,Billings,MT,North,North,2010-02-05,,,,,,,,,,,,
CUST02174,Heritage Health System,Kenneth Cooper,8789048334,(878) 904-8334,Kenneth.Cooper387@heritage.com,Philadelphia,PA,East,East,2020-04-08,,,,,,,,,,,,
CUST02175,Summit Community Clinic,Helen Kelly,318 066 6405,(318) 066-6405,Helen.Kelly488@summit.com,Sacramento,CA,West,West,2024-04-02,,,,,,,,,,,,
CUST02176,Westfield Community Clinic,Sharon Ortiz,803-782-5371,(803) 782-5371,Sharon.Ortiz541@westfield.com,Dallas,TX,South,South,2021-02-19,,,,,,,,,,,,
CUST02177,Westfield Pharmacy,Amy Baker,(578) 137-3142,(578) 137-3142,Amy.Baker398@westfield.com,Fargo,ND,North,North,2013-01-31,,,,,,,,,,,,
CUST02178,Hilltop Urgent Care Clinic,Laura Moore,1782730597,(178) 273-0597,Laura.Moore33@hilltop.com,Philadelphia,PA,East,East,2021-11-03,,,,,,,,,,,,
CUST02179,Riverside Urgent Care Clinic,Joseph Kim,640-157-7466,(640) 157-7466,Joseph.Kim630@riverside.com,Denver,CO,West,West,2020-11-23,,,,,,,,,,,,
CUST02180,Union Health System,Brandon Thompson,554-245-8667,(554) 245-8667,Brandon.Thompson587@union.com,Portland,OR,West,West,2023-08-14,,,,,,,,,,,,
CUST02181,Parkview Pharmacy,Sandra Gutierrez,(679) 406-0154,(679) 406-0154,Sandra.Gutierrez168@parkview.com,Atlanta,GA,South,South,2019-10-31,,,,,,,,,,,,
CUST02182,Southport Community Clinic,Samuel Allen,392.389.8622,(392) 389-8622,Samuel.Allen434@southport.com,Denver,CO,West,West,2024-07-24,,,,,,,,,,,,
CUST02183,Trinity Health System,Pamela Flores,(610) 356-5748,(610) 356-5748,Pamela.Flores206@trinity.com,New Orleans,LA,South,South,2021-01-02,,,,,,,,,,,,
CUST02184,Cedar Community Clinic,Jason Torres,2735060012,(273) 506-0012,Jason.Torres876@cedar.com,Hartford,CT,East,East,2018-10-03,,,,,,,,,,,,
CUST02185,Lakeside Community Clinic,Nicole Adams,091 009 1665,(091) 009-1665,Nicole.Adams317@lakeside.com,Sacramento,CA,West,West,2017-08-15,,,,,,,,,,,,
CUST02186,Southport Urgent Care Clinic,Debra Peterson,462.742.0522,(462) 742-0522,Debra.Peterson585@southport.com,Minneapolis,MN,Midwest,North,2021-05-11,,,,,,,,,,,,
CUST02187,Northgate Medical Center,Cynthia Davis,321 665 6910,(321) 665-6910,Cynthia.Davis643@northgate.com,Sioux Falls,SD,North,North,2021-12-08,,,,,,,,,,,,
CUST02188,Grace Community Clinic,Charles Collins,134-025-0064,(134) 025-0064,Charles.Collins431@grace.com,Minneapolis,MN,North,North,2015-10-09,,,,,,,,,,,,
CUST02189,Westfield Hospital,Jason Johnson,(650) 534-7741,(650) 534-7741,Jason.Johnson161@westfield.com,Boston,MA,East,East,2021-05-27,,,,,,,,,,,,
CUST02190,Cornerstone Urgent Care Clinic,Lisa Davis,887 559 8759,(887) 559-8759,Lisa.Davis267@cornerstone.com,Newark,NJ,East,East,2011-07-26,,,,,,,,,,,,
CUST02191,Mercy Community Clinic,Sarah Cox,823 016 4303,(823) 016-4303,Sarah.Cox983@mercy.com,Newark,NJ,East,East,2021-02-07,,,,,,,,,,,,
CUST02192,Eastview Medical Center,Jacob Collins,294.578.6740,(294) 578-6740,Jacob.Collins133@eastview.com,Philadelphia,PA,East,East,2015-11-15,,,,,,,,,,,,
CUST02193,Grace Community Clinic,Scott Kelly,(834) 190-6710,(834) 190-6710,Scott.Kelly453@grace.com,Hartford,CT,East,East,2022-07-16,,,,,,,,,,,,
CUST02194,Westfield Urgent Care Clinic,Edward Rivera,993-164-2128,(993) 164-2128,Edward.Rivera519@westfield.com,New Orleans,LA,South,South,2017-10-27,,,,,,,,,,,,
CUST02195,Hilltop Health System,Anna King,910.557.9991,(910) 557-9991,Anna.King235@hilltop.com,Milwaukee,WI,North,North,2015-12-07,,,,,,,,,,,,
CUST02196,Mercy Community Clinic,Sharon Ramirez,(234) 344-0708,(234) 344-0708,Sharon.Ramirez73@mercy.com,Portland,OR,West,West,2015-05-15,,,,,,,,,,,,
CUST02197,Union Health System,Christopher Martinez,(784) 590-7312,(784) 590-7312,Christopher.Martinez653@union.com,Newark,NJ,East,East,2012-04-05,,,,,,,,,,,,
CUST02198,Cedar Long-Term Care Facility,Margaret Reyes,(218) 154-4788,(218) 154-4788,Margaret.Reyes651@cedar.com,Birmingham,AL,South,South,2020-03-22,,,,,,,,,,,,
CUST02199,Hilltop Pharmacy,Rebecca Thompson,7095062632,(709) 506-2632,Rebecca.Thompson955@hilltop.com,Fargo,ND,North,North,2015-09-23,,,,,,,,,,,,
CUST02200,Northgate Community Clinic,Samantha Walker,(207) 980-4707,(207) 980-4707,Samantha.Walker452@northgate.com,Birmingham,AL,South,South,2023-07-22,,,,,,,,,,,,
CUST02201,Hilltop Health System,George Scott,399.963.6918,(399) 963-6918,George.Scott275@hilltop.com,Portland,OR,West,West,2012-05-31,,,,,,,,,,,,
CUST02202,Cornerstone Long-Term Care Facility,Melissa Wilson,7928262901,(792) 826-2901,Melissa.Wilson324@cornerstone.com,New Orleans,LA,South,South,2023-07-14,,,,,,,,,,,,
CUST02203,Cornerstone Community Clinic,Samuel Edwards,(478) 715-5333,(478) 715-5333,Samuel.Edwards588@cornerstone.com,Newark,NJ,East,East,2015-02-09,,,,,,,,,,,,
CUST02204,Northgate Pharmacy,Robert Williams,(619) 617-6502,(619) 617-6502,Robert.Williams805@northgate.com,Boston,MA,East,East,2010-12-22,,,,,,,,,,,,
CUST02205,Hilltop Hospital,Shirley Miller,958-700-5125,(958) 700-5125,Shirley.Miller896@hilltop.com,Portland,OR,West,West,2024-07-28,,,,,,,,,,,,
CUST02206,Trinity Long-Term Care Facility,Emma Perez,053 769 3287,(053) 769-3287,Emma.Perez726@trinity.com,Dallas,TX,South,South,2021-03-03,,,,,,,,,,,,
CUST02207,Grace Urgent Care Clinic,Jonathan Morales,897-531-1524,(897) 531-1524,Jonathan.Morales138@grace.com,Atlanta,GA,South,South,2024-09-20,,,,,,,,,,,,
CUST02208,Parkview Pharmacy,Paul Green,144 494 1996,(144) 494-1996,Paul.Green993@parkview.com,Boston,MA,East,East,2022-11-21,,,,,,,,,,,,
CUST02209,Grace Long-Term Care Facility,Debra Evans,840-927-7157,(840) 927-7157,Debra.Evans541@grace.com,Tampa,FL,South,South,2017-06-07,,,,,,,,,,,,
CUST02210,Parkview Pharmacy,Thomas Williams,8251103186,(825) 110-3186,Thomas.Williams489@parkview.com,Fargo,ND,North,North,2017-12-19,,,,,,,,,,,,
CUST02211,Maple Health System,Patrick Nelson,(566) 196-6760,(566) 196-6760,Patrick.Nelson56@maple.com,Philadelphia,PA,East,East,2016-01-24,,,,,,,,,,,,
CUST02212,Eastview Hospital,Maria Collins,655.764.7566,(655) 764-7566,Maria.Collins904@eastview.com,Minneapolis,MN,Northeast,East,2014-04-27,,,,,,,,,,,,
CUST02213,Summit Community Clinic,Ashley Miller,105-068-5902,(105) 068-5902,Ashley.Miller627@summit.com,Phoenix,AZ,West,West,2016-08-29,,,,,,,,,,,,
CUST02214,Trinity Long-Term Care Facility,Anthony Nguyen,706.165.3730,(706) 165-3730,Anthony.Nguyen169@trinity.com,Dallas,TX,South,South,2022-03-08,,,,,,,,,,,,
CUST02215,Riverside Health System,Michael Parker,(293) 096-1507,(293) 096-1507,Michael.Parker408@riverside.com,Denver,CO,Southeast,South,2012-09-24,,,,,,,,,,,,
CUST02216,Beacon Medical Center,Rachel Stewart,705 904 1179,(705) 904-1179,Rachel.Stewart454@beacon.com,Milwaukee,WI,North,North,2023-08-28,,,,,,,,,,,,
CUST02217,Northgate Medical Center,Brandon Turner,467.099.6087,(467) 099-6087,Brandon.Turner848@northgate.com,Billings,MT,North,North,2011-07-22,,,,,,,,,,,,
CUST02218,Summit Long-Term Care Facility,Brenda Rogers,(830) 878-8477,(830) 878-8477,Brenda.Rogers929@summit.com,New Orleans,LA,South,South,2021-04-27,,,,,,,,,,,,
CUST02219,Eastview Hospital,Sandra Johnson,686 862 7482,(686) 862-7482,Sandra.Johnson894@eastview.com,Birmingham,AL,South,South,2010-10-20,,,,,,,,,,,,
CUST02220,Parkview Health System,Gregory Lopez,595 013 3672,(595) 013-3672,Gregory.Lopez68@parkview.com,Fargo,ND,North,North,2017-05-07,,,,,,,,,,,,
CUST02221,Parkview Medical Center,Carol Davis,8246491371,(824) 649-1371,Carol.Davis582@parkview.com,Fargo,ND,Northeast,East,2016-03-31,,,,,,,,,,,,
CUST02222,Valley Community Clinic,Susan Rogers,963.781.3191,(963) 781-3191,Susan.Rogers745@valley.com,Dallas,TX,South,South,2011-09-03,,,,,,,,,,,,
CUST02223,Southport Community Clinic,Linda Hall,047.904.6449,(047) 904-6449,Linda.Hall699@southport.com,Denver,CO,West,West,2022-04-03,,,,,,,,,,,,
CUST02224,Union Pharmacy,Jonathan Kim,9427891192,(942) 789-1192,Jonathan.Kim56@union.com,Billings,MT,North,North,2010-06-22,,,,,,,,,,,,
CUST02225,Crossroads Health System,Kathleen Martin,8144166611,(814) 416-6611,Kathleen.Martin856@crossroads.com,Sacramento,CA,West,West,2023-09-01,,,,,,,,,,,,
CUST02226,Valley Urgent Care Clinic,Mary Allen,708 058 5824,(708) 058-5824,Mary.Allen639@valley.com,Sioux Falls,SD,North,North,2024-07-10,,,,,,,,,,,,
CUST02227,Hilltop Medical Center,Cynthia Hall,(003) 031-5186,(003) 031-5186,Cynthia.Hall604@hilltop.com,Boston,MA,East,East,2022-07-11,,,,,,,,,,,,
CUST02228,Trinity Health System,Margaret White,(947) 641-9495,(947) 641-9495,Margaret.White372@trinity.com,Atlanta,GA,South,South,2011-09-09,,,,,,,,,,,,
CUST02229,Cornerstone Health System,Carol Kelly,(334) 922-7770,(334) 922-7770,Carol.Kelly314@cornerstone.com,Minneapolis,MN,Southeast,South,2013-09-17,,,,,,,,,,,,
CUST02230,Crossroads Medical Center,Katherine Smith,(554) 344-8213,(554) 344-8213,Katherine.Smith121@crossroads.com,Atlanta,GA,South,South,2012-09-15,,,,,,,,,,,,
CUST02231,Union Urgent Care Clinic,Jacob Campbell,151-398-5532,(151) 398-5532,Jacob.Campbell15@union.com,Phoenix,AZ,West,West,2021-04-23,,,,,,,,,,,,
CUST02232,Northgate Long-Term Care Facility,Anthony Reed,252 324 3421,(252) 324-3421,Anthony.Reed358@northgate.com,Seattle,WA,Southeast,South,2020-10-28,,,,,,,,,,,,
CUST02233,Cornerstone Long-Term Care Facility,Kimberly Adams,280 733 5006,(280) 733-5006,Kimberly.Adams790@cornerstone.com,Portland,OR,West,West,2017-04-25,,,,,,,,,,,,
CUST02234,Crossroads Community Clinic,Jack Hall,294.078.2862,(294) 078-2862,Jack.Hall535@crossroads.com,Fargo,ND,North,North,2019-11-20,,,,,,,,,,,,
CUST02235,Valley Community Clinic,Jonathan Moore,258.736.0805,(258) 736-0805,Jonathan.Moore847@valley.com,Birmingham,AL,Southeast,South,2013-01-18,,,,,,,,,,,,
CUST02236,Summit Medical Center,Joshua Gonzalez,750-115-3270,(750) 115-3270,Joshua.Gonzalez850@summit.com,Dallas,TX,South,South,2016-05-28,,,,,,,,,,,,
CUST02237,Hilltop Medical Center,Jacob Johnson,(886) 371-3799,(886) 371-3799,Jacob.Johnson538@hilltop.com,Boston,MA,East,East,2010-09-12,,,,,,,,,,,,
CUST02238,Union Long-Term Care Facility,Maria Campbell,981 223 9657,(981) 223-9657,Maria.Campbell866@union.com,New Orleans,LA,South,South,2014-05-19,,,,,,,,,,,,
CUST02239,Hilltop Long-Term Care Facility,Anthony Scott,512 562 2208,(512) 562-2208,Anthony.Scott791@hilltop.com,Portland,OR,West,West,2019-02-24,,,,,,,,,,,,
CUST02240,Eastview Long-Term Care Facility,Laura Reed,613 807 1860,(613) 807-1860,Laura.Reed607@eastview.com,Newark,NJ,East,East,2024-08-17,,,,,,,,,,,,
CUST02241,Beacon Hospital,Catherine Carter,(838) 292-1629,(838) 292-1629,Catherine.Carter16@beacon.com,Philadelphia,PA,Southeast,South,2016-11-12,,,,,,,,,,,,
CUST02242,Valley Community Clinic,Christine Turner,710.363.0569,(710) 363-0569,Christine.Turner935@valley.com,Denver,CO,West,West,2013-12-14,,,,,,,,,,,,
CUST02243,Lakeside Urgent Care Clinic,Stephen Rogers,235 288 8990,(235) 288-8990,Stephen.Rogers778@lakeside.com,Denver,CO,West,West,2021-08-22,,,,,,,,,,,,
CUST02244,Riverside Medical Center,Shirley Brown,0714923603,(071) 492-3603,Shirley.Brown520@riverside.com,Minneapolis,MN,North,North,2024-08-01,,,,,,,,,,,,
CUST02245,Heritage Urgent Care Clinic,Margaret Bailey,4372132677,(437) 213-2677,Margaret.Bailey801@heritage.com,Philadelphia,PA,East,East,2015-01-07,,,,,,,,,,,,
CUST02246,Cedar Long-Term Care Facility,Shirley King,3843097975,(384) 309-7975,Shirley.King181@cedar.com,Billings,MT,Southeast,South,2012-08-18,,,,,,,,,,,,
CUST02247,Maple Health System,Melissa Richardson,7472913112,(747) 291-3112,Melissa.Richardson709@maple.com,Minneapolis,MN,North,North,2019-11-20,,,,,,,,,,,,
CUST02248,Grace Urgent Care Clinic,Raymond Young,312-178-1704,(312) 178-1704,Raymond.Young890@grace.com,Milwaukee,WI,Midwest,North,2013-02-25,,,,,,,,,,,,
CUST02249,Union Medical Center,Ryan Perez,920-630-4165,(920) 630-4165,Ryan.Perez898@union.com,Minneapolis,MN,North,North,2018-11-21,,,,,,,,,,,,
CUST02250,Heritage Pharmacy,Ronald Perez,310-017-9251,(310) 017-9251,Ronald.Perez160@heritage.com,Minneapolis,MN,North,North,2014-05-17,,,,,,,,,,,,
CUST02251,Riverside Health System,Stephanie Ward,020.981.9401,(020) 981-9401,Stephanie.Ward397@riverside.com,Milwaukee,WI,North,North,2011-11-06,,,,,,,,,,,,
CUST02252,Southport Long-Term Care Facility,Laura Clark,(727) 204-5098,(727) 204-5098,Laura.Clark707@southport.com,Sacramento,CA,West,West,2017-11-14,,,,,,,,,,,,
CUST02253,Southport Hospital,Gary Young,(262) 510-4946,(262) 510-4946,Gary.Young37@southport.com,Tampa,FL,Southeast,South,2018-02-23,,,,,,,,,,,,
CUST02254,Cedar Community Clinic,Amy Flores,(209) 673-0924,(209) 673-0924,Amy.Flores96@cedar.com,Albany,NY,East,East,2024-04-21,,,,,,,,,,,,
CUST02255,Northgate Long-Term Care Facility,Eric Campbell,665 339 0363,(665) 339-0363,Eric.Campbell493@northgate.com,Hartford,CT,East,East,2016-03-26,,,,,,,,,,,,
CUST02256,Southport Hospital,George Garcia,8000841626,(800) 084-1626,George.Garcia95@southport.com,Billings,MT,North,North,2016-12-15,,,,,,,,,,,,
CUST02257,Crossroads Medical Center,Maria Torres,5003945584,(500) 394-5584,Maria.Torres659@crossroads.com,Dallas,TX,South,South,2013-08-14,,,,,,,,,,,,
CUST02258,Maple Pharmacy,Rebecca Williams,(201) 651-9889,(201) 651-9889,Rebecca.Williams864@maple.com,Billings,MT,Northeast,East,2023-04-27,,,,,,,,,,,,
CUST02259,Hilltop Pharmacy,Richard Gomez,5192677504,(519) 267-7504,Richard.Gomez664@hilltop.com,Albany,NY,East,East,2013-07-30,,,,,,,,,,,,
CUST02260,Summit Community Clinic,Pamela Morales,656.887.2020,(656) 887-2020,Pamela.Morales83@summit.com,Newark,NJ,East,East,2010-09-02,,,,,,,,,,,,
CUST02261,Southport Long-Term Care Facility,Donna Baker,7641442719,(764) 144-2719,Donna.Baker224@southport.com,Portland,OR,West,West,2011-06-12,,,,,,,,,,,,
CUST02262,Westfield Long-Term Care Facility,Jacob Sanchez,080.029.0695,(080) 029-0695,Jacob.Sanchez998@westfield.com,Hartford,CT,East,East,2017-01-25,,,,,,,,,,,,
CUST02263,Eastview Medical Center,Kimberly Adams,943-610-9098,(943) 610-9098,Kimberly.Adams59@eastview.com,Birmingham,AL,South,South,2024-06-19,,,,,,,,,,,,
CUST02264,Maple Health System,Edward Johnson,(702) 360-7417,(702) 360-7417,Edward.Johnson172@maple.com,Boston,MA,East,East,2013-11-21,,,,,,,,,,,,
CUST02265,Valley Urgent Care Clinic,Emma Hall,(313) 417-6228,(313) 417-6228,Emma.Hall307@valley.com,Philadelphia,PA,East,East,2011-07-22,,,,,,,,,,,,
CUST02266,Mercy Medical Center,Matthew Ward,7905848281,(790) 584-8281,Matthew.Ward210@mercy.com,Albany,NY,Northeast,East,2014-09-27,,,,,,,,,,,,
CUST02267,Beacon Long-Term Care Facility,Timothy Torres,(108) 296-5612,(108) 296-5612,Timothy.Torres396@beacon.com,Denver,CO,West,West,2016-03-25,,,,,,,,,,,,
CUST02268,Trinity Community Clinic,Rachel Martinez,856 250 8450,(856) 250-8450,Rachel.Martinez665@trinity.com,Phoenix,AZ,West,West,2016-11-09,,,,,,,,,,,,
CUST02269,Cornerstone Hospital,Benjamin Nelson,099.286.1028,(099) 286-1028,Benjamin.Nelson784@cornerstone.com,Tampa,FL,South,South,2012-05-27,,,,,,,,,,,,
CUST02270,Southport Urgent Care Clinic,Larry Ortiz,(203) 286-5918,(203) 286-5918,Larry.Ortiz37@southport.com,Tampa,FL,South,South,2017-10-29,,,,,,,,,,,,
CUST02271,Crossroads Hospital,Sandra Bailey,(053) 067-3083,(053) 067-3083,Sandra.Bailey923@crossroads.com,New Orleans,LA,South,South,2021-10-29,,,,,,,,,,,,
CUST02272,Riverside Urgent Care Clinic,Richard Howard,7692191050,(769) 219-1050,Richard.Howard470@riverside.com,Sioux Falls,SD,North,North,2010-10-14,,,,,,,,,,,,
CUST02273,Mercy Health System,Laura Stewart,4540691438,(454) 069-1438,Laura.Stewart213@mercy.com,Portland,OR,West,West,2022-05-22,,,,,,,,,,,,
CUST02274,Westfield Community Clinic,Larry Carter,556-769-5979,(556) 769-5979,Larry.Carter185@westfield.com,Dallas,TX,South,South,2019-03-05,,,,,,,,,,,,
CUST02275,Valley Hospital,Rebecca Adams,4370391905,(437) 039-1905,Rebecca.Adams700@valley.com,Seattle,WA,West,West,2012-06-13,,,,,,,,,,,,
CUST02276,Cedar Urgent Care Clinic,Samuel Parker,(768) 329-8768,(768) 329-8768,Samuel.Parker35@cedar.com,Tampa,FL,South,South,2017-12-11,,,,,,,,,,,,
CUST02277,Cedar Long-Term Care Facility,Jonathan Garcia,242-363-7437,(242) 363-7437,Jonathan.Garcia69@cedar.com,Sioux Falls,SD,North,North,2014-11-20,,,,,,,,,,,,
CUST02278,Crossroads Pharmacy,Jack Torres,(357) 168-2611,(357) 168-2611,Jack.Torres473@crossroads.com,Newark,NJ,East,East,2018-07-25,,,,,,,,,,,,
CUST02279,Riverside Hospital,Cynthia Harris,873.541.4556,(873) 541-4556,Cynthia.Harris66@riverside.com,Seattle,WA,West,West,2024-08-15,,,,,,,,,,,,
CUST02280,Grace Pharmacy,Matthew Garcia,(637) 008-8943,(637) 008-8943,Matthew.Garcia128@grace.com,Hartford,CT,East,East,2016-09-08,,,,,,,,,,,,
CUST02281,Mercy Health System,Rachel Richardson,(165) 608-8041,(165) 608-8041,Rachel.Richardson39@mercy.com,Denver,CO,West,West,2012-11-29,,,,,,,,,,,,
CUST02282,Westfield Urgent Care Clinic,Laura Sanchez,261-734-6087,(261) 734-6087,Laura.Sanchez81@westfield.com,Seattle,WA,West,West,2015-11-16,,,,,,,,,,,,
CUST02283,Northgate Health System,Samuel Ortiz,(229) 380-4503,(229) 380-4503,Samuel.Ortiz807@northgate.com,Billings,MT,Southeast,South,2015-02-26,,,,,,,,,,,,
CUST02284,Cornerstone Urgent Care Clinic,Anthony Robinson,(764) 927-3868,(764) 927-3868,Alexander.Williams676@heritage.com,Minneapolis,MN,North,North,2020-08-27,,,,,,,,,,,,
CUST02285,Summit Community Clinic,Nicholas Morgan,818 155 3925,(818) 155-3925,Nicholas.Morgan256@summit.com,Birmingham,AL,South,South,2010-10-07,,,,,,,,,,,,
CUST02286,Cedar Hospital,Mary Martin,6033841787,(603) 384-1787,Mary.Martin524@cedar.com,Birmingham,AL,South,South,2021-01-22,,,,,,,,,,,,
CUST02287,Beacon Urgent Care Clinic,Amy Morgan,4881050391,(488) 105-0391,Amy.Morgan77@beacon.com,Sioux Falls,SD,North,North,2013-11-23,,,,,,,,,,,,
CUST02288,Crossroads Health System,Samuel Gutierrez,3985930822,(398) 593-0822,Samuel.Gutierrez99@crossroads.com,Birmingham,AL,South,South,2016-02-22,,,,,,,,,,,,
CUST02289,Cornerstone Medical Center,Joshua Rogers,369 823 2072,(369) 823-2072,Joshua.Rogers425@cornerstone.com,Newark,NJ,East,East,2012-03-23,,,,,,,,,,,,
CUST02290,Cedar Long-Term Care Facility,Gary Jones,2306780194,(230) 678-0194,Gary.Jones87@cedar.com,Boston,MA,East,East,2016-03-18,,,,,,,,,,,,
CUST02291,Cedar Community Clinic,Andrew Peterson,044-712-0836,(044) 712-0836,Andrew.Peterson458@cedar.com,New Orleans,LA,South,South,2016-11-24,,,,,,,,,,,,
CUST02292,Union Health System,Patricia Turner,7886173277,(788) 617-3277,Patricia.Turner998@union.com,Seattle,WA,West,West,2014-03-23,,,,,,,,,,,,
CUST02293,Union Health System,Steven Lewis,(990) 657-4169,(990) 657-4169,Steven.Lewis982@union.com,Milwaukee,WI,North,North,2019-04-25,,,,,,,,,,,,
CUST02294,Southport Medical Center,Janet Murphy,5618453577,(561) 845-3577,Janet.Murphy911@southport.com,Birmingham,AL,South,South,2021-10-07,,,,,,,,,,,,
CUST02295,Cornerstone Urgent Care Clinic,Brenda Reed,583.618.8374,(583) 618-8374,Brenda.Reed926@cornerstone.com,New Orleans,LA,South,South,2013-09-23,,,,,,,,,,,,
CUST02296,Beacon Hospital,Amy Gutierrez,(445) 025-6702,(445) 025-6702,Amy.Gutierrez178@beacon.com,Sacramento,CA,West,West,2023-11-10,,,,,,,,,,,,
CUST02297,Cornerstone Urgent Care Clinic,Patrick Brown,(37) 632-9403,(037) 632-9403,Patrick.Brown312@cornerstone.com,Sioux Falls,SD,North,North,2014-10-19,,,,,,,,,,,,
CUST02298,Eastview Medical Center,Brandon Ramos,(808) 655-1086,(808) 655-1086,Brandon.Ramos474@eastview.com,Milwaukee,WI,North,North,2010-01-26,,,,,,,,,,,,
CUST02299,Hilltop Long-Term Care Facility,Lisa Rivera,132.940.2759,(132) 940-2759,Lisa.Rivera924@hilltop.com,New Orleans,LA,South,South,2010-12-17,,,,,,,,,,,,
CUST02300,Grace Pharmacy,Debra Murphy,574 863 2810,(574) 863-2810,Debra.Murphy686@grace.com,Boston,MA,East,East,2010-01-27,,,,,,,,,,,,
CUST02301,Union Long-Term Care Facility,Patricia Parker,(557) 384-1096,(557) 384-1096,Patricia.Parker951@union.com,Sacramento,CA,West,West,2018-07-07,,,,,,,,,,,,
CUST02302,Maple Long-Term Care Facility,Scott Reyes,3176602445,(317) 660-2445,Scott.Reyes720@maple.com,Sacramento,CA,West,West,2023-03-26,,,,,,,,,,,,
CUST02303,Crossroads Pharmacy,Pamela Harris,6975755460,(697) 575-5460,Pamela.Harris275@crossroads.com,Fargo,ND,North,North,2014-01-19,,,,,,,,,,,,
CUST02304,Riverside Medical Center,Michael Cooper,882 499 6966,(882) 499-6966,Michael.Cooper722@riverside.com,Newark,NJ,East,East,2012-08-02,,,,,,,,,,,,
CUST02305,Parkview Health System,Kevin Wilson,414.036.3487,(414) 036-3487,Kevin.Wilson142@parkview.com,Hartford,CT,East,East,2018-10-03,,,,,,,,,,,,
CUST02306,Cornerstone Pharmacy,Christopher Hernandez,229 309 4431,(229) 309-4431,Christopher.Hernandez811@cornerstone.com,Birmingham,AL,South,South,2014-06-05,,,,,,,,,,,,
CUST02307,Union Urgent Care Clinic,Ashley Davis,900-725-6687,(900) 725-6687,Ashley.Davis391@union.com,Boston,MA,East,East,2024-05-15,,,,,,,,,,,,
CUST02308,Trinity Hospital,Ryan Morris,3715104136,(371) 510-4136,Ryan.Morris978@trinity.com,Boston,MA,East,East,2018-07-08,,,,,,,,,,,,
CUST02309,Beacon Medical Center,Sharon Stewart,(322) 496-7371,(322) 496-7371,Sharon.Stewart322@beacon.com,Hartford,CT,East,East,2017-05-14,,,,,,,,,,,,
CUST02310,Parkview Long-Term Care Facility,Jack Ortiz,(454) 028-9443,(454) 028-9443,Jack.Ortiz142@parkview.com,Milwaukee,WI,Midwest,North,2018-06-16,,,,,,,,,,,,
CUST02311,Cornerstone Long-Term Care Facility,Justin Gomez,(136) 674-8868,(136) 674-8868,Justin.Gomez617@cornerstone.com,Phoenix,AZ,West,West,2010-03-08,,,,,,,,,,,,
CUST02312,Hilltop Health System,Michael Torres,(141) 835-9094,(141) 835-9094,Michael.Torres809@hilltop.com,Seattle,WA,West,West,2016-07-12,,,,,,,,,,,,
CUST02313,Parkview Urgent Care Clinic,Linda Cox,(725) 445-2786,(725) 445-2786,Linda.Cox343@parkview.com,Newark,NJ,East,East,2015-08-31,,,,,,,,,,,,
CUST02314,Valley Medical Center,Cynthia Cooper,751-939-1460,(751) 939-1460,Cynthia.Cooper173@valley.com,Portland,OR,West,West,2022-07-15,,,,,,,,,,,,
CUST02315,Southport Pharmacy,Patrick Stewart,(991) 085-8777,(991) 085-8777,Patrick.Stewart367@southport.com,Boston,MA,East,East,2010-08-29,,,,,,,,,,,,
CUST02316,Northgate Pharmacy,William Gutierrez,5679746317,(567) 974-6317,William.Gutierrez413@northgate.com,New Orleans,LA,South,South,2014-01-25,,,,,,,,,,,,
CUST02317,Trinity Medical Center,Charles Evans,633-863-8130,(633) 863-8130,Charles.Evans133@trinity.com,Denver,CO,West,West,2016-10-18,,,,,,,,,,,,
CUST02318,Beacon Community Clinic,Joshua Wright,6654977053,(665) 497-7053,Joshua.Wright987@beacon.com,Portland,OR,Southeast,South,2015-07-29,,,,,,,,,,,,
CUST02319,Eastview Long-Term Care Facility,Steven Cook,762-080-1289,(762) 080-1289,Steven.Cook168@eastview.com,Philadelphia,PA,Northeast,East,2021-12-12,,,,,,,,,,,,
CUST02320,Riverside Pharmacy,Jennifer Jones,(650) 456-8696,(650) 456-8696,Jennifer.Jones950@riverside.com,Dallas,TX,South,South,2011-10-15,,,,,,,,,,,,
CUST02321,Valley Health System,Charles Reyes,240 415 7584,(240) 415-7584,Charles.Reyes434@valley.com,Atlanta,GA,Southeast,South,2021-08-08,,,,,,,,,,,,
CUST02322,Cedar Medical Center,Barbara Peterson,(933) 335-6942,(933) 335-6942,Barbara.Peterson275@cedar.com,Birmingham,AL,South,South,2015-10-03,,,,,,,,,,,,
CUST02323,Union Long-Term Care Facility,Elizabeth Morgan,162-950-6410,(162) 950-6410,Elizabeth.Morgan315@union.com,Phoenix,AZ,West,West,2011-06-01,,,,,,,,,,,,
CUST02324,Hilltop Community Clinic,Gregory Davis,523-465-5461,(523) 465-5461,Gregory.Davis226@hilltop.com,Atlanta,GA,South,South,2022-02-24,,,,,,,,,,,,
CUST02325,Trinity Urgent Care Clinic,Frank Clark,401.989.2891,(401) 989-2891,Frank.Clark848@trinity.com,Seattle,WA,West,West,2017-06-28,,,,,,,,,,,,
CUST02326,Union Hospital,Janet Collins,628.607.8138,(628) 607-8138,Janet.Collins815@union.com,Newark,NJ,East,East,2017-06-21,,,,,,,,,,,,
CUST02327,Cedar Long-Term Care Facility,Kimberly Miller,749 185 0582,(749) 185-0582,Kimberly.Miller777@cedar.com,Tampa,FL,South,South,2017-10-03,,,,,,,,,,,,
CUST02328,Union Community Clinic,Brian Ramos,120 690 6119,(120) 690-6119,Brian.Ramos466@union.com,Boston,MA,East,East,2014-11-26,,,,,,,,,,,,
CUST02329,Parkview Community Clinic,Paul Taylor,031.584.6439,(031) 584-6439,Paul.Taylor561@parkview.com,Tampa,FL,South,South,2010-05-15,,,,,,,,,,,,
CUST02330,Union Community Clinic,Rachel Harris,319.507.8730,(319) 507-8730,Rachel.Harris596@union.com,Albany,NY,Northeast,East,2010-08-09,,,,,,,,,,,,
CUST02331,Lakeside Long-Term Care Facility,Brian Carter,329 262 0555,(329) 262-0555,Brian.Carter839@lakeside.com,Tampa,FL,South,South,2013-04-24,,,,,,,,,,,,
CUST02332,Westfield Health System,Elizabeth Brown,578-339-3994,(578) 339-3994,Elizabeth.Brown593@westfield.com,Portland,OR,West,West,2017-11-16,,,,,,,,,,,,
CUST02333,Heritage Pharmacy,Cynthia Gutierrez,(828) 095-7283,(828) 095-7283,Cynthia.Gutierrez204@heritage.com,Boston,MA,East,East,2010-04-10,,,,,,,,,,,,
CUST02334,Cedar Community Clinic,Kenneth Carter,984 607 4562,(984) 607-4562,Kenneth.Carter656@cedar.com,Portland,OR,West,West,2020-06-28,,,,,,,,,,,,
CUST02335,Northgate Pharmacy,Thomas Jones,875 875 0980,(875) 875-0980,Thomas.Jones498@northgate.com,Birmingham,AL,Midwest,North,2017-08-28,,,,,,,,,,,,
CUST02336,Summit Community Clinic,Amy Murphy,907.439.0648,(907) 439-0648,Amy.Murphy195@summit.com,Fargo,ND,North,North,2023-10-08,,,,,,,,,,,,
CUST02337,Lakeside Hospital,Samantha Smith,440 731 9718,(440) 731-9718,Samantha.Smith124@lakeside.com,Tampa,FL,South,South,2011-07-08,,,,,,,,,,,,
CUST02338,Lakeside Hospital,Gregory Turner,2916942616,(291) 694-2616,Gregory.Turner282@lakeside.com,Birmingham,AL,South,South,2020-11-04,,,,,,,,,,,,
CUST02339,Riverside Pharmacy,Matthew Johnson,275 652 0831,(275) 652-0831,Matthew.Johnson668@riverside.com,Denver,CO,West,West,2010-02-12,,,,,,,,,,,,
CUST02340,Grace Pharmacy,Janet Wright,1529007416,(152) 900-7416,Janet.Wright216@grace.com,Billings,MT,North,North,2010-11-05,,,,,,,,,,,,
CUST02341,Grace Health System,Jacob Anderson,316.723.2464,(316) 723-2464,Jacob.Anderson40@grace.com,Fargo,ND,North,North,2018-07-17,,,,,,,,,,,,
CUST02342,Grace Pharmacy,Jessica Garcia,(377) 889-2141,(377) 889-2141,Jessica.Garcia62@grace.com,Sioux Falls,SD,North,North,2020-04-19,,,,,,,,,,,,
CUST02343,Beacon Hospital,Kathleen Diaz,798.011.7056,(798) 011-7056,Kathleen.Diaz758@beacon.com,Billings,MT,North,North,2017-06-04,,,,,,,,,,,,
CUST02344,Mercy Health System,Robert Howard,(033) 675-9479,(033) 675-9479,Robert.Howard780@mercy.com,Portland,OR,West,West,2023-11-11,,,,,,,,,,,,
CUST02345,Beacon Community Clinic,Matthew King,865-230-8045,(865) 230-8045,Matthew.King899@beacon.com,Birmingham,AL,South,South,2014-10-03,,,,,,,,,,,,
CUST02346,Eastview Pharmacy,Betty Ward,000.267.5547,(000) 267-5547,Betty.Ward445@eastview.com,Dallas,TX,South,South,2016-07-08,,,,,,,,,,,,
CUST02347,Cedar Long-Term Care Facility,Barbara Stewart,511-723-0358,(511) 723-0358,Barbara.Stewart821@cedar.com,Seattle,WA,West,West,2013-12-06,,,,,,,,,,,,
CUST02348,Southport Medical Center,Nicholas Williams,048.088.6112,(048) 088-6112,Nicholas.Williams310@southport.com,Dallas,TX,South,South,2016-10-30,,,,,,,,,,,,
CUST02349,Southport Community Clinic,James Reed,(772) 112-7168,(772) 112-7168,James.Reed544@southport.com,Sioux Falls,SD,North,North,2012-02-16,,,,,,,,,,,,
CUST02350,Parkview Long-Term Care Facility,Mary Edwards,(521) 526-7371,(521) 526-7371,Mary.Edwards784@parkview.com,Phoenix,AZ,West,West,2010-02-23,,,,,,,,,,,,
CUST02351,Heritage Medical Center,Stephen Reed,4641473594,(464) 147-3594,Stephen.Reed344@heritage.com,Denver,CO,West,West,2014-04-18,,,,,,,,,,,,
CUST02352,Parkview Community Clinic,Emma Mitchell,577 689 9773,(577) 689-9773,Emma.Mitchell91@parkview.com,Newark,NJ,East,East,2018-09-14,,,,,,,,,,,,
CUST02353,Grace Community Clinic,Elizabeth Hall,370 140 9507,(370) 140-9507,Elizabeth.Hall660@grace.com,Milwaukee,WI,North,North,2012-03-10,,,,,,,,,,,,
CUST02354,Beacon Health System,Katherine Cox,047.725.9611,(047) 725-9611,Katherine.Cox723@beacon.com,Seattle,WA,West,West,2017-09-23,,,,,,,,,,,,
CUST02355,Southport Community Clinic,Patrick Evans,162.906.2881,(162) 906-2881,Patrick.Evans408@southport.com,New Orleans,LA,South,South,2011-03-15,,,,,,,,,,,,
CUST02356,Northgate Community Clinic,Carol Parker,518-343-4936,(518) 343-4936,Carol.Parker541@northgate.com,Billings,MT,North,North,2011-05-17,,,,,,,,,,,,
CUST02357,Crossroads Community Clinic,Richard Morgan,347-244-1676,(347) 244-1676,Richard.Morgan503@crossroads.com,Phoenix,AZ,West,West,2016-07-05,,,,,,,,,,,,
CUST02358,Riverside Hospital,Helen Thompson,(293) 268-3487,(293) 268-3487,Helen.Thompson598@riverside.com,Portland,OR,West,West,2017-07-12,,,,,,,,,,,,
CUST02359,Trinity Pharmacy,Anthony Lewis,0845482627,(084) 548-2627,Anthony.Lewis105@trinity.com,New Orleans,LA,South,South,2014-03-14,,,,,,,,,,,,
CUST02360,Crossroads Urgent Care Clinic,Maria Allen,8766340419,(876) 634-0419,Maria.Allen268@crossroads.com,Milwaukee,WI,North,North,2020-06-27,,,,,,,,,,,,
CUST02361,Union Medical Center,Elizabeth Reyes,968.516.9217,(968) 516-9217,Elizabeth.Reyes107@union.com,Atlanta,GA,South,South,2015-07-21,,,,,,,,,,,,
CUST02362,Summit Urgent Care Clinic,Gary Turner,(705) 005-7458,(705) 005-7458,Gary.Turner430@summit.com,Philadelphia,PA,East,East,2017-01-03,,,,,,,,,,,,
CUST02363,Parkview Health System,Helen Torres,312.760.7833,(312) 760-7833,Helen.Torres554@parkview.com,Albany,NY,East,East,2013-12-16,,,,,,,,,,,,
CUST02364,Summit Community Clinic,Edward Rivera,8816035341,(881) 603-5341,Edward.Rivera319@summit.com,Philadelphia,PA,East,East,2019-02-20,,,,,,,,,,,,
CUST02365,Eastview Pharmacy,Nicholas Walker,(910) 147-3912,(910) 147-3912,Nicholas.Walker964@eastview.com,Minneapolis,MN,North,North,2017-01-11,,,,,,,,,,,,
CUST02366,Eastview Health System,Stephanie Cook,012.771.2771,(012) 771-2771,Barbara.Morales417@heritage.com,Hartford,CT,East,East,2014-05-14,,,,,,,,,,,,
CUST02367,Beacon Long-Term Care Facility,Scott Lee,(447) 940-8030,(447) 940-8030,Scott.Lee171@beacon.com,Billings,MT,Southeast,South,2022-09-13,,,,,,,,,,,,
CUST02368,Lakeside Community Clinic,Sharon Allen,9965840293,(996) 584-0293,Sharon.Allen330@lakeside.com,Portland,OR,West,West,2012-11-04,,,,,,,,,,,,
CUST02369,Trinity Long-Term Care Facility,Jennifer Johnson,2802386562,(280) 238-6562,Jennifer.Johnson568@trinity.com,Hartford,CT,East,East,2010-03-08,,,,,,,,,,,,
CUST02370,Cornerstone Urgent Care Clinic,Karen Cooper,(880) 030-0537,(880) 030-0537,Karen.Cooper996@cornerstone.com,Minneapolis,MN,North,North,2018-11-29,,,,,,,,,,,,
CUST02371,Crossroads Long-Term Care Facility,Jack Perez,(203) 071-0816,(203) 071-0816,Jack.Perez963@crossroads.com,Seattle,WA,West,West,2013-09-24,,,,,,,,,,,,
CUST02372,Cornerstone Hospital,Cynthia Smith,(621) 541-5198,(621) 541-5198,Cynthia.Smith859@cornerstone.com,Phoenix,AZ,West,West,2012-11-05,,,,,,,,,,,,
CUST02373,Summit Medical Center,Stephanie Sanchez,286 358 3492,(286) 358-3492,Stephanie.Sanchez573@summit.com,New Orleans,LA,South,South,2023-01-25,,,,,,,,,,,,
CUST02374,Heritage Long-Term Care Facility,Nicholas Hall,(591) 092-3355,(591) 092-3355,Nicholas.Hall467@heritage.com,Portland,OR,West,West,2013-05-01,,,,,,,,,,,,
CUST02375,Southport Health System,George Clark,8916190558,(891) 619-0558,George.Clark19@southport.com,Boston,MA,East,East,2024-04-09,,,,,,,,,,,,
CUST02376,Cornerstone Hospital,Gregory Lee,990 941 6795,(990) 941-6795,Gregory.Lee668@cornerstone.com,Sacramento,CA,West,West,2010-12-12,,,,,,,,,,,,
CUST02377,Parkview Hospital,Amanda Gutierrez,481.189.1728,(481) 189-1728,Amanda.Gutierrez309@parkview.com,Fargo,ND,North,North,2022-01-09,,,,,,,,,,,,
CUST02378,Hilltop Community Clinic,Angela White,(092) 628-8658,(092) 628-8658,Angela.White22@hilltop.com,Hartford,CT,East,East,2011-04-03,,,,,,,,,,,,
CUST02379,Riverside Health System,Kevin Hall,197-435-7529,(197) 435-7529,Kevin.Hall839@riverside.com,Boston,MA,East,East,2018-05-19,,,,,,,,,,,,
CUST02380,Trinity Long-Term Care Facility,Paul White,900-158-1236,(900) 158-1236,Paul.White301@trinity.com,Billings,MT,North,North,2023-12-03,,,,,,,,,,,,
CUST02381,Westfield Community Clinic,George Stewart,(190) 672-4460,(190) 672-4460,George.Stewart706@westfield.com,Sacramento,CA,Southeast,South,2020-11-13,,,,,,,,,,,,
CUST02382,Westfield Hospital,Samantha Gonzalez,(630) 835-7289,(630) 835-7289,Samantha.Gonzalez880@westfield.com,Phoenix,AZ,West,West,2011-04-11,,,,,,,,,,,,
CUST02383,Trinity Pharmacy,Kenneth Reed,(418) 042-0223,(418) 042-0223,Kenneth.Reed489@trinity.com,Tampa,FL,South,South,2017-09-21,,,,,,,,,,,,
CUST02384,Southport Medical Center,Shirley Evans,287.657.5552,(287) 657-5552,Shirley.Evans571@southport.com,Birmingham,AL,South,South,2017-04-06,,,,,,,,,,,,
CUST02385,Heritage Medical Center,Joseph Lewis,6648782648,(664) 878-2648,Joseph.Lewis47@heritage.com,Albany,NY,East,East,2011-02-25,,,,,,,,,,,,
CUST02386,Valley Pharmacy,Kimberly Rogers,(453) 347-9852,(453) 347-9852,Kimberly.Rogers294@valley.com,Philadelphia,PA,East,East,2016-06-15,,,,,,,,,,,,
CUST02387,Riverside Medical Center,Kevin Wilson,(450) 563-3706,(450) 563-3706,Kevin.Wilson874@riverside.com,Albany,NY,East,East,2011-06-22,,,,,,,,,,,,
CUST02388,Maple Health System,Susan Harris,(759) 559-4229,(759) 559-4229,Susan.Harris253@maple.com,Sacramento,CA,West,West,2024-07-11,,,,,,,,,,,,
CUST02389,Westfield Hospital,Matthew Carter,771.180.1677,(771) 180-1677,Matthew.Carter53@westfield.com,Billings,MT,North,North,2015-12-03,,,,,,,,,,,,
CUST02390,Beacon Health System,Helen Clark,927.143.6947,(927) 143-6947,Helen.Clark993@beacon.com,Billings,MT,North,North,2024-04-06,,,,,,,,,,,,
CUST02391,Hilltop Urgent Care Clinic,Catherine Green,386.161.8776,(386) 161-8776,Catherine.Green537@hilltop.com,Denver,CO,West,West,2011-04-02,,,,,,,,,,,,
CUST02392,Westfield Health System,William Moore,652 179 0053,(652) 179-0053,William.Moore430@westfield.com,Dallas,TX,South,South,2010-06-12,,,,,,,,,,,,
CUST02393,Union Urgent Care Clinic,Larry Gonzalez,845.958.7695,(845) 958-7695,Larry.Gonzalez656@union.com,Portland,OR,Midwest,North,2013-10-29,,,,,,,,,,,,
CUST02394,Crossroads Medical Center,Jack Walker,373-183-5941,(373) 183-5941,Jack.Walker784@crossroads.com,Milwaukee,WI,Midwest,North,2015-11-14,,,,,,,,,,,,
CUST02395,Cornerstone Urgent Care Clinic,Daniel Reyes,5802455711,(580) 245-5711,Daniel.Reyes277@cornerstone.com,Atlanta,GA,South,South,2014-08-29,,,,,,,,,,,,
CUST02396,Maple Urgent Care Clinic,John Taylor,632 702 3174,(632) 702-3174,John.Taylor538@maple.com,Hartford,CT,East,East,2011-09-01,,,,,,,,,,,,
CUST02397,Grace Pharmacy,Patrick Campbell,443-346-0263,(443) 346-0263,Patrick.Campbell408@grace.com,Sioux Falls,SD,North,North,2016-03-25,,,,,,,,,,,,
CUST02398,Grace Pharmacy,Richard Stewart,702.521.5143,(702) 521-5143,Richard.Stewart134@grace.com,New Orleans,LA,South,South,2024-07-27,,,,,,,,,,,,
CUST02399,Grace Hospital,Jacob Martin,485 260 2354,(485) 260-2354,Jacob.Martin899@grace.com,Albany,NY,East,East,2013-10-12,,,,,,,,,,,,
CUST02400,Lakeside Urgent Care Clinic,Christine Ortiz,306.113.9004,(306) 113-9004,Christine.Ortiz935@lakeside.com,Philadelphia,PA,East,East,2023-07-22,,,,,,,,,,,,
CUST02401,Hilltop Hospital,Melissa Phillips,087.056.8335,(087) 056-8335,Melissa.Phillips246@hilltop.com,Newark,NJ,East,East,2021-06-02,,,,,,,,,,,,
CUST02402,Cornerstone Urgent Care Clinic,Jennifer Garcia,(843) 997-4869,(843) 997-4869,Jennifer.Garcia896@cornerstone.com,Billings,MT,North,North,2017-09-29,,,,,,,,,,,,
CUST02403,Mercy Community Clinic,Andrew Johnson,380 792 6609,(380) 792-6609,Andrew.Johnson312@mercy.com,Seattle,WA,West,West,2015-08-26,,,,,,,,,,,,
CUST02404,Mercy Medical Center,Maria Jones,505 665 5899,(505) 665-5899,Maria.Jones662@mercy.com,Minneapolis,MN,North,North,2018-12-03,,,,,,,,,,,,
CUST02405,Heritage Urgent Care Clinic,Rebecca Walker,(223) 242-0430,(223) 242-0430,Rebecca.Walker707@heritage.com,Denver,CO,West,West,2011-06-09,,,,,,,,,,,,
CUST02406,Maple Health System,Charles Miller,713 635 9114,(713) 635-9114,Charles.Miller857@maple.com,Sioux Falls,SD,North,North,2013-06-15,,,,,,,,,,,,
CUST02407,Grace Health System,Sarah Jackson,328.614.0245,(328) 614-0245,Sarah.Jackson268@grace.com,Milwaukee,WI,North,North,2023-05-04,,,,,,,,,,,,
CUST02408,Valley Hospital,Brenda Lee,200-013-2789,(200) 013-2789,Brenda.Lee272@valley.com,Newark,NJ,Northeast,East,2024-11-08,,,,,,,,,,,,
CUST02409,Union Hospital,Gary Evans,913 532 9561,(913) 532-9561,Gary.Evans189@union.com,Billings,MT,North,North,2023-03-14,,,,,,,,,,,,
CUST02410,Crossroads Urgent Care Clinic,William Scott,6408977953,(640) 897-7953,William.Scott4@crossroads.com,Boston,MA,East,East,2022-05-18,,,,,,,,,,,,
CUST02411,Riverside Hospital,Jacob Lee,6336027315,(633) 602-7315,Jacob.Lee432@riverside.com,Sacramento,CA,West,West,2011-07-19,,,,,,,,,,,,
CUST02412,Northgate Medical Center,Jack White,459 897 7738,(459) 897-7738,Jack.White708@northgate.com,Seattle,WA,West,West,2016-09-29,,,,,,,,,,,,
CUST02413,Crossroads Hospital,David Sanchez,292 222 8338,(292) 222-8338,David.Sanchez513@crossroads.com,Dallas,TX,South,South,2017-04-19,,,,,,,,,,,,
CUST02414,Valley Hospital,Elizabeth Perez,062.709.4014,(062) 709-4014,Elizabeth.Perez319@valley.com,Tampa,FL,South,South,2017-08-04,,,,,,,,,,,,
CUST02415,Valley Hospital,Sharon Lee,670.893.9350,(670) 893-9350,Sharon.Lee711@valley.com,Tampa,FL,South,South,2023-10-06,,,,,,,,,,,,
CUST02416,Northgate Community Clinic,Samantha Hernandez,535.833.8789,(535) 833-8789,Samantha.Hernandez749@northgate.com,Birmingham,AL,South,South,2023-09-02,,,,,,,,,,,,
CUST02417,Union Pharmacy,Amy Taylor,458.759.5082,(458) 759-5082,Amy.Taylor231@union.com,Dallas,TX,South,South,2014-01-30,,,,,,,,,,,,
CUST02418,Northgate Community Clinic,Ryan Torres,861 869 4846,(861) 869-4846,Ryan.Torres478@northgate.com,Minneapolis,MN,North,North,2024-02-18,,,,,,,,,,,,
CUST02419,Mercy Long-Term Care Facility,Gregory Smith,3565086922,(356) 508-6922,Gregory.Smith765@mercy.com,New Orleans,LA,Midwest,North,2013-11-15,,,,,,,,,,,,
CUST02420,Summit Urgent Care Clinic,Gregory Evans,1105562412,(110) 556-2412,Gregory.Evans457@summit.com,Philadelphia,PA,East,East,2019-06-10,,,,,,,,,,,,
CUST02421,Crossroads Community Clinic,Nancy Torres,059.647.0336,(059) 647-0336,Nancy.Torres863@crossroads.com,Billings,MT,North,North,2017-04-15,,,,,,,,,,,,
CUST02422,Northgate Long-Term Care Facility,Elizabeth Hall,4326143403,(432) 614-3403,Elizabeth.Hall153@northgate.com,Dallas,TX,South,South,2015-12-24,,,,,,,,,,,,
CUST02423,Maple Hospital,Christopher Phillips,683.095.3122,(683) 095-3122,Christopher.Phillips283@maple.com,Billings,MT,Midwest,North,2023-02-26,,,,,,,,,,,,
CUST02424,Westfield Medical Center,Gregory Brown,6764428630,(676) 442-8630,Gregory.Brown472@westfield.com,Denver,CO,West,West,2021-10-04,,,,,,,,,,,,
CUST02425,Lakeside Pharmacy,Shirley Morris,480 569 4211,(480) 569-4211,Shirley.Morris315@lakeside.com,Minneapolis,MN,Southeast,South,2023-02-25,,,,,,,,,,,,
CUST02426,Riverside Community Clinic,Andrew Reed,(100) 723-1492,(100) 723-1492,Andrew.Reed616@riverside.com,Fargo,ND,North,North,2014-08-31,,,,,,,,,,,,
CUST02427,Trinity Pharmacy,Deborah Johnson,121.070.4310,(121) 070-4310,Deborah.Johnson223@trinity.com,Albany,NY,East,East,2011-12-24,,,,,,,,,,,,
CUST02428,Crossroads Urgent Care Clinic,Sandra Hall,(660) 675-1414,(660) 675-1414,Stephanie.Miller704@maple.com,Denver,CO,West,West,2011-08-13,,,,,,,,,,,,
CUST02429,Grace Urgent Care Clinic,Joseph Wilson,4277021538,(427) 702-1538,Joseph.Wilson988@grace.com,Billings,MT,North,North,2017-07-06,,,,,,,,,,,,
CUST02430,Maple Pharmacy,Susan Turner,7143593410,(714) 359-3410,Susan.Turner987@maple.com,Sioux Falls,SD,North,North,2017-04-21,,,,,,,,,,,,
CUST02431,Eastview Pharmacy,Jeffrey Jackson,(531) 073-7122,(531) 073-7122,Jeffrey.Jackson330@eastview.com,Seattle,WA,West,West,2010-09-18,,,,,,,,,,,,
CUST02432,Westfield Health System,Donald Evans,088-609-6925,(088) 609-6925,Donald.Evans40@westfield.com,Newark,NJ,East,East,2012-03-23,,,,,,,,,,,,
CUST02433,Riverside Community Clinic,Samantha Edwards,914 009 9812,(914) 009-9812,Samantha.Edwards965@riverside.com,Dallas,TX,South,South,2012-06-25,,,,,,,,,,,,
CUST02434,Cornerstone Long-Term Care Facility,Matthew Hill,741 594 9254,(741) 594-9254,Matthew.Hill725@cornerstone.com,Atlanta,GA,South,South,2017-06-02,,,,,,,,,,,,
CUST02435,Lakeside Long-Term Care Facility,David Jones,(273) 869-6648,(273) 869-6648,David.Jones343@lakeside.com,Birmingham,AL,South,South,2011-07-29,,,,,,,,,,,,
CUST02436,Valley Long-Term Care Facility,Stephanie Collins,430 677 7983,(430) 677-7983,Stephanie.Collins470@valley.com,Birmingham,AL,South,South,2021-05-21,,,,,,,,,,,,
CUST02437,Riverside Pharmacy,Richard Rivera,240 893 5133,(240) 893-5133,Richard.Rivera466@riverside.com,Sacramento,CA,West,West,2022-12-05,,,,,,,,,,,,
CUST02438,Lakeside Hospital,Joseph Moore,616 201 7295,(616) 201-7295,Joseph.Moore391@lakeside.com,Atlanta,GA,South,South,2024-06-15,,,,,,,,,,,,
CUST02439,Grace Long-Term Care Facility,Patricia Reed,(696) 110-8403,(696) 110-8403,Patricia.Reed185@grace.com,Billings,MT,North,North,2024-10-06,,,,,,,,,,,,
CUST02440,Hilltop Community Clinic,Ronald Gomez,(608) 633-3995,(608) 633-3995,Ronald.Gomez720@hilltop.com,Phoenix,AZ,West,West,2019-01-26,,,,,,,,,,,,
CUST02441,Hilltop Community Clinic,Margaret Garcia,(550) 800-5090,(550) 800-5090,Margaret.Garcia427@hilltop.com,Sacramento,CA,West,West,2024-01-14,,,,,,,,,,,,
CUST02442,Valley Health System,Maria Torres,(980) 556-4419,(980) 556-4419,Maria.Torres794@valley.com,Albany,NY,East,East,2011-07-08,,,,,,,,,,,,
CUST02443,Summit Long-Term Care Facility,Barbara Howard,6050299907,(605) 029-9907,Barbara.Howard121@summit.com,Newark,NJ,East,East,2024-02-20,,,,,,,,,,,,
CUST02444,Maple Health System,Jeffrey Scott,3678490321,(367) 849-0321,Jeffrey.Scott578@maple.com,Hartford,CT,East,East,2012-02-06,,,,,,,,,,,,
CUST02445,Hilltop Pharmacy,Samuel Taylor,004.375.3157,(004) 375-3157,Samuel.Taylor915@hilltop.com,Phoenix,AZ,West,West,2013-12-23,,,,,,,,,,,,
CUST02446,Union Health System,Edward Cruz,(860) 390-3674,(860) 390-3674,Edward.Cruz871@union.com,Billings,MT,North,North,2018-01-28,,,,,,,,,,,,
CUST02447,Hilltop Medical Center,James Gutierrez,5153474392,(515) 347-4392,James.Gutierrez108@hilltop.com,Newark,NJ,East,East,2013-10-31,,,,,,,,,,,,
CUST02448,Parkview Pharmacy,Steven Gonzalez,810-103-2082,(810) 103-2082,Steven.Gonzalez833@parkview.com,Minneapolis,MN,North,North,2019-01-31,,,,,,,,,,,,
CUST02449,Beacon Pharmacy,Ronald King,7885166190,(788) 516-6190,Sharon.Ramirez73@mercy.com,Billings,MT,North,North,2015-12-18,,,,,,,,,,,,
CUST02450,Lakeside Health System,Susan Williams,4616222772,(461) 622-2772,Susan.Williams349@lakeside.com,Newark,NJ,East,East,2016-01-10,,,,,,,,,,,,
CUST02451,Lakeside Long-Term Care Facility,Stephanie Cooper,846.559.2189,(846) 559-2189,Stephanie.Cooper520@lakeside.com,Birmingham,AL,Northeast,East,2018-12-27,,,,,,,,,,,,
CUST02452,Beacon Urgent Care Clinic,Donna Bailey,(745) 391-8023,(745) 391-8023,Donna.Bailey452@beacon.com,Atlanta,GA,South,South,2019-03-18,,,,,,,,,,,,
CUST02453,Westfield Pharmacy,Mark Reyes,373.609.0857,(373) 609-0857,Mark.Reyes618@westfield.com,Philadelphia,PA,East,East,2016-11-11,,,,,,,,,,,,
CUST02454,Grace Medical Center,Gary Morgan,342 900 2492,(342) 900-2492,Gary.Morgan960@grace.com,Dallas,TX,South,South,2017-09-01,,,,,,,,,,,,
CUST02455,Northgate Hospital,Jason Garcia,(151) 216-7608,(151) 216-7608,Jason.Garcia91@northgate.com,Boston,MA,East,East,2010-06-11,,,,,,,,,,,,
CUST02456,Trinity Medical Center,Margaret Bailey,(782) 425-6582,(782) 425-6582,Margaret.Bailey838@trinity.com,Hartford,CT,East,East,2017-05-24,,,,,,,,,,,,
CUST02457,Lakeside Urgent Care Clinic,Helen Williams,0398638346,(039) 863-8346,Helen.Williams536@lakeside.com,Philadelphia,PA,East,East,2012-09-08,,,,,,,,,,,,
CUST02458,Westfield Urgent Care Clinic,Robert Reyes,6532831530,(653) 283-1530,Robert.Reyes914@westfield.com,Sacramento,CA,West,West,2023-06-24,,,,,,,,,,,,
CUST02459,Maple Long-Term Care Facility,Kenneth Martinez,786.015.0833,(786) 015-0833,Kenneth.Martinez184@maple.com,Fargo,ND,North,North,2023-08-06,,,,,,,,,,,,
CUST02460,Summit Health System,Michelle Jackson,183 378 8147,(183) 378-8147,Michelle.Jackson905@summit.com,Philadelphia,PA,East,East,2017-11-07,,,,,,,,,,,,
CUST02461,Parkview Pharmacy,Cynthia Nelson,2039500786,(203) 950-0786,Cynthia.Nelson343@parkview.com,Newark,NJ,East,East,2010-01-05,,,,,,,,,,,,
CUST02462,Union Pharmacy,Steven Stewart,603-673-3614,(603) 673-3614,Steven.Stewart288@union.com,Tampa,FL,South,South,2011-11-24,,,,,,,,,,,,
CUST02463,Cedar Urgent Care Clinic,Brenda Baker,566.148.2436,(566) 148-2436,Brenda.Baker77@cedar.com,Seattle,WA,West,West,2019-12-14,,,,,,,,,,,,
CUST02464,Valley Health System,Steven Lopez,730 614 6017,(730) 614-6017,Steven.Lopez610@valley.com,Portland,OR,West,West,2018-06-23,,,,,,,,,,,,
CUST02465,Riverside Urgent Care Clinic,Eric Young,9256835962,(925) 683-5962,Eric.Young641@riverside.com,Minneapolis,MN,North,North,2022-06-28,,,,,,,,,,,,
CUST02466,Hilltop Medical Center,Paul Smith,0234714513,(023) 471-4513,Paul.Smith799@hilltop.com,Phoenix,AZ,West,West,2012-11-12,,,,,,,,,,,,
CUST02467,Valley Health System,Deborah Allen,6529367562,(652) 936-7562,Deborah.Allen350@valley.com,Portland,OR,West,West,2015-10-19,,,,,,,,,,,,
CUST02468,Southport Pharmacy,Gregory Hill,8939759553,(893) 975-9553,Gregory.Hill644@southport.com,Hartford,CT,East,East,2013-10-20,,,,,,,,,,,,
CUST02469,Lakeside Hospital,Christine Reyes,476 583 9018,(476) 583-9018,Christine.Reyes395@lakeside.com,Boston,MA,Southeast,South,2023-08-10,,,,,,,,,,,,
CUST02470,Parkview Hospital,Christine Wright,885.287.1583,(885) 287-1583,Christine.Wright231@parkview.com,Fargo,ND,North,North,2010-07-21,,,,,,,,,,,,
CUST02471,Cornerstone Hospital,Carolyn Diaz,442.402.9480,(442) 402-9480,Carolyn.Diaz528@cornerstone.com,Seattle,WA,West,West,2021-10-12,,,,,,,,,,,,
CUST02472,Beacon Medical Center,Brian Edwards,(634) 272-4771,(634) 272-4771,Brian.Edwards564@beacon.com,Billings,MT,North,North,2020-03-25,,,,,,,,,,,,
CUST02473,Hilltop Hospital,Anna Murphy,162 173 6713,(162) 173-6713,Anna.Murphy203@hilltop.com,Fargo,ND,North,North,2011-06-01,,,,,,,,,,,,
CUST02474,Riverside Urgent Care Clinic,Brenda Gutierrez,166 616 2469,(166) 616-2469,Brenda.Gutierrez741@riverside.com,Dallas,TX,South,South,2022-12-12,,,,,,,,,,,,
CUST02475,Trinity Community Clinic,Rebecca Peterson,1822479224,(182) 247-9224,Rebecca.Peterson434@trinity.com,Phoenix,AZ,West,West,2019-11-14,,,,,,,,,,,,
CUST02476,Parkview Pharmacy,Deborah Thompson,(148) 957-9257,(148) 957-9257,Deborah.Thompson197@parkview.com,Sioux Falls,SD,North,North,2017-01-28,,,,,,,,,,,,
CUST02477,Beacon Hospital,Amy Gonzalez,341.373.4542,(341) 373-4542,Amy.Gonzalez988@beacon.com,Minneapolis,MN,North,North,2011-06-21,,,,,,,,,,,,
CUST02478,Union Urgent Care Clinic,Laura Collins,(819) 517-1907,(819) 517-1907,Laura.Collins484@union.com,Atlanta,GA,South,South,2024-08-25,,,,,,,,,,,,
CUST02479,Beacon Medical Center,Carol Johnson,645.383.3642,(645) 383-3642,Carol.Johnson876@beacon.com,Dallas,TX,South,South,2015-01-01,,,,,,,,,,,,
CUST02480,Southport Urgent Care Clinic,Donna Howard,(101) 254-6759,(101) 254-6759,Donna.Howard603@southport.com,Atlanta,GA,South,South,2024-12-29,,,,,,,,,,,,
CUST02481,Mercy Health System,William Wright,(705) 682-5832,(705) 682-5832,William.Wright821@mercy.com,Phoenix,AZ,Northeast,East,2014-11-08,,,,,,,,,,,,
CUST02482,Westfield Urgent Care Clinic,Sharon Hill,367-988-3686,(367) 988-3686,Sharon.Hill686@westfield.com,Boston,MA,East,East,2016-12-30,,,,,,,,,,,,
CUST02483,Westfield Community Clinic,Sarah Howard,326.739.2060,(326) 739-2060,Sarah.Howard302@westfield.com,Minneapolis,MN,North,North,2013-04-17,,,,,,,,,,,,
CUST02484,Beacon Health System,Linda Kelly,474-350-6978,(474) 350-6978,Linda.Kelly593@beacon.com,Dallas,TX,Northeast,East,2014-08-24,,,,,,,,,,,,
CUST02485,Hilltop Health System,Deborah Smith,(382) 998-3990,(382) 998-3990,Deborah.Smith800@hilltop.com,Dallas,TX,Northeast,East,2024-12-12,,,,,,,,,,,,
CUST02486,Mercy Long-Term Care Facility,Catherine Brown,616.806.8030,(616) 806-8030,Catherine.Brown7@mercy.com,Philadelphia,PA,East,East,2017-04-30,,,,,,,,,,,,
CUST02487,Eastview Community Clinic,Lisa Wilson,314-336-0574,(314) 336-0574,Lisa.Wilson754@eastview.com,Denver,CO,Midwest,North,2012-06-01,,,,,,,,,,,,
CUST02488,Mercy Pharmacy,Michael Cox,929 179 1969,(929) 179-1969,Michael.Cox886@mercy.com,Hartford,CT,East,East,2011-06-29,,,,,,,,,,,,
CUST02489,Grace Hospital,Patricia Reed,6592059483,(659) 205-9483,Patricia.Reed28@grace.com,Albany,NY,East,East,2011-09-03,,,,,,,,,,,,
CUST02490,Crossroads Medical Center,Benjamin Sanchez,536.096.4394,(536) 096-4394,Benjamin.Sanchez671@crossroads.com,Minneapolis,MN,North,North,2015-12-26,,,,,,,,,,,,
CUST02491,Hilltop Health System,Brian Parker,601-535-3053,(601) 535-3053,Brian.Parker763@hilltop.com,Atlanta,GA,Midwest,North,2013-11-16,,,,,,,,,,,,
CUST02492,Heritage Urgent Care Clinic,Rebecca Reed,704 648 5551,(704) 648-5551,Rebecca.Reed750@heritage.com,Fargo,ND,North,North,2014-09-19,,,,,,,,,,,,
CUST02493,Westfield Hospital,James Walker,741 193 5391,(741) 193-5391,James.Walker526@westfield.com,Fargo,ND,North,North,2024-06-11,,,,,,,,,,,,
CUST02494,Cornerstone Long-Term Care Facility,Nicholas Carter,677 095 2185,(677) 095-2185,Nicholas.Carter544@cornerstone.com,Sioux Falls,SD,North,North,2010-12-17,,,,,,,,,,,,
CUST02495,Northgate Urgent Care Clinic,Helen Cooper,088-925-8578,(088) 925-8578,Helen.Cooper47@northgate.com,Newark,NJ,East,East,2014-04-20,,,,,,,,,,,,
CUST02496,Riverside Medical Center,Anthony Davis,120.588.6948,(120) 588-6948,Anthony.Davis468@riverside.com,Birmingham,AL,South,South,2015-08-27,,,,,,,,,,,,
CUST02497,Parkview Health System,Ashley Roberts,(095) 140-5018,(095) 140-5018,Ashley.Roberts77@parkview.com,Milwaukee,WI,North,North,2021-02-01,,,,,,,,,,,,
CUST02498,Riverside Pharmacy,Frank Adams,541.234.8109,(541) 234-8109,Frank.Adams170@riverside.com,Fargo,ND,North,North,2017-02-20,,,,,,,,,,,,
CUST02499,Southport Urgent Care Clinic,William Davis,(561) 441-2987,(561) 441-2987,William.Davis627@southport.com,Seattle,WA,West,West,2014-04-12,,,,,,,,,,,,
CUST02500,Summit Community Clinic,Steven Jones,417-611-1483,(417) 611-1483,Steven.Jones614@summit.com,Fargo,ND,North,North,2019-02-10,,,,,,,,,,,,
CUST02501,Union Community Clinic,William Perez,(216) 694-8100,(216) 694-8100,William.Perez727@union.com,Birmingham,AL,South,South,2014-08-24,,,,,,,,,,,,
CUST02502,Riverside Hospital,Nicholas Flores,6556732383,(655) 673-2383,Nicholas.Flores102@riverside.com,Sioux Falls,SD,North,North,2016-07-31,,,,,,,,,,,,
CUST02503,Westfield Hospital,Catherine Kelly,280 749 0538,(280) 749-0538,Catherine.Kelly798@westfield.com,Boston,MA,East,East,2024-05-15,,,,,,,,,,,,
CUST02504,Union Pharmacy,Gary Thompson,4281683625,(428) 168-3625,Gary.Thompson88@union.com,Albany,NY,East,East,2010-08-04,,,,,,,,,,,,
CUST02505,Crossroads Community Clinic,Amanda Baker,105.915.7981,(105) 915-7981,Amanda.Baker94@crossroads.com,Seattle,WA,West,West,2022-05-18,,,,,,,,,,,,
CUST02506,Cornerstone Urgent Care Clinic,Michelle Jackson,(643) 522-1732,(643) 522-1732,Michelle.Jackson271@cornerstone.com,Philadelphia,PA,East,East,2021-10-06,,,,,,,,,,,,
CUST02507,Valley Medical Center,Michelle Nelson,(917) 265-1342,(917) 265-1342,Michelle.Nelson862@valley.com,Milwaukee,WI,Northeast,East,2021-01-02,,,,,,,,,,,,
CUST02508,Maple Health System,Robert Johnson,625-303-0241,(625) 303-0241,Robert.Johnson119@maple.com,Dallas,TX,South,South,2012-07-15,,,,,,,,,,,,
CUST02509,Cedar Hospital,Gregory Ward,421.437.7805,(421) 437-7805,Gregory.Ward142@cedar.com,Boston,MA,East,East,2012-12-26,,,,,,,,,,,,
CUST02510,Hilltop Medical Center,Lisa Hall,497 697 9987,(497) 697-9987,Lisa.Hall413@hilltop.com,Milwaukee,WI,North,North,2023-04-09,,,,,,,,,,,,
CUST02511,Westfield Medical Center,Rebecca Harris,076 499 6727,(076) 499-6727,Rebecca.Harris223@westfield.com,Minneapolis,MN,North,North,2022-09-01,,,,,,,,,,,,
CUST02512,Crossroads Medical Center,William Jackson,(194) 750-5220,(194) 750-5220,William.Jackson906@crossroads.com,Minneapolis,MN,North,North,2020-11-05,,,,,,,,,,,,
CUST02513,Riverside Long-Term Care Facility,Joseph Evans,593-323-8143,(593) 323-8143,Joseph.Evans917@riverside.com,Newark,NJ,East,East,2011-09-02,,,,,,,,,,,,
CUST02514,Grace Medical Center,William Anderson,697.071.1989,(697) 071-1989,William.Anderson121@grace.com,Portland,OR,West,West,2018-04-20,,,,,,,,,,,,
CUST02515,Heritage Medical Center,Joshua Taylor,0371558602,(037) 155-8602,Joshua.Taylor216@heritage.com,Seattle,WA,West,West,2019-01-17,,,,,,,,,,,,
CUST02516,Valley Long-Term Care Facility,Brian Brown,8469371478,(846) 937-1478,Brian.Brown532@valley.com,Philadelphia,PA,East,East,2010-07-08,,,,,,,,,,,,
CUST02517,Parkview Urgent Care Clinic,Helen Allen,(784) 440-0274,(784) 440-0274,Helen.Allen175@parkview.com,Minneapolis,MN,North,North,2016-03-12,,,,,,,,,,,,
CUST02518,Southport Urgent Care Clinic,Jonathan Ortiz,(666) 044-8671,(666) 044-8671,Jonathan.Ortiz78@southport.com,Denver,CO,West,West,2019-02-18,,,,,,,,,,,,
CUST02519,Crossroads Pharmacy,Carolyn Taylor,347.749.6784,(347) 749-6784,Carolyn.Taylor474@crossroads.com,Birmingham,AL,South,South,2015-04-10,,,,,,,,,,,,
CUST02520,Southport Community Clinic,Benjamin Rivera,815.675.4135,(815) 675-4135,Benjamin.Rivera352@southport.com,Billings,MT,North,North,2024-11-05,,,,,,,,,,,,
CUST02521,Beacon Medical Center,Elizabeth Morales,(907) 704-5530,(907) 704-5530,Elizabeth.Morales201@beacon.com,Sacramento,CA,West,West,2012-04-30,,,,,,,,,,,,
CUST02522,Eastview Long-Term Care Facility,Thomas King,592 129 8567,(592) 129-8567,Thomas.King54@eastview.com,Milwaukee,WI,North,North,2018-03-24,,,,,,,,,,,,
CUST02523,Union Urgent Care Clinic,Karen Wright,177.485.6526,(177) 485-6526,Karen.Wright222@union.com,Tampa,FL,South,South,2019-10-27,,,,,,,,,,,,
CUST02524,Summit Urgent Care Clinic,Timothy Baker,041-064-9607,(041) 064-9607,Timothy.Baker161@summit.com,Atlanta,GA,Northeast,East,2011-05-21,,,,,,,,,,,,
CUST02525,Maple Long-Term Care Facility,Donald Lee,(96) 737-2500,(096) 737-2500,Donald.Lee998@maple.com,Hartford,CT,East,East,2012-08-18,,,,,,,,,,,,
CUST02526,Cornerstone Community Clinic,Stephanie Anderson,(932) 050-6506,(932) 050-6506,Stephanie.Anderson690@cornerstone.com,Boston,MA,East,East,2017-07-13,,,,,,,,,,,,
CUST02527,Crossroads Health System,Nancy Jones,236 494 1100,(236) 494-1100,Nancy.Jones551@crossroads.com,Philadelphia,PA,East,East,2022-10-12,,,,,,,,,,,,
CUST02528,Hilltop Medical Center,Timothy Stewart,(623) 215-1751,(623) 215-1751,Timothy.Stewart605@hilltop.com,Sacramento,CA,West,West,2014-01-04,,,,,,,,,,,,
CUST02529,Trinity Health System,Andrew Ramirez,(531) 434-2207,(531) 434-2207,Andrew.Ramirez81@trinity.com,Fargo,ND,North,North,2011-01-06,,,,,,,,,,,,
CUST02530,Parkview Medical Center,Nancy Cooper,749.958.9367,(749) 958-9367,Nancy.Cooper746@parkview.com,Atlanta,GA,South,South,2018-12-01,,,,,,,,,,,,
CUST02531,Cedar Pharmacy,John Hall,787-388-0111,(787) 388-0111,John.Hall177@cedar.com,Phoenix,AZ,West,West,2023-01-08,,,,,,,,,,,,
CUST02532,Northgate Hospital,Ronald Walker,(223) 775-0448,(223) 775-0448,Ronald.Walker645@northgate.com,Tampa,FL,South,South,2014-03-13,,,,,,,,,,,,
CUST02533,Eastview Urgent Care Clinic,Kathleen Howard,041-261-6554,(041) 261-6554,Kathleen.Howard254@eastview.com,Denver,CO,West,West,2014-05-28,,,,,,,,,,,,
CUST02534,Cornerstone Community Clinic,Karen Ward,(461) 690-4761,(461) 690-4761,Karen.Ward878@cornerstone.com,Sacramento,CA,West,West,2019-08-02,,,,,,,,,,,,
CUST02535,Mercy Community Clinic,Kevin Johnson,(043) 770-2967,(043) 770-2967,Kevin.Johnson211@mercy.com,Philadelphia,PA,Midwest,North,2017-03-17,,,,,,,,,,,,
CUST02536,Valley Medical Center,Justin Ramos,(464) 560-4851,(464) 560-4851,Justin.Ramos33@valley.com,Birmingham,AL,South,South,2019-01-28,,,,,,,,,,,,
CUST02537,Grace Urgent Care Clinic,Brian Cox,679-111-7851,(679) 111-7851,Brian.Cox729@grace.com,Atlanta,GA,South,South,2013-11-04,,,,,,,,,,,,
CUST02538,Parkview Community Clinic,Stephen Cruz,(422) 292-5384,(422) 292-5384,Stephen.Cruz339@parkview.com,New Orleans,LA,Midwest,North,2020-09-24,,,,,,,,,,,,
CUST02539,Cedar Medical Center,Angela Howard,(722) 458-8366,(722) 458-8366,Angela.Howard574@cedar.com,Phoenix,AZ,West,West,2014-11-07,,,,,,,,,,,,
CUST02540,Westfield Hospital,Eric Phillips,3783615926,(378) 361-5926,Eric.Phillips392@westfield.com,Billings,MT,North,North,2024-06-15,,,,,,,,,,,,
CUST02541,Riverside Health System,Brandon Sanchez,(653) 000-2275,(653) 000-2275,Brandon.Sanchez709@riverside.com,Sioux Falls,SD,North,North,2019-03-06,,,,,,,,,,,,
CUST02542,Riverside Community Clinic,Joseph Ramirez,928 033 7142,(928) 033-7142,Joseph.Ramirez824@riverside.com,Boston,MA,East,East,2020-08-04,,,,,,,,,,,,
CUST02543,Parkview Urgent Care Clinic,Christopher Murphy,392.268.9495,(392) 268-9495,Christopher.Murphy843@parkview.com,Birmingham,AL,South,South,2019-05-06,,,,,,,,,,,,
CUST02544,Summit Community Clinic,Brian Ward,(983) 240-7281,(983) 240-7281,Brian.Ward515@summit.com,Atlanta,GA,South,South,2012-05-08,,,,,,,,,,,,
CUST02545,Trinity Community Clinic,Patrick Thompson,0988040933,(098) 804-0933,Patrick.Thompson449@trinity.com,Billings,MT,Midwest,North,2013-04-15,,,,,,,,,,,,
CUST02546,Westfield Urgent Care Clinic,Charles Wilson,594-267-3272,(594) 267-3272,Charles.Wilson820@westfield.com,Newark,NJ,East,East,2017-01-27,,,,,,,,,,,,
CUST02547,Southport Urgent Care Clinic,Raymond Gomez,(699) 329-7451,(699) 329-7451,Raymond.Gomez347@southport.com,Tampa,FL,Northeast,East,2011-07-16,,,,,,,,,,,,
CUST02548,Riverside Medical Center,Amanda Reyes,495 133 9660,(495) 133-9660,Amanda.Reyes332@riverside.com,Seattle,WA,West,West,2013-05-05,,,,,,,,,,,,
CUST02549,Cornerstone Community Clinic,Jack Kelly,711-813-2072,(711) 813-2072,Jack.Kelly122@cornerstone.com,Phoenix,AZ,West,West,2023-01-28,,,,,,,,,,,,
CUST02550,Cedar Community Clinic,Jack Turner,5063698516,(506) 369-8516,Jack.Turner665@cedar.com,Boston,MA,East,East,2018-02-02,,,,,,,,,,,,
CUST02551,Beacon Urgent Care Clinic,Emma Kelly,697.602.2364,(697) 602-2364,Emma.Kelly813@beacon.com,Billings,MT,North,North,2017-10-17,,,,,,,,,,,,
CUST02552,Maple Community Clinic,Betty Thomas,0434249162,(043) 424-9162,Betty.Thomas510@maple.com,Newark,NJ,East,East,2020-06-30,,,,,,,,,,,,
CUST02553,Eastview Medical Center,Catherine Kelly,124 219 7381,(124) 219-7381,Catherine.Kelly29@eastview.com,Newark,NJ,East,East,2015-03-21,,,,,,,,,,,,
CUST02554,Parkview Urgent Care Clinic,Jack Clark,(102) 958-3850,(102) 958-3850,Jack.Clark241@parkview.com,Dallas,TX,South,South,2013-10-10,,,,,,,,,,,,
CUST02555,Maple Medical Center,Helen Rodriguez,(513) 563-4317,(513) 563-4317,Helen.Rodriguez916@maple.com,Fargo,ND,North,North,2018-07-16,,,,,,,,,,,,
CUST02556,Northgate Hospital,Jason Cooper,1543382541,(154) 338-2541,Jason.Cooper586@northgate.com,Philadelphia,PA,East,East,2013-02-26,,,,,,,,,,,,
CUST02557,Summit Community Clinic,Ryan Thomas,299.458.0284,(299) 458-0284,Ryan.Thomas691@summit.com,Sioux Falls,SD,North,North,2022-06-27,,,,,,,,,,,,
CUST02558,Cornerstone Medical Center,Carol Young,816.254.9931,(816) 254-9931,Carol.Young748@cornerstone.com,Billings,MT,North,North,2019-05-20,,,,,,,,,,,,
CUST02559,Maple Urgent Care Clinic,Mary Green,6136746161,(613) 674-6161,Mary.Green280@maple.com,Atlanta,GA,South,South,2015-05-29,,,,,,,,,,,,
CUST02560,Parkview Hospital,Deborah Walker,(367) 127-4706,(367) 127-4706,Deborah.Walker824@parkview.com,Sioux Falls,SD,North,North,2011-10-02,,,,,,,,,,,,
CUST02561,Maple Hospital,Michael Wright,940-697-2967,(940) 697-2967,Michael.Wright92@maple.com,Denver,CO,West,West,2022-06-10,,,,,,,,,,,,
CUST02562,Valley Medical Center,Mary Anderson,167.875.8647,(167) 875-8647,Mary.Anderson623@valley.com,Dallas,TX,South,South,2013-03-24,,,,,,,,,,,,
CUST02563,Mercy Community Clinic,Sandra Cooper,755 046 1614,(755) 046-1614,Sandra.Cooper866@mercy.com,Newark,NJ,East,East,2016-02-06,,,,,,,,,,,,
CUST02564,Southport Pharmacy,Kimberly Taylor,(754) 576-9094,(754) 576-9094,Kimberly.Taylor365@southport.com,Seattle,WA,West,West,2024-10-21,,,,,,,,,,,,
CUST02565,Lakeside Long-Term Care Facility,Anthony Martin,(038) 552-8823,(038) 552-8823,Anthony.Martin633@lakeside.com,Boston,MA,East,East,2023-11-25,,,,,,,,,,,,
CUST02566,Hilltop Medical Center,Shirley Campbell,585-991-9776,(585) 991-9776,Shirley.Campbell525@hilltop.com,Tampa,FL,South,South,2018-10-15,,,,,,,,,,,,
CUST02567,Cornerstone Community Clinic,Elizabeth Reyes,(437) 636-6287,(437) 636-6287,Elizabeth.Reyes832@cornerstone.com,Atlanta,GA,South,South,2012-08-07,,,,,,,,,,,,
CUST02568,Trinity Long-Term Care Facility,Larry Gutierrez,595 539 4506,(595) 539-4506,Larry.Gutierrez631@trinity.com,Newark,NJ,East,East,2017-07-22,,,,,,,,,,,,
CUST02569,Summit Health System,Justin Clark,0997285541,(099) 728-5541,Justin.Clark718@summit.com,Hartford,CT,East,East,2023-10-28,,,,,,,,,,,,
CUST02570,Southport Urgent Care Clinic,Stephanie Jackson,1421544096,(142) 154-4096,Stephanie.Jackson319@southport.com,Fargo,ND,North,North,2013-03-14,,,,,,,,,,,,
CUST02571,Mercy Health System,Sandra Miller,5277035476,(527) 703-5476,Sandra.Miller988@mercy.com,Portland,OR,Northeast,East,2020-02-27,,,,,,,,,,,,
CUST02572,Parkview Long-Term Care Facility,Sandra Scott,090-651-9407,(090) 651-9407,Sandra.Scott974@parkview.com,Portland,OR,Midwest,North,2019-02-26,,,,,,,,,,,,
CUST02573,Mercy Pharmacy,Kenneth Lopez,170-829-2209,(170) 829-2209,Kenneth.Lopez776@mercy.com,Fargo,ND,Midwest,North,2014-09-22,,,,,,,,,,,,
CUST02574,Riverside Health System,Linda Hall,(501) 147-4729,(501) 147-4729,Linda.Hall380@riverside.com,Milwaukee,WI,North,North,2017-03-22,,,,,,,,,,,,
CUST02575,Southport Hospital,Andrew Torres,(904) 975-7456,(904) 975-7456,Andrew.Torres140@southport.com,Denver,CO,West,West,2018-07-28,,,,,,,,,,,,
CUST02576,Northgate Hospital,Betty Miller,(884) 651-9034,(884) 651-9034,Betty.Miller573@northgate.com,Atlanta,GA,South,South,2013-02-03,,,,,,,,,,,,
CUST02577,Cedar Urgent Care Clinic,Gary Morris,(644) 903-5934,(644) 903-5934,Gary.Morris758@cedar.com,Dallas,TX,Northeast,East,2024-01-10,,,,,,,,,,,,
CUST02578,Northgate Hospital,Robert Parker,071 821 8216,(071) 821-8216,Robert.Parker682@northgate.com,Newark,NJ,East,East,2014-03-23,,,,,,,,,,,,
CUST02579,Valley Health System,Pamela Walker,(678) 110-8023,(678) 110-8023,Pamela.Walker909@valley.com,Dallas,TX,South,South,2018-12-14,,,,,,,,,,,,
CUST02580,Hilltop Health System,Helen Harris,(579) 535-6441,(579) 535-6441,Helen.Harris358@hilltop.com,Milwaukee,WI,North,North,2016-07-19,,,,,,,,,,,,
CUST02581,Parkview Long-Term Care Facility,Charles Davis,(996) 240-2384,(996) 240-2384,Charles.Davis231@parkview.com,New Orleans,LA,South,South,2011-07-31,,,,,,,,,,,,
CUST02582,Mercy Medical Center,Brandon Walker,9090395728,(909) 039-5728,Brandon.Walker630@mercy.com,Fargo,ND,North,North,2017-08-17,,,,,,,,,,,,
CUST02583,Cornerstone Hospital,Brenda Miller,733.382.7653,(733) 382-7653,Brenda.Miller880@cornerstone.com,Minneapolis,MN,North,North,2013-12-29,,,,,,,,,,,,
CUST02584,Westfield Community Clinic,James Anderson,(923) 858-5520,(923) 858-5520,James.Anderson650@westfield.com,Phoenix,AZ,West,West,2018-03-03,,,,,,,,,,,,
CUST02585,Westfield Community Clinic,Alexander Peterson,479 207 4051,(479) 207-4051,Alexander.Peterson877@westfield.com,Philadelphia,PA,East,East,2020-06-16,,,,,,,,,,,,
CUST02586,Northgate Pharmacy,Donald Kelly,(775) 990-2549,(775) 990-2549,Donald.Kelly77@northgate.com,Atlanta,GA,Midwest,North,2010-08-02,,,,,,,,,,,,
CUST02587,Valley Hospital,Amanda Edwards,(372) 810-2972,(372) 810-2972,Amanda.Edwards335@valley.com,Fargo,ND,Northeast,East,2018-01-05,,,,,,,,,,,,
CUST02588,Summit Pharmacy,Kathleen Roberts,(079) 633-0225,(079) 633-0225,Kathleen.Roberts440@summit.com,Seattle,WA,West,West,2019-10-20,,,,,,,,,,,,
CUST02589,Heritage Long-Term Care Facility,Brian Bailey,746 213 3459,(746) 213-3459,Brian.Bailey182@heritage.com,Dallas,TX,South,South,2024-05-01,,,,,,,,,,,,
CUST02590,Mercy Health System,Elizabeth Hill,192.959.0994,(192) 959-0994,Elizabeth.Hill511@mercy.com,Portland,OR,West,West,2018-03-05,,,,,,,,,,,,
CUST02591,Parkview Hospital,Laura Turner,8256485864,(825) 648-5864,Laura.Turner598@parkview.com,Seattle,WA,West,West,2018-01-12,,,,,,,,,,,,
CUST02592,Union Community Clinic,Emily Baker,5186506799,(518) 650-6799,Emily.Baker69@union.com,Phoenix,AZ,West,West,2012-03-25,,,,,,,,,,,,
CUST02593,Cornerstone Urgent Care Clinic,Angela Richardson,(568) 704-2646,(568) 704-2646,Angela.Richardson366@cornerstone.com,Fargo,ND,North,North,2011-01-15,,,,,,,,,,,,
CUST02594,Heritage Long-Term Care Facility,Sharon Jackson,(606) 382-8504,(606) 382-8504,Sharon.Jackson782@heritage.com,Fargo,ND,North,North,2020-06-03,,,,,,,,,,,,
CUST02595,Riverside Urgent Care Clinic,Frank Torres,(225) 212-3802,(225) 212-3802,Frank.Torres272@riverside.com,Dallas,TX,South,South,2018-07-29,,,,,,,,,,,,
CUST02596,Summit Long-Term Care Facility,Frank Kim,148-749-7151,(148) 749-7151,Frank.Kim971@summit.com,Phoenix,AZ,West,West,2017-05-17,,,,,,,,,,,,
CUST02597,Mercy Urgent Care Clinic,Brian Lewis,(358) 499-9916,(358) 499-9916,Brian.Lewis967@mercy.com,New Orleans,LA,South,South,2017-10-23,,,,,,,,,,,,
CUST02598,Beacon Long-Term Care Facility,Debra Hill,7512090181,(751) 209-0181,Debra.Hill773@beacon.com,Newark,NJ,East,East,2022-11-25,,,,,,,,,,,,
CUST02599,Southport Medical Center,Debra Smith,633.609.8910,(633) 609-8910,Debra.Smith289@southport.com,Minneapolis,MN,Midwest,North,2017-03-24,,,,,,,,,,,,
CUST02600,Grace Health System,Donna Rivera,400 597 5834,(400) 597-5834,Donna.Rivera615@grace.com,Billings,MT,North,North,2016-02-11,,,,,,,,,,,,
CUST02601,Cedar Hospital,Kathleen Peterson,(841) 828-6549,(841) 828-6549,Kathleen.Peterson454@cedar.com,Fargo,ND,North,North,2013-11-26,,,,,,,,,,,,
CUST02602,Union Urgent Care Clinic,Jeffrey Howard,(519) 093-7577,(519) 093-7577,Jeffrey.Howard389@union.com,Fargo,ND,North,North,2024-09-29,,,,,,,,,,,,
CUST02603,Grace Pharmacy,Kenneth Campbell,(135) 128-4836,(135) 128-4836,Kenneth.Campbell603@grace.com,Sioux Falls,SD,North,North,2018-03-05,,,,,,,,,,,,
CUST02604,Valley Health System,Frank Allen,(699) 226-9156,(699) 226-9156,Frank.Allen613@valley.com,Phoenix,AZ,West,West,2010-08-23,,,,,,,,,,,,
CUST02605,Riverside Medical Center,Nicole Roberts,002.351.2094,(002) 351-2094,Nicole.Roberts598@riverside.com,Birmingham,AL,South,South,2012-06-17,,,,,,,,,,,,
CUST02606,Hilltop Urgent Care Clinic,Patrick Wright,385 633 7598,(385) 633-7598,Patrick.Wright607@hilltop.com,Tampa,FL,South,South,2011-11-28,,,,,,,,,,,,
CUST02607,Heritage Hospital,Carol Lee,(18) 811-1337,(018) 811-1337,Carol.Lee214@heritage.com,Denver,CO,West,West,2014-07-14,,,,,,,,,,,,
CUST02608,Eastview Pharmacy,Ashley Rogers,707-127-8796,(707) 127-8796,Ashley.Rogers497@eastview.com,Atlanta,GA,South,South,2023-10-28,,,,,,,,,,,,
CUST02609,Lakeside Community Clinic,Gregory Walker,220.822.0448,(220) 822-0448,Gregory.Walker883@lakeside.com,Milwaukee,WI,North,North,2017-02-18,,,,,,,,,,,,
CUST02610,Beacon Pharmacy,Debra Baker,816-495-7104,(816) 495-7104,Debra.Baker638@beacon.com,Denver,CO,West,West,2023-04-06,,,,,,,,,,,,
CUST02611,Riverside Pharmacy,Angela Scott,2417018313,(241) 701-8313,Angela.Scott215@riverside.com,New Orleans,LA,South,South,2015-10-10,,,,,,,,,,,,
CUST02612,Southport Pharmacy,Joseph Robinson,(792) 517-3335,(792) 517-3335,Joseph.Robinson419@southport.com,Fargo,ND,North,North,2021-03-26,,,,,,,,,,,,
CUST02613,Valley Hospital,David Lopez,529-796-8546,(529) 796-8546,David.Lopez395@valley.com,Minneapolis,MN,North,North,2020-02-18,,,,,,,,,,,,
CUST02614,Lakeside Pharmacy,Karen Kelly,1240766453,(124) 076-6453,Karen.Kelly131@lakeside.com,Seattle,WA,Northeast,East,2012-08-10,,,,,,,,,,,,
CUST02615,Southport Long-Term Care Facility,Nicole Taylor,(113) 449-6895,(113) 449-6895,Nicole.Taylor840@southport.com,Albany,NY,East,East,2022-08-21,,,,,,,,,,,,
CUST02616,Crossroads Pharmacy,Kathleen Jackson,945.494.9725,(945) 494-9725,Kathleen.Jackson675@crossroads.com,Hartford,CT,East,East,2011-03-28,,,,,,,,,,,,
CUST02617,Hilltop Urgent Care Clinic,Carol Gonzalez,1756394904,(175) 639-4904,Carol.Gonzalez894@hilltop.com,Philadelphia,PA,East,East,2016-05-11,,,,,,,,,,,,
CUST02618,Eastview Urgent Care Clinic,Shirley Rogers,574 814 5252,(574) 814-5252,Shirley.Rogers547@eastview.com,Boston,MA,East,East,2024-12-11,,,,,,,,,,,,
CUST02619,Grace Long-Term Care Facility,Karen Martinez,089.304.3178,(089) 304-3178,Karen.Martinez244@grace.com,Boston,MA,East,East,2023-05-15,,,,,,,,,,,,
CUST02620,Southport Pharmacy,Maria Cruz,754-839-3777,(754) 839-3777,Maria.Cruz756@southport.com,Denver,CO,West,West,2012-09-26,,,,,,,,,,,,
CUST02621,Eastview Urgent Care Clinic,Sarah White,2503834124,(250) 383-4124,Sarah.White236@eastview.com,Atlanta,GA,South,South,2020-03-18,,,,,,,,,,,,
CUST02622,Lakeside Hospital,Scott Cox,975-370-0632,(975) 370-0632,Scott.Cox571@lakeside.com,Portland,OR,West,West,2024-11-22,,,,,,,,,,,,
CUST02623,Heritage Community Clinic,Rachel Cooper,521.085.8375,(521) 085-8375,Rachel.Cooper914@heritage.com,Phoenix,AZ,West,West,2014-01-08,,,,,,,,,,,,
CUST02624,Southport Medical Center,Raymond Lopez,(451) 088-5899,(451) 088-5899,Raymond.Lopez541@southport.com,Dallas,TX,South,South,2012-09-30,,,,,,,,,,,,
CUST02625,Beacon Pharmacy,Nicole Green,783 420 6433,(783) 420-6433,Nicole.Green348@beacon.com,Newark,NJ,East,East,2014-03-21,,,,,,,,,,,,
CUST02626,Westfield Long-Term Care Facility,Donna Jackson,719-720-4093,(719) 720-4093,Donna.Jackson284@westfield.com,Atlanta,GA,South,South,2014-05-25,,,,,,,,,,,,
CUST02627,Lakeside Long-Term Care Facility,Eric Murphy,731 633 2430,(731) 633-2430,Eric.Murphy784@lakeside.com,Billings,MT,North,North,2013-10-30,,,,,,,,,,,,
CUST02628,Eastview Urgent Care Clinic,Nicole Parker,(907) 121-2579,(907) 121-2579,Nicole.Parker957@eastview.com,Denver,CO,West,West,2023-06-18,,,,,,,,,,,,
CUST02629,Lakeside Pharmacy,Jeffrey Roberts,(982) 724-4952,(982) 724-4952,Jeffrey.Roberts585@lakeside.com,Tampa,FL,South,South,2023-01-28,,,,,,,,,,,,
CUST02630,Cedar Community Clinic,Edward Phillips,(831) 197-7895,(831) 197-7895,Edward.Phillips367@cedar.com,Newark,NJ,East,East,2011-04-07,,,,,,,,,,,,
CUST02631,Heritage Pharmacy,Stephanie Moore,(402) 776-0123,(402) 776-0123,Stephanie.Moore348@heritage.com,Minneapolis,MN,North,North,2020-07-28,,,,,,,,,,,,
CUST02632,Cedar Urgent Care Clinic,Cynthia Lopez,685.743.9738,(685) 743-9738,Cynthia.Lopez763@cedar.com,Minneapolis,MN,Southeast,South,2022-04-07,,,,,,,,,,,,
CUST02633,Mercy Urgent Care Clinic,Jacob Moore,021-291-8236,(021) 291-8236,Jacob.Moore339@mercy.com,Sioux Falls,SD,North,North,2012-07-16,,,,,,,,,,,,
CUST02634,Summit Pharmacy,Ryan Nguyen,1026237050,(102) 623-7050,Ryan.Nguyen571@summit.com,Milwaukee,WI,North,North,2013-11-29,,,,,,,,,,,,
CUST02635,Mercy Community Clinic,Barbara Hill,(546) 547-6316,(546) 547-6316,Barbara.Hill380@mercy.com,Atlanta,GA,South,South,2017-12-09,,,,,,,,,,,,
CUST02636,Lakeside Health System,Maria Taylor,5423724667,(542) 372-4667,Maria.Taylor172@lakeside.com,Birmingham,AL,South,South,2019-03-08,,,,,,,,,,,,
CUST02637,Hilltop Community Clinic,Jennifer Campbell,790 455 2242,(790) 455-2242,Jennifer.Campbell612@hilltop.com,Sacramento,CA,West,West,2019-07-29,,,,,,,,,,,,
CUST02638,Summit Urgent Care Clinic,Samuel Harris,806 437 1960,(806) 437-1960,Samuel.Harris298@summit.com,Philadelphia,PA,East,East,2021-06-22,,,,,,,,,,,,
CUST02639,Hilltop Health System,Jack Green,(156) 539-9521,(156) 539-9521,Jack.Green287@hilltop.com,Dallas,TX,Northeast,East,2014-02-12,,,,,,,,,,,,
CUST02640,Riverside Urgent Care Clinic,Donald Baker,(437) 908-6808,(437) 908-6808,Donald.Baker540@riverside.com,Fargo,ND,Midwest,North,2018-04-13,,,,,,,,,,,,
CUST02641,Crossroads Urgent Care Clinic,Brian Nguyen,487-597-9974,(487) 597-9974,Brian.Nguyen945@crossroads.com,Birmingham,AL,South,South,2013-08-20,,,,,,,,,,,,
CUST02642,Cornerstone Community Clinic,Linda Edwards,827.568.4978,(827) 568-4978,Linda.Edwards536@cornerstone.com,Fargo,ND,North,North,2024-05-17,,,,,,,,,,,,
CUST02643,Trinity Long-Term Care Facility,Frank Kim,(308) 158-0867,(308) 158-0867,Frank.Kim268@trinity.com,Seattle,WA,West,West,2018-05-15,,,,,,,,,,,,
CUST02644,Maple Pharmacy,Jeffrey Wilson,671-999-2752,(671) 999-2752,Jeffrey.Wilson21@maple.com,Atlanta,GA,South,South,2010-03-11,,,,,,,,,,,,
CUST02645,Summit Community Clinic,Jennifer Reed,351-875-7053,(351) 875-7053,Jennifer.Reed736@summit.com,Hartford,CT,East,East,2015-07-06,,,,,,,,,,,,
CUST02646,Cedar Medical Center,Edward Murphy,641-972-9410,(641) 972-9410,Edward.Murphy336@cedar.com,Dallas,TX,Southeast,South,2021-11-25,,,,,,,,,,,,
CUST02647,Grace Pharmacy,Raymond Morales,894-011-7130,(894) 011-7130,Raymond.Morales29@grace.com,Atlanta,GA,South,South,2023-11-20,,,,,,,,,,,,
CUST02648,Maple Medical Center,Charles Edwards,(908) 773-7316,(908) 773-7316,Charles.Edwards354@maple.com,Boston,MA,East,East,2023-09-03,,,,,,,,,,,,
CUST02649,Hilltop Hospital,Alexander Reyes,(100) 697-7400,(100) 697-7400,Alexander.Reyes57@hilltop.com,Boston,MA,East,East,2011-06-01,,,,,,,,,,,,
CUST02650,Northgate Health System,Ryan Garcia,661-806-1085,(661) 806-1085,Ryan.Garcia7@northgate.com,Tampa,FL,South,South,2021-03-16,,,,,,,,,,,,
CUST02651,Riverside Pharmacy,Maria Jones,(221) 268-3905,(221) 268-3905,Maria.Jones125@riverside.com,Minneapolis,MN,North,North,2011-09-20,,,,,,,,,,,,
CUST02652,Heritage Long-Term Care Facility,Jennifer Anderson,(491) 067-6987,(491) 067-6987,Jennifer.Anderson289@heritage.com,Sioux Falls,SD,North,North,2023-10-08,,,,,,,,,,,,
CUST02653,Cedar Urgent Care Clinic,Kevin Cook,(282) 251-9642,(282) 251-9642,Kevin.Cook647@cedar.com,Sioux Falls,SD,North,North,2018-08-30,,,,,,,,,,,,
CUST02654,Trinity Pharmacy,Raymond Scott,025-449-6550,(025) 449-6550,Raymond.Scott946@trinity.com,Seattle,WA,Southeast,South,2013-07-07,,,,,,,,,,,,
CUST02655,Cedar Community Clinic,Charles Allen,480.575.9502,(480) 575-9502,Charles.Allen667@cedar.com,Tampa,FL,South,South,2013-02-07,,,,,,,,,,,,
CUST02656,Northgate Medical Center,Karen Williams,(175) 487-7132,(175) 487-7132,Karen.Williams411@northgate.com,Tampa,FL,South,South,2012-01-09,,,,,,,,,,,,
CUST02657,Northgate Community Clinic,Maria Morales,(867) 674-4822,(867) 674-4822,Maria.Morales568@northgate.com,Dallas,TX,South,South,2010-03-31,,,,,,,,,,,,
CUST02658,Northgate Medical Center,Daniel Reed,4963096667,(496) 309-6667,Daniel.Reed388@northgate.com,Minneapolis,MN,North,North,2010-09-17,,,,,,,,,,,,
CUST02659,Valley Community Clinic,Carol Cook,910.471.6495,(910) 471-6495,Carol.Cook870@valley.com,Portland,OR,West,West,2015-12-09,,,,,,,,,,,,
CUST02660,Westfield Community Clinic,Justin Ramirez,137 153 4278,(137) 153-4278,Justin.Ramirez651@westfield.com,Portland,OR,West,West,2013-11-30,,,,,,,,,,,,
CUST02661,Parkview Health System,Scott Nguyen,276.654.8427,(276) 654-8427,Scott.Nguyen439@parkview.com,Atlanta,GA,South,South,2016-11-06,,,,,,,,,,,,
CUST02662,Eastview Urgent Care Clinic,Melissa Sanchez,002.143.6659,(002) 143-6659,Melissa.Sanchez568@eastview.com,Milwaukee,WI,North,North,2022-05-29,,,,,,,,,,,,
CUST02663,Northgate Hospital,Catherine Turner,(533) 566-8228,(533) 566-8228,Catherine.Turner836@northgate.com,Atlanta,GA,South,South,2018-03-08,,,,,,,,,,,,
CUST02664,Hilltop Long-Term Care Facility,Ronald Martinez,203 980 1337,(203) 980-1337,Ronald.Martinez812@hilltop.com,Philadelphia,PA,East,East,2023-09-19,,,,,,,,,,,,
CUST02665,Mercy Pharmacy,William Rivera,141-115-8162,(141) 115-8162,William.Rivera250@mercy.com,Phoenix,AZ,West,West,2023-09-03,,,,,,,,,,,,
CUST02666,Valley Urgent Care Clinic,George Williams,765 091 6397,(765) 091-6397,George.Williams378@valley.com,Minneapolis,MN,North,North,2019-11-07,,,,,,,,,,,,
CUST02667,Beacon Long-Term Care Facility,Mark Johnson,510.981.0094,(510) 981-0094,Mark.Johnson37@beacon.com,Dallas,TX,South,South,2013-02-13,,,,,,,,,,,,
CUST02668,Hilltop Medical Center,Katherine Ortiz,(656) 942-7638,(656) 942-7638,Katherine.Ortiz178@hilltop.com,Atlanta,GA,South,South,2018-08-01,,,,,,,,,,,,
CUST02669,Northgate Long-Term Care Facility,Scott Cook,631-143-1075,(631) 143-1075,Scott.Cook886@northgate.com,Birmingham,AL,South,South,2020-09-02,,,,,,,,,,,,
CUST02670,Eastview Pharmacy,Andrew Sanchez,(264) 293-0646,(264) 293-0646,Andrew.Sanchez519@eastview.com,Fargo,ND,North,North,2014-07-11,,,,,,,,,,,,
CUST02671,Crossroads Long-Term Care Facility,Ashley Bailey,289.540.5847,(289) 540-5847,Ashley.Bailey810@crossroads.com,Sioux Falls,SD,North,North,2023-02-05,,,,,,,,,,,,
CUST02672,Hilltop Urgent Care Clinic,Daniel White,(972) 459-7989,(972) 459-7989,Daniel.White948@hilltop.com,Newark,NJ,East,East,2016-06-15,,,,,,,,,,,,
CUST02673,Mercy Urgent Care Clinic,Joseph Stewart,(421) 001-4996,(421) 001-4996,Joseph.Stewart457@mercy.com,Albany,NY,East,East,2021-10-25,,,,,,,,,,,,
CUST02674,Eastview Urgent Care Clinic,Margaret Walker,057-986-6269,(057) 986-6269,Margaret.Walker581@eastview.com,Newark,NJ,East,East,2017-08-04,,,,,,,,,,,,
CUST02675,Southport Long-Term Care Facility,Gary Ramirez,2553952563,(255) 395-2563,Gary.Ramirez109@southport.com,Minneapolis,MN,North,North,2013-12-10,,,,,,,,,,,,
CUST02676,Mercy Long-Term Care Facility,Donald Clark,7013111751,(701) 311-1751,Donald.Clark374@mercy.com,Tampa,FL,South,South,2022-07-01,,,,,,,,,,,,
CUST02677,Trinity Hospital,Angela Peterson,(215) 156-9443,(215) 156-9443,Angela.Peterson488@trinity.com,Tampa,FL,South,South,2011-07-27,,,,,,,,,,,,
CUST02678,Cedar Medical Center,Kevin Parker,935-891-0548,(935) 891-0548,Kevin.Parker163@cedar.com,Tampa,FL,South,South,2020-11-08,,,,,,,,,,,,
CUST02679,Beacon Hospital,Gregory Morgan,3161209928,(316) 120-9928,Gregory.Morgan678@beacon.com,Portland,OR,West,West,2020-09-01,,,,,,,,,,,,
CUST02680,Westfield Health System,Stephanie Carter,(153) 672-0975,(153) 672-0975,Stephanie.Carter631@westfield.com,Birmingham,AL,South,South,2023-04-19,,,,,,,,,,,,
CUST02681,Summit Pharmacy,Barbara Green,(944) 164-9331,(944) 164-9331,Barbara.Green391@summit.com,Boston,MA,East,East,2024-04-17,,,,,,,,,,,,
CUST02682,Heritage Community Clinic,Nancy Robinson,262-180-6036,(262) 180-6036,Nancy.Robinson702@heritage.com,Philadelphia,PA,East,East,2018-04-14,,,,,,,,,,,,
CUST02683,Maple Community Clinic,Jeffrey Hernandez,(165) 613-0739,(165) 613-0739,Jeffrey.Hernandez664@maple.com,Newark,NJ,East,East,2016-07-11,,,,,,,,,,,,
CUST02684,Westfield Health System,Samuel Nguyen,(300) 745-7774,(300) 745-7774,Samuel.Nguyen921@westfield.com,Philadelphia,PA,East,East,2019-06-04,,,,,,,,,,,,
CUST02685,Mercy Long-Term Care Facility,Ryan Rivera,633.253.3630,(633) 253-3630,Ryan.Rivera475@mercy.com,Billings,MT,North,North,2021-05-05,,,,,,,,,,,,
CUST02686,Grace Long-Term Care Facility,Samuel Rivera,(25) 076-6606,(025) 076-6606,Samuel.Rivera20@grace.com,Sacramento,CA,West,West,2021-07-25,,,,,,,,,,,,
CUST02687,Summit Urgent Care Clinic,Paul Wilson,6896553264,(689) 655-3264,Paul.Wilson665@summit.com,Sacramento,CA,West,West,2015-10-29,,,,,,,,,,,,
CUST02688,Valley Pharmacy,Michael Smith,4396848359,(439) 684-8359,Michael.Smith6@valley.com,Albany,NY,East,East,2011-07-05,,,,,,,,,,,,
CUST02689,Summit Health System,Larry Gonzalez,(638) 819-3927,(638) 819-3927,Larry.Gonzalez519@summit.com,Billings,MT,North,North,2023-04-16,,,,,,,,,,,,
CUST02690,Southport Health System,George Collins,921 650 1817,(921) 650-1817,George.Collins432@southport.com,Billings,MT,North,North,2010-03-07,,,,,,,,,,,,
CUST02691,Crossroads Pharmacy,Rachel Gutierrez,752-262-4915,(752) 262-4915,Rachel.Gutierrez630@crossroads.com,Billings,MT,North,North,2015-01-16,,,,,,,,,,,,
CUST02692,Crossroads Hospital,Larry Young,517.731.3197,(517) 731-3197,Larry.Young119@crossroads.com,Sioux Falls,SD,North,North,2015-05-15,,,,,,,,,,,,
CUST02693,Summit Urgent Care Clinic,Carol Parker,559-376-5118,(559) 376-5118,Carol.Parker772@summit.com,Phoenix,AZ,West,West,2019-07-05,,,,,,,,,,,,
CUST02694,Union Community Clinic,Jonathan Lopez,172-715-4836,(172) 715-4836,Jonathan.Lopez890@union.com,Sioux Falls,SD,North,North,2014-05-19,,,,,,,,,,,,
CUST02695,Maple Urgent Care Clinic,Joshua Nguyen,4607496875,(460) 749-6875,Joshua.Nguyen439@maple.com,Tampa,FL,Northeast,East,2017-01-26,,,,,,,,,,,,
CUST02696,Eastview Urgent Care Clinic,Gary Stewart,(739) 821-2558,(739) 821-2558,Gary.Stewart287@eastview.com,Dallas,TX,South,South,2010-11-24,,,,,,,,,,,,
CUST02697,Mercy Long-Term Care Facility,Sharon Richardson,513 465 0865,(513) 465-0865,Sharon.Richardson577@mercy.com,Milwaukee,WI,North,North,2019-08-14,,,,,,,,,,,,
CUST02698,Southport Community Clinic,Barbara Brown,713.412.5383,(713) 412-5383,Barbara.Brown435@southport.com,Portland,OR,West,West,2018-04-08,,,,,,,,,,,,
CUST02699,Parkview Long-Term Care Facility,Michael Walker,976 656 2067,(976) 656-2067,Michael.Walker914@parkview.com,New Orleans,LA,South,South,2023-08-12,,,,,,,,,,,,
CUST02700,Northgate Hospital,Jessica Anderson,7744108439,(774) 410-8439,Jessica.Anderson533@northgate.com,Phoenix,AZ,West,West,2014-03-04,,,,,,,,,,,,
CUST02701,Lakeside Community Clinic,Rachel Moore,409-358-2717,(409) 358-2717,Rachel.Moore836@lakeside.com,Milwaukee,WI,North,North,2011-03-11,,,,,,,,,,,,
CUST02702,Cedar Hospital,Samuel Richardson,465 184 7887,(465) 184-7887,Samuel.Richardson479@cedar.com,Sioux Falls,SD,North,North,2021-10-18,,,,,,,,,,,,
CUST02703,Crossroads Health System,Ryan Cox,(795) 797-1149,(795) 797-1149,Ryan.Cox863@crossroads.com,Philadelphia,PA,East,East,2016-08-03,,,,,,,,,,,,
CUST02704,Cedar Medical Center,Eric Gomez,239 510 8327,(239) 510-8327,Eric.Gomez402@cedar.com,Sioux Falls,SD,North,North,2021-09-01,,,,,,,,,,,,
CUST02705,Trinity Long-Term Care Facility,Paul Perez,(265) 030-5241,(265) 030-5241,Paul.Perez41@trinity.com,Newark,NJ,Northeast,East,2019-12-08,,,,,,,,,,,,
CUST02706,Mercy Medical Center,Alexander Martinez,2949576039,(294) 957-6039,Alexander.Martinez32@mercy.com,Milwaukee,WI,North,North,2022-02-10,,,,,,,,,,,,
CUST02707,Cornerstone Urgent Care Clinic,Larry Edwards,453 868 7612,(453) 868-7612,Larry.Edwards422@cornerstone.com,New Orleans,LA,South,South,2021-01-04,,,,,,,,,,,,
CUST02708,Summit Medical Center,Joshua Bailey,561 431 5383,(561) 431-5383,Joshua.Bailey843@summit.com,Milwaukee,WI,North,North,2024-05-16,,,,,,,,,,,,
CUST02709,Cornerstone Health System,Daniel Scott,(120) 085-9040,(120) 085-9040,Daniel.Scott107@cornerstone.com,Newark,NJ,East,East,2020-02-13,,,,,,,,,,,,
CUST02710,Northgate Pharmacy,Benjamin Cruz,373.313.4241,(373) 313-4241,Benjamin.Cruz127@northgate.com,Portland,OR,West,West,2021-07-01,,,,,,,,,,,,
CUST02711,Hilltop Health System,Sarah Murphy,7794292101,(779) 429-2101,Sarah.Murphy914@hilltop.com,Seattle,WA,West,West,2016-01-01,,,,,,,,,,,,
CUST02712,Summit Health System,Rachel Davis,750.796.3132,(750) 796-3132,Rachel.Davis679@summit.com,Fargo,ND,North,North,2016-02-27,,,,,,,,,,,,
CUST02713,Grace Health System,Michael Diaz,5196627145,(519) 662-7145,Michael.Diaz325@grace.com,Billings,MT,North,North,2021-12-01,,,,,,,,,,,,
CUST02714,Trinity Community Clinic,Emma Ramos,(378) 577-1712,(378) 577-1712,Emma.Ramos585@trinity.com,Seattle,WA,West,West,2014-05-17,,,,,,,,,,,,
CUST02715,Beacon Long-Term Care Facility,Jack Scott,707-002-2796,(707) 002-2796,Jack.Scott314@beacon.com,Sioux Falls,SD,North,North,2017-07-22,,,,,,,,,,,,
CUST02716,Parkview Hospital,Michelle Kim,(398) 780-6465,(398) 780-6465,Michelle.Kim90@parkview.com,Newark,NJ,Northeast,East,2024-10-09,,,,,,,,,,,,
CUST02717,Heritage Long-Term Care Facility,Justin Jackson,498 749 3203,(498) 749-3203,Justin.Jackson171@heritage.com,Denver,CO,West,West,2018-06-25,,,,,,,,,,,,
CUST02718,Grace Health System,Alexander Roberts,375 578 5457,(375) 578-5457,Alexander.Roberts909@grace.com,Sacramento,CA,West,West,2017-04-10,,,,,,,,,,,,
CUST02719,Riverside Hospital,Ryan Mitchell,643.081.3222,(643) 081-3222,Ryan.Mitchell20@riverside.com,Tampa,FL,South,South,2015-10-21,,,,,,,,,,,,
CUST02720,Summit Pharmacy,Larry Martin,350.945.5731,(350) 945-5731,Larry.Martin676@summit.com,Birmingham,AL,South,South,2019-07-05,,,,,,,,,,,,
CUST02721,Valley Medical Center,Charles Allen,(603) 828-0710,(603) 828-0710,Charles.Allen324@valley.com,Tampa,FL,South,South,2021-10-15,,,,,,,,,,,,
CUST02722,Crossroads Long-Term Care Facility,Betty Young,(939) 969-7933,(939) 969-7933,Betty.Young518@crossroads.com,Portland,OR,Southeast,South,2014-05-23,,,,,,,,,,,,
CUST02723,Northgate Community Clinic,Anthony Bailey,3868982581,(386) 898-2581,Anthony.Bailey892@northgate.com,Phoenix,AZ,West,West,2019-09-23,,,,,,,,,,,,
CUST02724,Maple Health System,Sandra Campbell,2350799378,(235) 079-9378,Sandra.Campbell137@maple.com,Portland,OR,West,West,2012-07-22,,,,,,,,,,,,
CUST02725,Beacon Health System,Brian Davis,496 033 4299,(496) 033-4299,Brian.Davis555@beacon.com,Sioux Falls,SD,North,North,2018-11-07,,,,,,,,,,,,
CUST02726,Summit Medical Center,Jason Cruz,(628) 107-6777,(628) 107-6777,Jason.Cruz687@summit.com,Birmingham,AL,South,South,2015-02-19,,,,,,,,,,,,
CUST02727,Beacon Community Clinic,Sandra Ramirez,(190) 597-4689,(190) 597-4689,Sandra.Ramirez34@beacon.com,Sacramento,CA,West,West,2018-02-09,,,,,,,,,,,,
CUST02728,Hilltop Hospital,Alexander Stewart,(242) 610-3324,(242) 610-3324,Alexander.Stewart511@hilltop.com,Albany,NY,East,East,2014-03-19,,,,,,,,,,,,
CUST02729,Mercy Medical Center,Robert Phillips,919.866.1329,(919) 866-1329,Robert.Phillips244@mercy.com,Billings,MT,North,North,2018-03-04,,,,,,,,,,,,
CUST02730,Valley Medical Center,Kathleen Moore,(398) 572-6850,(398) 572-6850,Kathleen.Moore567@valley.com,Boston,MA,East,East,2016-09-15,,,,,,,,,,,,
CUST02731,Southport Long-Term Care Facility,Paul Green,009 998 6692,(009) 998-6692,Paul.Green707@southport.com,Hartford,CT,East,East,2010-05-15,,,,,,,,,,,,
CUST02732,Cedar Urgent Care Clinic,Timothy Nguyen,735-975-4345,(735) 975-4345,Timothy.Nguyen634@cedar.com,Hartford,CT,Midwest,North,2022-09-06,,,,,,,,,,,,
CUST02733,Maple Medical Center,Catherine Hernandez,9977222264,(997) 722-2264,Catherine.Hernandez775@maple.com,Sioux Falls,SD,North,North,2017-04-06,,,,,,,,,,,,
CUST02734,Southport Hospital,Larry Young,027 507 6976,(027) 507-6976,Larry.Young877@southport.com,Minneapolis,MN,North,North,2022-01-21,,,,,,,,,,,,
CUST02735,Lakeside Community Clinic,Angela Baker,(386) 901-6812,(386) 901-6812,Angela.Baker894@lakeside.com,Albany,NY,East,East,2010-02-22,,,,,,,,,,,,
CUST02736,Riverside Pharmacy,Kimberly Allen,915-585-9392,(915) 585-9392,Kimberly.Allen327@riverside.com,Denver,CO,West,West,2017-12-25,,,,,,,,,,,,
CUST02737,Union Medical Center,Deborah Hernandez,(148) 944-1399,(148) 944-1399,Deborah.Hernandez932@union.com,Atlanta,GA,South,South,2020-01-12,,,,,,,,,,,,
CUST02738,Cornerstone Medical Center,Brian Parker,(381) 569-5907,(381) 569-5907,Brian.Parker613@cornerstone.com,Atlanta,GA,South,South,2018-04-14,,,,,,,,,,,,
CUST02739,Cedar Community Clinic,Joseph Rodriguez,361 128 7408,(361) 128-7408,Joseph.Rodriguez465@cedar.com,Sioux Falls,SD,North,North,2014-04-12,,,,,,,,,,,,
CUST02740,Grace Pharmacy,Sarah Cook,4528789999,(452) 878-9999,Sarah.Cook591@grace.com,New Orleans,LA,South,South,2015-04-06,,,,,,,,,,,,
CUST02741,Valley Pharmacy,Richard Martin,(185) 056-0831,(185) 056-0831,Richard.Martin669@valley.com,Albany,NY,East,East,2019-02-28,,,,,,,,,,,,
CUST02742,Eastview Pharmacy,Brenda Diaz,549-818-4409,(549) 818-4409,Brenda.Diaz362@eastview.com,Hartford,CT,East,East,2016-11-26,,,,,,,,,,,,
CUST02743,Cedar Medical Center,Timothy Martin,0548748705,(054) 874-8705,Timothy.Martin231@cedar.com,Birmingham,AL,South,South,2010-08-13,,,,,,,,,,,,
CUST02744,Lakeside Long-Term Care Facility,Michael Turner,944.615.0123,(944) 615-0123,Michael.Turner405@lakeside.com,Boston,MA,East,East,2024-02-04,,,,,,,,,,,,
CUST02745,Grace Urgent Care Clinic,Gary Morgan,505.908.5576,(505) 908-5576,Gary.Morgan913@grace.com,Sacramento,CA,West,West,2022-11-20,,,,,,,,,,,,
CUST02746,Hilltop Hospital,Karen Hernandez,474.372.9903,(474) 372-9903,Karen.Hernandez711@hilltop.com,New Orleans,LA,Midwest,North,2022-09-15,,,,,,,,,,,,
CUST02747,Grace Community Clinic,David Gonzalez,276-471-4243,(276) 471-4243,David.Gonzalez77@grace.com,Billings,MT,North,North,2024-03-08,,,,,,,,,,,,
CUST02748,Lakeside Health System,Jonathan Young,(237) 738-1330,(237) 738-1330,Jonathan.Young101@lakeside.com,Birmingham,AL,South,South,2015-11-26,,,,,,,,,,,,
CUST02749,Valley Urgent Care Clinic,Karen Campbell,034 633 2874,(034) 633-2874,Karen.Campbell427@valley.com,Birmingham,AL,South,South,2017-03-05,,,,,,,,,,,,
CUST02750,Heritage Medical Center,Margaret Cooper,058 000 5895,(058) 000-5895,Margaret.Cooper119@heritage.com,Phoenix,AZ,West,West,2017-05-07,,,,,,,,,,,,
CUST02751,Mercy Medical Center,Samantha Scott,4385781807,(438) 578-1807,Samantha.Scott635@mercy.com,Minneapolis,MN,North,North,2012-05-23,,,,,,,,,,,,
CUST02752,Westfield Long-Term Care Facility,Ryan Lopez,(144) 661-9954,(144) 661-9954,Ryan.Lopez37@westfield.com,Fargo,ND,North,North,2010-01-31,,,,,,,,,,,,
CUST02753,Trinity Long-Term Care Facility,Rachel Phillips,666 885 4553,(666) 885-4553,Rachel.Phillips226@trinity.com,Boston,MA,East,East,2021-02-28,,,,,,,,,,,,
CUST02754,Hilltop Long-Term Care Facility,Pamela Wilson,959-902-3442,(959) 902-3442,Pamela.Wilson855@hilltop.com,Phoenix,AZ,West,West,2019-08-07,,,,,,,,,,,,
CUST02755,Valley Hospital,Eric Robinson,(849) 186-1462,(849) 186-1462,Eric.Robinson414@valley.com,Phoenix,AZ,West,West,2014-11-21,,,,,,,,,,,,
CUST02756,Union Community Clinic,Jeffrey Smith,(315) 131-3561,(315) 131-3561,Jeffrey.Smith168@union.com,Fargo,ND,North,North,2020-11-18,,,,,,,,,,,,
CUST02757,Westfield Health System,Elizabeth Ward,7937223917,(793) 722-3917,Elizabeth.Ward716@westfield.com,Seattle,WA,West,West,2019-02-19,,,,,,,,,,,,
CUST02758,Valley Health System,Cynthia Flores,(584) 313-5740,(584) 313-5740,Cynthia.Flores458@valley.com,Tampa,FL,South,South,2016-02-22,,,,,,,,,,,,
CUST02759,Parkview Pharmacy,Linda Roberts,(961) 756-5779,(961) 756-5779,Linda.Roberts128@parkview.com,New Orleans,LA,South,South,2021-05-14,,,,,,,,,,,,
CUST02760,Westfield Hospital,Thomas Nguyen,180 954 5519,(180) 954-5519,Thomas.Nguyen107@westfield.com,Newark,NJ,East,East,2018-04-12,,,,,,,,,,,,
CUST02761,Crossroads Hospital,Joshua Flores,(401) 617-0649,(401) 617-0649,Joshua.Flores334@crossroads.com,Seattle,WA,West,West,2014-10-06,,,,,,,,,,,,
CUST02762,Hilltop Hospital,Sandra Harris,6914616415,(691) 461-6415,Sandra.Harris487@hilltop.com,Newark,NJ,Southeast,South,2019-07-18,,,,,,,,,,,,
CUST02763,Eastview Health System,Amy Wilson,178.109.0719,(178) 109-0719,Amy.Wilson673@eastview.com,Billings,MT,Southeast,South,2016-09-16,,,,,,,,,,,,
CUST02764,Maple Urgent Care Clinic,John Reyes,(495) 583-8736,(495) 583-8736,John.Reyes180@maple.com,Hartford,CT,East,East,2023-05-05,,,,,,,,,,,,
CUST02765,Trinity Medical Center,Nancy Sanchez,388 168 4827,(388) 168-4827,Nancy.Sanchez668@trinity.com,Billings,MT,Southeast,South,2010-07-10,,,,,,,,,,,,
CUST02766,Beacon Long-Term Care Facility,James King,464 450 3006,(464) 450-3006,James.King367@beacon.com,Sioux Falls,SD,North,North,2012-10-15,,,,,,,,,,,,
CUST02767,Beacon Community Clinic,Lisa Perez,7330027632,(733) 002-7632,Lisa.Perez212@beacon.com,Billings,MT,Midwest,North,2021-02-17,,,,,,,,,,,,
CUST02768,Trinity Hospital,Anthony Adams,326.059.0473,(326) 059-0473,Anthony.Adams864@trinity.com,Albany,NY,East,East,2013-02-27,,,,,,,,,,,,
CUST02769,Trinity Hospital,Gregory Hall,053 973 4513,(053) 973-4513,Gregory.Hall829@trinity.com,Philadelphia,PA,East,East,2023-10-14,,,,,,,,,,,,
CUST02770,Trinity Health System,Carolyn Green,(600) 989-7274,(600) 989-7274,Carolyn.Green92@trinity.com,Newark,NJ,East,East,2015-10-18,,,,,,,,,,,,
CUST02771,Southport Community Clinic,Christopher Campbell,199 136 5640,(199) 136-5640,Christopher.Campbell947@southport.com,Sioux Falls,SD,North,North,2016-06-21,,,,,,,,,,,,
CUST02772,Valley Long-Term Care Facility,Brandon Harris,(892) 238-4357,(892) 238-4357,Brandon.Harris551@valley.com,Sacramento,CA,Northeast,East,2024-06-30,,,,,,,,,,,,
CUST02773,Union Health System,Scott Wright,892-251-7475,(892) 251-7475,Scott.Wright638@union.com,Philadelphia,PA,East,East,2019-12-27,,,,,,,,,,,,
CUST02774,Mercy Medical Center,Jason Diaz,2889563836,(288) 956-3836,Jason.Diaz356@mercy.com,Portland,OR,West,West,2020-03-08,,,,,,,,,,,,
CUST02775,Northgate Pharmacy,Andrew Rogers,133.875.3421,(133) 875-3421,Andrew.Rogers220@northgate.com,Minneapolis,MN,Northeast,East,2017-07-13,,,,,,,,,,,,
CUST02776,Union Urgent Care Clinic,Andrew Ramirez,839.683.8252,(839) 683-8252,Andrew.Ramirez37@union.com,Portland,OR,West,West,2023-12-24,,,,,,,,,,,,
CUST02777,Northgate Long-Term Care Facility,Laura Morgan,(521) 517-3466,(521) 517-3466,Laura.Morgan742@northgate.com,Newark,NJ,East,East,2022-11-16,,,,,,,,,,,,
CUST02778,Cornerstone Community Clinic,Robert Lee,575-610-8010,(575) 610-8010,Robert.Lee184@cornerstone.com,Tampa,FL,South,South,2012-04-20,,,,,,,,,,,,
CUST02779,Summit Community Clinic,Pamela Rivera,512-169-8323,(512) 169-8323,Pamela.Rivera934@summit.com,New Orleans,LA,South,South,2015-10-26,,,,,,,,,,,,
CUST02780,Eastview Pharmacy,Amanda Jones,(326) 214-4537,(326) 214-4537,Amanda.Jones274@eastview.com,Atlanta,GA,South,South,2017-03-21,,,,,,,,,,,,
CUST02781,Beacon Pharmacy,Daniel Diaz,778-801-1591,(778) 801-1591,Daniel.Diaz550@beacon.com,Phoenix,AZ,West,West,2016-09-11,,,,,,,,,,,,
CUST02782,Northgate Hospital,John Baker,(546) 903-3693,(546) 903-3693,John.Baker456@northgate.com,Birmingham,AL,South,South,2011-11-10,,,,,,,,,,,,
CUST02783,Parkview Health System,Katherine Lee,8154552787,(815) 455-2787,Katherine.Lee646@parkview.com,Atlanta,GA,South,South,2018-07-18,,,,,,,,,,,,
CUST02784,Valley Pharmacy,David Kim,(93) 099-9868,(093) 099-9868,David.Kim742@valley.com,Tampa,FL,South,South,2018-05-15,,,,,,,,,,,,
CUST02785,Hilltop Pharmacy,Larry Nguyen,699 993 8191,(699) 993-8191,Larry.Nguyen576@hilltop.com,Phoenix,AZ,West,West,2020-04-27,,,,,,,,,,,,
CUST02786,Grace Urgent Care Clinic,Carol Gutierrez,1900241551,(190) 024-1551,Carol.Gutierrez779@grace.com,Milwaukee,WI,North,North,2018-11-22,,,,,,,,,,,,
CUST02787,Parkview Hospital,Laura Morgan,(270) 289-9666,(270) 289-9666,Laura.Morgan378@parkview.com,Tampa,FL,South,South,2022-02-05,,,,,,,,,,,,
CUST02788,Eastview Long-Term Care Facility,Rebecca Campbell,(106) 514-9473,(106) 514-9473,Rebecca.Campbell701@eastview.com,Dallas,TX,Northeast,East,2016-07-05,,,,,,,,,,,,
CUST02789,Northgate Community Clinic,Jennifer Bailey,7710302759,(771) 030-2759,Jennifer.Bailey943@northgate.com,Minneapolis,MN,North,North,2024-02-14,,,,,,,,,,,,
CUST02790,Cornerstone Health System,Kimberly Reed,(793) 584-3423,(793) 584-3423,Kimberly.Reed284@cornerstone.com,Hartford,CT,East,East,2017-06-24,,,,,,,,,,,,
CUST02791,Maple Hospital,Rachel Wright,(860) 620-9818,(860) 620-9818,Rachel.Wright49@maple.com,Tampa,FL,South,South,2024-08-26,,,,,,,,,,,,
CUST02792,Beacon Health System,Donald Wright,414 050 8501,(414) 050-8501,Donald.Wright491@beacon.com,Fargo,ND,North,North,2024-02-11,,,,,,,,,,,,
CUST02793,Valley Urgent Care Clinic,Mark Kelly,412 264 7254,(412) 264-7254,Mark.Kelly758@valley.com,Seattle,WA,West,West,2013-12-31,,,,,,,,,,,,
CUST02794,Union Urgent Care Clinic,Benjamin Scott,604 240 8174,(604) 240-8174,Benjamin.Scott142@union.com,New Orleans,LA,South,South,2018-03-29,,,,,,,,,,,,
CUST02795,Southport Community Clinic,Nancy Martin,(276) 820-9188,(276) 820-9188,Nancy.Martin315@southport.com,Denver,CO,West,West,2018-08-14,,,,,,,,,,,,
CUST02796,Maple Medical Center,Mary Cox,809 702 0979,(809) 702-0979,Mary.Cox446@maple.com,Newark,NJ,East,East,2015-07-16,,,,,,,,,,,,
CUST02797,Maple Urgent Care Clinic,Scott Stewart,5331702533,(533) 170-2533,Scott.Stewart2@maple.com,Hartford,CT,Southeast,South,2021-12-02,,,,,,,,,,,,
CUST02798,Lakeside Medical Center,John Anderson,758-725-3717,(758) 725-3717,John.Anderson332@lakeside.com,Newark,NJ,East,East,2015-03-03,,,,,,,,,,,,
CUST02799,Southport Hospital,William Gonzalez,256-964-7413,(256) 964-7413,William.Gonzalez366@southport.com,Minneapolis,MN,North,North,2012-01-20,,,,,,,,,,,,
CUST02800,Trinity Health System,Robert Ramos,842-266-3154,(842) 266-3154,Robert.Ramos902@trinity.com,New Orleans,LA,South,South,2023-10-17,,,,,,,,,,,,
CUST02801,Northgate Pharmacy,Sharon Sanchez,565.366.7136,(565) 366-7136,Sharon.Sanchez337@northgate.com,Hartford,CT,Northeast,East,2011-11-15,,,,,,,,,,,,
CUST02802,Westfield Community Clinic,Brandon Reed,2325348529,(232) 534-8529,Brandon.Reed217@westfield.com,Newark,NJ,East,East,2015-09-26,,,,,,,,,,,,
CUST02803,Trinity Health System,James Parker,833.521.9706,(833) 521-9706,James.Parker296@trinity.com,Boston,MA,East,East,2011-12-25,,,,,,,,,,,,
CUST02804,Northgate Hospital,Rebecca Sanchez,(244) 783-0750,(244) 783-0750,Rebecca.Sanchez146@northgate.com,Fargo,ND,North,North,2021-02-27,,,,,,,,,,,,
CUST02805,Riverside Community Clinic,Nancy Reyes,410.526.9636,(410) 526-9636,Nancy.Reyes955@riverside.com,Tampa,FL,South,South,2013-06-05,,,,,,,,,,,,
CUST02806,Cedar Community Clinic,Amy Flores,4543676879,(454) 367-6879,Amy.Flores400@cedar.com,Birmingham,AL,South,South,2020-10-01,,,,,,,,,,,,
CUST02807,Valley Community Clinic,Patrick Peterson,301 333 2798,(301) 333-2798,Patrick.Peterson972@valley.com,Denver,CO,West,West,2013-01-09,,,,,,,,,,,,
CUST02808,Maple Long-Term Care Facility,Richard Cooper,(671) 996-1494,(671) 996-1494,Richard.Cooper361@maple.com,Sacramento,CA,West,West,2012-09-06,,,,,,,,,,,,
CUST02809,Parkview Urgent Care Clinic,Shirley White,6038495260,(603) 849-5260,Shirley.White861@parkview.com,Boston,MA,East,East,2013-07-15,,,,,,,,,,,,
CUST02810,Parkview Health System,Catherine Baker,096-615-9293,(096) 615-9293,Catherine.Baker977@parkview.com,Boston,MA,Northeast,East,2020-02-19,,,,,,,,,,,,
CUST02811,Beacon Health System,Lisa Miller,(069) 030-3471,(069) 030-3471,Lisa.Miller141@beacon.com,Billings,MT,North,North,2020-07-07,,,,,,,,,,,,
CUST02812,Riverside Hospital,Betty Garcia,595-129-2072,(595) 129-2072,Betty.Garcia809@riverside.com,Atlanta,GA,South,South,2014-08-04,,,,,,,,,,,,
CUST02813,Mercy Hospital,Jacob Young,895 111 3997,(895) 111-3997,Jacob.Young555@mercy.com,Atlanta,GA,South,South,2024-11-01,,,,,,,,,,,,
CUST02814,Beacon Medical Center,Thomas Ramos,767-823-6084,(767) 823-6084,Thomas.Ramos789@beacon.com,Birmingham,AL,South,South,2018-08-06,,,,,,,,,,,,
CUST02815,Trinity Long-Term Care Facility,Timothy Ortiz,(486) 574-3062,(486) 574-3062,Timothy.Ortiz67@trinity.com,Albany,NY,East,East,2016-12-09,,,,,,,,,,,,
CUST02816,Heritage Community Clinic,Anthony Johnson,(198) 720-2981,(198) 720-2981,Anthony.Johnson778@heritage.com,Hartford,CT,East,East,2010-02-08,,,,,,,,,,,,
CUST02817,Eastview Health System,Robert Baker,419-811-7963,(419) 811-7963,Robert.Baker2@eastview.com,Atlanta,GA,South,South,2020-03-12,,,,,,,,,,,,
CUST02818,Eastview Long-Term Care Facility,Raymond Gutierrez,432-719-2980,(432) 719-2980,Raymond.Gutierrez288@eastview.com,Albany,NY,East,East,2024-07-29,,,,,,,,,,,,
CUST02819,Maple Urgent Care Clinic,Christine Diaz,936 240 8851,(936) 240-8851,Christine.Diaz239@maple.com,Sacramento,CA,West,West,2012-12-23,,,,,,,,,,,,
CUST02820,Crossroads Hospital,Catherine Nelson,5741037622,(574) 103-7622,Catherine.Nelson616@crossroads.com,Milwaukee,WI,North,North,2016-01-03,,,,,,,,,,,,
CUST02821,Union Pharmacy,Jessica Evans,(838) 516-3578,(838) 516-3578,Jessica.Evans290@union.com,Tampa,FL,South,South,2016-03-27,,,,,,,,,,,,
CUST02822,Trinity Community Clinic,Richard Baker,713 290 1029,(713) 290-1029,Richard.Baker534@trinity.com,Denver,CO,West,West,2017-08-24,,,,,,,,,,,,
CUST02823,Maple Community Clinic,Amanda Ramos,110-146-0235,(110) 146-0235,Amanda.Ramos995@maple.com,Billings,MT,North,North,2018-11-28,,,,,,,,,,,,
CUST02824,Valley Health System,Timothy Gomez,0812356316,(081) 235-6316,Timothy.Gomez51@valley.com,Minneapolis,MN,North,North,2013-03-16,,,,,,,,,,,,
CUST02825,Maple Medical Center,Brandon Sanchez,(788) 847-8718,(788) 847-8718,Brandon.Sanchez865@maple.com,Denver,CO,West,West,2021-12-05,,,,,,,,,,,,
CUST02826,Westfield Hospital,Nancy Gonzalez,(510) 473-0802,(510) 473-0802,Nancy.Gonzalez221@westfield.com,Phoenix,AZ,West,West,2012-07-20,,,,,,,,,,,,
CUST02827,Cedar Community Clinic,Benjamin Ramos,(143) 044-4697,(143) 044-4697,Benjamin.Ramos304@cedar.com,Hartford,CT,East,East,2013-04-16,,,,,,,,,,,,
CUST02828,Union Long-Term Care Facility,George Smith,001.976.8933,(001) 976-8933,George.Smith63@union.com,Seattle,WA,West,West,2015-10-18,,,,,,,,,,,,
CUST02829,Beacon Pharmacy,Carolyn Wilson,3030766170,(303) 076-6170,Carolyn.Wilson398@beacon.com,Albany,NY,East,East,2019-01-06,,,,,,,,,,,,
CUST02830,Eastview Health System,Shirley Wilson,(820) 987-2848,(820) 987-2848,Shirley.Wilson548@eastview.com,Portland,OR,West,West,2018-09-24,,,,,,,,,,,,
CUST02831,Grace Health System,David Lewis,440-557-2477,(440) 557-2477,David.Lewis800@grace.com,Atlanta,GA,South,South,2022-10-20,,,,,,,,,,,,
CUST02832,Northgate Medical Center,Samantha Brown,(160) 494-1723,(160) 494-1723,Samantha.Brown65@northgate.com,Seattle,WA,Midwest,North,2019-11-05,,,,,,,,,,,,
CUST02833,Grace Pharmacy,Steven Miller,(372) 185-8935,(372) 185-8935,Steven.Miller827@grace.com,Denver,CO,West,West,2016-11-01,,,,,,,,,,,,
CUST02834,Lakeside Medical Center,Sharon Collins,6565641656,(656) 564-1656,Sharon.Collins98@lakeside.com,Boston,MA,Northeast,East,2017-07-08,,,,,,,,,,,,
CUST02835,Maple Medical Center,Edward Morales,(701) 805-8935,(701) 805-8935,Edward.Morales647@maple.com,Minneapolis,MN,North,North,2023-03-24,,,,,,,,,,,,
CUST02836,Valley Long-Term Care Facility,Helen Rogers,525.761.5033,(525) 761-5033,Helen.Rogers662@valley.com,Seattle,WA,West,West,2015-10-16,,,,,,,,,,,,
CUST02837,Lakeside Health System,Angela Cooper,830 434 2299,(830) 434-2299,Angela.Cooper383@lakeside.com,Sacramento,CA,West,West,2014-11-12,,,,,,,,,,,,
CUST02838,Maple Hospital,Ashley Morales,(398) 930-9040,(398) 930-9040,Ashley.Morales955@maple.com,Minneapolis,MN,North,North,2019-06-06,,,,,,,,,,,,
CUST02839,Heritage Urgent Care Clinic,Stephen Morales,0140565025,(014) 056-5025,Stephen.Morales39@heritage.com,Hartford,CT,East,East,2023-05-30,,,,,,,,,,,,
CUST02840,Beacon Pharmacy,Emma Anderson,(799) 046-3691,(799) 046-3691,Emma.Anderson529@beacon.com,Hartford,CT,Midwest,North,2014-04-30,,,,,,,,,,,,
CUST02841,Crossroads Long-Term Care Facility,Jeffrey Stewart,8362696163,(836) 269-6163,Jeffrey.Stewart907@crossroads.com,Portland,OR,West,West,2011-06-29,,,,,,,,,,,,
CUST02842,Parkview Medical Center,Brenda Cooper,9426915489,(942) 691-5489,Brenda.Cooper747@parkview.com,Newark,NJ,East,East,2011-12-22,,,,,,,,,,,,
CUST02843,Eastview Community Clinic,Carol Parker,(277) 050-8755,(277) 050-8755,Carol.Parker167@eastview.com,Milwaukee,WI,North,North,2015-12-16,,,,,,,,,,,,
CUST02844,Heritage Urgent Care Clinic,Joseph Kelly,(886) 789-5013,(886) 789-5013,Joseph.Kelly206@heritage.com,Billings,MT,North,North,2021-10-15,,,,,,,,,,,,
CUST02845,Lakeside Medical Center,Stephen Thompson,142-013-4984,(142) 013-4984,Stephen.Thompson559@lakeside.com,Portland,OR,West,West,2024-11-20,,,,,,,,,,,,
CUST02846,Cedar Long-Term Care Facility,Gregory Lee,2478635723,(247) 863-5723,Gregory.Lee494@cedar.com,Albany,NY,East,East,2015-02-05,,,,,,,,,,,,
CUST02847,Lakeside Hospital,Donna Kim,446.843.2109,(446) 843-2109,Donna.Kim397@lakeside.com,Milwaukee,WI,North,North,2022-08-10,,,,,,,,,,,,
CUST02848,Maple Medical Center,Katherine Cook,307 909 9199,(307) 909-9199,Katherine.Cook866@maple.com,Phoenix,AZ,West,West,2016-04-03,,,,,,,,,,,,
CUST02849,Parkview Medical Center,Amy Gomez,995.110.3562,(995) 110-3562,Amy.Gomez137@parkview.com,Sacramento,CA,West,West,2011-07-19,,,,,,,,,,,,
CUST02850,Beacon Pharmacy,Elizabeth Hall,579.550.0044,(579) 550-0044,Elizabeth.Hall437@beacon.com,Milwaukee,WI,North,North,2018-07-29,,,,,,,,,,,,
CUST02851,Southport Community Clinic,Brenda Reed,275.622.0217,(275) 622-0217,Brenda.Reed184@southport.com,Fargo,ND,North,North,2022-08-04,,,,,,,,,,,,
CUST02852,Cornerstone Hospital,Catherine Scott,013-760-7203,(013) 760-7203,Catherine.Scott532@cornerstone.com,Fargo,ND,North,North,2023-08-20,,,,,,,,,,,,
CUST02853,Summit Hospital,Anthony White,756.779.4668,(756) 779-4668,Anthony.White284@summit.com,Birmingham,AL,South,South,2012-08-14,,,,,,,,,,,,
CUST02854,Westfield Long-Term Care Facility,Brian Ortiz,8988077574,(898) 807-7574,Brian.Ortiz347@westfield.com,Newark,NJ,East,East,2019-11-06,,,,,,,,,,,,
CUST02855,Mercy Health System,Thomas Ward,924 279 3468,(924) 279-3468,Thomas.Ward685@mercy.com,Portland,OR,West,West,2022-07-20,,,,,,,,,,,,
CUST02856,Cedar Urgent Care Clinic,Donald King,8735118778,(873) 511-8778,Donald.King643@cedar.com,Portland,OR,West,West,2011-07-11,,,,,,,,,,,,
CUST02857,Westfield Urgent Care Clinic,Jeffrey Thompson,(763) 971-0318,(763) 971-0318,Jeffrey.Thompson510@westfield.com,Phoenix,AZ,West,West,2020-11-29,,,,,,,,,,,,
CUST02858,Cornerstone Long-Term Care Facility,Carol Stewart,888 674 2050,(888) 674-2050,Carol.Stewart548@cornerstone.com,Sacramento,CA,West,West,2016-08-22,,,,,,,,,,,,
CUST02859,Valley Medical Center,Thomas Rodriguez,(465) 186-5153,(465) 186-5153,Thomas.Rodriguez301@valley.com,Dallas,TX,South,South,2011-08-11,,,,,,,,,,,,
CUST02860,Southport Community Clinic,Jason Miller,7908686514,(790) 868-6514,Jason.Miller803@southport.com,New Orleans,LA,South,South,2012-04-19,,,,,,,,,,,,
CUST02861,Riverside Medical Center,Jack Moore,(670) 155-2264,(670) 155-2264,Jack.Moore270@riverside.com,Hartford,CT,East,East,2018-08-27,,,,,,,,,,,,
CUST02862,Union Urgent Care Clinic,Lisa Lee,(787) 351-6832,(787) 351-6832,Lisa.Lee818@union.com,New Orleans,LA,South,South,2020-05-21,,,,,,,,,,,,
CUST02863,Maple Community Clinic,Jonathan Allen,800 214 9800,(800) 214-9800,Jonathan.Allen454@maple.com,Milwaukee,WI,North,North,2017-01-24,,,,,,,,,,,,
CUST02864,Union Long-Term Care Facility,Gregory Rodriguez,343-282-3913,(343) 282-3913,Gregory.Rodriguez563@union.com,Boston,MA,East,East,2024-03-26,,,,,,,,,,,,
CUST02865,Trinity Hospital,Scott Gutierrez,4983598084,(498) 359-8084,Scott.Gutierrez833@trinity.com,Denver,CO,West,West,2021-02-25,,,,,,,,,,,,
CUST02866,Summit Hospital,Ronald Ward,562.713.7024,(562) 713-7024,Ronald.Ward538@summit.com,Portland,OR,West,West,2016-03-16,,,,,,,,,,,,
CUST02867,Cornerstone Urgent Care Clinic,Rebecca Nelson,094.783.0626,(094) 783-0626,Rebecca.Nelson515@cornerstone.com,Billings,MT,Southeast,South,2021-12-06,,,,,,,,,,,,
CUST02868,Cornerstone Health System,Daniel Collins,(446) 312-8420,(446) 312-8420,Daniel.Collins314@cornerstone.com,Seattle,WA,West,West,2023-02-21,,,,,,,,,,,,
CUST02869,Cornerstone Hospital,David Clark,122.021.5128,(122) 021-5128,David.Clark393@cornerstone.com,Billings,MT,North,North,2021-06-06,,,,,,,,,,,,
CUST02870,Lakeside Urgent Care Clinic,Deborah Martinez,6523700877,(652) 370-0877,Deborah.Martinez630@lakeside.com,Philadelphia,PA,East,East,2011-03-18,,,,,,,,,,,,
CUST02871,Lakeside Long-Term Care Facility,Kathleen Allen,6073478432,(607) 347-8432,Kathleen.Allen902@lakeside.com,Atlanta,GA,South,South,2021-12-06,,,,,,,,,,,,
CUST02872,Trinity Urgent Care Clinic,Donald Davis,3233854376,(323) 385-4376,Donald.Davis765@trinity.com,Newark,NJ,Northeast,East,2017-12-22,,,,,,,,,,,,
CUST02873,Union Health System,Sarah Hernandez,(459) 968-2243,(459) 968-2243,Sarah.Hernandez153@union.com,Dallas,TX,South,South,2017-12-24,,,,,,,,,,,,
CUST02874,Crossroads Urgent Care Clinic,Gregory Evans,(307) 814-1257,(307) 814-1257,Gregory.Evans462@crossroads.com,New Orleans,LA,South,South,2011-04-25,,,,,,,,,,,,
CUST02875,Hilltop Medical Center,Alexander Turner,547.597.1131,(547) 597-1131,Alexander.Turner820@hilltop.com,Tampa,FL,South,South,2021-10-22,,,,,,,,,,,,
CUST02876,Hilltop Long-Term Care Facility,Edward Ortiz,242.645.9639,(242) 645-9639,Edward.Ortiz294@hilltop.com,Dallas,TX,South,South,2018-04-29,,,,,,,,,,,,
CUST02877,Northgate Health System,Lisa Stewart,035 858 7263,(035) 858-7263,Lisa.Stewart359@northgate.com,Minneapolis,MN,North,North,2010-10-10,,,,,,,,,,,,
CUST02878,Valley Long-Term Care Facility,Stephen Brown,(642) 102-3872,(642) 102-3872,Stephen.Brown501@valley.com,Sacramento,CA,West,West,2015-08-06,,,,,,,,,,,,
CUST02879,Trinity Medical Center,Benjamin Wright,069 599 0196,(069) 599-0196,Benjamin.Wright226@trinity.com,Hartford,CT,East,East,2024-11-06,,,,,,,,,,,,
CUST02880,Southport Community Clinic,Jennifer Smith,950 211 1870,(950) 211-1870,Jennifer.Smith42@southport.com,Boston,MA,East,East,2022-01-21,,,,,,,,,,,,
CUST02881,Summit Long-Term Care Facility,Michael Ortiz,5322089395,(532) 208-9395,Michael.Ortiz585@summit.com,Atlanta,GA,South,South,2021-11-07,,,,,,,,,,,,
CUST02882,Westfield Pharmacy,Brandon Gonzalez,(101) 478-2475,(101) 478-2475,Brandon.Gonzalez788@westfield.com,Phoenix,AZ,Southeast,South,2012-09-24,,,,,,,,,,,,
CUST02883,Northgate Medical Center,Betty Thomas,0688857602,(068) 885-7602,Betty.Thomas435@northgate.com,Sioux Falls,SD,North,North,2010-06-12,,,,,,,,,,,,
CUST02884,Mercy Hospital,Gregory Diaz,(506) 327-0524,(506) 327-0524,Gregory.Diaz624@mercy.com,Milwaukee,WI,North,North,2015-10-08,,,,,,,,,,,,
CUST02885,Union Long-Term Care Facility,Nicholas Flores,667 646 9142,(667) 646-9142,Nicholas.Flores9@union.com,Portland,OR,West,West,2010-05-23,,,,,,,,,,,,
CUST02886,Riverside Pharmacy,Nicholas Thompson,743-784-7107,(743) 784-7107,Nicholas.Thompson196@riverside.com,Milwaukee,WI,North,North,2014-01-18,,,,,,,,,,,,
CUST02887,Union Hospital,Jacob Murphy,(223) 345-0154,(223) 345-0154,Jacob.Murphy415@union.com,Atlanta,GA,South,South,2018-04-12,,,,,,,,,,,,
CUST02888,Heritage Medical Center,Catherine Wright,000 591 1862,(000) 591-1862,Catherine.Wright512@heritage.com,Phoenix,AZ,Midwest,North,2023-08-24,,,,,,,,,,,,
CUST02889,Southport Long-Term Care Facility,Kenneth Hall,(891) 402-6963,(891) 402-6963,Kenneth.Hall649@southport.com,Atlanta,GA,South,South,2017-11-15,,,,,,,,,,,,
CUST02890,Crossroads Community Clinic,Patrick Peterson,575 751 3183,(575) 751-3183,Patrick.Peterson140@crossroads.com,Minneapolis,MN,North,North,2014-04-27,,,,,,,,,,,,
CUST02891,Lakeside Medical Center,Frank Hill,850 138 1385,(850) 138-1385,Frank.Hill874@lakeside.com,Philadelphia,PA,East,East,2012-06-13,,,,,,,,,,,,
CUST02892,Westfield Health System,Gregory Jones,6457017733,(645) 701-7733,Gregory.Jones69@westfield.com,New Orleans,LA,South,South,2011-01-22,,,,,,,,,,,,
CUST02893,Mercy Medical Center,Stephanie Perez,971-279-3108,(971) 279-3108,Stephanie.Perez663@mercy.com,Birmingham,AL,Southeast,South,2024-07-14,,,,,,,,,,,,
CUST02894,Parkview Medical Center,Stephanie Johnson,(999) 060-4186,(999) 060-4186,Stephanie.Johnson626@parkview.com,Boston,MA,East,East,2018-01-23,,,,,,,,,,,,
CUST02895,Grace Medical Center,Joshua Lewis,8289210758,(828) 921-0758,Joshua.Lewis370@grace.com,Minneapolis,MN,North,North,2022-08-10,,,,,,,,,,,,
CUST02896,Southport Long-Term Care Facility,Justin Gonzalez,3363149289,(336) 314-9289,Justin.Gonzalez529@southport.com,Billings,MT,North,North,2019-01-25,,,,,,,,,,,,
CUST02897,Hilltop Pharmacy,Larry Kelly,3454964220,(345) 496-4220,Larry.Kelly681@hilltop.com,Boston,MA,East,East,2013-06-08,,,,,,,,,,,,
CUST02898,Union Urgent Care Clinic,Patrick Garcia,(808) 756-3449,(808) 756-3449,Patrick.Garcia520@union.com,Dallas,TX,Southeast,South,2021-08-12,,,,,,,,,,,,
CUST02899,Southport Urgent Care Clinic,Michael Murphy,319.272.7783,(319) 272-7783,Michael.Murphy597@southport.com,Hartford,CT,East,East,2024-01-18,,,,,,,,,,,,
CUST02900,Northgate Long-Term Care Facility,Jennifer Thompson,167.177.1103,(167) 177-1103,Jennifer.Thompson55@northgate.com,New Orleans,LA,Midwest,North,2021-01-08,,,,,,,,,,,,
CUST02901,Southport Long-Term Care Facility,Robert Davis,(574) 179-1848,(574) 179-1848,Robert.Davis29@southport.com,Sacramento,CA,West,West,2010-05-06,,,,,,,,,,,,
CUST02902,Cedar Long-Term Care Facility,Ashley Kelly,214 890 4011,(214) 890-4011,Ashley.Kelly166@cedar.com,Atlanta,GA,Midwest,North,2012-06-11,,,,,,,,,,,,
CUST02903,Heritage Urgent Care Clinic,Eric Flores,(724) 437-6456,(724) 437-6456,Eric.Flores437@heritage.com,Billings,MT,North,North,2022-07-31,,,,,,,,,,,,
CUST02904,Maple Health System,Donna Rogers,(336) 597-4709,(336) 597-4709,Donna.Rogers473@maple.com,Hartford,CT,East,East,2012-08-30,,,,,,,,,,,,
CUST02905,Valley Health System,Justin Carter,382 656 1978,(382) 656-1978,Justin.Carter557@valley.com,Billings,MT,North,North,2011-08-01,,,,,,,,,,,,
CUST02906,Grace Hospital,Edward Carter,916 992 7708,(916) 992-7708,Edward.Carter364@grace.com,Phoenix,AZ,West,West,2020-03-24,,,,,,,,,,,,
CUST02907,Westfield Long-Term Care Facility,Jennifer Reyes,(775) 977-6738,(775) 977-6738,Jennifer.Reyes326@westfield.com,Portland,OR,West,West,2010-10-06,,,,,,,,,,,,
CUST02908,Trinity Community Clinic,Patrick Thompson,373 393 4741,(373) 393-4741,Patrick.Thompson445@trinity.com,Atlanta,GA,South,South,2021-03-09,,,,,,,,,,,,
CUST02909,Crossroads Health System,Anthony Moore,7385460521,(738) 546-0521,Anthony.Moore69@crossroads.com,Portland,OR,West,West,2015-07-30,,,,,,,,,,,,
CUST02910,Riverside Hospital,Angela Gomez,892.880.2295,(892) 880-2295,Angela.Gomez634@riverside.com,Hartford,CT,East,East,2014-11-21,,,,,,,,,,,,
CUST02911,Crossroads Pharmacy,Gregory Hernandez,079 919 0623,(079) 919-0623,Gregory.Hernandez355@crossroads.com,Birmingham,AL,South,South,2016-04-29,,,,,,,,,,,,
CUST02912,Westfield Hospital,Jeffrey Lee,470 848 6711,(470) 848-6711,Jeffrey.Lee301@westfield.com,Hartford,CT,Southeast,South,2023-09-04,,,,,,,,,,,,
CUST02913,Union Health System,Paul Johnson,650-941-6267,(650) 941-6267,Paul.Johnson518@union.com,Seattle,WA,West,West,2023-08-12,,,,,,,,,,,,
CUST02914,Valley Medical Center,Shirley Reyes,(321) 566-7019,(321) 566-7019,Shirley.Reyes122@valley.com,Sacramento,CA,Midwest,North,2020-06-04,,,,,,,,,,,,
CUST02915,Riverside Pharmacy,Daniel Hernandez,992-071-8980,(992) 071-8980,Daniel.Hernandez249@riverside.com,Philadelphia,PA,East,East,2012-05-07,,,,,,,,,,,,
CUST02916,Cornerstone Health System,Steven Lopez,346 117 3417,(346) 117-3417,Steven.Lopez286@cornerstone.com,Sacramento,CA,West,West,2019-02-22,,,,,,,,,,,,
CUST02917,Mercy Long-Term Care Facility,Brian Evans,(233) 559-1649,(233) 559-1649,Brian.Evans416@mercy.com,Philadelphia,PA,East,East,2014-05-04,,,,,,,,,,,,
CUST02918,Northgate Pharmacy,Carol Thompson,648-650-0744,(648) 650-0744,Carol.Thompson921@northgate.com,Seattle,WA,West,West,2017-02-10,,,,,,,,,,,,
CUST02919,Riverside Long-Term Care Facility,Nicholas Gonzalez,3647066967,(364) 706-6967,Nicholas.Gonzalez842@riverside.com,Billings,MT,Southeast,South,2014-08-31,,,,,,,,,,,,
CUST02920,Cedar Urgent Care Clinic,Robert King,(486) 491-5350,(486) 491-5350,Robert.King202@cedar.com,Philadelphia,PA,East,East,2017-11-16,,,,,,,,,,,,
CUST02921,Cedar Community Clinic,Ryan Hernandez,639-294-6513,(639) 294-6513,Ryan.Hernandez51@cedar.com,Albany,NY,East,East,2010-10-10,,,,,,,,,,,,
CUST02922,Beacon Urgent Care Clinic,Samuel Williams,438-470-9819,(438) 470-9819,Samuel.Williams372@beacon.com,Milwaukee,WI,North,North,2011-02-03,,,,,,,,,,,,
CUST02923,Maple Health System,Gary Thomas,236.259.3286,(236) 259-3286,Gary.Thomas114@maple.com,Seattle,WA,West,West,2023-08-17,,,,,,,,,,,,
CUST02924,Westfield Hospital,Samantha Perez,300 623 8183,(300) 623-8183,Samantha.Perez275@westfield.com,Milwaukee,WI,North,North,2018-03-02,,,,,,,,,,,,
CUST02925,Trinity Pharmacy,Brandon Martin,619-607-9117,(619) 607-9117,Brandon.Martin243@trinity.com,Denver,CO,Southeast,South,2015-02-15,,,,,,,,,,,,
CUST02926,Union Community Clinic,Sarah Flores,531 535 6287,(531) 535-6287,Sarah.Flores363@union.com,Milwaukee,WI,North,North,2024-03-19,,,,,,,,,,,,
CUST02927,Eastview Pharmacy,Elizabeth Morgan,477-168-2898,(477) 168-2898,Elizabeth.Morgan667@eastview.com,Billings,MT,North,North,2012-11-19,,,,,,,,,,,,
CUST02928,Westfield Urgent Care Clinic,Samuel Torres,1636297038,(163) 629-7038,Samuel.Torres660@westfield.com,Denver,CO,West,West,2024-10-18,,,,,,,,,,,,
CUST02929,Parkview Community Clinic,Margaret Gomez,232 242 6378,(232) 242-6378,Margaret.Gomez525@parkview.com,Atlanta,GA,South,South,2011-10-06,,,,,,,,,,,,
CUST02930,Union Hospital,Kathleen Torres,287.847.5904,(287) 847-5904,Kathleen.Torres714@union.com,Albany,NY,East,East,2012-01-10,,,,,,,,,,,,
CUST02931,Trinity Medical Center,Margaret Thompson,105.794.0652,(105) 794-0652,Margaret.Thompson593@trinity.com,Newark,NJ,East,East,2015-07-15,,,,,,,,,,,,
CUST02932,Summit Community Clinic,Christine Cox,(834) 519-9550,(834) 519-9550,Christine.Cox461@summit.com,Philadelphia,PA,East,East,2020-10-30,,,,,,,,,,,,
CUST02933,Eastview Urgent Care Clinic,Edward Thompson,157 066 2501,(157) 066-2501,Edward.Thompson192@eastview.com,Seattle,WA,West,West,2010-08-04,,,,,,,,,,,,
CUST02934,Northgate Urgent Care Clinic,Edward Anderson,494-872-4849,(494) 872-4849,Edward.Anderson357@northgate.com,Phoenix,AZ,West,West,2013-11-09,,,,,,,,,,,,
CUST02935,Southport Health System,Scott Cook,(820) 808-2078,(820) 808-2078,Scott.Cook527@southport.com,Fargo,ND,North,North,2014-02-03,,,,,,,,,,,,
CUST02936,Lakeside Hospital,Margaret Miller,(109) 423-5479,(109) 423-5479,Margaret.Miller748@lakeside.com,Tampa,FL,South,South,2013-07-08,,,,,,,,,,,,
CUST02937,Cornerstone Medical Center,Pamela Moore,(902) 510-0227,(902) 510-0227,Pamela.Moore865@cornerstone.com,New Orleans,LA,South,South,2018-02-06,,,,,,,,,,,,
CUST02938,Parkview Long-Term Care Facility,James Reyes,(432) 603-2240,(432) 603-2240,James.Reyes485@parkview.com,Tampa,FL,South,South,2024-05-24,,,,,,,,,,,,
CUST02939,Riverside Pharmacy,Mary Cook,1715068524,(171) 506-8524,Mary.Cook523@riverside.com,Birmingham,AL,South,South,2022-08-10,,,,,,,,,,,,
CUST02940,Cornerstone Long-Term Care Facility,Jennifer Williams,0851512286,(085) 151-2286,Jennifer.Williams987@cornerstone.com,Hartford,CT,East,East,2022-11-04,,,,,,,,,,,,
CUST02941,Beacon Health System,Patrick Morales,(117) 159-0364,(117) 159-0364,Patrick.Morales255@beacon.com,Portland,OR,West,West,2020-07-27,,,,,,,,,,,,
CUST02942,Mercy Hospital,Rachel Cruz,(996) 848-3432,(996) 848-3432,Rachel.Cruz554@mercy.com,Minneapolis,MN,North,North,2024-10-23,,,,,,,,,,,,
CUST02943,Hilltop Medical Center,Debra Murphy,2959957194,(295) 995-7194,Debra.Murphy53@hilltop.com,Fargo,ND,North,North,2010-12-31,,,,,,,,,,,,
CUST02944,Cedar Medical Center,Paul Johnson,336-359-2172,(336) 359-2172,Paul.Johnson981@cedar.com,Minneapolis,MN,North,North,2017-08-04,,,,,,,,,,,,
CUST02945,Cedar Long-Term Care Facility,Joseph Rodriguez,8663143870,(866) 314-3870,Joseph.Rodriguez352@cedar.com,Philadelphia,PA,East,East,2016-10-25,,,,,,,,,,,,
CUST02946,Maple Hospital,Justin Nelson,959 491 9265,(959) 491-9265,Justin.Nelson121@maple.com,Billings,MT,North,North,2020-09-03,,,,,,,,,,,,
CUST02947,Southport Hospital,Barbara Reed,814 313 7400,(814) 313-7400,Barbara.Reed560@southport.com,Phoenix,AZ,West,West,2011-04-21,,,,,,,,,,,,
CUST02948,Maple Pharmacy,Kenneth Hernandez,224 432 6549,(224) 432-6549,Kenneth.Hernandez683@maple.com,Sioux Falls,SD,North,North,2021-07-11,,,,,,,,,,,,
CUST02949,Crossroads Health System,Pamela Garcia,(551) 791-5436,(551) 791-5436,Pamela.Garcia914@crossroads.com,Billings,MT,North,North,2024-05-21,,,,,,,,,,,,
CUST02950,Eastview Hospital,William Jones,(893) 049-4080,(893) 049-4080,William.Jones979@eastview.com,Hartford,CT,East,East,2010-02-17,,,,,,,,,,,,
CUST02951,Cornerstone Medical Center,Stephanie Roberts,198-333-1679,(198) 333-1679,Stephanie.Roberts295@cornerstone.com,Boston,MA,East,East,2010-05-21,,,,,,,,,,,,
CUST02952,Southport Long-Term Care Facility,Timothy Edwards,(599) 906-4081,(599) 906-4081,Timothy.Edwards113@southport.com,Sioux Falls,SD,North,North,2011-04-16,,,,,,,,,,,,
CUST02953,Maple Health System,Angela Nguyen,105 920 8653,(105) 920-8653,Angela.Nguyen594@maple.com,Denver,CO,West,West,2016-02-03,,,,,,,,,,,,
CUST02954,Mercy Urgent Care Clinic,Susan Jackson,(856) 654-9347,(856) 654-9347,Susan.Jackson788@mercy.com,New Orleans,LA,South,South,2019-03-16,,,,,,,,,,,,
CUST02955,Heritage Health System,Gary Ortiz,(863) 201-9703,(863) 201-9703,Gary.Ortiz124@heritage.com,Minneapolis,MN,North,North,2020-05-31,,,,,,,,,,,,
CUST02956,Trinity Community Clinic,Jeffrey Reyes,255 881 1912,(255) 881-1912,Jeffrey.Reyes429@trinity.com,Atlanta,GA,South,South,2012-03-17,,,,,,,,,,,,
CUST02957,Maple Urgent Care Clinic,Sarah Hall,442 467 6004,(442) 467-6004,Sarah.Hall623@maple.com,Sioux Falls,SD,North,North,2019-12-15,,,,,,,,,,,,
CUST02958,Union Medical Center,William Allen,4458479519,(445) 847-9519,William.Allen588@union.com,Sacramento,CA,West,West,2023-10-20,,,,,,,,,,,,
CUST02959,Cedar Pharmacy,Joseph Turner,905-444-9625,(905) 444-9625,Joseph.Turner358@cedar.com,Albany,NY,East,East,2015-07-10,,,,,,,,,,,,
CUST02960,Beacon Health System,Mary Walker,076-667-5244,(076) 667-5244,Mary.Walker107@beacon.com,Seattle,WA,West,West,2017-03-12,,,,,,,,,,,,
CUST02961,Cornerstone Medical Center,Sandra Parker,(581) 124-5077,(581) 124-5077,Sandra.Parker230@cornerstone.com,Sacramento,CA,West,West,2017-05-05,,,,,,,,,,,,
CUST02962,Beacon Pharmacy,Sandra Rivera,922 716 6239,(922) 716-6239,Sandra.Rivera185@beacon.com,Denver,CO,Northeast,East,2019-05-30,,,,,,,,,,,,
CUST02963,Cedar Pharmacy,Christine King,655.813.2613,(655) 813-2613,Christine.King961@cedar.com,Phoenix,AZ,West,West,2013-01-23,,,,,,,,,,,,
CUST02964,Parkview Long-Term Care Facility,Emily Phillips,(823) 320-0253,(823) 320-0253,Emily.Phillips483@parkview.com,Minneapolis,MN,North,North,2016-12-05,,,,,,,,,,,,
CUST02965,Parkview Pharmacy,Sharon Thompson,533.115.6483,(533) 115-6483,Sharon.Thompson974@parkview.com,Billings,MT,North,North,2022-06-18,,,,,,,,,,,,
CUST02966,Union Medical Center,Raymond Ramos,483-364-9215,(483) 364-9215,Raymond.Ramos425@union.com,Dallas,TX,South,South,2015-09-07,,,,,,,,,,,,
CUST02967,Crossroads Urgent Care Clinic,Shirley Garcia,393 032 2168,(393) 032-2168,Shirley.Garcia478@crossroads.com,Sacramento,CA,West,West,2010-01-26,,,,,,,,,,,,
CUST02968,Crossroads Pharmacy,Brenda Harris,(557) 412-5121,(557) 412-5121,Brenda.Harris986@crossroads.com,Dallas,TX,South,South,2014-05-17,,,,,,,,,,,,
CUST02969,Riverside Urgent Care Clinic,Timothy Martin,194 455 7669,(194) 455-7669,Timothy.Martin353@riverside.com,Sioux Falls,SD,North,North,2014-07-10,,,,,,,,,,,,
CUST02970,Parkview Medical Center,Brian Richardson,2034574175,(203) 457-4175,Brian.Richardson739@parkview.com,Minneapolis,MN,North,North,2013-11-15,,,,,,,,,,,,
CUST02971,Riverside Hospital,Catherine Harris,223 716 6433,(223) 716-6433,Catherine.Harris754@riverside.com,Milwaukee,WI,North,North,2017-12-23,,,,,,,,,,,,
CUST02972,Beacon Pharmacy,Patrick Davis,115-292-7099,(115) 292-7099,Patrick.Davis432@beacon.com,Seattle,WA,West,West,2020-07-26,,,,,,,,,,,,
CUST02973,Eastview Medical Center,Rachel King,(117) 310-1091,(117) 310-1091,Rachel.King402@eastview.com,Dallas,TX,South,South,2010-10-21,,,,,,,,,,,,
CUST02974,Union Pharmacy,Melissa Clark,(566) 865-1038,(566) 865-1038,Melissa.Clark484@union.com,Dallas,TX,South,South,2024-03-12,,,,,,,,,,,,
CUST02975,Summit Hospital,Brenda Cooper,(929) 025-3244,(929) 025-3244,Brenda.Cooper888@summit.com,Denver,CO,West,West,2010-07-02,,,,,,,,,,,,
CUST02976,Trinity Medical Center,Steven Diaz,(654) 395-9289,(654) 395-9289,Steven.Diaz242@trinity.com,Portland,OR,West,West,2011-08-21,,,,,,,,,,,,
CUST02977,Westfield Hospital,Jessica Bailey,491 160 8478,(491) 160-8478,Jessica.Bailey162@westfield.com,Newark,NJ,East,East,2013-04-02,,,,,,,,,,,,
CUST02978,Northgate Hospital,Michelle Hill,447 484 8569,(447) 484-8569,Michelle.Hill994@northgate.com,Philadelphia,PA,East,East,2017-05-15,,,,,,,,,,,,
CUST02979,Eastview Pharmacy,Mark Sanchez,(729) 914-2607,(729) 914-2607,Mark.Sanchez809@eastview.com,Dallas,TX,South,South,2022-12-29,,,,,,,,,,,,
CUST02980,Eastview Pharmacy,Jack Jackson,646.123.9554,(646) 123-9554,Laura.Clark188@union.com,New Orleans,LA,South,South,2017-07-07,,,,,,,,,,,,
CUST02981,Cornerstone Community Clinic,Brandon Ward,067-730-9780,(067) 730-9780,Brandon.Ward743@cornerstone.com,Milwaukee,WI,North,North,2014-10-18,,,,,,,,,,,,
CUST02982,Grace Urgent Care Clinic,Rachel Reed,(539) 191-9382,(539) 191-9382,Rachel.Reed843@grace.com,Seattle,WA,Southeast,South,2011-11-18,,,,,,,,,,,,
CUST02983,Northgate Health System,Jessica Hall,(984) 855-0506,(984) 855-0506,Jessica.Hall97@northgate.com,Albany,NY,East,East,2011-12-11,,,,,,,,,,,,
CUST02984,Trinity Urgent Care Clinic,Sandra Cook,566.217.6272,(566) 217-6272,Sandra.Cook849@trinity.com,Birmingham,AL,South,South,2012-10-05,,,,,,,,,,,,
CUST02985,Eastview Urgent Care Clinic,Kimberly Roberts,514.997.5301,(514) 997-5301,Kimberly.Roberts768@eastview.com,Boston,MA,East,East,2014-10-07,,,,,,,,,,,,
CUST02986,Heritage Hospital,Pamela Gonzalez,501.222.1988,(501) 222-1988,Pamela.Gonzalez210@heritage.com,Philadelphia,PA,East,East,2011-10-09,,,,,,,,,,,,
CUST02987,Lakeside Hospital,Jennifer Perez,898 930 9222,(898) 930-9222,Jennifer.Perez735@lakeside.com,Hartford,CT,East,East,2016-12-04,,,,,,,,,,,,
CUST02988,Hilltop Pharmacy,Raymond Evans,9706838282,(970) 683-8282,Raymond.Evans460@hilltop.com,Phoenix,AZ,West,West,2016-06-29,,,,,,,,,,,,
CUST02989,Riverside Pharmacy,Nicole Williams,773.549.6259,(773) 549-6259,Nicole.Williams749@riverside.com,Billings,MT,North,North,2012-08-02,,,,,,,,,,,,
CUST02990,Cedar Hospital,Edward Howard,3012534364,(301) 253-4364,Edward.Howard228@cedar.com,Tampa,FL,South,South,2020-06-06,,,,,,,,,,,,
CUST02991,Trinity Pharmacy,Samantha King,(440) 314-8221,(440) 314-8221,Samantha.King932@trinity.com,Portland,OR,West,West,2017-05-31,,,,,,,,,,,,
CUST02992,Hilltop Long-Term Care Facility,James Martin,555.321.6855,(555) 321-6855,James.Martin397@hilltop.com,Dallas,TX,South,South,2023-05-13,,,,,,,,,,,,
CUST02993,Mercy Urgent Care Clinic,Betty Howard,(360) 722-8849,(360) 722-8849,Betty.Howard154@mercy.com,Fargo,ND,North,North,2021-12-07,,,,,,,,,,,,
CUST02994,Heritage Community Clinic,Catherine Sanchez,801.065.2854,(801) 065-2854,Angela.Thompson337@cornerstone.com,Phoenix,AZ,West,West,2017-01-16,,,,,,,,,,,,
CUST02995,Northgate Hospital,Jennifer Hall,(163) 707-2742,(163) 707-2742,Jennifer.Hall55@northgate.com,Sacramento,CA,West,West,2014-02-09,,,,,,,,,,,,
CUST02996,Beacon Community Clinic,Kimberly Rogers,(799) 397-7881,(799) 397-7881,Kimberly.Rogers379@beacon.com,Albany,NY,East,East,2023-02-20,,,,,,,,,,,,
CUST02997,Mercy Pharmacy,Susan King,2487840414,(248) 784-0414,Susan.King7@mercy.com,Fargo,ND,North,North,2021-06-28,,,,,,,,,,,,
CUST02998,Crossroads Long-Term Care Facility,Betty Collins,515 699 2291,(515) 699-2291,Betty.Collins648@crossroads.com,Phoenix,AZ,West,West,2023-01-23,,,,,,,,,,,,
CUST02999,Cedar Pharmacy,Samuel Kim,0476330994,(047) 633-0994,Samuel.Kim103@cedar.com,Denver,CO,West,West,2016-11-01,,,,,,,,,,,,
CUST03000,Union Pharmacy,Jason Carter,767.741.6537,(767) 741-6537,Jason.Carter782@union.com,New Orleans,LA,South,South,2019-11-20,,,,,,,,,,,,
CUST03001,Union Health System,Nicole Mitchell,164.361.1168,(164) 361-1168,Nicole.Mitchell900@union.com,Seattle,WA,West,West,2013-02-06,,,,,,,,,,,,
CUST03002,Cedar Urgent Care Clinic,Carol Lopez,747-825-6343,(747) 825-6343,Carol.Lopez11@cedar.com,Sacramento,CA,West,West,2012-10-01,,,,,,,,,,,,
CUST03003,Cedar Long-Term Care Facility,Barbara Taylor,(883) 149-1410,(883) 149-1410,Barbara.Taylor47@cedar.com,Milwaukee,WI,North,North,2011-11-01,,,,,,,,,,,,
CUST03004,Parkview Community Clinic,Nicholas Davis,815-796-1942,(815) 796-1942,Nicholas.Davis191@parkview.com,Boston,MA,East,East,2011-07-09,,,,,,,,,,,,
CUST03005,Eastview Hospital,George Edwards,708 070 9278,(708) 070-9278,George.Edwards276@eastview.com,Hartford,CT,East,East,2014-05-01,,,,,,,,,,,,
CUST03006,Westfield Medical Center,Laura Cox,4702691546,(470) 269-1546,Laura.Cox641@westfield.com,Tampa,FL,South,South,2012-12-14,,,,,,,,,,,,
CUST03007,Riverside Long-Term Care Facility,Joshua Scott,223-187-0863,(223) 187-0863,Joshua.Scott359@riverside.com,Seattle,WA,West,West,2015-03-04,,,,,,,,,,,,
CUST03008,Parkview Health System,Joshua Scott,(903) 856-9802,(903) 856-9802,Joshua.Scott2@parkview.com,Albany,NY,East,East,2013-06-12,,,,,,,,,,,,
CUST03009,Crossroads Medical Center,Andrew Collins,684.941.4790,(684) 941-4790,Andrew.Collins335@crossroads.com,Birmingham,AL,South,South,2011-11-03,,,,,,,,,,,,
CUST03010,Southport Urgent Care Clinic,Rachel Thompson,(060) 823-8200,(060) 823-8200,Rachel.Thompson609@southport.com,Denver,CO,West,West,2020-08-07,,,,,,,,,,,,
CUST03011,Riverside Health System,Lisa Perez,824-655-3092,(824) 655-3092,Lisa.Perez124@riverside.com,Phoenix,AZ,West,West,2012-11-12,,,,,,,,,,,,
CUST03012,Heritage Health System,Michelle King,358-322-3272,(358) 322-3272,Michelle.King142@heritage.com,Sioux Falls,SD,North,North,2016-01-04,,,,,,,,,,,,
CUST03013,Grace Pharmacy,Rachel Harris,814-899-4822,(814) 899-4822,Rachel.Harris130@grace.com,Billings,MT,North,North,2013-12-16,,,,,,,,,,,,
CUST03014,Westfield Health System,Donald Robinson,(971) 081-8632,(971) 081-8632,Donald.Robinson457@westfield.com,Phoenix,AZ,Midwest,North,2017-02-18,,,,,,,,,,,,
CUST03015,Valley Community Clinic,Brandon Richardson,(544) 722-7004,(544) 722-7004,Brandon.Richardson505@valley.com,Fargo,ND,North,North,2015-11-28,,,,,,,,,,,,
CUST03016,Eastview Long-Term Care Facility,Margaret Cruz,(973) 037-4850,(973) 037-4850,Margaret.Cruz860@eastview.com,Atlanta,GA,South,South,2016-01-12,,,,,,,,,,,,
CUST03017,Southport Long-Term Care Facility,Debra Carter,060 830 7736,(060) 830-7736,Debra.Carter495@southport.com,Dallas,TX,South,South,2018-02-25,,,,,,,,,,,,
CUST03018,Mercy Health System,John White,(573) 335-3837,(573) 335-3837,John.White253@mercy.com,Phoenix,AZ,West,West,2021-12-24,,,,,,,,,,,,
CUST03019,Cornerstone Community Clinic,Maria Garcia,947-619-2781,(947) 619-2781,Maria.Garcia473@cornerstone.com,Albany,NY,East,East,2023-08-02,,,,,,,,,,,,
CUST03020,Grace Community Clinic,Cynthia Young,(995) 224-2756,(995) 224-2756,Cynthia.Young920@grace.com,Tampa,FL,South,South,2020-01-07,,,,,,,,,,,,
CUST03021,Lakeside Hospital,Amy Young,011.755.5677,(011) 755-5677,Amy.Young378@lakeside.com,Sioux Falls,SD,North,North,2012-07-05,,,,,,,,,,,,
CUST03022,Trinity Pharmacy,Gary Gutierrez,499 890 7167,(499) 890-7167,Gary.Gutierrez918@trinity.com,Portland,OR,West,West,2021-07-22,,,,,,,,,,,,
CUST03023,Southport Pharmacy,Amy Thomas,(923) 008-3341,(923) 008-3341,Amy.Thomas799@southport.com,Milwaukee,WI,North,North,2017-03-07,,,,,,,,,,,,
CUST03024,Union Community Clinic,Jeffrey Lewis,303-803-5431,(303) 803-5431,Jeffrey.Lewis112@union.com,Milwaukee,WI,North,North,2013-05-22,,,,,,,,,,,,
CUST03025,Cornerstone Community Clinic,Kathleen Robinson,(488) 819-8759,(488) 819-8759,Kathleen.Robinson142@cornerstone.com,Albany,NY,East,East,2013-12-24,,,,,,,,,,,,
CUST03026,Cornerstone Community Clinic,Benjamin Jones,(992) 839-8639,(992) 839-8639,Benjamin.Jones430@cornerstone.com,Birmingham,AL,South,South,2014-01-02,,,,,,,,,,,,
CUST03027,Eastview Pharmacy,Ronald Morris,(303) 816-9194,(303) 816-9194,Ronald.Morris41@eastview.com,Phoenix,AZ,West,West,2020-06-28,,,,,,,,,,,,
CUST03028,Grace Community Clinic,Debra Perez,491.185.1015,(491) 185-1015,Debra.Perez451@grace.com,Portland,OR,West,West,2013-12-06,,,,,,,,,,,,
CUST03029,Union Urgent Care Clinic,Thomas Lee,(808) 725-8423,(808) 725-8423,Thomas.Lee657@union.com,Seattle,WA,Northeast,East,2020-08-30,,,,,,,,,,,,
CUST03030,Valley Long-Term Care Facility,Catherine Roberts,(527) 231-1434,(527) 231-1434,Catherine.Roberts393@valley.com,Portland,OR,West,West,2015-03-31,,,,,,,,,,,,
CUST03031,Valley Health System,Emily Evans,597 277 7198,(597) 277-7198,Emily.Evans28@valley.com,Phoenix,AZ,West,West,2017-11-27,,,,,,,,,,,,
CUST03032,Westfield Hospital,Scott Cook,740 968 3486,(740) 968-3486,Scott.Cook502@westfield.com,Portland,OR,West,West,2012-02-08,,,,,,,,,,,,
CUST03033,Westfield Medical Center,Brenda Rodriguez,(917) 736-0539,(917) 736-0539,Brenda.Rodriguez88@westfield.com,Seattle,WA,West,West,2010-04-16,,,,,,,,,,,,
CUST03034,Lakeside Pharmacy,Frank Miller,1826374198,(182) 637-4198,Frank.Miller213@lakeside.com,Phoenix,AZ,West,West,2014-02-11,,,,,,,,,,,,
CUST03035,Union Hospital,Andrew Torres,392 274 4545,(392) 274-4545,Andrew.Torres935@union.com,Billings,MT,Northeast,East,2020-10-25,,,,,,,,,,,,
CUST03036,Parkview Hospital,Stephanie Edwards,(447) 717-4066,(447) 717-4066,Stephanie.Edwards583@parkview.com,Denver,CO,West,West,2022-12-17,,,,,,,,,,,,
CUST03037,Eastview Community Clinic,David Bailey,6137698237,(613) 769-8237,David.Bailey135@eastview.com,Dallas,TX,South,South,2017-02-11,,,,,,,,,,,,
CUST03038,Beacon Community Clinic,Christopher Phillips,(879) 091-2812,(879) 091-2812,Christopher.Phillips223@beacon.com,Dallas,TX,South,South,2017-02-02,,,,,,,,,,,,
CUST03039,Heritage Long-Term Care Facility,Kenneth Turner,102-622-5193,(102) 622-5193,Kenneth.Turner134@heritage.com,Fargo,ND,North,North,2021-05-20,,,,,,,,,,,,
CUST03040,Westfield Long-Term Care Facility,Jennifer King,(282) 840-1252,(282) 840-1252,Jennifer.King252@westfield.com,Newark,NJ,East,East,2014-03-06,,,,,,,,,,,,
CUST03041,Cornerstone Pharmacy,Patricia Harris,124-796-6678,(124) 796-6678,Patricia.Harris995@cornerstone.com,Billings,MT,North,North,2012-03-09,,,,,,,,,,,,
CUST03042,Valley Medical Center,Joshua Wilson,(375) 137-6848,(375) 137-6848,Joshua.Wilson731@valley.com,Albany,NY,East,East,2023-05-11,,,,,,,,,,,,
CUST03043,Grace Community Clinic,Maria Diaz,(184) 519-2084,(184) 519-2084,Maria.Diaz359@grace.com,Denver,CO,West,West,2015-08-08,,,,,,,,,,,,
CUST03044,Crossroads Long-Term Care Facility,Richard Miller,(405) 684-5934,(405) 684-5934,Richard.Miller856@crossroads.com,Albany,NY,East,East,2020-05-11,,,,,,,,,,,,
CUST03045,Valley Urgent Care Clinic,Janet Thomas,225-750-2259,(225) 750-2259,Janet.Thomas678@valley.com,Denver,CO,West,West,2013-07-06,,,,,,,,,,,,
CUST03046,Valley Long-Term Care Facility,Thomas Nelson,(495) 503-0795,(495) 503-0795,Thomas.Nelson258@valley.com,Seattle,WA,West,West,2019-08-07,,,,,,,,,,,,
CUST03047,Parkview Medical Center,Brenda Smith,778-390-7516,(778) 390-7516,Brenda.Smith411@parkview.com,Atlanta,GA,South,South,2019-07-24,,,,,,,,,,,,
CUST03048,Grace Hospital,Joseph Murphy,099 073 7229,(099) 073-7229,Joseph.Murphy400@grace.com,Denver,CO,West,West,2016-02-25,,,,,,,,,,,,
CUST03049,Riverside Health System,Robert Adams,544.029.1956,(544) 029-1956,Robert.Adams766@riverside.com,Birmingham,AL,Midwest,North,2021-09-21,,,,,,,,,,,,
CUST03050,Heritage Urgent Care Clinic,Nicole Robinson,492-283-5602,(492) 283-5602,Nicole.Robinson999@heritage.com,Albany,NY,East,East,2017-12-30,,,,,,,,,,,,
CUST03051,Cedar Pharmacy,Ronald Jones,863.693.8058,(863) 693-8058,Ronald.Jones486@cedar.com,Portland,OR,West,West,2010-02-18,,,,,,,,,,,,
CUST03052,Eastview Community Clinic,Brenda King,(175) 931-7261,(175) 931-7261,Brenda.King335@eastview.com,Tampa,FL,South,South,2018-11-27,,,,,,,,,,,,
CUST03053,Cedar Hospital,George Nelson,6126508899,(612) 650-8899,George.Nelson518@cedar.com,Boston,MA,East,East,2017-03-06,,,,,,,,,,,,
CUST03054,Hilltop Hospital,Stephen Cook,(166) 809-6511,(166) 809-6511,Stephen.Cook567@hilltop.com,Denver,CO,West,West,2019-12-28,,,,,,,,,,,,
CUST03055,Westfield Urgent Care Clinic,Kathleen Williams,177 854 5747,(177) 854-5747,Kathleen.Williams407@westfield.com,Seattle,WA,West,West,2010-11-21,,,,,,,,,,,,
CUST03056,Union Health System,David Martinez,348.564.3275,(348) 564-3275,David.Martinez744@union.com,Hartford,CT,East,East,2017-03-20,,,,,,,,,,,,
CUST03057,Mercy Medical Center,Linda Mitchell,(156) 266-9981,(156) 266-9981,Linda.Mitchell129@mercy.com,Birmingham,AL,South,South,2020-02-09,,,,,,,,,,,,
CUST03058,Cornerstone Long-Term Care Facility,Michelle Reed,463 164 6066,(463) 164-6066,Michelle.Reed798@cornerstone.com,Dallas,TX,Southeast,South,2014-07-05,,,,,,,,,,,,
CUST03059,Valley Long-Term Care Facility,Christine Martin,838-833-3149,(838) 833-3149,Christine.Martin367@valley.com,Birmingham,AL,South,South,2016-05-28,,,,,,,,,,,,
CUST03060,Union Health System,Carolyn Lopez,2066653479,(206) 665-3479,Carolyn.Lopez36@union.com,New Orleans,LA,South,South,2022-09-23,,,,,,,,,,,,
CUST03061,Riverside Pharmacy,Mary Rogers,326-6617,(000) 326-6617,Mary.Rogers735@riverside.com,New Orleans,LA,South,South,2021-06-21,,,,,,,,,,,,
CUST03062,Grace Long-Term Care Facility,Helen Nguyen,916 277 6502,(916) 277-6502,Helen.Nguyen957@grace.com,Philadelphia,PA,East,East,2013-08-18,,,,,,,,,,,,
CUST03063,Lakeside Urgent Care Clinic,Elizabeth Ramos,9153537592,(915) 353-7592,Elizabeth.Ramos476@lakeside.com,Milwaukee,WI,North,North,2018-11-11,,,,,,,,,,,,
CUST03064,Grace Community Clinic,Jeffrey Reyes,(293) 380-1070,(293) 380-1070,Jeffrey.Reyes773@grace.com,Sioux Falls,SD,North,North,2016-08-02,,,,,,,,,,,,
CUST03065,Grace Urgent Care Clinic,Richard Taylor,864-917-5078,(864) 917-5078,Richard.Taylor984@grace.com,Billings,MT,North,North,2014-08-06,,,,,,,,,,,,
CUST03066,Maple Hospital,Susan Hill,762.174.1037,(762) 174-1037,Susan.Hill110@maple.com,Newark,NJ,East,East,2018-07-09,,,,,,,,,,,,
CUST03067,Heritage Urgent Care Clinic,John Lee,9823973278,(982) 397-3278,John.Lee832@heritage.com,Phoenix,AZ,West,West,2021-10-16,,,,,,,,,,,,
CUST03068,Beacon Urgent Care Clinic,Nicole Ramos,550 121 9914,(550) 121-9914,Nicole.Ramos357@beacon.com,Seattle,WA,West,West,2012-11-24,,,,,,,,,,,,
CUST03069,Northgate Urgent Care Clinic,Donna Allen,(19) 654-9705,(019) 654-9705,Donna.Allen370@northgate.com,Hartford,CT,East,East,2024-11-10,,,,,,,,,,,,
CUST03070,Cornerstone Health System,Ashley Diaz,(102) 038-8707,(102) 038-8707,Ashley.Diaz23@cornerstone.com,Fargo,ND,North,North,2016-06-17,,,,,,,,,,,,
CUST03071,Cedar Hospital,Jennifer Davis,(004) 687-9752,(004) 687-9752,Jennifer.Davis539@cedar.com,Dallas,TX,South,South,2016-05-18,,,,,,,,,,,,
CUST03072,Trinity Health System,Andrew Gonzalez,568.622.2905,(568) 622-2905,Andrew.Gonzalez472@trinity.com,Philadelphia,PA,East,East,2011-12-27,,,,,,,,,,,,
CUST03073,Mercy Pharmacy,Eric Murphy,293 690 7064,(293) 690-7064,Eric.Murphy146@mercy.com,Phoenix,AZ,West,West,2015-05-23,,,,,,,,,,,,
CUST03074,Crossroads Urgent Care Clinic,Jennifer Flores,(951) 752-0477,(951) 752-0477,Jennifer.Flores534@crossroads.com,New Orleans,LA,South,South,2014-05-20,,,,,,,,,,,,
CUST03075,Riverside Community Clinic,Sandra Martin,(325) 538-2743,(325) 538-2743,Sandra.Martin714@riverside.com,Phoenix,AZ,West,West,2018-11-08,,,,,,,,,,,,
CUST03076,Valley Long-Term Care Facility,Steven Diaz,4837323014,(483) 732-3014,Steven.Diaz495@valley.com,Tampa,FL,Northeast,East,2018-02-25,,,,,,,,,,,,
CUST03077,Riverside Long-Term Care Facility,Jennifer Thomas,(541) 852-0397,(541) 852-0397,Jennifer.Thomas709@riverside.com,New Orleans,LA,Midwest,North,2010-06-10,,,,,,,,,,,,
CUST03078,Eastview Urgent Care Clinic,Robert Davis,980 993 4096,(980) 993-4096,Robert.Davis747@eastview.com,Atlanta,GA,Northeast,East,2021-11-12,,,,,,,,,,,,
CUST03079,Grace Medical Center,Melissa Reyes,(584) 225-2776,(584) 225-2776,Melissa.Reyes344@grace.com,Hartford,CT,East,East,2018-03-20,,,,,,,,,,,,
CUST03080,Trinity Community Clinic,Thomas Evans,927.750.1932,(927) 750-1932,Thomas.Evans845@trinity.com,Philadelphia,PA,East,East,2019-11-24,,,,,,,,,,,,
CUST03081,Beacon Urgent Care Clinic,Emily Cox,(216) 609-5238,(216) 609-5238,Emily.Cox561@beacon.com,Newark,NJ,East,East,2020-02-05,,,,,,,,,,,,
CUST03082,Westfield Pharmacy,Donna Ramos,(357) 779-3124,(357) 779-3124,Donna.Ramos252@westfield.com,Dallas,TX,South,South,2021-08-09,,,,,,,,,,,,
CUST03083,Northgate Medical Center,Christine Parker,1755337347,(175) 533-7347,Charles.Davis231@parkview.com,Seattle,WA,West,West,2011-05-27,,,,,,,,,,,,
CUST03084,Trinity Long-Term Care Facility,Katherine Peterson,276 546 9915,(276) 546-9915,Katherine.Peterson584@trinity.com,Hartford,CT,East,East,2020-12-22,,,,,,,,,,,,
CUST03085,Riverside Hospital,Kathleen Evans,(581) 442-9836,(581) 442-9836,Kathleen.Evans118@riverside.com,Birmingham,AL,South,South,2023-12-31,,,,,,,,,,,,
CUST03086,Parkview Pharmacy,Brenda Thomas,115 551 0749,(115) 551-0749,Brenda.Thomas576@parkview.com,Albany,NY,East,East,2021-09-09,,,,,,,,,,,,
CUST03087,Beacon Medical Center,Mary Hernandez,8901718729,(890) 171-8729,Mary.Hernandez747@beacon.com,Sacramento,CA,Midwest,North,2014-03-05,,,,,,,,,,,,
CUST03088,Crossroads Medical Center,Samantha Morris,6242060511,(624) 206-0511,Samantha.Morris428@crossroads.com,Dallas,TX,South,South,2023-09-07,,,,,,,,,,,,
CUST03089,Union Pharmacy,James Taylor,268 219 4719,(268) 219-4719,James.Taylor683@union.com,Newark,NJ,East,East,2015-07-19,,,,,,,,,,,,
CUST03090,Hilltop Hospital,John Sanchez,732-575-9212,(732) 575-9212,John.Sanchez882@hilltop.com,Minneapolis,MN,North,North,2016-09-17,,,,,,,,,,,,
CUST03091,Beacon Health System,Elizabeth Ortiz,(431) 721-0463,(431) 721-0463,Elizabeth.Ortiz709@beacon.com,Fargo,ND,North,North,2018-08-31,,,,,,,,,,,,
CUST03092,Parkview Long-Term Care Facility,Susan Peterson,783-505-4459,(783) 505-4459,Susan.Peterson110@parkview.com,Minneapolis,MN,North,North,2014-12-27,,,,,,,,,,,,
CUST03093,Summit Pharmacy,Emily Smith,099.734.1350,(099) 734-1350,Emily.Smith461@summit.com,Philadelphia,PA,East,East,2019-03-28,,,,,,,,,,,,
CUST03094,Hilltop Urgent Care Clinic,Kevin Robinson,629.436.8131,(629) 436-8131,Kevin.Robinson772@hilltop.com,Billings,MT,North,North,2023-10-23,,,,,,,,,,,,
CUST03095,Heritage Urgent Care Clinic,Daniel Taylor,(078) 458-4584,(078) 458-4584,Daniel.Taylor166@heritage.com,Sioux Falls,SD,North,North,2019-12-13,,,,,,,,,,,,
CUST03096,Hilltop Community Clinic,Catherine Torres,806-672-5279,(806) 672-5279,Catherine.Torres261@hilltop.com,Sacramento,CA,West,West,2016-01-30,,,,,,,,,,,,
CUST03097,Maple Urgent Care Clinic,Betty Morales,421.083.0634,(421) 083-0634,Betty.Morales106@maple.com,Sioux Falls,SD,North,North,2010-06-08,,,,,,,,,,,,
CUST03098,Crossroads Community Clinic,Thomas Flores,5423735349,(542) 373-5349,Thomas.Flores535@crossroads.com,Newark,NJ,East,East,2019-05-29,,,,,,,,,,,,
CUST03099,Beacon Health System,Justin Smith,535 022 7746,(535) 022-7746,Justin.Smith198@beacon.com,Atlanta,GA,South,South,2015-02-28,,,,,,,,,,,,
CUST03100,Eastview Health System,Rachel Lee,(705) 877-5222,(705) 877-5222,Rachel.Lee741@eastview.com,Sacramento,CA,West,West,2011-01-05,,,,,,,,,,,,
CUST03101,Westfield Pharmacy,Anthony Rivera,420.338.7384,(420) 338-7384,Anthony.Rivera856@westfield.com,Milwaukee,WI,North,North,2010-09-27,,,,,,,,,,,,
CUST03102,Lakeside Long-Term Care Facility,Amanda Cook,6383666943,(638) 366-6943,Amanda.Cook385@lakeside.com,Dallas,TX,South,South,2023-12-21,,,,,,,,,,,,
CUST03103,Beacon Urgent Care Clinic,Stephanie Murphy,(851) 344-5532,(851) 344-5532,Stephanie.Murphy510@beacon.com,Billings,MT,North,North,2014-04-05,,,,,,,,,,,,
CUST03104,Union Medical Center,Joshua White,188-861-6663,(188) 861-6663,Joshua.White812@union.com,Newark,NJ,East,East,2021-06-27,,,,,,,,,,,,
CUST03105,Lakeside Long-Term Care Facility,Kimberly Kelly,168 249 7705,(168) 249-7705,Kimberly.Kelly117@lakeside.com,Minneapolis,MN,North,North,2011-08-02,,,,,,,,,,,,
CUST03106,Eastview Community Clinic,Ryan Rivera,(476) 512-6749,(476) 512-6749,Ryan.Rivera823@eastview.com,Sioux Falls,SD,North,North,2015-01-23,,,,,,,,,,,,
CUST03107,Maple Urgent Care Clinic,Susan Nelson,562.933.4956,(562) 933-4956,Susan.Nelson710@maple.com,New Orleans,LA,South,South,2021-12-06,,,,,,,,,,,,
CUST03108,Summit Hospital,Laura Hernandez,476 059 6765,(476) 059-6765,Laura.Hernandez172@summit.com,Dallas,TX,South,South,2016-02-16,,,,,,,,,,,,
CUST03109,Heritage Health System,Nicole Martin,(441) 467-9693,(441) 467-9693,Nicole.Martin381@heritage.com,Atlanta,GA,South,South,2013-09-13,,,,,,,,,,,,
CUST03110,Beacon Long-Term Care Facility,David Gomez,373 529 0831,(373) 529-0831,David.Gomez705@beacon.com,Fargo,ND,North,North,2024-10-15,,,,,,,,,,,,
CUST03111,Trinity Health System,Jonathan Lopez,(478) 687-3207,(478) 687-3207,Jonathan.Lopez100@trinity.com,Portland,OR,West,West,2019-01-22,,,,,,,,,,,,
CUST03112,Eastview Health System,Patrick Kelly,269-718-7015,(269) 718-7015,Patrick.Kelly570@eastview.com,Albany,NY,East,East,2020-05-15,,,,,,,,,,,,
CUST03113,Riverside Urgent Care Clinic,Nancy Roberts,999.498.5117,(999) 498-5117,Nancy.Roberts82@riverside.com,Philadelphia,PA,Northeast,East,2016-12-26,,,,,,,,,,,,
CUST03114,Summit Hospital,Joseph Miller,(122) 858-9370,(122) 858-9370,Joseph.Miller762@summit.com,Portland,OR,Southeast,South,2015-04-17,,,,,,,,,,,,
CUST03115,Parkview Urgent Care Clinic,Jessica Martin,(891) 004-9246,(891) 004-9246,Jessica.Martin556@parkview.com,Newark,NJ,East,East,2024-01-21,,,,,,,,,,,,
CUST03116,Eastview Urgent Care Clinic,Michael Wright,3150810866,(315) 081-0866,Michael.Wright951@eastview.com,Seattle,WA,West,West,2012-11-25,,,,,,,,,,,,
CUST03117,Cornerstone Community Clinic,Larry Cook,354.064.2823,(354) 064-2823,Larry.Cook287@cornerstone.com,Boston,MA,East,East,2021-12-13,,,,,,,,,,,,
CUST03118,Hilltop Health System,Larry Carter,864.841.2123,(864) 841-2123,Larry.Carter36@hilltop.com,Denver,CO,West,West,2017-11-08,,,,,,,,,,,,
CUST03119,Northgate Health System,Joseph Young,(272) 352-6436,(272) 352-6436,Joseph.Young867@northgate.com,Sacramento,CA,West,West,2021-08-16,,,,,,,,,,,,
CUST03120,Heritage Long-Term Care Facility,Angela Garcia,(716) 298-4754,(716) 298-4754,Angela.Garcia757@heritage.com,Sacramento,CA,West,West,2011-03-08,,,,,,,,,,,,
CUST03121,Trinity Health System,Edward Cook,9948385601,(994) 838-5601,Edward.Cook347@trinity.com,Boston,MA,Southeast,South,2022-06-04,,,,,,,,,,,,
CUST03122,Trinity Long-Term Care Facility,Sandra Gomez,(532) 497-5393,(532) 497-5393,Sandra.Gomez955@trinity.com,Phoenix,AZ,West,West,2011-09-14,,,,,,,,,,,,
CUST03123,Beacon Long-Term Care Facility,Jonathan Sanchez,0386157423,(038) 615-7423,Jonathan.Sanchez461@beacon.com,Atlanta,GA,South,South,2021-10-06,,,,,,,,,,,,
CUST03124,Northgate Pharmacy,Charles Garcia,865 880 7461,(865) 880-7461,Charles.Garcia258@northgate.com,Sacramento,CA,West,West,2019-04-13,,,,,,,,,,,,
CUST03125,Westfield Urgent Care Clinic,Gregory Moore,636-363-8139,(636) 363-8139,Gregory.Moore906@westfield.com,Boston,MA,East,East,2013-12-12,,,,,,,,,,,,
CUST03126,Lakeside Hospital,Jack Ramirez,799 820 4879,(799) 820-4879,Jack.Ramirez511@lakeside.com,Newark,NJ,Northeast,East,2011-01-12,,,,,,,,,,,,
CUST03127,Cedar Long-Term Care Facility,Thomas Ramos,(793) 775-9012,(793) 775-9012,Thomas.Ramos853@cedar.com,Atlanta,GA,South,South,2023-12-06,,,,,,,,,,,,
CUST03128,Beacon Hospital,Jacob Nguyen,704 574 0850,(704) 574-0850,Jacob.Nguyen617@beacon.com,Dallas,TX,Northeast,East,2024-04-27,,,,,,,,,,,,
CUST03129,Cedar Pharmacy,Pamela Lewis,2369649382,(236) 964-9382,Pamela.Lewis90@cedar.com,New Orleans,LA,South,South,2015-05-09,,,,,,,,,,,,
CUST03130,Riverside Health System,Angela Evans,833.673.6140,(833) 673-6140,Angela.Evans79@riverside.com,Milwaukee,WI,North,North,2023-08-03,,,,,,,,,,,,
CUST03131,Mercy Urgent Care Clinic,Gregory Martin,581.811.0699,(581) 811-0699,Gregory.Martin818@mercy.com,Sacramento,CA,West,West,2022-12-23,,,,,,,,,,,,
CUST03132,Valley Hospital,Rachel Bailey,(789) 589-3201,(789) 589-3201,Rachel.Bailey614@valley.com,Dallas,TX,South,South,2021-08-13,,,,,,,,,,,,
CUST03133,Cedar Community Clinic,Paul Thomas,227.478.3019,(227) 478-3019,Paul.Thomas7@cedar.com,Sioux Falls,SD,North,North,2021-06-01,,,,,,,,,,,,
CUST03134,Northgate Health System,Kevin Peterson,(537) 424-9417,(537) 424-9417,Kevin.Peterson270@northgate.com,Philadelphia,PA,East,East,2020-08-31,,,,,,,,,,,,
CUST03135,Hilltop Community Clinic,Barbara Johnson,(283) 109-1571,(283) 109-1571,Barbara.Johnson300@hilltop.com,Milwaukee,WI,North,North,2024-05-19,,,,,,,,,,,,
CUST03136,Cornerstone Hospital,Helen Roberts,234.102.4250,(234) 102-4250,Helen.Roberts209@cornerstone.com,Denver,CO,West,West,2012-05-21,,,,,,,,,,,,
CUST03137,Grace Pharmacy,Alexander Stewart,(441) 877-6896,(441) 877-6896,Alexander.Stewart949@grace.com,Birmingham,AL,South,South,2019-08-05,,,,,,,,,,,,
CUST03138,Heritage Community Clinic,Barbara Flores,(620) 429-7581,(620) 429-7581,Barbara.Flores65@heritage.com,Seattle,WA,West,West,2011-01-20,,,,,,,,,,,,
CUST03139,Riverside Community Clinic,Carol Thomas,230-651-1768,(230) 651-1768,Carol.Thomas328@riverside.com,Tampa,FL,South,South,2013-05-30,,,,,,,,,,,,
CUST03140,Crossroads Long-Term Care Facility,Samuel Ramos,605.469.0508,(605) 469-0508,Samuel.Ramos759@crossroads.com,Minneapolis,MN,North,North,2017-06-30,,,,,,,,,,,,
CUST03141,Cedar Community Clinic,Kevin Taylor,2047308788,(204) 730-8788,Kevin.Taylor396@cedar.com,Sacramento,CA,West,West,2015-01-12,,,,,,,,,,,,
CUST03142,Valley Hospital,Patricia Jackson,(358) 021-0377,(358) 021-0377,Patricia.Jackson245@valley.com,Philadelphia,PA,Northeast,East,2014-10-24,,,,,,,,,,,,
CUST03143,Heritage Urgent Care Clinic,Betty Perez,(62) 741-5708,(062) 741-5708,Betty.Perez520@heritage.com,Atlanta,GA,South,South,2018-10-26,,,,,,,,,,,,
CUST03144,Lakeside Long-Term Care Facility,Michelle Hall,435-434-9189,(435) 434-9189,Michelle.Hall681@lakeside.com,Albany,NY,East,East,2017-01-27,,,,,,,,,,,,
CUST03145,Westfield Medical Center,Jessica Campbell,(330) 403-0581,(330) 403-0581,Jessica.Campbell679@westfield.com,Portland,OR,West,West,2021-07-08,,,,,,,,,,,,
CUST03146,Southport Urgent Care Clinic,William Reed,(629) 258-0994,(629) 258-0994,William.Reed671@southport.com,Albany,NY,East,East,2015-08-23,,,,,,,,,,,,
CUST03147,Southport Long-Term Care Facility,Gregory Davis,129.386.5568,(129) 386-5568,Gregory.Davis877@southport.com,Seattle,WA,West,West,2013-07-04,,,,,,,,,,,,
CUST03148,Riverside Hospital,Emily Gomez,479 279 5132,(479) 279-5132,Emily.Gomez334@riverside.com,Fargo,ND,North,North,2011-09-15,,,,,,,,,,,,
CUST03149,Northgate Health System,Robert Smith,120.140.7983,(120) 140-7983,Robert.Smith461@northgate.com,Hartford,CT,Southeast,South,2019-12-23,,,,,,,,,,,,
CUST03150,Cedar Long-Term Care Facility,Richard Mitchell,831-734-9963,(831) 734-9963,Richard.Mitchell369@cedar.com,Sacramento,CA,Northeast,East,2014-12-20,,,,,,,,,,,,
CUST03151,Southport Community Clinic,Debra Miller,752 861 2240,(752) 861-2240,Debra.Miller34@southport.com,Portland,OR,West,West,2013-01-08,,,,,,,,,,,,
CUST03152,Cornerstone Urgent Care Clinic,Jacob Wright,(581) 835-0022,(581) 835-0022,Jacob.Wright14@cornerstone.com,Birmingham,AL,South,South,2021-11-25,,,,,,,,,,,,
CUST03153,Hilltop Health System,Lisa Anderson,842.351.8026,(842) 351-8026,Lisa.Anderson652@hilltop.com,Boston,MA,East,East,2016-10-06,,,,,,,,,,,,
CUST03154,Summit Health System,Maria Sanchez,(344) 779-2796,(344) 779-2796,Maria.Sanchez633@summit.com,Albany,NY,East,East,2013-05-19,,,,,,,,,,,,
CUST03155,Mercy Pharmacy,Samantha Wright,570.453.3043,(570) 453-3043,Samantha.Wright569@mercy.com,Albany,NY,East,East,2012-07-03,,,,,,,,,,,,
CUST03156,Cornerstone Urgent Care Clinic,Robert Robinson,(443) 373-1402,(443) 373-1402,Robert.Robinson21@cornerstone.com,Birmingham,AL,South,South,2011-02-19,,,,,,,,,,,,
CUST03157,Maple Health System,Nancy Martinez,1140755978,(114) 075-5978,Nancy.Martinez873@maple.com,Milwaukee,WI,North,North,2019-05-04,,,,,,,,,,,,
CUST03158,Eastview Hospital,Sandra Peterson,053-447-5508,(053) 447-5508,Sandra.Peterson149@eastview.com,Philadelphia,PA,East,East,2021-11-06,,,,,,,,,,,,
CUST03159,Heritage Community Clinic,Michelle Carter,(195) 880-7327,(195) 880-7327,Michelle.Carter229@heritage.com,Sioux Falls,SD,Southeast,South,2017-10-27,,,,,,,,,,,,
CUST03160,Westfield Urgent Care Clinic,Mark Martin,(863) 872-0323,(863) 872-0323,Mark.Martin771@westfield.com,New Orleans,LA,South,South,2012-11-04,,,,,,,,,,,,
CUST03161,Lakeside Medical Center,Lisa King,(274) 026-5585,(274) 026-5585,Lisa.King376@lakeside.com,Hartford,CT,East,East,2022-07-22,,,,,,,,,,,,
CUST03162,Valley Pharmacy,Gregory Gutierrez,818-548-0514,(818) 548-0514,Gregory.Gutierrez535@valley.com,Atlanta,GA,South,South,2013-12-11,,,,,,,,,,,,
CUST03163,Southport Medical Center,Donna Jones,099-447-1813,(099) 447-1813,Donna.Jones417@southport.com,Portland,OR,West,West,2013-05-12,,,,,,,,,,,,
CUST03164,Westfield Pharmacy,Alexander Gomez,547.337.0255,(547) 337-0255,Alexander.Gomez196@westfield.com,Sacramento,CA,West,West,2016-07-10,,,,,,,,,,,,
CUST03165,Heritage Community Clinic,Gregory Harris,577-180-7492,(577) 180-7492,Gregory.Harris634@heritage.com,Fargo,ND,Midwest,North,2019-08-14,,,,,,,,,,,,
CUST03166,Mercy Medical Center,Cynthia Scott,141 908 2745,(141) 908-2745,Cynthia.Scott383@mercy.com,New Orleans,LA,South,South,2019-03-25,,,,,,,,,,,,
CUST03167,Cornerstone Urgent Care Clinic,Lisa Gonzalez,(337) 364-3537,(337) 364-3537,Lisa.Gonzalez300@cornerstone.com,Tampa,FL,Southeast,South,2018-11-03,,,,,,,,,,,,
CUST03168,Lakeside Hospital,Karen Walker,095-830-4286,(095) 830-4286,Karen.Walker68@lakeside.com,Sacramento,CA,West,West,2011-02-12,,,,,,,,,,,,
CUST03169,Grace Hospital,Carol Jackson,747-449-3667,(747) 449-3667,Carol.Jackson102@grace.com,Philadelphia,PA,East,East,2018-12-22,,,,,,,,,,,,
CUST03170,Crossroads Pharmacy,Alexander Gomez,974 093 9349,(974) 093-9349,Alexander.Gomez287@crossroads.com,Tampa,FL,Midwest,North,2020-08-30,,,,,,,,,,,,
CUST03171,Beacon Long-Term Care Facility,David Ortiz,5621542626,(562) 154-2626,David.Ortiz552@beacon.com,Tampa,FL,South,South,2023-07-12,,,,,,,,,,,,
CUST03172,Valley Long-Term Care Facility,Carolyn Collins,(619) 166-7322,(619) 166-7322,Carolyn.Collins665@valley.com,Phoenix,AZ,Northeast,East,2020-01-17,,,,,,,,,,,,
CUST03173,Cornerstone Urgent Care Clinic,Ryan Kim,(772) 045-3376,(772) 045-3376,Ryan.Kim104@cornerstone.com,Albany,NY,East,East,2019-10-06,,,,,,,,,,,,
CUST03174,Parkview Hospital,Anna Thompson,(439) 606-3007,(439) 606-3007,Anna.Thompson213@parkview.com,Seattle,WA,West,West,2014-11-06,,,,,,,,,,,,
CUST03175,Heritage Community Clinic,Susan Roberts,(356) 392-1187,(356) 392-1187,Susan.Roberts146@heritage.com,Sioux Falls,SD,North,North,2018-08-05,,,,,,,,,,,,
CUST03176,Cornerstone Community Clinic,James Jones,105.973.4468,(105) 973-4468,James.Jones636@cornerstone.com,Phoenix,AZ,West,West,2016-08-06,,,,,,,,,,,,
CUST03177,Beacon Medical Center,Brenda Cruz,(929) 361-6629,(929) 361-6629,Brenda.Cruz588@beacon.com,Boston,MA,East,East,2012-12-23,,,,,,,,,,,,
CUST03178,Grace Health System,Jacob Walker,677-639-6635,(677) 639-6635,Jacob.Walker413@grace.com,Seattle,WA,West,West,2010-04-04,,,,,,,,,,,,
CUST03179,Parkview Pharmacy,Ryan Green,(841) 383-8901,(841) 383-8901,Ryan.Green939@parkview.com,Philadelphia,PA,Northeast,East,2013-05-07,,,,,,,,,,,,
CUST03180,Heritage Long-Term Care Facility,Daniel Mitchell,(790) 779-8861,(790) 779-8861,Daniel.Mitchell425@heritage.com,Dallas,TX,South,South,2011-07-17,,,,,,,,,,,,
CUST03181,Trinity Medical Center,Laura Hernandez,8028022244,(802) 802-2244,Laura.Hernandez996@trinity.com,Albany,NY,East,East,2019-04-09,,,,,,,,,,,,
CUST03182,Cedar Urgent Care Clinic,Betty Sanchez,(662) 657-0438,(662) 657-0438,Betty.Sanchez773@cedar.com,Portland,OR,West,West,2022-10-21,,,,,,,,,,,,
CUST03183,Northgate Hospital,Cynthia Cruz,126.917.6498,(126) 917-6498,Cynthia.Cruz999@northgate.com,Albany,NY,East,East,2016-08-25,,,,,,,,,,,,
CUST03184,Parkview Hospital,Laura Wright,407-054-7209,(407) 054-7209,Laura.Wright869@parkview.com,Tampa,FL,South,South,2018-09-17,,,,,,,,,,,,
CUST03185,Union Community Clinic,Jennifer Morales,(794) 718-9166,(794) 718-9166,Jennifer.Morales238@union.com,New Orleans,LA,South,South,2012-07-26,,,,,,,,,,,,
CUST03186,Lakeside Community Clinic,Samuel Young,(977) 660-0220,(977) 660-0220,Samuel.Young706@lakeside.com,Minneapolis,MN,North,North,2019-08-25,,,,,,,,,,,,
CUST03187,Summit Urgent Care Clinic,Amanda Phillips,355.220.9412,(355) 220-9412,Amanda.Phillips191@summit.com,New Orleans,LA,South,South,2024-03-16,,,,,,,,,,,,
CUST03188,Maple Community Clinic,Brian Lee,409.411.3965,(409) 411-3965,Brian.Lee338@maple.com,Dallas,TX,South,South,2017-01-09,,,,,,,,,,,,
CUST03189,Parkview Pharmacy,Charles Rogers,9836495092,(983) 649-5092,Charles.Rogers950@parkview.com,Portland,OR,West,West,2023-10-25,,,,,,,,,,,,
CUST03190,Hilltop Long-Term Care Facility,Nicholas Campbell,(314) 306-1432,(314) 306-1432,Nicholas.Campbell964@hilltop.com,Boston,MA,East,East,2021-11-08,,,,,,,,,,,,
CUST03191,Beacon Health System,Jacob Martinez,906-998-1892,(906) 998-1892,Jacob.Martinez62@beacon.com,Boston,MA,Midwest,North,2015-10-14,,,,,,,,,,,,
CUST03192,Cornerstone Urgent Care Clinic,Shirley Green,3646890688,(364) 689-0688,Shirley.Green552@cornerstone.com,Sioux Falls,SD,Northeast,East,2010-07-30,,,,,,,,,,,,
CUST03193,Beacon Hospital,Alexander Cook,779 053 8751,(779) 053-8751,Alexander.Cook712@beacon.com,Milwaukee,WI,North,North,2023-12-26,,,,,,,,,,,,
CUST03194,Northgate Urgent Care Clinic,Patricia Allen,(970) 397-7338,(970) 397-7338,Patricia.Allen927@northgate.com,Newark,NJ,East,East,2012-01-11,,,,,,,,,,,,
CUST03195,Northgate Urgent Care Clinic,Carolyn Peterson,(944) 104-2320,(944) 104-2320,Carolyn.Peterson397@northgate.com,Birmingham,AL,South,South,2018-03-04,,,,,,,,,,,,
CUST03196,Grace Health System,Andrew Cruz,(487) 819-3421,(487) 819-3421,Andrew.Cruz661@grace.com,Atlanta,GA,South,South,2016-05-04,,,,,,,,,,,,
CUST03197,Parkview Medical Center,Emily Lewis,514-156-1731,(514) 156-1731,Emily.Lewis154@parkview.com,Boston,MA,East,East,2012-08-06,,,,,,,,,,,,
CUST03198,Cornerstone Community Clinic,John Garcia,476 174 0353,(476) 174-0353,John.Garcia788@cornerstone.com,Denver,CO,West,West,2017-06-14,,,,,,,,,,,,
CUST03199,Crossroads Medical Center,Sandra White,(273) 406-9754,(273) 406-9754,Sandra.White394@crossroads.com,Albany,NY,East,East,2014-05-08,,,,,,,,,,,,
CUST03200,Riverside Community Clinic,Elizabeth Lewis,892-298-3092,(892) 298-3092,Elizabeth.Lewis212@riverside.com,Fargo,ND,North,North,2020-06-03,,,,,,,,,,,,
CUST03201,Eastview Pharmacy,Nicholas Collins,860-729-4306,(860) 729-4306,Nicholas.Collins193@eastview.com,Albany,NY,East,East,2016-02-26,,,,,,,,,,,,
CUST03202,Maple Urgent Care Clinic,Patrick Walker,(197) 285-5867,(197) 285-5867,Patrick.Walker123@maple.com,New Orleans,LA,South,South,2018-07-06,,,,,,,,,,,,
CUST03203,Lakeside Long-Term Care Facility,Jason Cox,(348) 765-6128,(348) 765-6128,Jason.Cox860@lakeside.com,Birmingham,AL,South,South,2017-10-26,,,,,,,,,,,,
CUST03204,Valley Urgent Care Clinic,Amanda Ward,531 615 6678,(531) 615-6678,Amanda.Ward455@valley.com,Minneapolis,MN,Midwest,North,2012-05-06,,,,,,,,,,,,
CUST03205,Eastview Hospital,Benjamin Adams,(292) 881-0423,(292) 881-0423,Benjamin.Adams642@eastview.com,Minneapolis,MN,North,North,2014-01-22,,,,,,,,,,,,
CUST03206,Parkview Urgent Care Clinic,Scott Rogers,545.085.5488,(545) 085-5488,Scott.Rogers877@parkview.com,Portland,OR,West,West,2024-03-06,,,,,,,,,,,,
CUST03207,Lakeside Long-Term Care Facility,Katherine Cooper,(987) 888-9994,(987) 888-9994,Katherine.Cooper888@lakeside.com,Denver,CO,Northeast,East,2016-10-30,,,,,,,,,,,,
CUST03208,Eastview Long-Term Care Facility,Anna Kelly,(909) 594-0521,(909) 594-0521,Anna.Kelly633@eastview.com,Sioux Falls,SD,Southeast,South,2010-06-01,,,,,,,,,,,,
CUST03209,Riverside Hospital,Betty Roberts,088-153-0293,(088) 153-0293,Betty.Roberts817@riverside.com,Phoenix,AZ,West,West,2020-06-05,,,,,,,,,,,,
CUST03210,Lakeside Medical Center,Susan Lewis,925 384 1279,(925) 384-1279,Susan.Lewis147@lakeside.com,Newark,NJ,East,East,2018-05-20,,,,,,,,,,,,
CUST03211,Southport Hospital,Sarah Gonzalez,884-041-6274,(884) 041-6274,Sarah.Gonzalez132@southport.com,Tampa,FL,South,South,2012-07-07,,,,,,,,,,,,
CUST03212,Union Pharmacy,Barbara Smith,(850) 246-1016,(850) 246-1016,Barbara.Smith507@union.com,Philadelphia,PA,East,East,2012-04-17,,,,,,,,,,,,
CUST03213,Hilltop Hospital,Angela Thompson,730-951-4607,(730) 951-4607,Angela.Thompson59@hilltop.com,Denver,CO,West,West,2016-11-25,,,,,,,,,,,,
CUST03214,Southport Pharmacy,Rebecca Rodriguez,012-178-5634,(012) 178-5634,Rebecca.Rodriguez281@southport.com,Tampa,FL,Southeast,South,2017-07-24,,,,,,,,,,,,
CUST03215,Lakeside Urgent Care Clinic,Brian Roberts,4312868667,(431) 286-8667,Brian.Roberts301@lakeside.com,Milwaukee,WI,North,North,2018-12-16,,,,,,,,,,,,
CUST03216,Crossroads Health System,Justin Howard,(209) 481-6853,(209) 481-6853,Justin.Howard676@crossroads.com,Birmingham,AL,South,South,2023-05-19,,,,,,,,,,,,
CUST03217,Crossroads Pharmacy,Stephanie Reyes,618.702.7392,(618) 702-7392,Stephanie.Reyes552@crossroads.com,Sacramento,CA,Southeast,South,2015-03-10,,,,,,,,,,,,
CUST03218,Westfield Pharmacy,Laura Flores,(88) 232-4396,(088) 232-4396,Laura.Flores998@westfield.com,Portland,OR,West,West,2020-01-17,,,,,,,,,,,,
CUST03219,Hilltop Community Clinic,James Gomez,249.292.1332,(249) 292-1332,James.Gomez74@hilltop.com,Atlanta,GA,South,South,2021-08-06,,,,,,,,,,,,
CUST03220,Beacon Medical Center,Anna Perez,927 450 5695,(927) 450-5695,Anna.Perez392@beacon.com,Boston,MA,Southeast,South,2011-11-15,,,,,,,,,,,,
CUST03221,Trinity Long-Term Care Facility,David Kim,381-258-0256,(381) 258-0256,David.Kim454@trinity.com,Milwaukee,WI,North,North,2016-01-23,,,,,,,,,,,,
CUST03222,Trinity Medical Center,Edward Martinez,042-414-2656,(042) 414-2656,Edward.Martinez892@trinity.com,Fargo,ND,North,North,2018-11-11,,,,,,,,,,,,
CUST03223,Eastview Pharmacy,Margaret Ward,(072) 476-6053,(072) 476-6053,Margaret.Ward721@eastview.com,Portland,OR,West,West,2020-10-12,,,,,,,,,,,,
CUST03224,Crossroads Long-Term Care Facility,Nancy Morris,669.377.7242,(669) 377-7242,Nancy.Morris523@crossroads.com,Birmingham,AL,South,South,2016-12-30,,,,,,,,,,,,
CUST03225,Cedar Long-Term Care Facility,Stephen Reyes,(612) 826-1249,(612) 826-1249,Stephen.Reyes460@cedar.com,New Orleans,LA,South,South,2023-09-01,,,,,,,,,,,,
CUST03226,Beacon Health System,John Bailey,068.127.5610,(068) 127-5610,John.Bailey436@beacon.com,Hartford,CT,Southeast,South,2020-08-04,,,,,,,,,,,,
CUST03227,Northgate Long-Term Care Facility,Stephanie Hall,(684) 810-6247,(684) 810-6247,Stephanie.Hall938@northgate.com,Tampa,FL,South,South,2018-10-14,,,,,,,,,,,,
CUST03228,Northgate Health System,Joshua Reyes,0541528078,(054) 152-8078,Joshua.Reyes785@northgate.com,Portland,OR,Northeast,East,2020-11-04,,,,,,,,,,,,
CUST03229,Maple Pharmacy,Ashley Bailey,202.336.2706,(202) 336-2706,Ashley.Bailey74@maple.com,Denver,CO,West,West,2014-09-04,,,,,,,,,,,,
CUST03230,Hilltop Long-Term Care Facility,Brenda Reed,354.351.2904,(354) 351-2904,Brenda.Reed832@hilltop.com,Boston,MA,East,East,2019-04-28,,,,,,,,,,,,
CUST03231,Heritage Hospital,Rebecca Carter,240 500 4510,(240) 500-4510,Rebecca.Carter783@heritage.com,Hartford,CT,East,East,2019-02-20,,,,,,,,,,,,
CUST03232,Mercy Pharmacy,Karen Mitchell,243-981-5883,(243) 981-5883,Samantha.Mitchell11@parkview.com,Billings,MT,North,North,2020-12-20,,,,,,,,,,,,
CUST03233,Valley Pharmacy,Nicholas Cox,(660) 289-2814,(660) 289-2814,Nicholas.Cox404@valley.com,Minneapolis,MN,North,North,2017-11-06,,,,,,,,,,,,
CUST03234,Cornerstone Medical Center,Mark Carter,548-361-1538,(548) 361-1538,Mark.Carter398@cornerstone.com,Sioux Falls,SD,North,North,2024-05-04,,,,,,,,,,,,
CUST03235,Westfield Long-Term Care Facility,Paul Baker,743 034 2678,(743) 034-2678,Paul.Baker821@westfield.com,Hartford,CT,East,East,2018-11-16,,,,,,,,,,,,
CUST03236,Cedar Medical Center,Shirley Murphy,6816096405,(681) 609-6405,Shirley.Murphy870@cedar.com,Fargo,ND,North,North,2019-08-06,,,,,,,,,,,,
CUST03237,Riverside Medical Center,Patrick Brown,(296) 147-3074,(296) 147-3074,Patrick.Brown154@riverside.com,Sioux Falls,SD,North,North,2020-03-27,,,,,,,,,,,,
CUST03238,Hilltop Health System,Jacob Nguyen,(199) 699-4652,(199) 699-4652,Jacob.Nguyen896@hilltop.com,Birmingham,AL,South,South,2018-05-05,,,,,,,,,,,,
CUST03239,Grace Community Clinic,Pamela Williams,884 386 8443,(884) 386-8443,Pamela.Williams684@grace.com,Hartford,CT,East,East,2018-10-15,,,,,,,,,,,,
CUST03240,Eastview Health System,Scott Stewart,(955) 738-1567,(955) 738-1567,Scott.Stewart659@eastview.com,Fargo,ND,North,North,2012-12-09,,,,,,,,,,,,
CUST03241,Cedar Health System,Benjamin Richardson,023 276 3916,(023) 276-3916,Benjamin.Richardson291@cedar.com,Boston,MA,Midwest,North,2023-07-05,,,,,,,,,,,,
CUST03242,Northgate Medical Center,Sandra Wright,659.647.1817,(659) 647-1817,Sandra.Wright40@northgate.com,Phoenix,AZ,West,West,2023-01-12,,,,,,,,,,,,
CUST03243,Maple Medical Center,Nicole Gonzalez,(563) 440-6021,(563) 440-6021,Nicole.Gonzalez908@maple.com,Portland,OR,Southeast,South,2018-08-03,,,,,,,,,,,,
CUST03244,Valley Long-Term Care Facility,Gary Sanchez,672-783-3226,(672) 783-3226,Gary.Sanchez67@valley.com,Denver,CO,West,West,2022-08-30,,,,,,,,,,,,
CUST03245,Crossroads Medical Center,Christopher Diaz,9812006789,(981) 200-6789,Christopher.Diaz470@crossroads.com,Tampa,FL,South,South,2012-09-14,,,,,,,,,,,,
CUST03246,Trinity Urgent Care Clinic,David Carter,701.298.3945,(701) 298-3945,David.Carter283@trinity.com,Fargo,ND,North,North,2018-09-03,,,,,,,,,,,,
CUST03247,Hilltop Pharmacy,Jacob Rogers,652.853.0045,(652) 853-0045,Jacob.Rogers906@hilltop.com,Fargo,ND,Southeast,South,2018-12-22,,,,,,,,,,,,
CUST03248,Union Health System,Paul Moore,200.659.7741,(200) 659-7741,Paul.Moore654@union.com,Atlanta,GA,South,South,2011-04-06,,,,,,,,,,,,
CUST03249,Crossroads Pharmacy,Edward Turner,206 872 1704,(206) 872-1704,Edward.Turner538@crossroads.com,Milwaukee,WI,North,North,2020-08-07,,,,,,,,,,,,
CUST03250,Riverside Community Clinic,Carolyn Baker,2116712304,(211) 671-2304,Carolyn.Baker520@riverside.com,Sioux Falls,SD,North,North,2015-01-26,,,,,,,,,,,,
CUST03251,Mercy Medical Center,Brenda Carter,(658) 136-6222,(658) 136-6222,Brenda.Carter885@mercy.com,Minneapolis,MN,North,North,2011-05-31,,,,,,,,,,,,
CUST03252,Riverside Community Clinic,Matthew Nguyen,(50) 963-9947,(050) 963-9947,Matthew.Nguyen543@riverside.com,Dallas,TX,South,South,2022-04-09,,,,,,,,,,,,
CUST03253,Eastview Pharmacy,Michelle Torres,824.740.7943,(824) 740-7943,Michelle.Torres818@eastview.com,Sacramento,CA,West,West,2012-07-13,,,,,,,,,,,,
CUST03254,Parkview Community Clinic,Samantha Mitchell,619-621-3239,(619) 621-3239,Samantha.Mitchell11@parkview.com,Boston,MA,East,East,2012-07-27,,,,,,,,,,,,
CUST03255,Cornerstone Community Clinic,Jacob Jones,216 580 8726,(216) 580-8726,Jacob.Jones894@cornerstone.com,Phoenix,AZ,Northeast,East,2017-06-12,,,,,,,,,,,,
CUST03256,Cedar Community Clinic,Debra Stewart,8830904581,(883) 090-4581,Debra.Stewart858@cedar.com,Billings,MT,North,North,2014-03-09,,,,,,,,,,,,
CUST03257,Cedar Health System,David Peterson,(018) 590-5273,(018) 590-5273,David.Peterson450@cedar.com,Dallas,TX,South,South,2018-10-30,,,,,,,,,,,,
CUST03258,Trinity Urgent Care Clinic,Richard Reed,(128) 650-3841,(128) 650-3841,Richard.Reed363@trinity.com,Seattle,WA,West,West,2023-01-12,,,,,,,,,,,,
CUST03259,Valley Health System,Daniel Taylor,244 406 6159,(244) 406-6159,Daniel.Taylor138@valley.com,Atlanta,GA,South,South,2011-03-08,,,,,,,,,,,,
CUST03260,Hilltop Health System,Mark Thompson,618.382.5591,(618) 382-5591,Mark.Thompson825@hilltop.com,Portland,OR,West,West,2011-09-02,,,,,,,,,,,,
CUST03261,Maple Long-Term Care Facility,Joseph Edwards,6051820808,(605) 182-0808,Joseph.Edwards963@maple.com,Seattle,WA,West,West,2021-07-07,,,,,,,,,,,,
CUST03262,Crossroads Pharmacy,Linda Lewis,3847324205,(384) 732-4205,Linda.Lewis442@crossroads.com,Sacramento,CA,West,West,2018-02-28,,,,,,,,,,,,
CUST03263,Mercy Health System,Brandon Morgan,727 929 0469,(727) 929-0469,Brandon.Morgan775@mercy.com,Tampa,FL,South,South,2011-08-13,,,,,,,,,,,,
CUST03264,Cedar Long-Term Care Facility,Jacob White,370 261 6716,(370) 261-6716,Jacob.White837@cedar.com,Seattle,WA,West,West,2021-02-27,,,,,,,,,,,,
CUST03265,Summit Pharmacy,Justin Lopez,(621) 083-0832,(621) 083-0832,Justin.Lopez312@summit.com,Tampa,FL,Northeast,East,2015-01-29,,,,,,,,,,,,
CUST03266,Maple Community Clinic,Amy Robinson,(415) 311-8923,(415) 311-8923,Amy.Robinson82@maple.com,New Orleans,LA,South,South,2015-03-03,,,,,,,,,,,,
CUST03267,Parkview Health System,Nicholas Stewart,728-771-3042,(728) 771-3042,Nicholas.Stewart687@parkview.com,New Orleans,LA,South,South,2018-12-14,,,,,,,,,,,,
CUST03268,Riverside Health System,Anna Mitchell,7796427709,(779) 642-7709,Anna.Mitchell153@riverside.com,Minneapolis,MN,North,North,2018-05-15,,,,,,,,,,,,
CUST03269,Cornerstone Hospital,Jessica Howard,541 317 4485,(541) 317-4485,Jessica.Howard368@cornerstone.com,Milwaukee,WI,North,North,2015-09-02,,,,,,,,,,,,
CUST03270,Valley Urgent Care Clinic,Helen Martin,(25) 885-5108,(025) 885-5108,Helen.Martin649@valley.com,Atlanta,GA,South,South,2012-04-27,,,,,,,,,,,,
CUST03271,Maple Medical Center,Ronald Johnson,485 315 9964,(485) 315-9964,Ronald.Johnson573@maple.com,Billings,MT,North,North,2020-01-23,,,,,,,,,,,,
CUST03272,Summit Community Clinic,Deborah Harris,775-388-1768,(775) 388-1768,Deborah.Harris133@summit.com,Philadelphia,PA,East,East,2016-03-05,,,,,,,,,,,,
CUST03273,Crossroads Medical Center,Justin Sanchez,1621989744,(162) 198-9744,Justin.Sanchez93@crossroads.com,Minneapolis,MN,Midwest,North,2019-05-26,,,,,,,,,,,,
CUST03274,Cedar Health System,Alexander Carter,(919) 070-4451,(919) 070-4451,Alexander.Carter296@cedar.com,Albany,NY,East,East,2022-12-01,,,,,,,,,,,,
CUST03275,Valley Long-Term Care Facility,Christopher Wright,619.017.4842,(619) 017-4842,Christopher.Wright879@valley.com,Dallas,TX,South,South,2019-03-06,,,,,,,,,,,,
CUST03276,Parkview Long-Term Care Facility,Jonathan Reed,647.390.8753,(647) 390-8753,Jonathan.Reed574@parkview.com,Billings,MT,North,North,2014-07-28,,,,,,,,,,,,
CUST03277,Eastview Hospital,Sarah Young,513-331-6954,(513) 331-6954,Sarah.Young188@eastview.com,Tampa,FL,South,South,2016-03-09,,,,,,,,,,,,
CUST03278,Cornerstone Medical Center,Michelle Robinson,(697) 883-7772,(697) 883-7772,Michelle.Robinson947@cornerstone.com,Tampa,FL,South,South,2022-08-15,,,,,,,,,,,,
CUST03279,Maple Medical Center,Christopher Gutierrez,(169) 656-4553,(169) 656-4553,Christopher.Gutierrez268@maple.com,Newark,NJ,East,East,2010-06-01,,,,,,,,,,,,
CUST03280,Northgate Long-Term Care Facility,Nicole Hill,(964) 544-0668,(964) 544-0668,Nicole.Hill154@northgate.com,Boston,MA,East,East,2017-08-17,,,,,,,,,,,,
CUST03281,Valley Hospital,Brenda Harris,(80) 118-7213,(080) 118-7213,Brenda.Harris747@valley.com,Birmingham,AL,South,South,2010-05-20,,,,,,,,,,,,
CUST03282,Lakeside Hospital,Edward Rodriguez,(572) 386-1601,(572) 386-1601,Edward.Rodriguez596@lakeside.com,Fargo,ND,North,North,2012-06-04,,,,,,,,,,,,
CUST03283,Southport Long-Term Care Facility,Samuel Murphy,695.805.1840,(695) 805-1840,Samuel.Murphy931@southport.com,Portland,OR,West,West,2020-12-10,,,,,,,,,,,,
CUST03284,Mercy Hospital,Anna Green,884-974-1632,(884) 974-1632,Anna.Green364@mercy.com,Milwaukee,WI,North,North,2019-02-12,,,,,,,,,,,,
CUST03285,Southport Long-Term Care Facility,Pamela Thompson,(023) 521-7921,(023) 521-7921,Pamela.Thompson981@southport.com,Birmingham,AL,South,South,2021-12-28,,,,,,,,,,,,
CUST03286,Cedar Health System,Kimberly Collins,(510) 271-9058,(510) 271-9058,Kimberly.Collins889@cedar.com,Dallas,TX,South,South,2024-01-09,,,,,,,,,,,,
CUST03287,Trinity Health System,Amanda Wright,(330) 947-9768,(330) 947-9768,Amanda.Wright203@trinity.com,Fargo,ND,North,North,2015-11-09,,,,,,,,,,,,
CUST03288,Grace Long-Term Care Facility,Mark Smith,(954) 637-3330,(954) 637-3330,Mark.Smith279@grace.com,Philadelphia,PA,East,East,2020-03-27,,,,,,,,,,,,
CUST03289,Grace Pharmacy,James Wilson,(253) 012-8194,(253) 012-8194,James.Wilson92@grace.com,Seattle,WA,West,West,2013-01-19,,,,,,,,,,,,
CUST03290,Mercy Health System,Christine Walker,8187414656,(818) 741-4656,Christine.Walker462@mercy.com,Dallas,TX,South,South,2010-12-30,,,,,,,,,,,,
CUST03291,Lakeside Medical Center,Jack King,737.514.3535,(737) 514-3535,Jack.King439@lakeside.com,Newark,NJ,East,East,2013-09-16,,,,,,,,,,,,
CUST03292,Summit Hospital,Samuel Martin,(660) 097-4909,(660) 097-4909,Samuel.Martin390@summit.com,Boston,MA,East,East,2012-06-02,,,,,,,,,,,,
CUST03293,Southport Health System,Rebecca Nelson,(418) 594-0048,(418) 594-0048,Rebecca.Nelson446@southport.com,Hartford,CT,Northeast,East,2010-03-05,,,,,,,,,,,,
CUST03294,Eastview Health System,Christopher Young,(495) 697-7556,(495) 697-7556,Christopher.Young299@eastview.com,Denver,CO,West,West,2010-05-22,,,,,,,,,,,,
CUST03295,Cedar Pharmacy,Paul Perez,040 150 7629,(040) 150-7629,Paul.Perez24@cedar.com,Newark,NJ,East,East,2012-03-15,,,,,,,,,,,,
CUST03296,Maple Hospital,David Kim,094.342.2082,(094) 342-2082,David.Kim561@maple.com,Seattle,WA,West,West,2024-09-02,,,,,,,,,,,,
CUST03297,Parkview Urgent Care Clinic,Richard Ramirez,4137230735,(413) 723-0735,Richard.Ramirez400@parkview.com,Denver,CO,West,West,2011-07-17,,,,,,,,,,,,
CUST03298,Parkview Health System,Carol Richardson,895.352.5853,(895) 352-5853,Carol.Richardson585@parkview.com,Portland,OR,West,West,2017-08-21,,,,,,,,,,,,
CUST03299,Union Pharmacy,Brenda Rogers,(360) 438-7243,(360) 438-7243,Brenda.Rogers302@union.com,Albany,NY,East,East,2022-07-11,,,,,,,,,,,,
CUST03300,Grace Long-Term Care Facility,Angela Nelson,144-250-9693,(144) 250-9693,Angela.Nelson717@grace.com,Sioux Falls,SD,North,North,2020-11-23,,,,,,,,,,,,
CUST03301,Lakeside Health System,Paul Hall,088.063.9584,(088) 063-9584,Paul.Hall7@lakeside.com,Fargo,ND,North,North,2024-01-28,,,,,,,,,,,,
CUST03302,Valley Urgent Care Clinic,Donald Green,(47) 680-9856,(047) 680-9856,Donald.Green56@valley.com,Portland,OR,West,West,2017-12-21,,,,,,,,,,,,
CUST03303,Crossroads Pharmacy,Nicole Baker,027-554-7014,(027) 554-7014,Nicole.Baker22@crossroads.com,Tampa,FL,South,South,2015-05-23,,,,,,,,,,,,
CUST03304,Northgate Community Clinic,Emma Gutierrez,834.021.1045,(834) 021-1045,Emma.Gutierrez43@northgate.com,Denver,CO,West,West,2024-02-02,,,,,,,,,,,,
CUST03305,Westfield Community Clinic,Helen Thomas,349.309.6663,(349) 309-6663,Helen.Thomas426@westfield.com,Sacramento,CA,West,West,2018-06-07,,,,,,,,,,,,
CUST03306,Lakeside Long-Term Care Facility,Matthew Hernandez,390-455-4362,(390) 455-4362,Matthew.Hernandez615@lakeside.com,Philadelphia,PA,East,East,2024-01-23,,,,,,,,,,,,
CUST03307,Northgate Long-Term Care Facility,Stephen Brown,081 103 8773,(081) 103-8773,Stephen.Brown910@northgate.com,Milwaukee,WI,North,North,2010-10-03,,,,,,,,,,,,
CUST03308,Hilltop Medical Center,Barbara Parker,870-666-8843,(870) 666-8843,Barbara.Parker329@hilltop.com,Billings,MT,North,North,2010-09-24,,,,,,,,,,,,
CUST03309,Heritage Health System,Michelle Sanchez,127.249.0140,(127) 249-0140,Michelle.Sanchez611@heritage.com,Atlanta,GA,South,South,2015-03-01,,,,,,,,,,,,
CUST03310,Grace Urgent Care Clinic,Barbara Baker,(843) 953-7258,(843) 953-7258,Barbara.Baker790@grace.com,Boston,MA,East,East,2015-03-17,,,,,,,,,,,,
CUST03311,Mercy Community Clinic,Timothy Morgan,003-230-2019,(003) 230-2019,Timothy.Morgan983@mercy.com,Hartford,CT,East,East,2018-12-10,,,,,,,,,,,,
CUST03312,Maple Pharmacy,Timothy Lopez,555 505 1817,(555) 505-1817,Timothy.Lopez309@maple.com,Seattle,WA,West,West,2013-07-28,,,,,,,,,,,,
CUST03313,Trinity Medical Center,Benjamin Thompson,(677) 041-1080,(677) 041-1080,Benjamin.Thompson660@trinity.com,Tampa,FL,South,South,2018-10-25,,,,,,,,,,,,
CUST03314,Beacon Urgent Care Clinic,Gary Baker,974-895-6425,(974) 895-6425,Gary.Baker763@beacon.com,Milwaukee,WI,North,North,2014-10-26,,,,,,,,,,,,
CUST03315,Parkview Pharmacy,Angela Sanchez,053-725-6563,(053) 725-6563,Angela.Sanchez979@parkview.com,Denver,CO,West,West,2015-10-10,,,,,,,,,,,,
CUST03316,Westfield Hospital,Stephanie Gomez,(024) 201-2776,(024) 201-2776,Stephanie.Gomez902@westfield.com,Billings,MT,Northeast,East,2012-12-24,,,,,,,,,,,,
CUST03317,Cornerstone Urgent Care Clinic,Amy Thompson,(441) 128-4842,(441) 128-4842,Amy.Thompson809@cornerstone.com,Boston,MA,East,East,2020-11-27,,,,,,,,,,,,
CUST03318,Summit Urgent Care Clinic,Benjamin Turner,(478) 913-6716,(478) 913-6716,Benjamin.Turner538@summit.com,Billings,MT,North,North,2016-08-10,,,,,,,,,,,,
CUST03319,Cornerstone Long-Term Care Facility,Nicole Reyes,(382) 794-1455,(382) 794-1455,Nicole.Reyes245@cornerstone.com,Milwaukee,WI,North,North,2014-09-25,,,,,,,,,,,,
CUST03320,Lakeside Hospital,Brandon Edwards,824.298.5270,(824) 298-5270,Brandon.Edwards643@lakeside.com,Sacramento,CA,West,West,2024-12-02,,,,,,,,,,,,
CUST03321,Eastview Hospital,Jessica Young,(634) 647-4965,(634) 647-4965,Jessica.Young101@eastview.com,Philadelphia,PA,East,East,2011-11-12,,,,,,,,,,,,
CUST03322,Cedar Pharmacy,Edward Bailey,181-595-8812,(181) 595-8812,Edward.Bailey540@cedar.com,Newark,NJ,East,East,2019-03-28,,,,,,,,,,,,
CUST03323,Lakeside Medical Center,Rachel Torres,(511) 395-2254,(511) 395-2254,Rachel.Torres371@lakeside.com,Atlanta,GA,South,South,2020-02-01,,,,,,,,,,,,
CUST03324,Northgate Pharmacy,Shirley Gonzalez,(101) 324-7073,(101) 324-7073,Shirley.Gonzalez300@northgate.com,Sioux Falls,SD,North,North,2011-10-08,,,,,,,,,,,,
CUST03325,Valley Urgent Care Clinic,Amanda King,4545173301,(454) 517-3301,Amanda.King862@valley.com,Birmingham,AL,South,South,2021-05-22,,,,,,,,,,,,
CUST03326,Grace Medical Center,Stephanie Allen,(591) 665-5172,(591) 665-5172,Stephanie.Allen158@grace.com,Boston,MA,East,East,2011-09-20,,,,,,,,,,,,
CUST03327,Northgate Long-Term Care Facility,Richard Reed,714-722-2945,(714) 722-2945,Richard.Reed416@northgate.com,Sacramento,CA,West,West,2017-02-12,,,,,,,,,,,,
CUST03328,Grace Pharmacy,Jack Johnson,(180) 540-0853,(180) 540-0853,Jack.Johnson681@grace.com,Philadelphia,PA,East,East,2024-11-15,,,,,,,,,,,,
CUST03329,Eastview Health System,Nicole Diaz,(796) 199-0979,(796) 199-0979,Nicole.Diaz338@eastview.com,Dallas,TX,South,South,2022-12-03,,,,,,,,,,,,
CUST03330,Cedar Community Clinic,Gary Rodriguez,0878157491,(087) 815-7491,Gary.Rodriguez434@cedar.com,Dallas,TX,Southeast,South,2017-03-10,,,,,,,,,,,,
CUST03331,Hilltop Medical Center,Betty Bailey,(667) 885-1682,(667) 885-1682,Betty.Bailey954@hilltop.com,Billings,MT,North,North,2018-03-31,,,,,,,,,,,,
CUST03332,Crossroads Hospital,Amanda Lopez,(15) 415-0689,(015) 415-0689,Amanda.Lopez109@crossroads.com,Boston,MA,East,East,2022-03-09,,,,,,,,,,,,
CUST03333,Cedar Health System,Steven Ward,787 348 0851,(787) 348-0851,Steven.Ward917@cedar.com,Sioux Falls,SD,North,North,2019-01-21,,,,,,,,,,,,
CUST03334,Trinity Long-Term Care Facility,Andrew White,169 540 2313,(169) 540-2313,Andrew.White703@trinity.com,Portland,OR,West,West,2018-08-20,,,,,,,,,,,,
CUST03335,Northgate Health System,Donna Hall,(713) 957-0016,(713) 957-0016,Donna.Hall68@northgate.com,Denver,CO,West,West,2024-01-13,,,,,,,,,,,,
CUST03336,Valley Hospital,Kathleen Gomez,878 930 3814,(878) 930-3814,Kathleen.Gomez971@valley.com,Albany,NY,East,East,2011-02-25,,,,,,,,,,,,
CUST03337,Riverside Urgent Care Clinic,Nancy Thomas,6292259537,(629) 225-9537,Nancy.Thomas878@riverside.com,Seattle,WA,West,West,2010-02-15,,,,,,,,,,,,
CUST03338,Cornerstone Community Clinic,Samuel Johnson,(727) 206-6754,(727) 206-6754,Samuel.Johnson373@cornerstone.com,Newark,NJ,East,East,2022-12-13,,,,,,,,,,,,
CUST03339,Northgate Medical Center,Sarah Reed,(374) 508-8306,(374) 508-8306,Sarah.Reed267@northgate.com,Milwaukee,WI,North,North,2021-07-31,,,,,,,,,,,,
CUST03340,Parkview Pharmacy,Edward Ramirez,(672) 942-7919,(672) 942-7919,Edward.Ramirez463@parkview.com,Fargo,ND,North,North,2023-10-24,,,,,,,,,,,,
CUST03341,Riverside Health System,Larry Morales,7202888239,(720) 288-8239,Larry.Morales3@riverside.com,Fargo,ND,North,North,2022-08-05,,,,,,,,,,,,
CUST03342,Hilltop Medical Center,Margaret Jackson,(242) 443-1029,(242) 443-1029,Margaret.Jackson97@hilltop.com,Minneapolis,MN,North,North,2010-06-27,,,,,,,,,,,,
CUST03343,Grace Hospital,Susan Rogers,092-542-7098,(092) 542-7098,Susan.Rogers875@grace.com,Portland,OR,West,West,2012-09-26,,,,,,,,,,,,
CUST03344,Lakeside Health System,Stephen Taylor,(714) 883-0545,(714) 883-0545,Nancy.Ramos740@trinity.com,Tampa,FL,South,South,2021-01-30,,,,,,,,,,,,
CUST03345,Mercy Community Clinic,Brenda Martin,819.748.8467,(819) 748-8467,Brenda.Martin175@mercy.com,Denver,CO,West,West,2014-04-06,,,,,,,,,,,,
CUST03346,Heritage Hospital,George Cooper,5046471742,(504) 647-1742,George.Cooper558@heritage.com,Portland,OR,West,West,2016-09-10,,,,,,,,,,,,
CUST03347,Trinity Pharmacy,Joseph Peterson,450 116 0124,(450) 116-0124,Joseph.Peterson108@trinity.com,Sacramento,CA,West,West,2012-04-09,,,,,,,,,,,,
CUST03348,Trinity Community Clinic,Paul Stewart,(109) 692-6216,(109) 692-6216,Paul.Stewart185@trinity.com,Sioux Falls,SD,North,North,2010-06-02,,,,,,,,,,,,
CUST03349,Lakeside Hospital,Joshua Smith,109 244 3295,(109) 244-3295,Joshua.Smith681@lakeside.com,Seattle,WA,Southeast,South,2017-09-19,,,,,,,,,,,,
CUST03350,Trinity Long-Term Care Facility,Anna Bailey,(961) 724-7273,(961) 724-7273,Anna.Bailey584@trinity.com,Portland,OR,West,West,2021-01-03,,,,,,,,,,,,
CUST03351,Trinity Pharmacy,Elizabeth Parker,(203) 744-5719,(203) 744-5719,Elizabeth.Parker697@trinity.com,Fargo,ND,North,North,2020-09-11,,,,,,,,,,,,
CUST03352,Westfield Hospital,Scott Taylor,114.078.1366,(114) 078-1366,Scott.Taylor846@westfield.com,Dallas,TX,South,South,2023-04-20,,,,,,,,,,,,
CUST03353,Hilltop Pharmacy,Linda Turner,3942713424,(394) 271-3424,Linda.Turner684@hilltop.com,Milwaukee,WI,North,North,2016-09-01,,,,,,,,,,,,
CUST03354,Cornerstone Community Clinic,Christopher King,571.640.0489,(571) 640-0489,Christopher.King121@cornerstone.com,Atlanta,GA,South,South,2015-12-20,,,,,,,,,,,,
CUST03355,Eastview Hospital,Anthony Walker,6397180120,(639) 718-0120,Anthony.Walker363@eastview.com,Boston,MA,East,East,2021-01-30,,,,,,,,,,,,
CUST03356,Cornerstone Urgent Care Clinic,Ronald Cruz,7567564667,(756) 756-4667,Ronald.Cruz824@cornerstone.com,Denver,CO,West,West,2015-09-25,,,,,,,,,,,,
CUST03357,Cedar Health System,Edward Allen,(169) 403-2422,(169) 403-2422,Edward.Allen761@cedar.com,Tampa,FL,South,South,2017-12-02,,,,,,,,,,,,
CUST03358,Summit Hospital,Kenneth Richardson,214-610-0498,(214) 610-0498,Kenneth.Richardson44@summit.com,Philadelphia,PA,East,East,2011-03-09,,,,,,,,,,,,
CUST03359,Crossroads Urgent Care Clinic,David Morgan,365 146 9059,(365) 146-9059,David.Morgan929@crossroads.com,Billings,MT,North,North,2015-02-02,,,,,,,,,,,,
CUST03360,Trinity Medical Center,Michael Murphy,(900) 578-3410,(900) 578-3410,Michael.Murphy367@trinity.com,Newark,NJ,East,East,2010-10-21,,,,,,,,,,,,
CUST03361,Union Health System,Catherine Martin,451-364-0294,(451) 364-0294,Catherine.Martin705@union.com,Milwaukee,WI,North,North,2010-12-24,,,,,,,,,,,,
CUST03362,Heritage Community Clinic,Deborah Kelly,312 155 9599,(312) 155-9599,Deborah.Kelly794@heritage.com,Hartford,CT,East,East,2013-11-17,,,,,,,,,,,,
CUST03363,Cedar Urgent Care Clinic,Anthony Taylor,(553) 601-8117,(553) 601-8117,Anthony.Taylor562@cedar.com,Sacramento,CA,West,West,2010-12-29,,,,,,,,,,,,
CUST03364,Southport Community Clinic,Christine Turner,(361) 449-1792,(361) 449-1792,Christine.Turner347@southport.com,Tampa,FL,South,South,2011-08-24,,,,,,,,,,,,
CUST03365,Heritage Urgent Care Clinic,Daniel Thomas,(687) 261-1737,(687) 261-1737,Daniel.Thomas384@heritage.com,Minneapolis,MN,Southeast,South,2014-09-08,,,,,,,,,,,,
CUST03366,Eastview Health System,Jessica Sanchez,559-967-3131,(559) 967-3131,Jessica.Sanchez823@eastview.com,Albany,NY,East,East,2011-09-03,,,,,,,,,,,,
CUST03367,Valley Community Clinic,Sandra Ramos,666.291.3621,(666) 291-3621,Sandra.Ramos283@valley.com,Newark,NJ,East,East,2015-10-14,,,,,,,,,,,,
CUST03368,Grace Pharmacy,Steven Edwards,461.205.8498,(461) 205-8498,Steven.Edwards382@grace.com,Minneapolis,MN,North,North,2014-12-07,,,,,,,,,,,,
CUST03369,Northgate Health System,William Cruz,813.353.3369,(813) 353-3369,William.Cruz359@northgate.com,Sacramento,CA,Southeast,South,2012-06-28,,,,,,,,,,,,
CUST03370,Riverside Health System,Pamela Carter,6582554838,(658) 255-4838,Pamela.Carter91@riverside.com,Sioux Falls,SD,North,North,2013-02-28,,,,,,,,,,,,
CUST03371,Union Hospital,Frank Ortiz,073 090 7294,(073) 090-7294,Frank.Ortiz322@union.com,Denver,CO,Southeast,South,2018-09-01,,,,,,,,,,,,
CUST03372,Southport Long-Term Care Facility,Emma Collins,(313) 962-8633,(313) 962-8633,Emma.Collins343@southport.com,Phoenix,AZ,West,West,2016-11-26,,,,,,,,,,,,
CUST03373,Riverside Medical Center,Nancy Rogers,4359393942,(435) 939-3942,Nancy.Rogers847@riverside.com,Minneapolis,MN,North,North,2013-05-06,,,,,,,,,,,,
CUST03374,Heritage Long-Term Care Facility,Ryan Reyes,596.040.2874,(596) 040-2874,Ryan.Reyes937@heritage.com,Fargo,ND,North,North,2010-06-02,,,,,,,,,,,,
CUST03375,Eastview Medical Center,Jennifer Phillips,782.992.4423,(782) 992-4423,Jennifer.Phillips560@eastview.com,Milwaukee,WI,North,North,2021-08-06,,,,,,,,,,,,
CUST03376,Northgate Urgent Care Clinic,Joseph Kim,(960) 626-3823,(960) 626-3823,Joseph.Kim141@northgate.com,New Orleans,LA,South,South,2023-02-16,,,,,,,,,,,,
CUST03377,Hilltop Urgent Care Clinic,Justin White,456.031.8686,(456) 031-8686,Justin.White487@hilltop.com,Portland,OR,West,West,2023-05-27,,,,,,,,,,,,
CUST03378,Beacon Long-Term Care Facility,Larry Hall,(296) 454-8277,(296) 454-8277,Larry.Hall619@beacon.com,Hartford,CT,Midwest,North,2011-10-23,,,,,,,,,,,,
CUST03379,Maple Community Clinic,Nicholas Torres,(364) 477-2911,(364) 477-2911,Nicholas.Torres884@maple.com,Albany,NY,East,East,2016-12-18,,,,,,,,,,,,
CUST03380,Maple Pharmacy,Shirley Cooper,082.319.6172,(082) 319-6172,Shirley.Cooper137@maple.com,Boston,MA,East,East,2024-11-10,,,,,,,,,,,,
CUST03381,Eastview Health System,Larry Mitchell,(180) 455-9128,(180) 455-9128,Larry.Mitchell119@eastview.com,Newark,NJ,East,East,2013-08-13,,,,,,,,,,,,
CUST03382,Hilltop Pharmacy,Ryan Garcia,563.651.8370,(563) 651-8370,Ryan.Garcia727@hilltop.com,Philadelphia,PA,East,East,2013-09-05,,,,,,,,,,,,
CUST03383,Parkview Hospital,Brandon Cruz,682-120-3581,(682) 120-3581,Brandon.Cruz635@parkview.com,Milwaukee,WI,North,North,2024-10-26,,,,,,,,,,,,
CUST03384,Cedar Urgent Care Clinic,George Kim,524-055-8972,(524) 055-8972,George.Kim65@cedar.com,Seattle,WA,West,West,2022-09-30,,,,,,,,,,,,
CUST03385,Beacon Community Clinic,Andrew Rivera,(292) 977-0259,(292) 977-0259,Andrew.Rivera574@beacon.com,Philadelphia,PA,East,East,2017-03-03,,,,,,,,,,,,
CUST03386,Westfield Urgent Care Clinic,Alexander Reed,548 729 1298,(548) 729-1298,Alexander.Reed412@westfield.com,Atlanta,GA,South,South,2020-01-18,,,,,,,,,,,,
CUST03387,Southport Hospital,Melissa Rivera,632 300 1719,(632) 300-1719,Melissa.Rivera897@southport.com,Newark,NJ,East,East,2020-09-12,,,,,,,,,,,,
CUST03388,Trinity Long-Term Care Facility,Jack Carter,(516) 621-5674,(516) 621-5674,Jack.Carter211@trinity.com,Atlanta,GA,South,South,2021-02-21,,,,,,,,,,,,
CUST03389,Hilltop Urgent Care Clinic,Joseph Collins,3663860268,(366) 386-0268,Joseph.Collins342@hilltop.com,Milwaukee,WI,North,North,2021-04-10,,,,,,,,,,,,
CUST03390,Riverside Urgent Care Clinic,Katherine Stewart,(188) 658-5228,(188) 658-5228,Katherine.Stewart400@riverside.com,Newark,NJ,East,East,2012-10-05,,,,,,,,,,,,
CUST03391,Valley Medical Center,Cynthia Brown,(3) 410-5882,(003) 410-5882,Cynthia.Brown861@valley.com,Portland,OR,West,West,2015-04-15,,,,,,,,,,,,
CUST03392,Cedar Urgent Care Clinic,Paul King,4974500970,(497) 450-0970,Paul.King52@cedar.com,Sacramento,CA,West,West,2020-08-08,,,,,,,,,,,,
CUST03393,Cedar Community Clinic,Jeffrey Bailey,461-155-5240,(461) 155-5240,Jeffrey.Bailey828@cedar.com,Tampa,FL,South,South,2014-02-20,,,,,,,,,,,,
CUST03394,Maple Pharmacy,Katherine Thomas,083.953.1169,(083) 953-1169,Katherine.Thomas361@maple.com,Hartford,CT,Northeast,East,2012-11-09,,,,,,,,,,,,
CUST03395,Northgate Hospital,Kathleen Johnson,0896071376,(089) 607-1376,Kathleen.Johnson674@northgate.com,Philadelphia,PA,East,East,2022-07-30,,,,,,,,,,,,
CUST03396,Grace Pharmacy,Catherine Scott,(64) 051-1832,(064) 051-1832,Catherine.Scott23@grace.com,Sioux Falls,SD,Southeast,South,2012-03-07,,,,,,,,,,,,
CUST03397,Westfield Community Clinic,Jack Jackson,043-893-5317,(043) 893-5317,Jack.Jackson885@westfield.com,Albany,NY,East,East,2016-07-10,,,,,,,,,,,,
CUST03398,Maple Medical Center,Catherine Peterson,4113414812,(411) 341-4812,Catherine.Peterson580@maple.com,Philadelphia,PA,East,East,2012-12-27,,,,,,,,,,,,
CUST03399,Grace Long-Term Care Facility,Jason Brown,527.383.9688,(527) 383-9688,Jason.Brown734@grace.com,Hartford,CT,East,East,2019-03-07,,,,,,,,,,,,
CUST03400,Eastview Health System,Nicole Diaz,470 931 9579,(470) 931-9579,Nicole.Diaz339@eastview.com,Boston,MA,East,East,2022-09-05,,,,,,,,,,,,
CUST03401,Valley Pharmacy,Nicholas King,4949307845,(494) 930-7845,Nicholas.King257@valley.com,New Orleans,LA,South,South,2023-05-16,,,,,,,,,,,,
CUST03402,Lakeside Community Clinic,Nicholas Young,(146) 502-8601,(146) 502-8601,Nicholas.Young456@lakeside.com,Atlanta,GA,Southeast,South,2019-03-02,,,,,,,,,,,,
CUST03403,Beacon Long-Term Care Facility,Andrew Collins,(898) 137-8011,(898) 137-8011,Andrew.Collins4@beacon.com,Minneapolis,MN,North,North,2021-05-29,,,,,,,,,,,,
CUST03404,Eastview Community Clinic,Barbara Smith,(325) 672-1195,(325) 672-1195,Barbara.Smith582@eastview.com,Philadelphia,PA,East,East,2016-02-11,,,,,,,,,,,,
CUST03405,Summit Urgent Care Clinic,Mary Smith,821 655 1462,(821) 655-1462,Mary.Smith8@summit.com,Portland,OR,West,West,2021-12-16,,,,,,,,,,,,
CUST03406,Heritage Health System,Edward Howard,143.772.2285,(143) 772-2285,Edward.Howard988@heritage.com,Phoenix,AZ,West,West,2014-04-05,,,,,,,,,,,,
CUST03407,Eastview Pharmacy,Helen Garcia,810 732 7619,(810) 732-7619,Helen.Garcia243@eastview.com,Tampa,FL,South,South,2020-01-15,,,,,,,,,,,,
CUST03408,Parkview Medical Center,Alexander Hall,(537) 593-3585,(537) 593-3585,Alexander.Hall684@parkview.com,Dallas,TX,Northeast,East,2011-07-12,,,,,,,,,,,,
CUST03409,Westfield Community Clinic,David Wilson,(746) 723-9798,(746) 723-9798,David.Wilson538@westfield.com,Albany,NY,East,East,2021-04-28,,,,,,,,,,,,
CUST03410,Maple Hospital,Mark Cruz,059.558.7042,(059) 558-7042,Mark.Cruz931@maple.com,Sioux Falls,SD,North,North,2020-07-04,,,,,,,,,,,,
CUST03411,Cornerstone Medical Center,Katherine Stewart,(254) 966-0702,(254) 966-0702,Katherine.Stewart220@cornerstone.com,Phoenix,AZ,West,West,2021-02-10,,,,,,,,,,,,
CUST03412,Summit Long-Term Care Facility,Alexander White,121 662 9668,(121) 662-9668,Alexander.White490@summit.com,New Orleans,LA,Southeast,South,2015-02-18,,,,,,,,,,,,
CUST03413,Valley Urgent Care Clinic,Nicholas Cox,854.460.6889,(854) 460-6889,Nicholas.Cox624@valley.com,Fargo,ND,North,North,2015-05-14,,,,,,,,,,,,
CUST03414,Cedar Hospital,Jonathan Hall,044 217 9534,(044) 217-9534,Jonathan.Hall427@cedar.com,Milwaukee,WI,North,North,2015-08-25,,,,,,,,,,,,
CUST03415,Mercy Long-Term Care Facility,Gregory Roberts,240 441 6316,(240) 441-6316,Gregory.Roberts787@mercy.com,Fargo,ND,North,North,2016-06-15,,,,,,,,,,,,
CUST03416,Maple Long-Term Care Facility,Jennifer Diaz,379 047 4212,(379) 047-4212,Jennifer.Diaz823@maple.com,Sacramento,CA,Northeast,East,2018-11-08,,,,,,,,,,,,
CUST03417,Mercy Pharmacy,Nicholas Johnson,(690) 289-1708,(690) 289-1708,Nicholas.Johnson450@mercy.com,Billings,MT,North,North,2013-02-26,,,,,,,,,,,,
CUST03418,Summit Urgent Care Clinic,Mark Scott,0877226966,(087) 722-6966,Mark.Scott635@summit.com,Sioux Falls,SD,North,North,2017-01-25,,,,,,,,,,,,
CUST03419,Crossroads Long-Term Care Facility,Stephanie Hall,008 585 4914,(008) 585-4914,Stephanie.Hall70@crossroads.com,Sacramento,CA,Southeast,South,2019-10-18,,,,,,,,,,,,
CUST03420,Cornerstone Medical Center,Linda Howard,1952617186,(195) 261-7186,Linda.Howard441@cornerstone.com,Dallas,TX,South,South,2021-05-01,,,,,,,,,,,,
CUST03421,Hilltop Hospital,Carol Peterson,648 547 1332,(648) 547-1332,Carol.Peterson94@hilltop.com,Dallas,TX,South,South,2023-02-14,,,,,,,,,,,,
CUST03422,Trinity Community Clinic,Joseph Nelson,(130) 043-6256,(130) 043-6256,Joseph.Nelson252@trinity.com,Tampa,FL,South,South,2024-06-07,,,,,,,,,,,,
CUST03423,Beacon Community Clinic,Patricia Rodriguez,(187) 624-0466,(187) 624-0466,Patricia.Rodriguez36@beacon.com,Dallas,TX,South,South,2019-10-02,,,,,,,,,,,,
CUST03424,Cedar Community Clinic,Edward Roberts,618-932-9865,(618) 932-9865,Edward.Roberts793@cedar.com,Hartford,CT,East,East,2012-07-13,,,,,,,,,,,,
CUST03425,Mercy Urgent Care Clinic,Elizabeth Thompson,878 503 7436,(878) 503-7436,Elizabeth.Thompson348@mercy.com,Minneapolis,MN,North,North,2011-06-22,,,,,,,,,,,,
CUST03426,Valley Urgent Care Clinic,Christine Richardson,(891) 241-5212,(891) 241-5212,Christine.Richardson246@valley.com,Sacramento,CA,West,West,2014-10-06,,,,,,,,,,,,
CUST03427,Parkview Health System,Maria Reyes,0328979573,(032) 897-9573,Maria.Reyes377@parkview.com,Dallas,TX,Southeast,South,2019-10-09,,,,,,,,,,,,
CUST03428,Westfield Community Clinic,Angela Roberts,452-072-5940,(452) 072-5940,Angela.Roberts269@westfield.com,Minneapolis,MN,North,North,2023-02-09,,,,,,,,,,,,
CUST03429,Cedar Urgent Care Clinic,Raymond Allen,(984) 552-2554,(984) 552-2554,Raymond.Allen829@cedar.com,Atlanta,GA,South,South,2012-10-23,,,,,,,,,,,,
CUST03430,Crossroads Hospital,Jack Harris,363-255-8613,(363) 255-8613,Jack.Harris950@crossroads.com,Albany,NY,East,East,2024-08-19,,,,,,,,,,,,
CUST03431,Riverside Hospital,Alexander Richardson,311 137 2367,(311) 137-2367,Alexander.Richardson56@riverside.com,Boston,MA,Midwest,North,2021-06-23,,,,,,,,,,,,
CUST03432,Maple Hospital,Margaret Miller,(221) 111-8909,(221) 111-8909,Margaret.Miller520@maple.com,Tampa,FL,South,South,2020-10-24,,,,,,,,,,,,
CUST03433,Cornerstone Health System,Robert Rogers,913-891-9860,(913) 891-9860,Robert.Rogers157@cornerstone.com,Atlanta,GA,South,South,2022-08-08,,,,,,,,,,,,
CUST03434,Trinity Health System,George Cooper,(358) 628-3588,(358) 628-3588,George.Cooper538@trinity.com,Billings,MT,Northeast,East,2020-02-20,,,,,,,,,,,,
CUST03435,Cornerstone Medical Center,Betty Hall,879-024-4644,(879) 024-4644,Betty.Hall958@cornerstone.com,Denver,CO,Southeast,South,2022-11-23,,,,,,,,,,,,
CUST03436,Grace Health System,Karen King,927-029-0754,(927) 029-0754,Karen.King568@grace.com,Hartford,CT,East,East,2023-01-27,,,,,,,,,,,,
CUST03437,Lakeside Health System,Melissa Rogers,8983639159,(898) 363-9159,Melissa.Rogers385@lakeside.com,Fargo,ND,North,North,2019-05-06,,,,,,,,,,,,
CUST03438,Crossroads Community Clinic,Christine Thompson,484-545-3679,(484) 545-3679,Christine.Thompson929@crossroads.com,Fargo,ND,Northeast,East,2019-05-06,,,,,,,,,,,,
CUST03439,Northgate Hospital,Donna Flores,081 175 9661,(081) 175-9661,Donna.Flores676@northgate.com,Philadelphia,PA,East,East,2019-07-05,,,,,,,,,,,,
CUST03440,Mercy Medical Center,Mary Thompson,957.107.0611,(957) 107-0611,Mary.Thompson171@mercy.com,Hartford,CT,Midwest,North,2024-10-10,,,,,,,,,,,,
CUST03441,Union Hospital,Joshua Torres,585 522 9509,(585) 522-9509,Joshua.Torres220@union.com,Sacramento,CA,West,West,2019-10-03,,,,,,,,,,,,
CUST03442,Eastview Pharmacy,Eric Taylor,6181745757,(618) 174-5757,Eric.Taylor443@eastview.com,Hartford,CT,East,East,2024-08-11,,,,,,,,,,,,
CUST03443,Trinity Hospital,Emily Diaz,9730365907,(973) 036-5907,Emily.Diaz449@trinity.com,Minneapolis,MN,North,North,2015-08-17,,,,,,,,,,,,
CUST03444,Northgate Hospital,Sandra Lopez,705.550.1333,(705) 550-1333,Sandra.Lopez786@northgate.com,Albany,NY,East,East,2020-07-16,,,,,,,,,,,,
CUST03445,Summit Community Clinic,Jessica Miller,6318853402,(631) 885-3402,Jessica.Miller126@summit.com,Portland,OR,West,West,2017-06-10,,,,,,,,,,,,
CUST03446,Crossroads Community Clinic,Stephen Torres,231 078 5778,(231) 078-5778,Stephen.Torres429@crossroads.com,Newark,NJ,East,East,2013-03-01,,,,,,,,,,,,
CUST03447,Mercy Pharmacy,Maria Hill,118-668-2726,(118) 668-2726,Maria.Hill48@mercy.com,Newark,NJ,Midwest,North,2011-10-14,,,,,,,,,,,,
CUST03448,Crossroads Long-Term Care Facility,Susan Harris,741 818 2715,(741) 818-2715,Susan.Harris769@crossroads.com,Fargo,ND,North,North,2012-06-20,,,,,,,,,,,,
CUST03449,Eastview Health System,Cynthia Wilson,276.343.9463,(276) 343-9463,Cynthia.Wilson545@eastview.com,New Orleans,LA,South,South,2021-11-09,,,,,,,,,,,,
CUST03450,Heritage Medical Center,Kimberly Collins,7374571472,(737) 457-1472,Kimberly.Collins610@heritage.com,Tampa,FL,South,South,2014-07-14,,,,,,,,,,,,
CUST03451,Beacon Pharmacy,Mark Cruz,367-812-1554,(367) 812-1554,Mark.Cruz252@beacon.com,Sioux Falls,SD,Northeast,East,2023-03-19,,,,,,,,,,,,
CUST03452,Cornerstone Community Clinic,Paul Harris,0414588613,(041) 458-8613,Paul.Harris155@cornerstone.com,Phoenix,AZ,West,West,2015-06-19,,,,,,,,,,,,
CUST03453,Cornerstone Urgent Care Clinic,Karen Rodriguez,877.554.8400,(877) 554-8400,Karen.Rodriguez825@cornerstone.com,Sioux Falls,SD,North,North,2010-01-31,,,,,,,,,,,,
CUST03454,Beacon Long-Term Care Facility,Jeffrey Kelly,857 601 9666,(857) 601-9666,Jeffrey.Kelly210@beacon.com,Denver,CO,West,West,2023-01-16,,,,,,,,,,,,
CUST03455,Valley Health System,Rachel Morgan,360 798 9097,(360) 798-9097,Rachel.Morgan970@valley.com,Denver,CO,West,West,2023-06-10,,,,,,,,,,,,
CUST03456,Valley Community Clinic,Emily Smith,983-381-0136,(983) 381-0136,Emily.Smith520@valley.com,Sioux Falls,SD,North,North,2014-04-14,,,,,,,,,,,,
CUST03457,Beacon Pharmacy,Samuel Nelson,646-744-5632,(646) 744-5632,Samuel.Nelson24@beacon.com,Newark,NJ,East,East,2018-03-13,,,,,,,,,,,,
CUST03458,Grace Urgent Care Clinic,James Brown,488-059-5474,(488) 059-5474,James.Brown131@grace.com,Denver,CO,West,West,2021-12-16,,,,,,,,,,,,
CUST03459,Summit Health System,Ashley Reyes,(371) 424-3880,(371) 424-3880,Ashley.Reyes887@summit.com,Tampa,FL,South,South,2013-12-30,,,,,,,,,,,,
CUST03460,Eastview Community Clinic,Amanda Robinson,409 696 5738,(409) 696-5738,Amanda.Robinson643@eastview.com,New Orleans,LA,South,South,2020-06-09,,,,,,,,,,,,
CUST03461,Maple Urgent Care Clinic,Paul Murphy,159-805-6022,(159) 805-6022,Paul.Murphy668@maple.com,Atlanta,GA,Northeast,East,2010-10-18,,,,,,,,,,,,
CUST03462,Valley Hospital,Jason Scott,378 006 8409,(378) 006-8409,Jason.Scott152@valley.com,Milwaukee,WI,North,North,2022-11-02,,,,,,,,,,,,
CUST03463,Southport Long-Term Care Facility,Rachel Ramos,793.200.8224,(793) 200-8224,Rachel.Ramos125@southport.com,Philadelphia,PA,East,East,2014-12-07,,,,,,,,,,,,
CUST03464,Grace Pharmacy,Emily Gonzalez,5704193640,(570) 419-3640,Emily.Gonzalez384@grace.com,Minneapolis,MN,North,North,2012-06-12,,,,,,,,,,,,
CUST03465,Crossroads Pharmacy,Matthew Lee,132-950-1023,(132) 950-1023,Emma.Stewart402@hilltop.com,Atlanta,GA,South,South,2012-09-18,,,,,,,,,,,,
CUST03466,Cornerstone Hospital,Janet Wright,(814) 273-5022,(814) 273-5022,Janet.Wright801@cornerstone.com,New Orleans,LA,South,South,2023-11-08,,,,,,,,,,,,
CUST03467,Grace Pharmacy,Nicholas Hill,1995321059,(199) 532-1059,Nicholas.Hill679@grace.com,Minneapolis,MN,North,North,2014-01-07,,,,,,,,,,,,
CUST03468,Heritage Long-Term Care Facility,Barbara Morales,(351) 941-9979,(351) 941-9979,Barbara.Morales417@heritage.com,Fargo,ND,North,North,2015-06-02,,,,,,,,,,,,
CUST03469,Maple Pharmacy,Pamela Gutierrez,316 701 4104,(316) 701-4104,Pamela.Gutierrez141@maple.com,Minneapolis,MN,North,North,2010-08-13,,,,,,,,,,,,
CUST03470,Eastview Medical Center,Samuel Reed,009-832-7365,(009) 832-7365,Samuel.Reed997@eastview.com,Boston,MA,East,East,2014-08-03,,,,,,,,,,,,
CUST03471,Parkview Health System,Elizabeth Jackson,2056567916,(205) 656-7916,Elizabeth.Jackson476@parkview.com,Tampa,FL,South,South,2023-10-29,,,,,,,,,,,,
CUST03472,Eastview Urgent Care Clinic,Jennifer Collins,5972533249,(597) 253-3249,Jennifer.Collins684@eastview.com,Minneapolis,MN,North,North,2014-06-08,,,,,,,,,,,,
CUST03473,Grace Pharmacy,Jennifer Wright,861.920.2285,(861) 920-2285,Jennifer.Wright15@grace.com,Denver,CO,West,West,2013-03-05,,,,,,,,,,,,
CUST03474,Cedar Medical Center,Kimberly Gutierrez,(845) 015-6225,(845) 015-6225,Kimberly.Gutierrez118@cedar.com,Phoenix,AZ,West,West,2023-12-21,,,,,,,,,,,,
CUST03475,Riverside Long-Term Care Facility,Maria Parker,982 781 4705,(982) 781-4705,Maria.Parker309@riverside.com,Sacramento,CA,West,West,2023-09-28,,,,,,,,,,,,
CUST03476,Parkview Long-Term Care Facility,Mark Harris,126.981.5334,(126) 981-5334,Mark.Harris558@parkview.com,Sioux Falls,SD,North,North,2016-09-05,,,,,,,,,,,,
CUST03477,Northgate Long-Term Care Facility,Nicholas Baker,(697) 883-3102,(697) 883-3102,Nicholas.Baker705@northgate.com,Billings,MT,North,North,2013-06-05,,,,,,,,,,,,
CUST03478,Mercy Pharmacy,Catherine Ward,803.440.5856,(803) 440-5856,Catherine.Ward834@mercy.com,Portland,OR,West,West,2018-03-06,,,,,,,,,,,,
CUST03479,Cornerstone Pharmacy,Emily Green,950.444.9209,(950) 444-9209,Emily.Green375@cornerstone.com,Portland,OR,West,West,2016-01-24,,,,,,,,,,,,
CUST03480,Cedar Health System,Charles Richardson,179-494-4228,(179) 494-4228,Charles.Richardson651@cedar.com,New Orleans,LA,South,South,2022-11-10,,,,,,,,,,,,
CUST03481,Crossroads Urgent Care Clinic,Jeffrey Morgan,963.049.5509,(963) 049-5509,Jeffrey.Morgan668@crossroads.com,Portland,OR,West,West,2018-07-09,,,,,,,,,,,,
CUST03482,Westfield Community Clinic,Susan Thomas,828-105-9251,(828) 105-9251,Susan.Thomas892@westfield.com,Sioux Falls,SD,North,North,2021-04-21,,,,,,,,,,,,
CUST03483,Westfield Health System,Michael Nguyen,(116) 655-6363,(116) 655-6363,Michael.Nguyen841@westfield.com,Seattle,WA,West,West,2014-05-03,,,,,,,,,,,,
CUST03484,Union Hospital,Catherine Cruz,4075569414,(407) 556-9414,Catherine.Cruz216@union.com,Minneapolis,MN,North,North,2017-08-18,,,,,,,,,,,,
CUST03485,Summit Health System,Rachel Gomez,2577416165,(257) 741-6165,Rachel.Gomez770@summit.com,New Orleans,LA,South,South,2017-01-28,,,,,,,,,,,,
CUST03486,Grace Medical Center,Edward Kelly,(365) 586-1711,(365) 586-1711,Edward.Kelly844@grace.com,Albany,NY,East,East,2019-03-03,,,,,,,,,,,,
CUST03487,Cornerstone Medical Center,Daniel Cook,(249) 623-4436,(249) 623-4436,Daniel.Cook931@cornerstone.com,Denver,CO,West,West,2017-01-29,,,,,,,,,,,,
CUST03488,Mercy Pharmacy,Carolyn Young,379-477-4173,(379) 477-4173,Carolyn.Young425@mercy.com,Seattle,WA,West,West,2011-04-03,,,,,,,,,,,,
CUST03489,Lakeside Pharmacy,Alexander Gonzalez,(760) 534-5035,(760) 534-5035,Alexander.Gonzalez439@lakeside.com,Denver,CO,West,West,2024-11-16,,,,,,,,,,,,
CUST03490,Mercy Community Clinic,James Gutierrez,8061846487,(806) 184-6487,James.Gutierrez685@mercy.com,Hartford,CT,East,East,2018-04-27,,,,,,,,,,,,
CUST03491,Parkview Long-Term Care Facility,Charles Murphy,036-324-2866,(036) 324-2866,Charles.Murphy101@parkview.com,Portland,OR,West,West,2023-12-11,,,,,,,,,,,,
CUST03492,Summit Community Clinic,Christopher Murphy,6566739060,(656) 673-9060,Christopher.Murphy697@summit.com,Sioux Falls,SD,North,North,2021-02-05,,,,,,,,,,,,
CUST03493,Valley Long-Term Care Facility,Steven Brown,7614766571,(761) 476-6571,Steven.Brown920@valley.com,Birmingham,AL,South,South,2013-07-05,,,,,,,,,,,,
CUST03494,Grace Hospital,Laura Wright,4945724491,(494) 572-4491,Laura.Wright551@grace.com,Milwaukee,WI,North,North,2014-02-15,,,,,,,,,,,,
CUST03495,Maple Medical Center,Katherine Williams,(99) 578-1833,(099) 578-1833,Katherine.Williams503@maple.com,Hartford,CT,East,East,2010-04-13,,,,,,,,,,,,
CUST03496,Southport Hospital,Jonathan Sanchez,(670) 533-0851,(670) 533-0851,Jonathan.Sanchez557@southport.com,Fargo,ND,North,North,2018-08-24,,,,,,,,,,,,
CUST03497,Grace Pharmacy,Brenda Ramos,(989) 569-1103,(989) 569-1103,Brenda.Ramos452@grace.com,Seattle,WA,West,West,2018-01-15,,,,,,,,,,,,
CUST03498,Grace Health System,Samuel Gonzalez,040 441 6166,(040) 441-6166,Samuel.Gonzalez207@grace.com,New Orleans,LA,South,South,2010-01-30,,,,,,,,,,,,
CUST03499,Northgate Medical Center,Kenneth Morris,(396) 104-8088,(396) 104-8088,Kenneth.Morris917@northgate.com,Philadelphia,PA,East,East,2015-11-17,,,,,,,,,,,,
CUST03500,Cornerstone Long-Term Care Facility,Scott Kim,(402) 493-8713,(402) 493-8713,Scott.Kim777@cornerstone.com,Portland,OR,West,West,2013-03-11,,,,,,,,,,,,
CUST03501,Cornerstone Medical Center,Nicole Kim,(445) 890-5730,(445) 890-5730,Nicole.Kim331@cornerstone.com,Tampa,FL,South,South,2012-12-19,,,,,,,,,,,,
CUST03502,Cedar Medical Center,Melissa Anderson,(782) 456-6363,(782) 456-6363,Melissa.Anderson142@cedar.com,Philadelphia,PA,East,East,2021-08-05,,,,,,,,,,,,
CUST03503,Trinity Pharmacy,Benjamin Young,(631) 733-3856,(631) 733-3856,Benjamin.Young404@trinity.com,Birmingham,AL,South,South,2022-10-23,,,,,,,,,,,,
CUST03504,Union Long-Term Care Facility,Daniel Sanchez,(15) 034-3162,(015) 034-3162,Daniel.Sanchez745@union.com,Sacramento,CA,West,West,2017-03-20,,,,,,,,,,,,
CUST03505,Valley Medical Center,Thomas Rodriguez,(335) 712-0574,(335) 712-0574,Thomas.Rodriguez225@valley.com,Milwaukee,WI,North,North,2024-05-09,,,,,,,,,,,,
CUST03506,Trinity Health System,Michelle Adams,8972870245,(897) 287-0245,Michelle.Adams902@trinity.com,Sioux Falls,SD,North,North,2015-03-26,,,,,,,,,,,,
CUST03507,Lakeside Pharmacy,Michelle King,0700960896,(070) 096-0896,Michelle.King234@lakeside.com,Phoenix,AZ,West,West,2024-06-14,,,,,,,,,,,,
CUST03508,Cornerstone Urgent Care Clinic,Frank Hernandez,7161563360,(716) 156-3360,Frank.Hernandez18@cornerstone.com,Tampa,FL,South,South,2011-10-08,,,,,,,,,,,,
CUST03509,Southport Long-Term Care Facility,Brenda Lopez,(036) 726-8473,(036) 726-8473,Brenda.Lopez421@southport.com,Atlanta,GA,Northeast,East,2023-05-04,,,,,,,,,,,,
CUST03510,Northgate Pharmacy,Sarah Nguyen,420.628.9580,(420) 628-9580,Sarah.Nguyen915@northgate.com,Albany,NY,East,East,2022-06-09,,,,,,,,,,,,
CUST03511,Maple Urgent Care Clinic,Brian Ortiz,(839) 211-4367,(839) 211-4367,Brian.Ortiz463@maple.com,Sioux Falls,SD,North,North,2015-03-30,,,,,,,,,,,,
CUST03512,Eastview Hospital,Jacob Johnson,766-829-3007,(766) 829-3007,Jacob.Johnson246@eastview.com,Phoenix,AZ,West,West,2021-04-30,,,,,,,,,,,,
CUST03513,Hilltop Medical Center,Andrew Wright,(438) 508-8257,(438) 508-8257,Andrew.Wright922@hilltop.com,Boston,MA,East,East,2017-07-24,,,,,,,,,,,,
CUST03514,Mercy Long-Term Care Facility,Brenda Garcia,588-742-1094,(588) 742-1094,Brenda.Garcia357@mercy.com,Newark,NJ,East,East,2016-04-25,,,,,,,,,,,,
CUST03515,Parkview Community Clinic,Mark Kelly,301 860 8075,(301) 860-8075,Mark.Kelly235@parkview.com,Hartford,CT,East,East,2024-10-17,,,,,,,,,,,,
CUST03516,Cornerstone Community Clinic,Jason Nelson,(600) 427-0983,(600) 427-0983,Jason.Nelson299@cornerstone.com,Boston,MA,East,East,2021-10-15,,,,,,,,,,,,
CUST03517,Cornerstone Community Clinic,Stephanie Murphy,380 536 3471,(380) 536-3471,Stephanie.Murphy515@cornerstone.com,Newark,NJ,East,East,2010-11-30,,,,,,,,,,,,
CUST03518,Parkview Urgent Care Clinic,Susan Torres,(445) 292-5824,(445) 292-5824,Susan.Torres560@parkview.com,Fargo,ND,North,North,2010-02-24,,,,,,,,,,,,
CUST03519,Parkview Health System,Rebecca Kim,(189) 310-5876,(189) 310-5876,Rebecca.Kim747@parkview.com,Philadelphia,PA,East,East,2015-10-07,,,,,,,,,,,,
CUST03520,Grace Long-Term Care Facility,Debra Thomas,165.714.1787,(165) 714-1787,Debra.Thomas31@grace.com,Billings,MT,North,North,2017-05-01,,,,,,,,,,,,
CUST03521,Trinity Medical Center,Sandra Nelson,246.302.5786,(246) 302-5786,Carolyn.Lee640@parkview.com,Atlanta,GA,South,South,2022-05-17,,,,,,,,,,,,
CUST03522,Trinity Medical Center,David Rivera,6032112458,(603) 211-2458,David.Rivera901@trinity.com,Phoenix,AZ,West,West,2016-02-29,,,,,,,,,,,,
CUST03523,Beacon Medical Center,Jack Turner,1851996832,(185) 199-6832,Jack.Turner965@beacon.com,Philadelphia,PA,East,East,2013-03-02,,,,,,,,,,,,
CUST03524,Heritage Long-Term Care Facility,Alexander Cox,371-059-6023,(371) 059-6023,Alexander.Cox522@heritage.com,Billings,MT,North,North,2010-06-16,,,,,,,,,,,,
CUST03525,Parkview Urgent Care Clinic,Brian Kelly,224-375-8116,(224) 375-8116,Brian.Kelly400@parkview.com,Atlanta,GA,South,South,2023-10-12,,,,,,,,,,,,
CUST03526,Parkview Long-Term Care Facility,Betty Ortiz,(147) 771-6315,(147) 771-6315,Betty.Ortiz52@parkview.com,Billings,MT,North,North,2023-04-28,,,,,,,,,,,,
CUST03527,Grace Long-Term Care Facility,Janet Scott,611 891 9283,(611) 891-9283,Janet.Scott792@grace.com,Birmingham,AL,South,South,2016-01-09,,,,,,,,,,,,
CUST03528,Summit Pharmacy,Shirley Green,(358) 897-4354,(358) 897-4354,Shirley.Green794@summit.com,Sacramento,CA,West,West,2022-04-22,,,,,,,,,,,,
CUST03529,Valley Urgent Care Clinic,Kenneth Robinson,5492876756,(549) 287-6756,Kenneth.Robinson769@valley.com,Fargo,ND,North,North,2021-09-05,,,,,,,,,,,,
CUST03530,Trinity Medical Center,Ronald Hill,392-413-3733,(392) 413-3733,Ronald.Hill860@trinity.com,Fargo,ND,North,North,2011-03-02,,,,,,,,,,,,
CUST03531,Maple Health System,Justin Wilson,(902) 084-2735,(902) 084-2735,Justin.Wilson586@maple.com,Philadelphia,PA,East,East,2012-11-12,,,,,,,,,,,,
CUST03532,Union Pharmacy,Frank Rogers,448-296-1205,(448) 296-1205,Frank.Rogers459@union.com,Denver,CO,West,West,2010-08-13,,,,,,,,,,,,
CUST03533,Maple Pharmacy,Donna Lewis,465.212.2562,(465) 212-2562,Donna.Lewis473@maple.com,Sioux Falls,SD,North,North,2019-04-22,,,,,,,,,,,,
CUST03534,Summit Long-Term Care Facility,Michael Rodriguez,5456670370,(545) 667-0370,Alexander.Lewis434@heritage.com,Dallas,TX,South,South,2011-02-23,,,,,,,,,,,,
CUST03535,Mercy Health System,Barbara Wilson,5388257843,(538) 825-7843,Barbara.Wilson487@mercy.com,Boston,MA,East,East,2024-07-06,,,,,,,,,,,,
CUST03536,Cedar Long-Term Care Facility,Stephen Ramos,178.188.7581,(178) 188-7581,Stephen.Ramos808@cedar.com,Boston,MA,East,East,2012-09-06,,,,,,,,,,,,
CUST03537,Trinity Health System,Brian Phillips,(784) 087-1957,(784) 087-1957,Brian.Phillips849@trinity.com,Atlanta,GA,South,South,2013-12-19,,,,,,,,,,,,
CUST03538,Maple Long-Term Care Facility,Nicole Jones,471.940.6568,(471) 940-6568,Nicole.Jones830@maple.com,Minneapolis,MN,North,North,2011-03-28,,,,,,,,,,,,
CUST03539,Parkview Hospital,Margaret Stewart,146-391-0274,(146) 391-0274,Margaret.Stewart816@parkview.com,Billings,MT,North,North,2021-05-10,,,,,,,,,,,,
CUST03540,Parkview Hospital,Carolyn Lee,147 012 6056,(147) 012-6056,Carolyn.Lee640@parkview.com,Seattle,WA,West,West,2012-11-21,,,,,,,,,,,,
CUST03541,Grace Medical Center,Patricia Jackson,013-421-4876,(013) 421-4876,Patricia.Jackson722@grace.com,Atlanta,GA,South,South,2023-04-13,,,,,,,,,,,,
CUST03542,Grace Health System,William Harris,(31) 968-8535,(031) 968-8535,William.Harris758@grace.com,New Orleans,LA,Midwest,North,2017-10-31,,,,,,,,,,,,
CUST03543,Valley Health System,Eric Murphy,(478) 882-4591,(478) 882-4591,Eric.Murphy547@valley.com,Seattle,WA,West,West,2012-07-13,,,,,,,,,,,,
CUST03544,Northgate Community Clinic,Carolyn Collins,723 288 2392,(723) 288-2392,Carolyn.Collins328@northgate.com,New Orleans,LA,South,South,2016-11-13,,,,,,,,,,,,
CUST03545,Northgate Pharmacy,Donna Anderson,544-054-7553,(544) 054-7553,Donna.Anderson944@northgate.com,Sacramento,CA,West,West,2014-07-09,,,,,,,,,,,,
CUST03546,Beacon Medical Center,Ryan Rogers,(499) 141-0717,(499) 141-0717,Ryan.Rogers579@beacon.com,Sioux Falls,SD,Northeast,East,2019-06-09,,,,,,,,,,,,
CUST03547,Mercy Medical Center,Sandra Reyes,045.457.9427,(045) 457-9427,Sandra.Reyes220@mercy.com,Birmingham,AL,South,South,2020-03-14,,,,,,,,,,,,
CUST03548,Valley Hospital,Timothy Ramos,372-444-9712,(372) 444-9712,Timothy.Ramos323@valley.com,Denver,CO,West,West,2011-08-22,,,,,,,,,,,,
CUST03549,Southport Urgent Care Clinic,Michael Moore,009 125 8534,(009) 125-8534,Michael.Moore616@southport.com,Denver,CO,West,West,2020-11-12,,,,,,,,,,,,
CUST03550,Crossroads Pharmacy,Emma Gomez,(970) 640-1374,(970) 640-1374,Emma.Gomez854@crossroads.com,Newark,NJ,East,East,2021-03-18,,,,,,,,,,,,
CUST03551,Summit Health System,Ashley Anderson,692 461 0599,(692) 461-0599,Ashley.Anderson559@summit.com,Seattle,WA,West,West,2010-07-08,,,,,,,,,,,,
CUST03552,Westfield Urgent Care Clinic,Linda Young,0505159490,(050) 515-9490,Linda.Young957@westfield.com,Denver,CO,West,West,2017-05-28,,,,,,,,,,,,
CUST03553,Valley Medical Center,George Young,105 009 1719,(105) 009-1719,George.Young452@valley.com,Sacramento,CA,West,West,2013-05-07,,,,,,,,,,,,
CUST03554,Maple Health System,Gregory Ramirez,408.988.4797,(408) 988-4797,Gregory.Ramirez77@maple.com,Phoenix,AZ,West,West,2012-08-20,,,,,,,,,,,,
CUST03555,Westfield Urgent Care Clinic,Jennifer Ramos,(339) 828-8367,(339) 828-8367,Jennifer.Ramos467@westfield.com,Albany,NY,East,East,2015-08-28,,,,,,,,,,,,
CUST03556,Maple Long-Term Care Facility,Rachel Harris,875 719 8872,(875) 719-8872,Rachel.Harris54@maple.com,Denver,CO,West,West,2019-11-07,,,,,,,,,,,,
CUST03557,Mercy Urgent Care Clinic,Christopher Perez,165-841-3009,(165) 841-3009,Christopher.Perez23@mercy.com,Denver,CO,West,West,2019-02-23,,,,,,,,,,,,
CUST03558,Grace Urgent Care Clinic,David Brown,672 983 6194,(672) 983-6194,David.Brown186@grace.com,Dallas,TX,South,South,2021-04-14,,,,,,,,,,,,
CUST03559,Valley Community Clinic,Brian Wilson,(802) 649-2803,(802) 649-2803,Brian.Wilson644@valley.com,Seattle,WA,West,West,2013-08-13,,,,,,,,,,,,
CUST03560,Trinity Hospital,Anna Wilson,7292578363,(729) 257-8363,Anna.Wilson131@trinity.com,Hartford,CT,Southeast,South,2014-12-28,,,,,,,,,,,,
CUST03561,Union Pharmacy,Amy Ramirez,(260) 011-8123,(260) 011-8123,Amy.Ramirez538@union.com,Atlanta,GA,South,South,2021-10-21,,,,,,,,,,,,
CUST03562,Heritage Long-Term Care Facility,John Cruz,(212) 436-5210,(212) 436-5210,John.Cruz822@heritage.com,Minneapolis,MN,North,North,2024-04-29,,,,,,,,,,,,
CUST03563,Union Urgent Care Clinic,Patricia Rogers,(9) 911-9715,(009) 911-9715,Patricia.Rogers823@union.com,Dallas,TX,South,South,2018-05-02,,,,,,,,,,,,
CUST03564,Maple Community Clinic,Nicholas Collins,504-122-5011,(504) 122-5011,Nicholas.Collins797@maple.com,Minneapolis,MN,North,North,2017-06-08,,,,,,,,,,,,
CUST03565,Crossroads Pharmacy,Nicole Gonzalez,(39) 097-3807,(039) 097-3807,Nicole.Gonzalez292@crossroads.com,Birmingham,AL,South,South,2023-07-29,,,,,,,,,,,,
CUST03566,Hilltop Hospital,Jason Rodriguez,514.146.8817,(514) 146-8817,Jason.Rodriguez44@hilltop.com,Billings,MT,Southeast,South,2022-09-11,,,,,,,,,,,,
CUST03567,Heritage Urgent Care Clinic,Jacob Ward,359.127.5362,(359) 127-5362,Jacob.Ward633@heritage.com,Tampa,FL,South,South,2011-04-04,,,,,,,,,,,,
CUST03568,Valley Urgent Care Clinic,Sharon Harris,475 091 7835,(475) 091-7835,Sharon.Harris941@valley.com,Atlanta,GA,South,South,2024-07-03,,,,,,,,,,,,
CUST03569,Eastview Medical Center,Jacob Williams,(588) 118-5577,(588) 118-5577,Jacob.Williams454@eastview.com,Fargo,ND,North,North,2020-02-15,,,,,,,,,,,,
CUST03570,Hilltop Urgent Care Clinic,Jacob Clark,(710) 610-4203,(710) 610-4203,Jacob.Clark944@hilltop.com,Phoenix,AZ,West,West,2017-10-29,,,,,,,,,,,,
CUST03571,Heritage Hospital,Joseph Diaz,8159780078,(815) 978-0078,Joseph.Diaz620@heritage.com,Denver,CO,West,West,2010-01-06,,,,,,,,,,,,
CUST03572,Crossroads Pharmacy,Donald Ramos,755.074.8144,(755) 074-8144,Donald.Ramos269@crossroads.com,Newark,NJ,East,East,2016-04-18,,,,,,,,,,,,
CUST03573,Beacon Medical Center,Matthew Scott,639-519-8138,(639) 519-8138,Matthew.Scott937@beacon.com,Birmingham,AL,South,South,2023-10-23,,,,,,,,,,,,
CUST03574,Westfield Community Clinic,Jonathan Richardson,299.277.7713,(299) 277-7713,Jonathan.Richardson620@westfield.com,Fargo,ND,North,North,2024-07-07,,,,,,,,,,,,
CUST03575,Maple Medical Center,Debra Ortiz,1137871879,(113) 787-1879,Debra.Ortiz657@maple.com,Sacramento,CA,Northeast,East,2022-12-27,,,,,,,,,,,,
CUST03576,Cornerstone Hospital,Lisa Nelson,7725840090,(772) 584-0090,Lisa.Nelson27@cornerstone.com,Dallas,TX,South,South,2023-02-19,,,,,,,,,,,,
CUST03577,Eastview Long-Term Care Facility,Christopher Cook,050 689 0255,(050) 689-0255,Christopher.Cook534@eastview.com,Phoenix,AZ,West,West,2023-05-24,,,,,,,,,,,,
CUST03578,Northgate Medical Center,Susan Murphy,704 190 2416,(704) 190-2416,Susan.Murphy459@northgate.com,Denver,CO,West,West,2013-01-24,,,,,,,,,,,,
CUST03579,Hilltop Hospital,Andrew Edwards,5330192518,(533) 019-2518,Andrew.Edwards21@hilltop.com,Seattle,WA,Northeast,East,2015-10-18,,,,,,,,,,,,
CUST03580,Mercy Health System,Margaret Stewart,(137) 447-1565,(137) 447-1565,Margaret.Stewart102@mercy.com,Albany,NY,East,East,2017-04-03,,,,,,,,,,,,
CUST03581,Riverside Community Clinic,Charles Wilson,(838) 268-2012,(838) 268-2012,Charles.Wilson933@riverside.com,Sioux Falls,SD,North,North,2017-02-23,,,,,,,,,,,,
CUST03582,Summit Long-Term Care Facility,Cynthia Jackson,(679) 575-7186,(679) 575-7186,Cynthia.Jackson377@summit.com,Seattle,WA,Midwest,North,2010-05-09,,,,,,,,,,,,
CUST03583,Riverside Long-Term Care Facility,Brian Wilson,658 794 9231,(658) 794-9231,Brian.Wilson113@riverside.com,Denver,CO,West,West,2010-03-07,,,,,,,,,,,,
CUST03584,Heritage Community Clinic,Patrick Anderson,1357190936,(135) 719-0936,Patrick.Anderson496@heritage.com,Sioux Falls,SD,North,North,2019-03-09,,,,,,,,,,,,
CUST03585,Crossroads Urgent Care Clinic,Alexander Davis,376.061.7125,(376) 061-7125,Alexander.Davis914@crossroads.com,Billings,MT,North,North,2020-02-10,,,,,,,,,,,,
CUST03586,Heritage Urgent Care Clinic,Paul Flores,178 264 0834,(178) 264-0834,Paul.Flores213@heritage.com,Hartford,CT,East,East,2016-02-28,,,,,,,,,,,,
CUST03587,Valley Pharmacy,Rachel Young,108 771 7566,(108) 771-7566,Rachel.Young321@valley.com,Philadelphia,PA,East,East,2020-12-26,,,,,,,,,,,,
CUST03588,Riverside Health System,Sandra Cruz,832.007.3865,(832) 007-3865,Sandra.Cruz4@riverside.com,New Orleans,LA,Southeast,South,2012-05-14,,,,,,,,,,,,
CUST03589,Summit Pharmacy,Frank Lewis,(897) 224-9761,(897) 224-9761,Frank.Lewis318@summit.com,Denver,CO,West,West,2021-12-31,,,,,,,,,,,,
CUST03590,Hilltop Medical Center,Angela Wilson,098.624.5311,(098) 624-5311,Angela.Wilson559@hilltop.com,Sacramento,CA,Northeast,East,2013-02-15,,,,,,,,,,,,
CUST03591,Grace Long-Term Care Facility,George Cooper,7106846665,(710) 684-6665,George.Cooper257@grace.com,Newark,NJ,East,East,2010-09-24,,,,,,,,,,,,
CUST03592,Valley Urgent Care Clinic,Christopher Hernandez,(749) 736-4567,(749) 736-4567,Christopher.Hernandez720@valley.com,Minneapolis,MN,North,North,2013-08-18,,,,,,,,,,,,
CUST03593,Beacon Urgent Care Clinic,Ashley Howard,(415) 572-1319,(415) 572-1319,Ashley.Howard388@beacon.com,Phoenix,AZ,West,West,2021-10-14,,,,,,,,,,,,
CUST03594,Cornerstone Hospital,Samuel Martinez,(829) 767-2207,(829) 767-2207,Samuel.Martinez221@cornerstone.com,Milwaukee,WI,North,North,2018-03-17,,,,,,,,,,,,
CUST03595,Southport Pharmacy,Amy Scott,9494927836,(949) 492-7836,Amy.Scott304@southport.com,Birmingham,AL,South,South,2020-12-30,,,,,,,,,,,,
CUST03596,Valley Hospital,Rachel Phillips,9554968472,(955) 496-8472,Rachel.Phillips44@valley.com,Philadelphia,PA,East,East,2015-11-05,,,,,,,,,,,,
CUST03597,Valley Pharmacy,Justin Carter,716-994-4428,(716) 994-4428,Justin.Carter219@valley.com,Sioux Falls,SD,North,North,2013-11-23,,,,,,,,,,,,
CUST03598,Hilltop Urgent Care Clinic,Barbara Roberts,955-471-2007,(955) 471-2007,Barbara.Roberts569@hilltop.com,Minneapolis,MN,North,North,2010-12-16,,,,,,,,,,,,
CUST03599,Lakeside Health System,Samantha Reed,239-977-6753,(239) 977-6753,Samantha.Reed581@lakeside.com,Denver,CO,West,West,2022-01-12,,,,,,,,,,,,
CUST03600,Cornerstone Hospital,Janet Flores,599 058 8419,(599) 058-8419,Janet.Flores526@cornerstone.com,Billings,MT,North,North,2014-02-11,,,,,,,,,,,,
CUST03601,Trinity Urgent Care Clinic,Helen Ramirez,8034670061,(803) 467-0061,Helen.Ramirez553@trinity.com,Albany,NY,Midwest,North,2015-12-14,,,,,,,,,,,,
CUST03602,Southport Medical Center,Thomas Moore,(637) 072-1850,(637) 072-1850,Thomas.Moore403@southport.com,Minneapolis,MN,North,North,2011-06-16,,,,,,,,,,,,
CUST03603,Southport Medical Center,Michelle Davis,649-859-0175,(649) 859-0175,Michelle.Davis716@southport.com,Albany,NY,East,East,2010-03-06,,,,,,,,,,,,
CUST03604,Parkview Pharmacy,Elizabeth Campbell,(357) 814-1277,(357) 814-1277,Elizabeth.Campbell246@parkview.com,Philadelphia,PA,Midwest,North,2014-05-05,,,,,,,,,,,,
CUST03605,Hilltop Health System,Emily Garcia,9291238118,(929) 123-8118,Emily.Garcia57@hilltop.com,New Orleans,LA,South,South,2021-02-13,,,,,,,,,,,,
CUST03606,Southport Urgent Care Clinic,Sarah Ramos,4323760356,(432) 376-0356,Sarah.Ramos286@southport.com,Birmingham,AL,South,South,2016-02-19,,,,,,,,,,,,
CUST03607,Westfield Hospital,Donald Lee,264 728 3334,(264) 728-3334,Donald.Lee648@westfield.com,Seattle,WA,West,West,2018-06-30,,,,,,,,,,,,
CUST03608,Northgate Pharmacy,Elizabeth Collins,756 175 8344,(756) 175-8344,Elizabeth.Collins225@northgate.com,Atlanta,GA,South,South,2010-07-27,,,,,,,,,,,,
CUST03609,Crossroads Health System,Helen Murphy,924.241.2963,(924) 241-2963,Helen.Murphy380@crossroads.com,Billings,MT,North,North,2013-08-11,,,,,,,,,,,,
CUST03610,Crossroads Hospital,Sandra Evans,(397) 498-0092,(397) 498-0092,Sandra.Evans454@crossroads.com,Atlanta,GA,Midwest,North,2019-11-04,,,,,,,,,,,,
CUST03611,Mercy Health System,Gary Jackson,549-444-4297,(549) 444-4297,Gary.Jackson439@mercy.com,Fargo,ND,North,North,2022-08-11,,,,,,,,,,,,
CUST03612,Valley Hospital,Amanda Lopez,(483) 375-5737,(483) 375-5737,Amanda.Lopez238@valley.com,Atlanta,GA,South,South,2023-04-30,,,,,,,,,,,,
CUST03613,Cedar Hospital,John Rivera,1264569675,(126) 456-9675,John.Rivera490@cedar.com,Sioux Falls,SD,North,North,2012-05-27,,,,,,,,,,,,
CUST03614,Hilltop Long-Term Care Facility,Robert Thomas,183.333.5625,(183) 333-5625,Robert.Thomas211@hilltop.com,Fargo,ND,North,North,2017-07-09,,,,,,,,,,,,
CUST03615,Heritage Long-Term Care Facility,Katherine Taylor,034 113 7320,(034) 113-7320,Katherine.Taylor136@heritage.com,Albany,NY,East,East,2010-09-20,,,,,,,,,,,,
CUST03616,Parkview Pharmacy,Amy Williams,(260) 686-8663,(260) 686-8663,Amy.Williams640@parkview.com,New Orleans,LA,South,South,2023-12-18,,,,,,,,,,,,
CUST03617,Westfield Medical Center,Kevin Kelly,(987) 568-1929,(987) 568-1929,Kevin.Kelly801@westfield.com,Seattle,WA,West,West,2011-10-25,,,,,,,,,,,,
CUST03618,Riverside Pharmacy,Deborah Harris,4938350932,(493) 835-0932,Deborah.Harris132@riverside.com,New Orleans,LA,South,South,2023-11-09,,,,,,,,,,,,
CUST03619,Grace Community Clinic,Donald Kim,320-130-6533,(320) 130-6533,Donald.Kim708@grace.com,Hartford,CT,East,East,2018-10-17,,,,,,,,,,,,
CUST03620,Beacon Long-Term Care Facility,Kevin Cox,6641151644,(664) 115-1644,Kevin.Cox896@beacon.com,Minneapolis,MN,North,North,2013-04-21,,,,,,,,,,,,
CUST03621,Beacon Hospital,Andrew Collins,(978) 269-0080,(978) 269-0080,Andrew.Collins4@beacon.com,Portland,OR,West,West,2014-06-20,,,,,,,,,,,,
CUST03622,Valley Hospital,Ashley Thomas,8884391349,(888) 439-1349,Ashley.Thomas903@valley.com,Sacramento,CA,West,West,2010-06-25,,,,,,,,,,,,
CUST03623,Northgate Urgent Care Clinic,John Hernandez,9044282361,(904) 428-2361,John.Hernandez22@northgate.com,Dallas,TX,South,South,2024-11-20,,,,,,,,,,,,
CUST03624,Hilltop Health System,Sharon Miller,(382) 121-0151,(382) 121-0151,Sharon.Miller872@hilltop.com,New Orleans,LA,South,South,2023-06-13,,,,,,,,,,,,
CUST03625,Crossroads Medical Center,John Miller,(042) 097-7663,(042) 097-7663,John.Miller618@crossroads.com,Hartford,CT,East,East,2016-12-14,,,,,,,,,,,,
CUST03626,Northgate Urgent Care Clinic,Amy Thompson,422.365.3271,(422) 365-3271,Amy.Thompson660@northgate.com,Billings,MT,North,North,2017-10-06,,,,,,,,,,,,
CUST03627,Hilltop Pharmacy,Angela Torres,(275) 094-4483,(275) 094-4483,Angela.Torres765@hilltop.com,Seattle,WA,West,West,2023-01-13,,,,,,,,,,,,
CUST03628,Northgate Long-Term Care Facility,Kathleen Lee,161-687-6307,(161) 687-6307,Kathleen.Lee156@northgate.com,Sacramento,CA,West,West,2024-09-30,,,,,,,,,,,,
CUST03629,Hilltop Urgent Care Clinic,Pamela Cooper,(363) 917-0138,(363) 917-0138,Pamela.Cooper105@hilltop.com,Hartford,CT,East,East,2010-02-18,,,,,,,,,,,,
CUST03630,Cornerstone Hospital,Gregory Taylor,223-358-6234,(223) 358-6234,Gregory.Taylor234@cornerstone.com,Boston,MA,East,East,2016-07-17,,,,,,,,,,,,
CUST03631,Summit Long-Term Care Facility,Jeffrey Edwards,014.423.0566,(014) 423-0566,Jeffrey.Edwards432@summit.com,Birmingham,AL,South,South,2010-04-13,,,,,,,,,,,,
CUST03632,Grace Community Clinic,Brandon Morgan,174-342-1084,(174) 342-1084,Brandon.Morgan853@grace.com,Milwaukee,WI,North,North,2021-06-25,,,,,,,,,,,,
CUST03633,Northgate Health System,Catherine Bailey,696 466 8026,(696) 466-8026,Catherine.Bailey487@northgate.com,Milwaukee,WI,North,North,2016-07-19,,,,,,,,,,,,
CUST03634,Heritage Community Clinic,Alexander Howard,176.612.4768,(176) 612-4768,Alexander.Howard468@heritage.com,Albany,NY,East,East,2018-06-24,,,,,,,,,,,,
CUST03635,Westfield Medical Center,Brandon Scott,6590282774,(659) 028-2774,Brandon.Scott733@westfield.com,Denver,CO,West,West,2022-03-21,,,,,,,,,,,,
CUST03636,Union Hospital,Gregory Roberts,3447820013,(344) 782-0013,Gregory.Roberts524@union.com,Philadelphia,PA,East,East,2015-07-18,,,,,,,,,,,,
CUST03637,Valley Urgent Care Clinic,Angela Davis,420 465 3521,(420) 465-3521,Angela.Davis346@valley.com,Milwaukee,WI,North,North,2020-08-29,,,,,,,,,,,,
CUST03638,Grace Hospital,Gary Reyes,(300) 203-0433,(300) 203-0433,Gary.Reyes579@grace.com,Phoenix,AZ,West,West,2010-05-26,,,,,,,,,,,,
CUST03639,Riverside Community Clinic,Deborah Baker,532.388.4099,(532) 388-4099,Deborah.Baker11@riverside.com,Milwaukee,WI,North,North,2019-08-18,,,,,,,,,,,,
CUST03640,Valley Long-Term Care Facility,Laura Roberts,(063) 198-5448,(063) 198-5448,Laura.Roberts461@valley.com,Sacramento,CA,West,West,2018-07-22,,,,,,,,,,,,
CUST03641,Trinity Urgent Care Clinic,Jacob Sanchez,065.165.1265,(065) 165-1265,Jacob.Sanchez495@trinity.com,New Orleans,LA,South,South,2010-11-01,,,,,,,,,,,,
CUST03642,Valley Urgent Care Clinic,Amanda Wright,(387) 787-0009,(387) 787-0009,Amanda.Wright935@valley.com,Fargo,ND,Northeast,East,2017-10-04,,,,,,,,,,,,
CUST03643,Trinity Pharmacy,Margaret Parker,633 812 3543,(633) 812-3543,Margaret.Parker48@trinity.com,Tampa,FL,South,South,2018-10-23,,,,,,,,,,,,
CUST03644,Riverside Hospital,Jonathan Garcia,0207073736,(020) 707-3736,Jonathan.Garcia248@riverside.com,Birmingham,AL,South,South,2012-01-12,,,,,,,,,,,,
CUST03645,Beacon Medical Center,Jack Rodriguez,904-660-0559,(904) 660-0559,Jack.Rodriguez598@beacon.com,Phoenix,AZ,Midwest,North,2022-12-29,,,,,,,,,,,,
CUST03646,Cornerstone Urgent Care Clinic,Carolyn Bailey,(916) 159-0287,(916) 159-0287,Carolyn.Bailey903@cornerstone.com,Tampa,FL,South,South,2013-05-31,,,,,,,,,,,,
CUST03647,Valley Medical Center,Laura Roberts,(574) 194-5089,(574) 194-5089,Laura.Roberts26@valley.com,Tampa,FL,South,South,2015-03-17,,,,,,,,,,,,
CUST03648,Southport Medical Center,Betty Nguyen,1616931333,(161) 693-1333,Betty.Nguyen331@southport.com,Albany,NY,East,East,2013-11-14,,,,,,,,,,,,
CUST03649,Riverside Health System,Sharon Gonzalez,644.458.1649,(644) 458-1649,Sharon.Gonzalez810@riverside.com,Newark,NJ,East,East,2017-05-13,,,,,,,,,,,,
CUST03650,Crossroads Hospital,Jeffrey Ward,(156) 740-7949,(156) 740-7949,Jeffrey.Ward708@crossroads.com,Denver,CO,Midwest,North,2010-08-28,,,,,,,,,,,,
CUST03651,Riverside Medical Center,Carolyn Cruz,(60) 298-2248,(060) 298-2248,Carolyn.Cruz69@riverside.com,Milwaukee,WI,North,North,2016-12-31,,,,,,,,,,,,
CUST03652,Lakeside Medical Center,Alexander Turner,6500021979,(650) 002-1979,Alexander.Turner311@lakeside.com,Phoenix,AZ,West,West,2024-06-21,,,,,,,,,,,,
CUST03653,Riverside Medical Center,Kevin Evans,016-561-2466,(016) 561-2466,Kevin.Evans596@riverside.com,Hartford,CT,East,East,2017-10-12,,,,,,,,,,,,
CUST03654,Summit Pharmacy,Donna Murphy,280 261 4228,(280) 261-4228,Donna.Murphy294@summit.com,Albany,NY,East,East,2018-08-17,,,,,,,,,,,,
CUST03655,Hilltop Health System,Rachel Peterson,819.480.4463,(819) 480-4463,Rachel.Peterson985@hilltop.com,Albany,NY,East,East,2010-11-16,,,,,,,,,,,,
CUST03656,Lakeside Long-Term Care Facility,Brandon Garcia,291-714-1121,(291) 714-1121,Brandon.Garcia355@lakeside.com,Birmingham,AL,South,South,2021-09-16,,,,,,,,,,,,
CUST03657,Crossroads Health System,Patricia Reyes,3626313494,(362) 631-3494,Patricia.Reyes525@crossroads.com,Albany,NY,East,East,2011-07-19,,,,,,,,,,,,
CUST03658,Crossroads Community Clinic,Jessica Rodriguez,219-385-2229,(219) 385-2229,Jessica.Rodriguez319@crossroads.com,New Orleans,LA,South,South,2014-02-26,,,,,,,,,,,,
CUST03659,Southport Long-Term Care Facility,Sandra Hernandez,479 704 9988,(479) 704-9988,Sandra.Hernandez810@southport.com,Minneapolis,MN,North,North,2013-11-25,,,,,,,,,,,,
CUST03660,Grace Pharmacy,Debra Reed,(954) 328-4512,(954) 328-4512,Debra.Reed215@grace.com,Fargo,ND,North,North,2022-01-06,,,,,,,,,,,,
CUST03661,Crossroads Medical Center,James Smith,491-487-6427,(491) 487-6427,James.Smith599@crossroads.com,Newark,NJ,Southeast,South,2013-09-28,,,,,,,,,,,,
CUST03662,Maple Pharmacy,Timothy Thompson,(698) 329-2401,(698) 329-2401,Timothy.Thompson863@maple.com,Sacramento,CA,West,West,2021-06-08,,,,,,,,,,,,
CUST03663,Cedar Pharmacy,Karen Martinez,7328197507,(732) 819-7507,Karen.Martinez516@cedar.com,Denver,CO,West,West,2022-06-26,,,,,,,,,,,,
CUST03664,Riverside Health System,Laura Murphy,505-655-3400,(505) 655-3400,Laura.Murphy85@riverside.com,Phoenix,AZ,West,West,2019-03-30,,,,,,,,,,,,
CUST03665,Parkview Pharmacy,Jason Ramos,(399) 543-1611,(399) 543-1611,Jason.Ramos530@parkview.com,Birmingham,AL,South,South,2012-06-27,,,,,,,,,,,,
CUST03666,Valley Urgent Care Clinic,Paul Evans,(293) 004-4922,(293) 004-4922,Paul.Evans817@valley.com,Billings,MT,North,North,2022-05-15,,,,,,,,,,,,
CUST03667,Parkview Health System,Christopher Davis,(611) 857-0010,(611) 857-0010,Christopher.Davis953@parkview.com,Sacramento,CA,West,West,2020-08-28,,,,,,,,,,,,
CUST03668,Parkview Hospital,William Robinson,719.557.2903,(719) 557-2903,William.Robinson560@parkview.com,Phoenix,AZ,West,West,2019-05-20,,,,,,,,,,,,
CUST03669,Union Long-Term Care Facility,Brian Ward,737-272-5906,(737) 272-5906,Brian.Ward711@union.com,Sioux Falls,SD,North,North,2014-11-30,,,,,,,,,,,,
CUST03670,Valley Pharmacy,Paul Gutierrez,099 912 9982,(099) 912-9982,Paul.Gutierrez949@valley.com,Fargo,ND,Northeast,East,2019-09-14,,,,,,,,,,,,
CUST03671,Northgate Pharmacy,Steven Baker,807 710 9120,(807) 710-9120,Steven.Baker862@northgate.com,Minneapolis,MN,Southeast,South,2023-01-07,,,,,,,,,,,,
CUST03672,Crossroads Hospital,Samantha Turner,(638) 453-5468,(638) 453-5468,Samantha.Turner394@crossroads.com,Denver,CO,West,West,2013-11-18,,,,,,,,,,,,
CUST03673,Northgate Long-Term Care Facility,William Morgan,736.375.7081,(736) 375-7081,William.Morgan849@northgate.com,Minneapolis,MN,North,North,2010-04-11,,,,,,,,,,,,
CUST03674,Parkview Community Clinic,Cynthia Hall,682.614.4645,(682) 614-4645,Cynthia.Hall914@parkview.com,Denver,CO,West,West,2014-12-25,,,,,,,,,,,,
CUST03675,Lakeside Pharmacy,Eric Kim,689.742.7571,(689) 742-7571,Eric.Kim986@lakeside.com,Milwaukee,WI,North,North,2011-05-30,,,,,,,,,,,,
CUST03676,Mercy Hospital,William Nelson,(653) 979-4474,(653) 979-4474,William.Nelson565@mercy.com,Newark,NJ,East,East,2024-07-03,,,,,,,,,,,,
CUST03677,Trinity Medical Center,Sarah Harris,(725) 452-8324,(725) 452-8324,Sarah.Harris34@trinity.com,Hartford,CT,East,East,2021-09-11,,,,,,,,,,,,
CUST03678,Cornerstone Community Clinic,Debra Young,943-971-5010,(943) 971-5010,Debra.Young586@cornerstone.com,Milwaukee,WI,North,North,2016-09-11,,,,,,,,,,,,
CUST03679,Westfield Pharmacy,Betty Moore,(401) 774-9192,(401) 774-9192,Betty.Moore303@westfield.com,New Orleans,LA,Midwest,North,2022-09-13,,,,,,,,,,,,
CUST03680,Maple Urgent Care Clinic,Mark Hill,(670) 249-1169,(670) 249-1169,Mark.Hill739@maple.com,Minneapolis,MN,North,North,2020-04-03,,,,,,,,,,,,
CUST03681,Heritage Community Clinic,Jack Morales,(974) 679-3072,(974) 679-3072,Jack.Morales864@heritage.com,Phoenix,AZ,West,West,2022-06-10,,,,,,,,,,,,
CUST03682,Cedar Hospital,Joshua Campbell,006-846-4287,(006) 846-4287,Joshua.Campbell678@cedar.com,Birmingham,AL,South,South,2019-12-01,,,,,,,,,,,,
CUST03683,Northgate Medical Center,Pamela Carter,731.113.5492,(731) 113-5492,Pamela.Carter482@northgate.com,Hartford,CT,East,East,2016-02-24,,,,,,,,,,,,
CUST03684,Trinity Urgent Care Clinic,Lisa Lewis,(132) 815-6136,(132) 815-6136,Lisa.Lewis900@trinity.com,Philadelphia,PA,East,East,2015-04-14,,,,,,,,,,,,
CUST03685,Summit Community Clinic,Jennifer Wilson,(84) 674-0724,(084) 674-0724,Jennifer.Wilson527@summit.com,Fargo,ND,North,North,2020-09-18,,,,,,,,,,,,
CUST03686,Beacon Health System,Carolyn Wilson,7908481527,(790) 848-1527,Carolyn.Wilson75@beacon.com,Sacramento,CA,West,West,2018-01-19,,,,,,,,,,,,
CUST03687,Valley Community Clinic,Christopher Perez,736-132-0406,(736) 132-0406,Christopher.Perez199@valley.com,Portland,OR,West,West,2018-09-08,,,,,,,,,,,,
CUST03688,Crossroads Hospital,Stephanie Lopez,7991113073,(799) 111-3073,Stephanie.Lopez818@crossroads.com,Billings,MT,North,North,2023-06-13,,,,,,,,,,,,
CUST03689,Grace Community Clinic,Richard Wright,9697816266,(969) 781-6266,Richard.Wright66@grace.com,Sacramento,CA,West,West,2019-09-22,,,,,,,,,,,,
CUST03690,Heritage Long-Term Care Facility,Elizabeth Moore,5970073212,(597) 007-3212,Elizabeth.Moore88@heritage.com,Birmingham,AL,South,South,2017-12-12,,,,,,,,,,,,
CUST03691,Beacon Pharmacy,Karen Peterson,(627) 316-7349,(627) 316-7349,Karen.Peterson859@beacon.com,Sacramento,CA,West,West,2015-10-22,,,,,,,,,,,,
CUST03692,Trinity Hospital,Robert Evans,178-405-4851,(178) 405-4851,Robert.Evans109@trinity.com,Denver,CO,West,West,2012-11-03,,,,,,,,,,,,
CUST03693,Grace Community Clinic,Helen Taylor,144 987 7158,(144) 987-7158,Helen.Taylor778@grace.com,Seattle,WA,West,West,2021-01-18,,,,,,,,,,,,
CUST03694,Maple Health System,Sharon Wright,(339) 919-7936,(339) 919-7936,Sharon.Wright163@maple.com,Tampa,FL,South,South,2012-08-21,,,,,,,,,,,,
CUST03695,Cedar Urgent Care Clinic,Timothy Hall,610.912.8277,(610) 912-8277,Timothy.Hall196@cedar.com,Milwaukee,WI,North,North,2023-08-12,,,,,,,,,,,,
CUST03696,Heritage Health System,Patricia Lopez,732-642-6677,(732) 642-6677,Patricia.Lopez269@heritage.com,Birmingham,AL,South,South,2012-12-25,,,,,,,,,,,,
CUST03697,Northgate Long-Term Care Facility,Laura King,9434071627,(943) 407-1627,Laura.King493@northgate.com,Newark,NJ,East,East,2021-11-08,,,,,,,,,,,,
CUST03698,Westfield Community Clinic,Karen Ward,641 310 6660,(641) 310-6660,Karen.Ward719@westfield.com,Sacramento,CA,West,West,2021-02-15,,,,,,,,,,,,
CUST03699,Beacon Hospital,Stephen Martinez,5609901480,(560) 990-1480,Stephen.Martinez60@beacon.com,Philadelphia,PA,Midwest,North,2019-08-17,,,,,,,,,,,,
CUST03700,Union Community Clinic,Benjamin Nguyen,632 623 7505,(632) 623-7505,Benjamin.Nguyen215@union.com,Albany,NY,East,East,2013-06-15,,,,,,,,,,,,
CUST03701,Trinity Hospital,Maria King,(462) 406-8375,(462) 406-8375,Maria.King735@trinity.com,Milwaukee,WI,North,North,2017-12-30,,,,,,,,,,,,
CUST03702,Hilltop Health System,Michelle Wilson,0710564006,(071) 056-4006,Michelle.Wilson382@hilltop.com,Milwaukee,WI,North,North,2021-10-08,,,,,,,,,,,,
CUST03703,Hilltop Medical Center,Sharon King,0874155075,(087) 415-5075,Sharon.King314@hilltop.com,Newark,NJ,East,East,2022-12-18,,,,,,,,,,,,
CUST03704,Southport Medical Center,Donna Adams,196.424.0436,(196) 424-0436,Donna.Adams82@southport.com,Dallas,TX,South,South,2023-04-02,,,,,,,,,,,,
CUST03705,Trinity Pharmacy,Sarah Hill,2265679926,(226) 567-9926,Sarah.Hill235@trinity.com,Minneapolis,MN,North,North,2016-03-27,,,,,,,,,,,,
CUST03706,Maple Community Clinic,Joshua Evans,(148) 089-6586,(148) 089-6586,Joshua.Evans628@maple.com,Denver,CO,West,West,2013-05-30,,,,,,,,,,,,
CUST03707,Maple Community Clinic,Edward Morales,6875741228,(687) 574-1228,Edward.Morales13@maple.com,Billings,MT,North,North,2015-08-16,,,,,,,,,,,,
CUST03708,Westfield Urgent Care Clinic,Jason Moore,(941) 390-4080,(941) 390-4080,Jason.Moore731@westfield.com,Sacramento,CA,West,West,2021-09-05,,,,,,,,,,,,
CUST03709,Southport Long-Term Care Facility,Lisa Rodriguez,142 709 3191,(142) 709-3191,Lisa.Rodriguez155@southport.com,Philadelphia,PA,East,East,2017-07-11,,,,,,,,,,,,
CUST03710,Cornerstone Long-Term Care Facility,Pamela Adams,3241266620,(324) 126-6620,Pamela.Adams402@cornerstone.com,Newark,NJ,East,East,2019-04-02,,,,,,,,,,,,
CUST03711,Lakeside Long-Term Care Facility,Karen Carter,(541) 111-2015,(541) 111-2015,Karen.Carter899@lakeside.com,Milwaukee,WI,North,North,2012-01-07,,,,,,,,,,,,
CUST03712,Union Long-Term Care Facility,Jacob Evans,(771) 410-4528,(771) 410-4528,Jacob.Evans298@union.com,Philadelphia,PA,East,East,2019-09-08,,,,,,,,,,,,
CUST03713,Crossroads Health System,Catherine Roberts,495.260.5185,(495) 260-5185,Catherine.Roberts284@crossroads.com,Billings,MT,Midwest,North,2012-02-08,,,,,,,,,,,,
CUST03714,Northgate Long-Term Care Facility,Rebecca Robinson,(811) 223-1448,(811) 223-1448,Rebecca.Robinson426@northgate.com,Seattle,WA,West,West,2019-06-30,,,,,,,,,,,,
CUST03715,Lakeside Health System,John Davis,4859975265,(485) 997-5265,John.Davis355@lakeside.com,New Orleans,LA,South,South,2019-03-17,,,,,,,,,,,,
CUST03716,Crossroads Hospital,Daniel Ward,3290811609,(329) 081-1609,Daniel.Ward703@crossroads.com,Philadelphia,PA,East,East,2015-07-10,,,,,,,,,,,,
CUST03717,Union Health System,Karen Johnson,(151) 003-7492,(151) 003-7492,Karen.Johnson635@union.com,Sacramento,CA,West,West,2019-05-29,,,,,,,,,,,,
CUST03718,Crossroads Health System,Matthew Kelly,775 715 5562,(775) 715-5562,Matthew.Kelly701@crossroads.com,Sacramento,CA,Midwest,North,2016-05-15,,,,,,,,,,,,
CUST03719,Trinity Medical Center,Jessica Cox,914.578.5909,(914) 578-5909,Jessica.Cox744@trinity.com,Boston,MA,East,East,2022-05-09,,,,,,,,,,,,
CUST03720,Riverside Long-Term Care Facility,Richard Davis,056 032 6625,(056) 032-6625,Richard.Davis239@riverside.com,Hartford,CT,East,East,2012-03-05,,,,,,,,,,,,
CUST03721,Southport Urgent Care Clinic,Samantha Turner,033 024 6776,(033) 024-6776,Samantha.Turner567@southport.com,Billings,MT,North,North,2024-08-21,,,,,,,,,,,,
CUST03722,Parkview Health System,Catherine Parker,(108) 091-0729,(108) 091-0729,Catherine.Parker508@parkview.com,Sioux Falls,SD,North,North,2013-11-02,,,,,,,,,,,,
CUST03723,Westfield Hospital,Michael Miller,703 434 9171,(703) 434-9171,Michael.Miller239@westfield.com,Philadelphia,PA,Midwest,North,2024-08-22,,,,,,,,,,,,
CUST03724,Union Community Clinic,Linda Diaz,833.494.3747,(833) 494-3747,Linda.Diaz214@union.com,Sacramento,CA,West,West,2019-01-09,,,,,,,,,,,,
CUST03725,Union Health System,Sarah Rivera,286.369.3411,(286) 369-3411,Sarah.Rivera429@union.com,New Orleans,LA,South,South,2016-01-13,,,,,,,,,,,,
CUST03726,Maple Long-Term Care Facility,Deborah Gonzalez,6433054069,(643) 305-4069,Deborah.Gonzalez283@maple.com,Portland,OR,West,West,2021-06-20,,,,,,,,,,,,
CUST03727,Grace Hospital,Barbara Stewart,(639) 300-9224,(639) 300-9224,Barbara.Stewart486@grace.com,Birmingham,AL,South,South,2012-08-26,,,,,,,,,,,,
CUST03728,Mercy Urgent Care Clinic,Justin Lee,317 421 1521,(317) 421-1521,Justin.Lee839@mercy.com,Birmingham,AL,South,South,2019-09-21,,,,,,,,,,,,
CUST03729,Beacon Community Clinic,Patricia Walker,(707) 399-5513,(707) 399-5513,Patricia.Walker646@beacon.com,Birmingham,AL,Midwest,North,2022-10-02,,,,,,,,,,,,
CUST03730,Trinity Health System,Ashley Reyes,412.307.5674,(412) 307-5674,Ashley.Reyes972@trinity.com,Seattle,WA,West,West,2020-12-23,,,,,,,,,,,,
CUST03731,Beacon Pharmacy,Karen Rodriguez,(256) 385-1603,(256) 385-1603,Karen.Rodriguez795@beacon.com,Portland,OR,West,West,2023-11-20,,,,,,,,,,,,
CUST03732,Westfield Pharmacy,Amanda Allen,(814) 540-3274,(814) 540-3274,Amanda.Allen444@westfield.com,Newark,NJ,East,East,2015-08-20,,,,,,,,,,,,
CUST03733,Summit Hospital,Susan Nguyen,271 920 7441,(271) 920-7441,Susan.Nguyen691@summit.com,Philadelphia,PA,East,East,2021-08-14,,,,,,,,,,,,
CUST03734,Valley Medical Center,Laura Parker,284 538 1291,(284) 538-1291,Laura.Parker827@valley.com,Denver,CO,West,West,2011-04-14,,,,,,,,,,,,
CUST03735,Eastview Long-Term Care Facility,Deborah Lopez,(893) 687-0172,(893) 687-0172,Deborah.Lopez546@eastview.com,Minneapolis,MN,North,North,2015-12-05,,,,,,,,,,,,
CUST03736,Parkview Community Clinic,Justin White,005.431.2226,(005) 431-2226,Justin.White227@parkview.com,Philadelphia,PA,East,East,2013-06-28,,,,,,,,,,,,
CUST03737,Valley Medical Center,Justin Adams,(503) 893-4764,(503) 893-4764,Justin.Adams188@valley.com,Philadelphia,PA,East,East,2014-03-17,,,,,,,,,,,,
CUST03738,Union Hospital,Brian Thomas,422-671-6484,(422) 671-6484,Brian.Thomas294@union.com,Birmingham,AL,South,South,2018-01-22,,,,,,,,,,,,
CUST03739,Grace Urgent Care Clinic,Catherine Ortiz,(385) 558-8599,(385) 558-8599,Catherine.Ortiz580@grace.com,Birmingham,AL,Southeast,South,2011-05-27,,,,,,,,,,,,
CUST03740,Eastview Hospital,William Lewis,(449) 958-5391,(449) 958-5391,William.Lewis898@eastview.com,Phoenix,AZ,West,West,2011-03-24,,,,,,,,,,,,
CUST03741,Heritage Long-Term Care Facility,Ryan Clark,(121) 617-6251,(121) 617-6251,Ryan.Clark861@heritage.com,Atlanta,GA,South,South,2012-03-29,,,,,,,,,,,,
CUST03742,Riverside Community Clinic,Jeffrey Torres,(331) 265-2810,(331) 265-2810,Jeffrey.Torres821@riverside.com,New Orleans,LA,South,South,2023-09-12,,,,,,,,,,,,
CUST03743,Heritage Health System,Timothy Evans,(548) 404-3800,(548) 404-3800,Timothy.Evans421@heritage.com,Sacramento,CA,West,West,2017-06-02,,,,,,,,,,,,
CUST03744,Cedar Health System,Brian Wright,(622) 339-3646,(622) 339-3646,Brian.Wright582@cedar.com,Newark,NJ,East,East,2016-12-21,,,,,,,,,,,,
CUST03745,Mercy Medical Center,Barbara Evans,(888) 507-3257,(888) 507-3257,Barbara.Evans190@mercy.com,Dallas,TX,South,South,2024-10-30,,,,,,,,,,,,
CUST03746,Beacon Community Clinic,Christine Phillips,(269) 252-3209,(269) 252-3209,Christine.Phillips428@beacon.com,Sioux Falls,SD,North,North,2013-04-13,,,,,,,,,,,,
CUST03747,Summit Medical Center,Christopher Taylor,(120) 084-0758,(120) 084-0758,Christopher.Taylor150@summit.com,Albany,NY,East,East,2020-09-28,,,,,,,,,,,,
CUST03748,Westfield Hospital,Brian Robinson,(178) 587-8734,(178) 587-8734,Brian.Robinson554@westfield.com,Hartford,CT,East,East,2018-11-18,,,,,,,,,,,,
CUST03749,Grace Medical Center,Jason Cruz,373-796-7280,(373) 796-7280,Jason.Cruz903@grace.com,Phoenix,AZ,West,West,2012-09-30,,,,,,,,,,,,
CUST03750,Cornerstone Community Clinic,Brandon Wright,012 357 8223,(012) 357-8223,Brandon.Wright998@cornerstone.com,Boston,MA,East,East,2023-09-21,,,,,,,,,,,,
CUST03751,Parkview Community Clinic,Elizabeth Wright,062.629.5364,(062) 629-5364,Elizabeth.Wright552@parkview.com,Billings,MT,North,North,2020-08-16,,,,,,,,,,,,
CUST03752,Hilltop Long-Term Care Facility,Anna Ortiz,(941) 883-6808,(941) 883-6808,Anna.Ortiz937@hilltop.com,Portland,OR,West,West,2011-05-22,,,,,,,,,,,,
CUST03753,Northgate Health System,Sandra Kim,644 817 5525,(644) 817-5525,Sandra.Kim989@northgate.com,Dallas,TX,South,South,2011-06-28,,,,,,,,,,,,
CUST03754,Valley Community Clinic,Michael Thompson,5003089737,(500) 308-9737,Michael.Thompson482@valley.com,Philadelphia,PA,East,East,2021-08-17,,,,,,,,,,,,
CUST03755,Lakeside Medical Center,Brian Ortiz,(158) 363-0392,(158) 363-0392,Brian.Ortiz753@lakeside.com,Atlanta,GA,South,South,2019-08-17,,,,,,,,,,,,
CUST03756,Eastview Medical Center,Kenneth Smith,988 336 2817,(988) 336-2817,Kenneth.Smith444@eastview.com,Birmingham,AL,Midwest,North,2010-11-22,,,,,,,,,,,,
CUST03757,Cornerstone Community Clinic,Justin Thomas,(188) 806-9513,(188) 806-9513,Justin.Thomas908@cornerstone.com,Boston,MA,East,East,2016-03-06,,,,,,,,,,,,
CUST03758,Cornerstone Hospital,Elizabeth Davis,0746863864,(074) 686-3864,Elizabeth.Davis920@cornerstone.com,Phoenix,AZ,West,West,2020-03-22,,,,,,,,,,,,
CUST03759,Maple Health System,Shirley Taylor,(949) 176-5589,(949) 176-5589,Shirley.Taylor226@maple.com,Birmingham,AL,South,South,2023-06-12,,,,,,,,,,,,
CUST03760,Trinity Pharmacy,Frank Walker,(141) 856-2333,(141) 856-2333,Frank.Walker113@trinity.com,Birmingham,AL,Midwest,North,2019-01-02,,,,,,,,,,,,
CUST03761,Valley Medical Center,Michael Morales,247-094-1951,(247) 094-1951,Michael.Morales305@valley.com,Minneapolis,MN,North,North,2017-05-04,,,,,,,,,,,,
CUST03762,Summit Urgent Care Clinic,Karen Turner,920 570 8392,(920) 570-8392,Karen.Turner248@summit.com,Minneapolis,MN,North,North,2010-01-18,,,,,,,,,,,,
CUST03763,Lakeside Hospital,Benjamin Rivera,371-642-9461,(371) 642-9461,Benjamin.Rivera662@lakeside.com,Denver,CO,West,West,2020-12-15,,,,,,,,,,,,
CUST03764,Heritage Health System,Donald Hernandez,1603089925,(160) 308-9925,Donald.Hernandez90@heritage.com,Milwaukee,WI,North,North,2016-07-19,,,,,,,,,,,,
CUST03765,Valley Pharmacy,Brenda Gonzalez,0804027617,(080) 402-7617,Brenda.Gonzalez173@valley.com,Fargo,ND,North,North,2021-07-02,,,,,,,,,,,,
CUST03766,Southport Health System,Daniel Anderson,5422317781,(542) 231-7781,Daniel.Anderson747@southport.com,Atlanta,GA,South,South,2016-02-25,,,,,,,,,,,,
CUST03767,Hilltop Hospital,Kenneth Davis,570-762-1416,(570) 762-1416,Kenneth.Davis695@hilltop.com,Portland,OR,West,West,2013-02-13,,,,,,,,,,,,
CUST03768,Westfield Pharmacy,Lisa Smith,(611) 410-6455,(611) 410-6455,Lisa.Smith26@westfield.com,Dallas,TX,South,South,2022-11-05,,,,,,,,,,,,
CUST03769,Cedar Urgent Care Clinic,Karen Ramirez,(161) 946-5370,(161) 946-5370,Karen.Ramirez764@cedar.com,Tampa,FL,South,South,2021-06-22,,,,,,,,,,,,
CUST03770,Hilltop Community Clinic,Joshua Jackson,236-770-9895,(236) 770-9895,Joshua.Jackson363@hilltop.com,Atlanta,GA,South,South,2011-06-28,,,,,,,,,,,,
CUST03771,Lakeside Medical Center,Pamela Kelly,588.121.5552,(588) 121-5552,Pamela.Kelly634@lakeside.com,Milwaukee,WI,North,North,2015-08-08,,,,,,,,,,,,
CUST03772,Riverside Long-Term Care Facility,Gregory Taylor,(161) 880-4112,(161) 880-4112,Gregory.Taylor395@riverside.com,Sacramento,CA,West,West,2012-10-01,,,,,,,,,,,,
CUST03773,Cornerstone Pharmacy,Patricia Harris,(29) 674-6977,(029) 674-6977,Patricia.Harris292@cornerstone.com,Sioux Falls,SD,North,North,2022-10-25,,,,,,,,,,,,
CUST03774,Northgate Long-Term Care Facility,Brenda Baker,(934) 835-5749,(934) 835-5749,Brenda.Baker451@northgate.com,Sioux Falls,SD,North,North,2016-09-21,,,,,,,,,,,,
CUST03775,Cedar Medical Center,Nicole Roberts,6489643224,(648) 964-3224,Nicole.Roberts239@cedar.com,Phoenix,AZ,Southeast,South,2012-05-25,,,,,,,,,,,,
CUST03776,Heritage Long-Term Care Facility,Betty Miller,996.099.3263,(996) 099-3263,Betty.Miller614@heritage.com,Fargo,ND,North,North,2013-05-11,,,,,,,,,,,,
CUST03777,Valley Medical Center,William Gutierrez,(401) 521-7381,(401) 521-7381,William.Gutierrez840@valley.com,Fargo,ND,North,North,2023-10-14,,,,,,,,,,,,
CUST03778,Southport Medical Center,Sandra Ward,7152589996,(715) 258-9996,Sandra.Ward62@southport.com,Atlanta,GA,South,South,2014-04-05,,,,,,,,,,,,
CUST03779,Grace Pharmacy,David Kelly,188-584-0734,(188) 584-0734,David.Kelly21@grace.com,Seattle,WA,West,West,2022-04-25,,,,,,,,,,,,
CUST03780,Parkview Urgent Care Clinic,Alexander Torres,867 589 7015,(867) 589-7015,Alexander.Torres947@parkview.com,Tampa,FL,South,South,2013-05-29,,,,,,,,,,,,
CUST03781,Summit Community Clinic,Anna Kim,(557) 720-0536,(557) 720-0536,Anna.Kim54@summit.com,Sacramento,CA,West,West,2022-06-05,,,,,,,,,,,,
CUST03782,Trinity Health System,David Lee,382 018 7767,(382) 018-7767,David.Lee896@trinity.com,Newark,NJ,East,East,2022-10-27,,,,,,,,,,,,
CUST03783,Eastview Urgent Care Clinic,Michael Evans,091-270-7366,(091) 270-7366,Michael.Evans662@eastview.com,Minneapolis,MN,North,North,2013-05-24,,,,,,,,,,,,
CUST03784,Summit Medical Center,Charles Robinson,0996745071,(099) 674-5071,Charles.Robinson606@summit.com,Philadelphia,PA,East,East,2013-06-24,,,,,,,,,,,,
CUST03785,Summit Urgent Care Clinic,John Rivera,(557) 576-8112,(557) 576-8112,John.Rivera430@summit.com,Portland,OR,West,West,2017-03-11,,,,,,,,,,,,
CUST03786,Union Community Clinic,Cynthia Johnson,407 439 3872,(407) 439-3872,Cynthia.Johnson487@union.com,Newark,NJ,Midwest,North,2024-08-28,,,,,,,,,,,,
CUST03787,Beacon Urgent Care Clinic,Karen Cooper,242 384 4823,(242) 384-4823,Karen.Cooper604@beacon.com,Atlanta,GA,South,South,2010-04-14,,,,,,,,,,,,
CUST03788,Hilltop Pharmacy,Justin Baker,781-186-8938,(781) 186-8938,Justin.Baker788@hilltop.com,Minneapolis,MN,North,North,2015-11-04,,,,,,,,,,,,
CUST03789,Eastview Hospital,Anna Reyes,(128) 403-8405,(128) 403-8405,Anna.Reyes802@eastview.com,Boston,MA,East,East,2010-02-23,,,,,,,,,,,,
CUST03790,Beacon Urgent Care Clinic,Michael Ward,187.323.3519,(187) 323-3519,Michael.Ward425@beacon.com,Billings,MT,North,North,2013-02-24,,,,,,,,,,,,
CUST03791,Southport Hospital,Eric Morales,938 983 3337,(938) 983-3337,Eric.Morales210@southport.com,Philadelphia,PA,Southeast,South,2024-12-29,,,,,,,,,,,,
CUST03792,Southport Community Clinic,Jonathan Johnson,(299) 895-9814,(299) 895-9814,Jonathan.Johnson332@southport.com,Hartford,CT,Midwest,North,2023-10-18,,,,,,,,,,,,
CUST03793,Cedar Urgent Care Clinic,Ronald Nguyen,464-227-3006,(464) 227-3006,Ronald.Nguyen475@cedar.com,Philadelphia,PA,East,East,2010-11-09,,,,,,,,,,,,
CUST03794,Crossroads Urgent Care Clinic,Benjamin Wright,280.489.1929,(280) 489-1929,Benjamin.Wright454@crossroads.com,Sacramento,CA,West,West,2019-06-20,,,,,,,,,,,,
CUST03795,Northgate Hospital,Ryan Parker,938-047-0130,(938) 047-0130,Ryan.Parker882@northgate.com,Phoenix,AZ,West,West,2010-03-31,,,,,,,,,,,,
CUST03796,Cornerstone Urgent Care Clinic,Robert Cook,(799) 705-7973,(799) 705-7973,Robert.Cook54@cornerstone.com,Billings,MT,North,North,2013-11-20,,,,,,,,,,,,
CUST03797,Cedar Medical Center,Thomas Moore,255-784-1903,(255) 784-1903,Thomas.Moore76@cedar.com,Birmingham,AL,South,South,2012-08-15,,,,,,,,,,,,
CUST03798,Crossroads Hospital,Justin Adams,186 607 0941,(186) 607-0941,Justin.Adams508@crossroads.com,Denver,CO,West,West,2013-07-30,,,,,,,,,,,,
CUST03799,Eastview Long-Term Care Facility,Catherine Flores,845-369-8105,(845) 369-8105,Catherine.Flores10@eastview.com,Sioux Falls,SD,North,North,2018-02-27,,,,,,,,,,,,
CUST03800,Westfield Hospital,Rebecca Rivera,308.107.9934,(308) 107-9934,Rebecca.Rivera74@westfield.com,Portland,OR,West,West,2015-01-13,,,,,,,,,,,,
CUST03801,Riverside Health System,David Cruz,(453) 396-2599,(453) 396-2599,David.Cruz893@riverside.com,Seattle,WA,West,West,2022-05-05,,,,,,,,,,,,
CUST03802,Riverside Long-Term Care Facility,Kathleen Anderson,(273) 722-6386,(273) 722-6386,Kathleen.Anderson390@riverside.com,Birmingham,AL,Northeast,East,2022-08-10,,,,,,,,,,,,
CUST03803,Northgate Pharmacy,Ryan Morgan,781.052.4503,(781) 052-4503,Ryan.Morgan217@northgate.com,Tampa,FL,South,South,2018-03-21,,,,,,,,,,,,
CUST03804,Valley Urgent Care Clinic,Kevin Collins,(357) 961-4440,(357) 961-4440,Kevin.Collins599@valley.com,Minneapolis,MN,North,North,2022-10-06,,,,,,,,,,,,
CUST03805,Beacon Medical Center,Amanda Garcia,227.911.0746,(227) 911-0746,Amanda.Garcia416@beacon.com,Newark,NJ,Southeast,South,2018-04-15,,,,,,,,,,,,
CUST03806,Southport Long-Term Care Facility,Sarah Williams,006.865.2320,(006) 865-2320,Sarah.Williams658@southport.com,Milwaukee,WI,North,North,2016-06-25,,,,,,,,,,,,
CUST03807,Summit Hospital,Amy Moore,0428485013,(042) 848-5013,Amy.Moore303@summit.com,Boston,MA,East,East,2017-07-17,,,,,,,,,,,,
CUST03808,Heritage Pharmacy,Stephanie Cox,085-875-2193,(085) 875-2193,Stephanie.Cox305@heritage.com,Atlanta,GA,South,South,2016-03-17,,,,,,,,,,,,
CUST03809,Grace Community Clinic,Melissa Murphy,912 097 6583,(912) 097-6583,Melissa.Murphy117@grace.com,Newark,NJ,Northeast,East,2024-06-11,,,,,,,,,,,,
CUST03810,Hilltop Community Clinic,Daniel Reed,927-997-9348,(927) 997-9348,Daniel.Reed259@hilltop.com,Seattle,WA,Midwest,North,2021-08-27,,,,,,,,,,,,
CUST03811,Hilltop Pharmacy,Cynthia Hall,901.750.1775,(901) 750-1775,Cynthia.Hall34@hilltop.com,Newark,NJ,East,East,2014-12-11,,,,,,,,,,,,
CUST03812,Cedar Community Clinic,Daniel Brown,(736) 640-9680,(736) 640-9680,Daniel.Brown20@cedar.com,Denver,CO,West,West,2014-09-19,,,,,,,,,,,,
CUST03813,Riverside Health System,Brenda Bailey,(47) 659-5440,(047) 659-5440,Brenda.Bailey513@riverside.com,Billings,MT,North,North,2017-07-09,,,,,,,,,,,,
CUST03814,Northgate Pharmacy,Jason Williams,(304) 180-8482,(304) 180-8482,Jason.Williams731@northgate.com,Seattle,WA,Midwest,North,2016-05-23,,,,,,,,,,,,
CUST03815,Valley Medical Center,Helen Morales,843-221-5634,(843) 221-5634,Helen.Morales431@valley.com,Billings,MT,North,North,2021-04-20,,,,,,,,,,,,
CUST03816,Mercy Hospital,Melissa Green,5474329955,(547) 432-9955,Melissa.Green244@mercy.com,Atlanta,GA,South,South,2021-11-14,,,,,,,,,,,,
CUST03817,Mercy Hospital,Gary Reed,(413) 907-4432,(413) 907-4432,Gary.Reed136@mercy.com,Sioux Falls,SD,North,North,2010-01-22,,,,,,,,,,,,
CUST03818,Summit Hospital,Jacob Davis,370 322 8889,(370) 322-8889,Jacob.Davis695@summit.com,Dallas,TX,South,South,2014-01-22,,,,,,,,,,,,
CUST03819,Trinity Community Clinic,Gregory Murphy,(206) 108-4106,(206) 108-4106,Gregory.Murphy486@trinity.com,Minneapolis,MN,North,North,2024-06-01,,,,,,,,,,,,
CUST03820,Union Medical Center,Kevin Stewart,(637) 736-4217,(637) 736-4217,Kevin.Stewart165@union.com,Atlanta,GA,South,South,2013-10-18,,,,,,,,,,,,
CUST03821,Riverside Health System,Justin Hernandez,(174) 238-0869,(174) 238-0869,Justin.Hernandez536@riverside.com,Newark,NJ,East,East,2011-03-15,,,,,,,,,,,,
CUST03822,Heritage Health System,Daniel Sanchez,(527) 537-0041,(527) 537-0041,Daniel.Sanchez225@heritage.com,Sioux Falls,SD,North,North,2018-09-03,,,,,,,,,,,,
CUST03823,Valley Long-Term Care Facility,Frank Martinez,169-277-0389,(169) 277-0389,Frank.Martinez687@valley.com,Portland,OR,West,West,2015-01-09,,,,,,,,,,,,
CUST03824,Trinity Community Clinic,Christine Lewis,(657) 168-8972,(657) 168-8972,Christine.Lewis74@trinity.com,Hartford,CT,Northeast,East,2023-06-23,,,,,,,,,,,,
CUST03825,Cedar Pharmacy,Pamela Hernandez,540-574-4870,(540) 574-4870,Pamela.Hernandez712@cedar.com,Minneapolis,MN,North,North,2021-02-23,,,,,,,,,,,,
CUST03826,Hilltop Pharmacy,Ashley Gomez,0792328533,(079) 232-8533,Ashley.Gomez150@hilltop.com,Boston,MA,East,East,2014-06-17,,,,,,,,,,,,
CUST03827,Union Pharmacy,Amanda Thompson,(72) 669-3185,(072) 669-3185,Amanda.Thompson975@union.com,Phoenix,AZ,West,West,2024-08-05,,,,,,,,,,,,
CUST03828,Crossroads Pharmacy,Steven Clark,956-394-8742,(956) 394-8742,Steven.Clark747@crossroads.com,Seattle,WA,West,West,2016-07-20,,,,,,,,,,,,
CUST03829,Lakeside Health System,Joseph Williams,926.344.4830,(926) 344-4830,Joseph.Williams868@lakeside.com,Tampa,FL,South,South,2018-04-24,,,,,,,,,,,,
CUST03830,Union Urgent Care Clinic,Gary Harris,(772) 867-5668,(772) 867-5668,Gary.Harris318@union.com,Sacramento,CA,Northeast,East,2017-08-04,,,,,,,,,,,,
CUST03831,Parkview Community Clinic,Sarah Moore,7806550264,(780) 655-0264,Sarah.Moore207@parkview.com,Minneapolis,MN,North,North,2011-09-22,,,,,,,,,,,,
CUST03832,Trinity Urgent Care Clinic,Alexander Clark,(765) 796-6758,(765) 796-6758,Alexander.Clark307@trinity.com,Newark,NJ,Northeast,East,2015-02-12,,,,,,,,,,,,
CUST03833,Westfield Long-Term Care Facility,Edward Thomas,(762) 369-6637,(762) 369-6637,Edward.Thomas187@westfield.com,Boston,MA,East,East,2010-02-12,,,,,,,,,,,,
CUST03834,Eastview Long-Term Care Facility,Brian Hernandez,674-049-5069,(674) 049-5069,Brian.Hernandez768@eastview.com,Hartford,CT,East,East,2023-07-18,,,,,,,,,,,,
CUST03835,Maple Community Clinic,Kimberly Peterson,652-927-8136,(652) 927-8136,Kimberly.Peterson12@maple.com,Fargo,ND,North,North,2015-12-22,,,,,,,,,,,,
CUST03836,Hilltop Medical Center,Christopher Roberts,383 950 2786,(383) 950-2786,Christopher.Roberts207@hilltop.com,Denver,CO,West,West,2012-06-05,,,,,,,,,,,,
CUST03837,Cedar Urgent Care Clinic,William Martinez,(039) 785-1412,(039) 785-1412,William.Martinez785@cedar.com,Tampa,FL,South,South,2023-01-19,,,,,,,,,,,,
CUST03838,Grace Pharmacy,Kevin Baker,(685) 237-4761,(685) 237-4761,Kevin.Baker545@grace.com,Phoenix,AZ,West,West,2016-05-07,,,,,,,,,,,,
CUST03839,Hilltop Health System,Robert Morris,008.110.5212,(008) 110-5212,Robert.Morris434@hilltop.com,New Orleans,LA,South,South,2019-04-02,,,,,,,,,,,,
CUST03840,Crossroads Medical Center,Jessica Garcia,664-533-8373,(664) 533-8373,Jessica.Garcia825@crossroads.com,Sacramento,CA,West,West,2019-11-05,,,,,,,,,,,,
CUST03841,Westfield Long-Term Care Facility,Kimberly Hernandez,1077735339,(107) 773-5339,Kimberly.Hernandez277@westfield.com,Phoenix,AZ,Northeast,East,2016-12-04,,,,,,,,,,,,
CUST03842,Valley Pharmacy,Betty Nelson,988 027 2099,(988) 027-2099,Betty.Nelson168@valley.com,Portland,OR,West,West,2018-03-04,,,,,,,,,,,,
CUST03843,Summit Pharmacy,Stephen Collins,554 670 0475,(554) 670-0475,Stephen.Collins45@summit.com,Billings,MT,North,North,2012-03-23,,,,,,,,,,,,
CUST03844,Crossroads Hospital,Mary Ortiz,(341) 163-8610,(341) 163-8610,Mary.Ortiz205@crossroads.com,Billings,MT,North,North,2011-03-16,,,,,,,,,,,,
CUST03845,Mercy Pharmacy,Matthew Bailey,2780056088,(278) 005-6088,Matthew.Bailey976@mercy.com,Tampa,FL,South,South,2024-10-20,,,,,,,,,,,,
CUST03846,Westfield Long-Term Care Facility,Patricia Campbell,(284) 194-4746,(284) 194-4746,Patricia.Campbell508@westfield.com,Billings,MT,North,North,2022-12-29,,,,,,,,,,,,
CUST03847,Southport Hospital,Matthew Adams,395-768-5389,(395) 768-5389,Matthew.Adams385@southport.com,Dallas,TX,South,South,2012-10-29,,,,,,,,,,,,
CUST03848,Eastview Community Clinic,Samantha Bailey,7863189278,(786) 318-9278,Samantha.Bailey661@eastview.com,Billings,MT,North,North,2018-03-17,,,,,,,,,,,,
CUST03849,Crossroads Medical Center,Eric Adams,737 995 6880,(737) 995-6880,Eric.Adams757@crossroads.com,Denver,CO,West,West,2023-06-01,,,,,,,,,,,,
CUST03850,Trinity Community Clinic,Michael Nelson,(634) 878-6480,(634) 878-6480,Michael.Nelson950@trinity.com,Portland,OR,West,West,2012-08-10,,,,,,,,,,,,
CUST03851,Cedar Community Clinic,Justin Adams,641.022.0583,(641) 022-0583,Justin.Adams652@cedar.com,Newark,NJ,East,East,2020-09-08,,,,,,,,,,,,
CUST03852,Heritage Long-Term Care Facility,Raymond Collins,2627382760,(262) 738-2760,Raymond.Collins37@heritage.com,Billings,MT,North,North,2018-12-04,,,,,,,,,,,,
CUST03853,Mercy Hospital,Laura Davis,792.611.9809,(792) 611-9809,Laura.Davis807@mercy.com,Billings,MT,Midwest,North,2018-06-10,,,,,,,,,,,,
CUST03854,Cornerstone Community Clinic,Amy Ramirez,367 365 4019,(367) 365-4019,Amy.Ramirez123@cornerstone.com,Atlanta,GA,South,South,2011-07-26,,,,,,,,,,,,
CUST03855,Valley Pharmacy,Mark Peterson,(221) 631-7419,(221) 631-7419,Mark.Peterson583@valley.com,Milwaukee,WI,North,North,2012-11-16,,,,,,,,,,,,
CUST03856,Parkview Community Clinic,Ashley Moore,095-863-5469,(095) 863-5469,Ashley.Moore393@parkview.com,Atlanta,GA,South,South,2019-08-19,,,,,,,,,,,,
CUST03857,Eastview Hospital,Anthony Cook,663-907-4266,(663) 907-4266,Anthony.Cook949@eastview.com,New Orleans,LA,South,South,2024-01-31,,,,,,,,,,,,
CUST03858,Cedar Health System,Andrew Rodriguez,(002) 370-6093,(002) 370-6093,Andrew.Rodriguez470@cedar.com,Atlanta,GA,South,South,2015-07-03,,,,,,,,,,,,
CUST03859,Southport Community Clinic,Christine Howard,933 818 9454,(933) 818-9454,Christine.Howard953@southport.com,Sacramento,CA,West,West,2019-11-28,,,,,,,,,,,,
CUST03860,Cedar Urgent Care Clinic,Elizabeth Lewis,858 972 5067,(858) 972-5067,Elizabeth.Lewis146@cedar.com,Newark,NJ,East,East,2012-12-25,,,,,,,,,,,,
CUST03861,Southport Long-Term Care Facility,David Nelson,313 464 4390,(313) 464-4390,Brian.Scott862@cornerstone.com,Sacramento,CA,West,West,2015-02-02,,,,,,,,,,,,
CUST03862,Cornerstone Hospital,Nicholas Flores,(326) 509-0128,(326) 509-0128,Nicholas.Flores668@cornerstone.com,Hartford,CT,East,East,2021-12-17,,,,,,,,,,,,
CUST03863,Southport Health System,Jason Bailey,030.067.9913,(030) 067-9913,Jason.Bailey756@southport.com,Portland,OR,West,West,2010-11-20,,,,,,,,,,,,
CUST03864,Riverside Medical Center,John Parker,217.472.6723,(217) 472-6723,John.Parker553@riverside.com,Portland,OR,West,West,2022-04-04,,,,,,,,,,,,
CUST03865,Parkview Community Clinic,Catherine Hill,538-668-9707,(538) 668-9707,Catherine.Hill663@parkview.com,Seattle,WA,West,West,2012-10-22,,,,,,,,,,,,
CUST03866,Heritage Pharmacy,Deborah Young,316 982 3799,(316) 982-3799,Deborah.Young993@heritage.com,Billings,MT,North,North,2016-10-05,,,,,,,,,,,,
CUST03867,Riverside Hospital,Samantha Cooper,073-526-7565,(073) 526-7565,Samantha.Cooper954@riverside.com,Boston,MA,East,East,2010-03-03,,,,,,,,,,,,
CUST03868,Southport Urgent Care Clinic,Janet Richardson,(4) 605-1001,(004) 605-1001,Janet.Richardson350@southport.com,Milwaukee,WI,North,North,2010-01-27,,,,,,,,,,,,
CUST03869,Beacon Pharmacy,Ashley Nelson,(627) 167-5205,(627) 167-5205,Ashley.Nelson857@beacon.com,Seattle,WA,West,West,2015-11-23,,,,,,,,,,,,
CUST03870,Mercy Pharmacy,Samantha Howard,(742) 474-2589,(742) 474-2589,Samantha.Howard725@mercy.com,Seattle,WA,West,West,2017-01-31,,,,,,,,,,,,
CUST03871,Hilltop Health System,Anthony White,(198) 465-6316,(198) 465-6316,Anthony.White659@hilltop.com,Boston,MA,East,East,2022-07-29,,,,,,,,,,,,
CUST03872,Heritage Community Clinic,Eric Peterson,789-417-2635,(789) 417-2635,Eric.Peterson141@heritage.com,Hartford,CT,East,East,2021-04-06,,,,,,,,,,,,
CUST03873,Crossroads Pharmacy,Donna Lee,(025) 200-2989,(025) 200-2989,Donna.Lee687@crossroads.com,Atlanta,GA,Northeast,East,2019-04-19,,,,,,,,,,,,
CUST03874,Heritage Health System,Nicholas Nelson,253 467 0997,(253) 467-0997,Nicholas.Nelson666@heritage.com,Billings,MT,North,North,2010-10-30,,,,,,,,,,,,
CUST03875,Trinity Long-Term Care Facility,Edward Phillips,2178888162,(217) 888-8162,Edward.Phillips627@trinity.com,Sioux Falls,SD,Northeast,East,2021-05-24,,,,,,,,,,,,
CUST03876,Eastview Medical Center,Kenneth Hill,384 446 1179,(384) 446-1179,Kenneth.Hill609@eastview.com,Atlanta,GA,South,South,2018-04-03,,,,,,,,,,,,
CUST03877,Parkview Community Clinic,Kevin Martinez,049.441.5361,(049) 441-5361,Kevin.Martinez704@parkview.com,Minneapolis,MN,North,North,2024-11-30,,,,,,,,,,,,
CUST03878,Heritage Community Clinic,George Gomez,(321) 816-7049,(321) 816-7049,George.Gomez856@heritage.com,Dallas,TX,South,South,2012-06-07,,,,,,,,,,,,
CUST03879,Lakeside Pharmacy,Michael Baker,(768) 516-4064,(768) 516-4064,Michael.Baker565@lakeside.com,Seattle,WA,West,West,2016-06-16,,,,,,,,,,,,
CUST03880,Mercy Urgent Care Clinic,Edward Parker,(272) 942-8981,(272) 942-8981,Edward.Parker827@mercy.com,Milwaukee,WI,North,North,2016-05-13,,,,,,,,,,,,
CUST03881,Beacon Long-Term Care Facility,Susan Lewis,(832) 595-7485,(832) 595-7485,Susan.Lewis212@beacon.com,Seattle,WA,West,West,2021-03-14,,,,,,,,,,,,
CUST03882,Cornerstone Urgent Care Clinic,Steven Roberts,(823) 881-8716,(823) 881-8716,Steven.Roberts764@cornerstone.com,Atlanta,GA,South,South,2019-11-07,,,,,,,,,,,,
CUST03883,Mercy Long-Term Care Facility,Kevin Stewart,929-247-6807,(929) 247-6807,Kevin.Stewart679@mercy.com,Denver,CO,West,West,2022-10-18,,,,,,,,,,,,
CUST03884,Mercy Medical Center,Laura Jackson,(463) 676-2136,(463) 676-2136,Laura.Jackson631@mercy.com,Milwaukee,WI,Midwest,North,2016-05-24,,,,,,,,,,,,
CUST03885,Cornerstone Long-Term Care Facility,Jonathan Murphy,(272) 455-7699,(272) 455-7699,Jonathan.Murphy321@cornerstone.com,Philadelphia,PA,East,East,2011-07-06,,,,,,,,,,,,
CUST03886,Beacon Pharmacy,Paul Murphy,333.639.9601,(333) 639-9601,Paul.Murphy117@beacon.com,Hartford,CT,East,East,2018-03-05,,,,,,,,,,,,
CUST03887,Cornerstone Community Clinic,John Ward,194.459.5961,(194) 459-5961,John.Ward915@cornerstone.com,Phoenix,AZ,West,West,2020-03-10,,,,,,,,,,,,
CUST03888,Westfield Medical Center,Sarah Reyes,264-053-5293,(264) 053-5293,Sarah.Reyes416@westfield.com,Billings,MT,North,North,2023-03-02,,,,,,,,,,,,
CUST03889,Hilltop Community Clinic,Rebecca Richardson,(721) 864-5326,(721) 864-5326,Rebecca.Richardson79@hilltop.com,Dallas,TX,South,South,2020-07-06,,,,,,,,,,,,
CUST03890,Eastview Long-Term Care Facility,Michael Davis,2279180554,(227) 918-0554,Michael.Davis725@eastview.com,New Orleans,LA,South,South,2019-05-01,,,,,,,,,,,,
CUST03891,Heritage Long-Term Care Facility,Kimberly Miller,0296205633,(029) 620-5633,Kimberly.Miller791@heritage.com,Seattle,WA,West,West,2022-12-24,,,,,,,,,,,,
CUST03892,Trinity Medical Center,Larry Phillips,712 882 6310,(712) 882-6310,Larry.Phillips772@trinity.com,New Orleans,LA,South,South,2022-04-01,,,,,,,,,,,,
CUST03893,Valley Medical Center,Eric Lopez,488-168-2043,(488) 168-2043,Eric.Lopez139@valley.com,Philadelphia,PA,Southeast,South,2020-05-10,,,,,,,,,,,,
CUST03894,Northgate Medical Center,Christopher Wright,4278943788,(427) 894-3788,Christopher.Wright142@northgate.com,Sioux Falls,SD,North,North,2020-05-06,,,,,,,,,,,,
CUST03895,Crossroads Urgent Care Clinic,Jeffrey Miller,505.809.5316,(505) 809-5316,Jeffrey.Miller383@crossroads.com,Fargo,ND,Southeast,South,2023-09-14,,,,,,,,,,,,
CUST03896,Eastview Community Clinic,Frank Kelly,(407) 328-4568,(407) 328-4568,Frank.Kelly241@eastview.com,Portland,OR,West,West,2013-03-22,,,,,,,,,,,,
CUST03897,Crossroads Hospital,Larry Morris,822.819.4033,(822) 819-4033,Larry.Morris469@crossroads.com,Sioux Falls,SD,Northeast,East,2018-01-17,,,,,,,,,,,,
CUST03898,Beacon Community Clinic,Brenda Evans,835 884 5490,(835) 884-5490,Brenda.Evans500@beacon.com,Atlanta,GA,South,South,2024-03-18,,,,,,,,,,,,
CUST03899,Crossroads Long-Term Care Facility,Debra Gutierrez,231.196.7647,(231) 196-7647,Debra.Gutierrez759@crossroads.com,Milwaukee,WI,North,North,2015-08-05,,,,,,,,,,,,
CUST03900,Mercy Hospital,Ryan Morales,8282270697,(828) 227-0697,Ryan.Morales242@mercy.com,Phoenix,AZ,West,West,2010-09-29,,,,,,,,,,,,
CUST03901,Westfield Health System,Michael King,507 702 3681,(507) 702-3681,Michael.King891@westfield.com,New Orleans,LA,South,South,2019-06-26,,,,,,,,,,,,
CUST03902,Southport Long-Term Care Facility,Catherine Thompson,(015) 461-2149,(015) 461-2149,Catherine.Thompson656@southport.com,Seattle,WA,West,West,2014-01-30,,,,,,,,,,,,
CUST03903,Trinity Health System,Kevin Cook,(419) 492-6511,(419) 492-6511,Kevin.Cook57@trinity.com,Seattle,WA,Midwest,North,2013-12-21,,,,,,,,,,,,
CUST03904,Valley Pharmacy,Linda Anderson,218-096-1249,(218) 096-1249,Linda.Anderson563@valley.com,Dallas,TX,South,South,2016-09-03,,,,,,,,,,,,
CUST03905,Southport Community Clinic,Eric Miller,309-806-5727,(309) 806-5727,Eric.Miller106@southport.com,Hartford,CT,East,East,2019-05-03,,,,,,,,,,,,
CUST03906,Union Community Clinic,Edward Cook,245.405.3606,(245) 405-3606,Edward.Cook103@union.com,Philadelphia,PA,East,East,2017-03-13,,,,,,,,,,,,
CUST03907,Riverside Urgent Care Clinic,Jason Morris,729 622 9234,(729) 622-9234,Jason.Morris110@riverside.com,Newark,NJ,Midwest,North,2022-02-05,,,,,,,,,,,,
CUST03908,Eastview Urgent Care Clinic,Steven Smith,327 430 7667,(327) 430-7667,Steven.Smith963@eastview.com,Sacramento,CA,West,West,2010-04-16,,,,,,,,,,,,
CUST03909,Crossroads Pharmacy,Barbara Jackson,6699535960,(669) 953-5960,Barbara.Jackson281@crossroads.com,Boston,MA,East,East,2011-03-14,,,,,,,,,,,,
CUST03910,Eastview Health System,Matthew Gutierrez,(205) 622-4718,(205) 622-4718,Matthew.Gutierrez541@eastview.com,Phoenix,AZ,West,West,2011-07-31,,,,,,,,,,,,
CUST03911,Westfield Long-Term Care Facility,Linda Collins,582.609.6007,(582) 609-6007,Linda.Collins709@westfield.com,Birmingham,AL,Southeast,South,2022-12-18,,,,,,,,,,,,
CUST03912,Union Medical Center,Justin Sanchez,(780) 667-7481,(780) 667-7481,Justin.Sanchez12@union.com,Atlanta,GA,South,South,2024-01-18,,,,,,,,,,,,
CUST03913,Grace Pharmacy,Kenneth Baker,426-336-1891,(426) 336-1891,Kenneth.Baker919@grace.com,Birmingham,AL,South,South,2023-05-15,,,,,,,,,,,,
CUST03914,Trinity Long-Term Care Facility,Lisa Walker,2878184147,(287) 818-4147,Lisa.Walker522@trinity.com,Boston,MA,East,East,2010-10-29,,,,,,,,,,,,
CUST03915,Grace Hospital,Elizabeth Gutierrez,946.186.7716,(946) 186-7716,Elizabeth.Gutierrez127@grace.com,Sacramento,CA,West,West,2015-11-23,,,,,,,,,,,,
CUST03916,Lakeside Medical Center,Cynthia Kim,(293) 632-2802,(293) 632-2802,Cynthia.Kim826@lakeside.com,Hartford,CT,East,East,2021-06-15,,,,,,,,,,,,
CUST03917,Cedar Pharmacy,Samantha Parker,(096) 738-6675,(096) 738-6675,Samantha.Parker384@cedar.com,Tampa,FL,South,South,2014-09-15,,,,,,,,,,,,
CUST03918,Grace Medical Center,Brandon Cruz,927-499-1438,(927) 499-1438,Brandon.Cruz691@grace.com,Sacramento,CA,West,West,2017-02-28,,,,,,,,,,,,
CUST03919,Riverside Long-Term Care Facility,David Cooper,(336) 014-6715,(336) 014-6715,David.Cooper693@riverside.com,Newark,NJ,Midwest,North,2022-08-01,,,,,,,,,,,,
CUST03920,Heritage Health System,Paul Hall,2489136043,(248) 913-6043,Paul.Hall379@heritage.com,Birmingham,AL,Northeast,East,2020-01-27,,,,,,,,,,,,
CUST03921,Grace Community Clinic,Eric Lee,408 192 7584,(408) 192-7584,Eric.Lee501@grace.com,Seattle,WA,West,West,2019-11-20,,,,,,,,,,,,
CUST03922,Cornerstone Urgent Care Clinic,Kenneth Morris,(270) 192-4675,(270) 192-4675,Kenneth.Morris855@cornerstone.com,Boston,MA,East,East,2023-10-25,,,,,,,,,,,,
CUST03923,Grace Community Clinic,Kenneth Miller,1935170871,(193) 517-0871,Kenneth.Miller541@grace.com,Atlanta,GA,South,South,2012-06-18,,,,,,,,,,,,
CUST03924,Lakeside Medical Center,Donald Cooper,352.428.1694,(352) 428-1694,Donald.Cooper266@lakeside.com,Birmingham,AL,South,South,2017-01-21,,,,,,,,,,,,
CUST03925,Westfield Urgent Care Clinic,Andrew Gutierrez,(475) 398-7920,(475) 398-7920,Andrew.Gutierrez152@westfield.com,Birmingham,AL,South,South,2023-09-22,,,,,,,,,,,,
CUST03926,Northgate Hospital,Patricia Thomas,2599686506,(259) 968-6506,Patricia.Thomas876@northgate.com,Denver,CO,West,West,2011-12-03,,,,,,,,,,,,
CUST03927,Mercy Medical Center,Susan Cooper,(651) 150-3555,(651) 150-3555,Susan.Cooper694@mercy.com,Hartford,CT,East,East,2011-04-03,,,,,,,,,,,,
CUST03928,Lakeside Community Clinic,Paul Ramirez,(567) 721-3600,(567) 721-3600,Paul.Ramirez553@lakeside.com,Phoenix,AZ,West,West,2010-10-09,,,,,,,,,,,,
CUST03929,Trinity Pharmacy,Samantha Murphy,378 236 9109,(378) 236-9109,Samantha.Murphy679@trinity.com,New Orleans,LA,South,South,2021-10-29,,,,,,,,,,,,
CUST03930,Valley Medical Center,Paul Morris,(309) 165-1680,(309) 165-1680,Paul.Morris189@valley.com,Billings,MT,Southeast,South,2012-04-13,,,,,,,,,,,,
CUST03931,Northgate Urgent Care Clinic,Mary Miller,009-358-7170,(009) 358-7170,Mary.Miller677@northgate.com,Boston,MA,East,East,2017-11-18,,,,,,,,,,,,
CUST03932,Mercy Urgent Care Clinic,Mark Taylor,789-005-2994,(789) 005-2994,Mark.Taylor364@mercy.com,Minneapolis,MN,North,North,2017-10-06,,,,,,,,,,,,
CUST03933,Eastview Community Clinic,Gregory Sanchez,(232) 124-3025,(232) 124-3025,Gregory.Sanchez253@eastview.com,Atlanta,GA,South,South,2010-05-16,,,,,,,,,,,,
CUST03934,Grace Hospital,Helen Rogers,(769) 047-4473,(769) 047-4473,Helen.Rogers105@grace.com,Milwaukee,WI,North,North,2012-09-18,,,,,,,,,,,,
CUST03935,Riverside Long-Term Care Facility,Katherine Harris,876.678.4533,(876) 678-4533,Katherine.Harris747@riverside.com,Denver,CO,Midwest,North,2015-06-09,,,,,,,,,,,,
CUST03936,Parkview Urgent Care Clinic,Amy Adams,118-033-6136,(118) 033-6136,Amy.Adams25@parkview.com,Newark,NJ,East,East,2019-06-16,,,,,,,,,,,,
CUST03937,Union Pharmacy,Donald Evans,511 637 8457,(511) 637-8457,Donald.Evans832@union.com,Milwaukee,WI,North,North,2013-10-08,,,,,,,,,,,,
CUST03938,Southport Urgent Care Clinic,Thomas Edwards,(260) 273-2269,(260) 273-2269,Thomas.Edwards139@southport.com,Milwaukee,WI,North,North,2024-04-12,,,,,,,,,,,,
CUST03939,Parkview Health System,Donald Cox,(400) 975-1102,(400) 975-1102,Donald.Cox646@parkview.com,Milwaukee,WI,North,North,2015-12-07,,,,,,,,,,,,
CUST03940,Cornerstone Pharmacy,Anthony Jones,(895) 645-9817,(895) 645-9817,Anthony.Jones228@cornerstone.com,Portland,OR,West,West,2013-08-11,,,,,,,,,,,,
CUST03941,Summit Health System,John Davis,213-843-3213,(213) 843-3213,John.Davis663@summit.com,Philadelphia,PA,East,East,2011-02-17,,,,,,,,,,,,
CUST03942,Valley Urgent Care Clinic,Patricia Edwards,293-095-8720,(293) 095-8720,Patricia.Edwards365@valley.com,Boston,MA,Northeast,East,2013-06-08,,,,,,,,,,,,
CUST03943,Riverside Pharmacy,Donald Ortiz,931.860.6231,(931) 860-6231,Donald.Ortiz492@riverside.com,Tampa,FL,South,South,2016-04-24,,,,,,,,,,,,
CUST03944,Southport Urgent Care Clinic,Timothy Robinson,5962763009,(596) 276-3009,Timothy.Robinson953@southport.com,Seattle,WA,Northeast,East,2024-03-26,,,,,,,,,,,,
CUST03945,Union Hospital,Emily Jackson,(976) 748-8139,(976) 748-8139,Emily.Jackson894@union.com,Birmingham,AL,South,South,2010-03-06,,,,,,,,,,,,
CUST03946,Hilltop Hospital,Pamela Stewart,(414) 314-0139,(414) 314-0139,Pamela.Stewart716@hilltop.com,Boston,MA,East,East,2022-08-01,,,,,,,,,,,,
CUST03947,Valley Urgent Care Clinic,Carolyn Morgan,(371) 894-2840,(371) 894-2840,Carolyn.Morgan782@valley.com,Newark,NJ,East,East,2021-05-11,,,,,,,,,,,,
CUST03948,Trinity Urgent Care Clinic,Stephen Campbell,852.120.0416,(852) 120-0416,Stephen.Campbell727@trinity.com,New Orleans,LA,Midwest,North,2012-02-01,,,,,,,,,,,,
CUST03949,Mercy Long-Term Care Facility,Brandon Campbell,487-032-1870,(487) 032-1870,Brandon.Campbell746@mercy.com,Hartford,CT,East,East,2010-12-01,,,,,,,,,,,,
CUST03950,Heritage Community Clinic,Stephen Rodriguez,5940216980,(594) 021-6980,Stephen.Rodriguez233@heritage.com,Newark,NJ,East,East,2017-09-06,,,,,,,,,,,,
CUST03951,Grace Community Clinic,Debra Morales,244.626.5561,(244) 626-5561,Debra.Morales673@grace.com,Birmingham,AL,South,South,2020-02-09,,,,,,,,,,,,
CUST03952,Southport Hospital,Melissa Howard,(727) 484-7927,(727) 484-7927,Melissa.Howard614@southport.com,Philadelphia,PA,East,East,2015-12-15,,,,,,,,,,,,
CUST03953,Grace Urgent Care Clinic,Carolyn Morales,360 684 4706,(360) 684-4706,Carolyn.Morales315@grace.com,Sioux Falls,SD,North,North,2010-02-08,,,,,,,,,,,,
CUST03954,Cedar Health System,Michael Jackson,(870) 071-1064,(870) 071-1064,Michael.Jackson796@cedar.com,Birmingham,AL,Midwest,North,2014-05-12,,,,,,,,,,,,
CUST03955,Mercy Hospital,Helen Flores,800 881 4848,(800) 881-4848,Helen.Flores397@mercy.com,Denver,CO,West,West,2017-05-18,,,,,,,,,,,,
CUST03956,Cedar Urgent Care Clinic,Catherine Thomas,229-606-9138,(229) 606-9138,Catherine.Thomas486@cedar.com,Milwaukee,WI,North,North,2013-07-22,,,,,,,,,,,,
CUST03957,Beacon Community Clinic,Laura Collins,866.782.3967,(866) 782-3967,Laura.Collins422@beacon.com,Newark,NJ,East,East,2018-04-27,,,,,,,,,,,,
CUST03958,Westfield Health System,Alexander Taylor,7855971189,(785) 597-1189,Alexander.Taylor290@westfield.com,Seattle,WA,West,West,2021-08-20,,,,,,,,,,,,
CUST03959,Crossroads Pharmacy,Margaret Perez,337 874 7267,(337) 874-7267,Margaret.Perez855@crossroads.com,Sacramento,CA,West,West,2018-08-24,,,,,,,,,,,,
CUST03960,Crossroads Community Clinic,Benjamin Thompson,593 640 7620,(593) 640-7620,Benjamin.Thompson971@crossroads.com,Milwaukee,WI,North,North,2022-01-30,,,,,,,,,,,,
CUST03961,Riverside Hospital,Scott Wilson,959.624.1324,(959) 624-1324,Scott.Wilson743@riverside.com,Portland,OR,West,West,2012-11-22,,,,,,,,,,,,
CUST03962,Cedar Hospital,Margaret Cooper,158.254.5143,(158) 254-5143,Margaret.Cooper956@cedar.com,Albany,NY,East,East,2013-04-29,,,,,,,,,,,,
CUST03963,Lakeside Urgent Care Clinic,Elizabeth Campbell,699 205 1034,(699) 205-1034,Elizabeth.Campbell607@lakeside.com,Billings,MT,North,North,2016-10-21,,,,,,,,,,,,
CUST03964,Beacon Long-Term Care Facility,Cynthia Morris,(942) 835-2706,(942) 835-2706,Cynthia.Morris663@beacon.com,New Orleans,LA,South,South,2024-07-22,,,,,,,,,,,,
CUST03965,Eastview Pharmacy,Sandra Torres,369-170-3242,(369) 170-3242,Sandra.Torres72@eastview.com,Phoenix,AZ,West,West,2020-04-22,,,,,,,,,,,,
CUST03966,Parkview Community Clinic,Samantha Brown,(170) 052-4596,(170) 052-4596,Samantha.Brown97@parkview.com,Dallas,TX,South,South,2013-07-28,,,,,,,,,,,,
CUST03967,Hilltop Long-Term Care Facility,Barbara Hall,098-402-7094,(098) 402-7094,Brian.Ortiz400@beacon.com,Sioux Falls,SD,North,North,2012-08-17,,,,,,,,,,,,
CUST03968,Beacon Pharmacy,Brenda Phillips,(862) 561-5636,(862) 561-5636,Brenda.Phillips280@beacon.com,Sacramento,CA,West,West,2018-08-28,,,,,,,,,,,,
CUST03969,Union Community Clinic,Gregory Morales,696 062 8536,(696) 062-8536,Gregory.Morales840@union.com,Fargo,ND,North,North,2016-12-09,,,,,,,,,,,,
CUST03970,Valley Health System,Ashley Thomas,711-363-5431,(711) 363-5431,Ashley.Thomas95@valley.com,Billings,MT,North,North,2013-03-04,,,,,,,,,,,,
CUST03971,Hilltop Community Clinic,Jacob Cox,(454) 783-9904,(454) 783-9904,Jacob.Cox731@hilltop.com,Sioux Falls,SD,North,North,2012-01-03,,,,,,,,,,,,
CUST03972,Southport Pharmacy,Kathleen Phillips,(799) 161-8502,(799) 161-8502,Kathleen.Phillips450@southport.com,Milwaukee,WI,North,North,2011-03-05,,,,,,,,,,,,
CUST03973,Trinity Long-Term Care Facility,Justin Martin,9305776140,(930) 577-6140,Justin.Martin402@trinity.com,Philadelphia,PA,East,East,2010-07-01,,,,,,,,,,,,
CUST03974,Mercy Pharmacy,Kimberly Hill,357.408.8517,(357) 408-8517,Kimberly.Hill298@mercy.com,Newark,NJ,East,East,2011-09-05,,,,,,,,,,,,
CUST03975,Crossroads Hospital,Linda Roberts,(235) 526-3733,(235) 526-3733,Linda.Roberts783@crossroads.com,Tampa,FL,South,South,2012-03-31,,,,,,,,,,,,
CUST03976,Hilltop Medical Center,Benjamin Rivera,(381) 006-3105,(381) 006-3105,Benjamin.Rivera29@hilltop.com,Fargo,ND,North,North,2020-05-09,,,,,,,,,,,,
CUST03977,Grace Long-Term Care Facility,Pamela Jackson,868-716-9073,(868) 716-9073,Pamela.Jackson820@grace.com,Fargo,ND,Southeast,South,2012-05-24,,,,,,,,,,,,
CUST03978,Beacon Pharmacy,Emma Rogers,(149) 892-1685,(149) 892-1685,Emma.Rogers861@beacon.com,Dallas,TX,Northeast,East,2023-07-04,,,,,,,,,,,,
CUST03979,Parkview Urgent Care Clinic,John Lewis,3646906109,(364) 690-6109,John.Lewis918@parkview.com,New Orleans,LA,South,South,2015-04-01,,,,,,,,,,,,
CUST03980,Summit Health System,Alexander Jones,2235375572,(223) 537-5572,Alexander.Jones342@summit.com,Atlanta,GA,South,South,2023-09-25,,,,,,,,,,,,
CUST03981,Union Hospital,Gary Reyes,8720696577,(872) 069-6577,Gary.Reyes560@union.com,Minneapolis,MN,North,North,2021-04-25,,,,,,,,,,,,
CUST03982,Maple Medical Center,Thomas Richardson,483-972-0066,(483) 972-0066,Thomas.Richardson343@maple.com,Dallas,TX,South,South,2019-08-02,,,,,,,,,,,,
CUST03983,Cornerstone Health System,Mary Smith,893.670.6197,(893) 670-6197,Mary.Smith223@cornerstone.com,Portland,OR,West,West,2021-10-02,,,,,,,,,,,,
CUST03984,Westfield Pharmacy,Alexander Morgan,880.153.1500,(880) 153-1500,Steven.Diaz242@trinity.com,Fargo,ND,North,North,2018-04-27,,,,,,,,,,,,
CUST03985,Northgate Community Clinic,Joshua Ramirez,(842) 556-1417,(842) 556-1417,Joshua.Ramirez905@northgate.com,Hartford,CT,East,East,2020-02-14,,,,,,,,,,,,
CUST03986,Riverside Medical Center,Debra Robinson,325 798 1695,(325) 798-1695,Debra.Robinson661@riverside.com,Billings,MT,North,North,2018-03-19,,,,,,,,,,,,
CUST03987,Eastview Hospital,Brandon Walker,(604) 259-9040,(604) 259-9040,Brandon.Walker944@eastview.com,Denver,CO,West,West,2022-11-10,,,,,,,,,,,,
CUST03988,Union Long-Term Care Facility,Nicole Rivera,324.457.4342,(324) 457-4342,Nicole.Rivera646@union.com,Billings,MT,North,North,2011-09-11,,,,,,,,,,,,
CUST03989,Summit Hospital,Brian Moore,(938) 210-6286,(938) 210-6286,Brian.Moore101@summit.com,Denver,CO,West,West,2010-12-18,,,,,,,,,,,,
CUST03990,Parkview Pharmacy,Charles Martin,(132) 570-4414,(132) 570-4414,Charles.Martin286@parkview.com,Tampa,FL,South,South,2014-09-12,,,,,,,,,,,,
CUST03991,Riverside Long-Term Care Facility,Paul Perez,8885573939,(888) 557-3939,Paul.Perez656@riverside.com,Tampa,FL,South,South,2018-12-10,,,,,,,,,,,,
CUST03992,Heritage Pharmacy,George Kim,(625) 991-4353,(625) 991-4353,George.Kim823@heritage.com,Philadelphia,PA,Midwest,North,2017-02-22,,,,,,,,,,,,
CUST03993,Beacon Medical Center,Jacob Harris,070-367-9889,(070) 367-9889,Jacob.Harris399@beacon.com,Sioux Falls,SD,North,North,2014-12-09,,,,,,,,,,,,
CUST03994,Lakeside Long-Term Care Facility,Emily Cooper,277.374.8118,(277) 374-8118,Emily.Cooper507@lakeside.com,Fargo,ND,North,North,2021-12-22,,,,,,,,,,,,
CUST03995,Riverside Health System,Ryan Rogers,(844) 090-0255,(844) 090-0255,Ryan.Rogers157@riverside.com,Newark,NJ,East,East,2017-04-08,,,,,,,,,,,,
CUST03996,Parkview Long-Term Care Facility,Katherine Robinson,022.037.3540,(022) 037-3540,Katherine.Robinson206@parkview.com,Dallas,TX,South,South,2015-09-02,,,,,,,,,,,,
CUST03997,Riverside Long-Term Care Facility,Samantha Morgan,(785) 060-9337,(785) 060-9337,Samantha.Morgan390@riverside.com,Sioux Falls,SD,North,North,2017-12-02,,,,,,,,,,,,
CUST03998,Union Health System,Robert Gomez,146-548-1932,(146) 548-1932,Robert.Gomez957@union.com,Minneapolis,MN,North,North,2011-07-04,,,,,,,,,,,,
CUST03999,Valley Urgent Care Clinic,Carolyn Jones,779 879 5047,(779) 879-5047,Carolyn.Jones12@valley.com,Albany,NY,Northeast,East,2018-12-24,,,,,,,,,,,,
CUST04000,Summit Hospital,Betty Reed,759-174-8909,(759) 174-8909,Betty.Reed805@summit.com,Albany,NY,Southeast,South,2014-12-16,,,,,,,,,,,,
