order_id,customer_id,store_id,employee_id,order_date,status
ORD000001,CUST04000,DC015,EMP0763,2023-10-16,Fulfilled
ORD000002,CUST00100,DC022,EMP0292,2021-01-01,Fulfilled
ORD000003,CUST02162,DC016,EMP0616,2021-04-18,Pending
ORD000004,CUST01770,DC004,EMP0522,2022-04-29,Cancelled
ORD000005,CUST01844,DC024,EMP0352,2022-11-22,Fulfilled
ORD000006,CUST03735,DC004,EMP0400,2021-11-27,Fulfilled
ORD000007,CUST00142,DC023,EMP0096,2024-08-21,Cancelled
ORD000008,CUST02152,DC006,EMP0793,2021-04-14,Backordered
ORD000009,CUST01336,DC009,EMP0646,2024-05-22,Backordered
ORD000010,CUST00548,DC003,EMP0750,2022-10-15,Fulfilled
ORD000011,CUST00562,DC004,EMP0711,2024-08-25,Fulfilled
ORD000012,CUST01732,DC008,EMP0193,2025-05-30,Fulfilled
ORD000013,CUST03765,DC024,EMP0485,2025-03-18,Backordered
ORD000014,CUST01034,DC005,EMP0449,2024-01-02,Cancelled
ORD000015,CUST00415,DC015,EMP0479,2021-04-03,Cancelled
ORD000016,CUST00213,DC023,EMP0338,2024-08-10,Fulfilled
ORD000017,CUST00252,DC022,EMP0127,2023-08-16,Fulfilled
ORD000018,CUST00932,DC020,EMP0786,2023-02-16,Cancelled
ORD000019,CUST03230,DC023,EMP0417,2025-07-10,Fulfilled
ORD000020,CUST02624,DC007,EMP0418,2022-06-16,Fulfilled
ORD000021,CUST01561,DC023,EMP0716,2024-03-10,Fulfilled
ORD000022,CUST02942,DC011,EMP0185,2022-10-02,Fulfilled
ORD000023,CUST02387,DC006,EMP0406,2025-05-22,Fulfilled
ORD000024,CUST02200,DC009,EMP0012,2022-10-16,Pending
ORD000025,CUST03320,DC002,EMP0520,2023-04-30,Fulfilled
ORD000026,CUST03018,DC001,EMP0449,2025-07-19,Fulfilled
ORD000027,CUST00197,DC001,EMP0762,2023-05-11,Pending
ORD000028,CUST01042,DC002,EMP0650,2024-12-15,Pending
ORD000029,CUST03346,DC014,EMP0529,2025-06-04,Pending
ORD000030,CUST01058,DC020,EMP0708,2022-07-07,Fulfilled
ORD000031,CUST00946,DC008,EMP0260,2024-03-26,Cancelled
ORD000032,CUST02326,DC011,EMP0316,2023-02-20,Fulfilled
ORD000033,CUST00514,DC006,EMP0016,2021-01-11,Pending
ORD000034,CUST01125,DC013,EMP0372,2023-05-15,Backordered
ORD000035,CUST02039,DC022,EMP0383,2025-01-28,Cancelled
ORD000036,CUST02317,DC014,EMP0137,2022-11-24,Backordered
ORD000037,CUST01083,DC005,EMP0222,2023-08-28,Backordered
ORD000038,CUST03663,DC005,EMP0559,2021-09-08,Fulfilled
ORD000039,CUST03773,DC008,EMP0653,2025-08-10,Fulfilled
ORD000040,CUST01890,DC011,EMP0192,2022-05-09,Cancelled
ORD000041,CUST01708,DC017,EMP0384,2025-07-16,Fulfilled
ORD000042,CUST00266,DC013,EMP0659,2024-05-07,Fulfilled
ORD000043,CUST01077,DC013,EMP0565,2024-06-27,Fulfilled
ORD000044,CUST00523,DC016,EMP0401,2022-04-27,Fulfilled
ORD000045,CUST03930,DC007,EMP0638,2023-02-10,Cancelled
ORD000046,CUST03224,DC004,EMP0470,2021-08-02,Fulfilled
ORD000047,CUST00482,DC006,EMP0333,2022-11-24,Cancelled
ORD000048,CUST03527,DC012,EMP0214,2021-08-31,Pending
ORD000049,CUST00213,DC021,EMP0387,2024-07-22,Cancelled
ORD000050,CUST00442,DC021,EMP0537,2023-11-19,Fulfilled
ORD000051,CUST00705,DC002,EMP0793,2022-07-11,Cancelled
ORD000052,CUST02481,DC023,EMP0256,2024-07-08,Backordered
ORD000053,CUST01618,DC002,EMP0057,2025-11-02,Cancelled
ORD000054,CUST03049,DC009,EMP0591,2024-03-18,Fulfilled
ORD000055,CUST03148,DC001,EMP0411,2022-11-25,Pending
ORD000056,CUST00741,DC007,EMP0524,2023-07-18,Pending
ORD000057,CUST00297,DC004,EMP0246,2022-12-21,Pending
ORD000058,CUST01847,DC019,EMP0429,2022-11-27,Cancelled
ORD000059,CUST00050,DC008,EMP0191,2021-08-19,Fulfilled
ORD000060,CUST00013,DC004,EMP0499,2022-06-15,Fulfilled
ORD000061,CUST00340,DC011,EMP0628,2024-02-20,Backordered
ORD000062,CUST03105,DC023,EMP0316,2022-10-22,Fulfilled
ORD000063,CUST01065,DC021,EMP0418,2021-10-20,Fulfilled
ORD000064,CUST00018,DC020,EMP0296,2024-12-04,Fulfilled
ORD000065,CUST02248,DC004,EMP0292,2023-07-08,Cancelled
ORD000066,CUST02166,DC015,EMP0736,2023-02-06,Fulfilled
ORD000067,CUST03666,DC002,EMP0423,2023-05-09,Fulfilled
ORD000068,CUST00164,DC012,EMP0082,2022-06-26,Fulfilled
ORD000069,CUST01432,DC015,EMP0191,2021-04-05,Fulfilled
ORD000070,CUST00767,DC015,EMP0579,2022-02-26,Fulfilled
ORD000071,CUST00904,DC004,EMP0419,2022-04-10,Pending
ORD000072,CUST02449,DC019,EMP0426,2021-10-08,Backordered
ORD000073,CUST02255,DC003,EMP0675,2024-11-28,Fulfilled
ORD000074,CUST02277,DC003,EMP0295,2022-09-23,Fulfilled
ORD000075,CUST02932,DC008,EMP0225,2024-08-23,Fulfilled
ORD000076,CUST00404,DC011,EMP0416,2024-09-26,Fulfilled
ORD000077,CUST02597,DC006,EMP0309,2024-10-06,Pending
ORD000078,CUST03768,DC013,EMP0540,2022-09-20,Pending
ORD000079,CUST00544,DC016,EMP0088,2024-03-08,Fulfilled
ORD000080,CUST00293,DC008,EMP0479,2025-02-17,Backordered
ORD000081,CUST02911,DC024,EMP0596,2022-12-21,Cancelled
ORD000082,CUST03552,DC018,EMP0751,2023-07-26,Cancelled
ORD000083,CUST02074,DC021,EMP0297,2023-10-10,Cancelled
ORD000084,CUST03662,DC016,EMP0633,2023-05-07,Fulfilled
ORD000085,CUST03138,DC007,EMP0446,2024-06-15,Cancelled
ORD000086,CUST03024,DC024,EMP0610,2022-09-09,Fulfilled
ORD000087,CUST02015,DC006,EMP0031,2025-07-18,Fulfilled
ORD000088,CUST00670,DC004,EMP0064,2022-10-11,Fulfilled
ORD000089,CUST03404,DC009,EMP0428,2021-08-31,Fulfilled
ORD000090,CUST03620,DC018,EMP0602,2022-05-12,Fulfilled
ORD000091,CUST00301,DC007,EMP0537,2022-05-15,Backordered
ORD000092,CUST01184,DC019,EMP0139,2024-09-13,Fulfilled
ORD000093,CUST02760,DC023,EMP0786,2024-11-24,Fulfilled
ORD000094,CUST00807,DC016,EMP0766,2024-05-28,Fulfilled
ORD000095,CUST00408,DC015,EMP0408,2022-07-25,Cancelled
ORD000096,CUST03432,DC023,EMP0108,2022-11-12,Fulfilled
ORD000097,CUST00028,DC003,EMP0422,2024-08-23,Fulfilled
ORD000098,CUST01095,DC001,EMP0234,2025-02-22,Backordered
ORD000099,CUST03087,DC022,EMP0410,2023-08-17,Fulfilled
ORD000100,CUST03724,DC018,EMP0021,2023-12-18,Fulfilled
ORD000101,CUST01002,DC017,EMP0603,2022-07-21,Fulfilled
ORD000102,CUST02100,DC005,EMP0072,2024-08-17,Cancelled
ORD000103,CUST00460,DC006,EMP0001,2025-07-17,Fulfilled
ORD000104,CUST00262,DC017,EMP0324,2022-08-12,Fulfilled
ORD000105,CUST03704,DC014,EMP0799,2024-09-30,Fulfilled
ORD000106,CUST00324,DC011,EMP0019,2024-10-02,Fulfilled
ORD000107,CUST03040,DC011,EMP0396,2023-10-10,Fulfilled
ORD000108,CUST02652,DC008,EMP0259,2021-06-01,Fulfilled
ORD000109,CUST03414,DC006,EMP0616,2022-04-02,Fulfilled
ORD000110,CUST02396,DC008,EMP0620,2022-06-15,Backordered
ORD000111,CUST02647,DC005,EMP0798,2023-11-26,Fulfilled
ORD000112,CUST02498,DC013,EMP0249,2024-12-13,Backordered
ORD000113,CUST03384,DC006,EMP0792,2023-09-07,Fulfilled
ORD000114,CUST01107,DC015,EMP0107,2025-02-04,Backordered
ORD000115,CUST02342,DC004,EMP0431,2022-04-24,Fulfilled
ORD000116,CUST02761,DC015,EMP0765,2023-06-28,Fulfilled
ORD000117,CUST01948,DC023,EMP0139,2024-01-20,Fulfilled
ORD000118,CUST01623,DC010,EMP0538,2022-04-24,Fulfilled
ORD000119,CUST03625,DC023,EMP0170,2021-01-26,Fulfilled
ORD000120,CUST02711,DC010,EMP0010,2025-08-14,Fulfilled
ORD000121,CUST03044,DC021,EMP0687,2025-11-23,Pending
ORD000122,CUST01499,DC003,EMP0504,2023-05-16,Backordered
ORD000123,CUST03749,DC023,EMP0321,2023-10-20,Fulfilled
ORD000124,CUST00463,DC005,EMP0209,2024-03-29,Fulfilled
ORD000125,CUST01361,DC014,EMP0300,2025-02-15,Fulfilled
ORD000126,CUST00804,DC001,EMP0032,2024-04-16,Fulfilled
ORD000127,CUST00005,DC007,EMP0574,2024-06-17,Fulfilled
ORD000128,CUST00194,DC019,EMP0169,2022-05-03,Backordered
ORD000129,CUST00918,DC010,EMP0207,2023-11-05,Fulfilled
ORD000130,CUST01572,DC014,EMP0206,27/1/2023,Fulfilled
ORD000131,CUST01747,DC019,EMP0321,2023-02-15,Backordered
ORD000132,CUST03168,DC020,EMP0278,2022-08-11,Pending
ORD000133,CUST03865,DC010,EMP0319,2025-09-13,Fulfilled
ORD000134,CUST01358,DC015,EMP0097,2021-05-17,Cancelled
ORD000135,CUST02845,DC008,EMP0052,2021-11-08,Cancelled
ORD000136,CUST00831,DC009,EMP0592,2023-10-28,Fulfilled
ORD000137,CUST01093,DC010,EMP0340,2024-01-04,Fulfilled
ORD000138,CUST01271,DC021,EMP0176,2023-09-01,Backordered
ORD000139,CUST00581,DC018,EMP0021,2023-11-21,Pending
ORD000140,CUST02803,DC009,EMP0275,2024-04-03,Fulfilled
ORD000141,CUST00016,DC011,EMP0444,2021-05-13,Cancelled
ORD000142,CUST01942,DC020,EMP0052,2023-09-18,Backordered
ORD000143,CUST03404,DC009,EMP0624,2023-06-05,Fulfilled
ORD000144,CUST03991,DC022,EMP0157,2021-10-03,Fulfilled
ORD000145,CUST01650,DC019,EMP0417,2025-08-14,Cancelled
ORD000146,CUST03260,DC006,EMP0712,2024-05-27,Cancelled
ORD000147,CUST02390,DC015,EMP0595,2023-09-24,Fulfilled
ORD000148,CUST03561,DC011,EMP0635,2023-10-22,Fulfilled
ORD000149,CUST01479,DC016,EMP0129,2025-10-14,Backordered
ORD000150,CUST02969,DC003,EMP0324,2022-02-13,Backordered
ORD000151,CUST00137,DC012,EMP0705,2023-04-05,Cancelled
ORD000152,CUST02241,DC003,EMP0321,2022-08-09,Cancelled
ORD000153,CUST00098,DC002,EMP0080,2021-09-02,Fulfilled
ORD000154,CUST01882,DC012,EMP0066,2022-09-24,Fulfilled
ORD000155,CUST00963,DC016,EMP0695,2023-10-02,Cancelled
ORD000156,CUST02094,DC002,EMP0721,2022-07-04,Fulfilled
ORD000157,CUST02800,DC008,EMP0173,2025-07-14,Cancelled
ORD000158,CUST03489,DC021,EMP0780,2023-10-10,Cancelled
ORD000159,CUST02368,DC013,EMP0732,2025-05-05,Cancelled
ORD000160,CUST03581,DC008,EMP0154,2025-01-22,Fulfilled
ORD000161,CUST02726,DC002,EMP0613,2023-02-04,Fulfilled
ORD000162,CUST03369,DC012,EMP0464,2025-01-14,Fulfilled
ORD000163,CUST00755,DC008,EMP0720,2021-10-25,Fulfilled
ORD000164,CUST01858,DC012,EMP0294,2021-07-04,Cancelled
ORD000165,CUST02906,DC017,EMP0534,2025-01-29,Fulfilled
ORD000166,CUST00248,DC020,EMP0589,2021-12-09,Fulfilled
ORD000167,CUST01117,DC005,EMP0214,2021-10-06,Fulfilled
ORD000168,CUST02544,DC021,EMP0776,2024-09-01,Backordered
ORD000169,CUST00323,DC023,EMP0530,2023-05-07,Fulfilled
ORD000170,CUST02849,DC023,EMP0496,2023-04-11,Cancelled
ORD000171,CUST01965,DC007,EMP0024,2022-12-19,Backordered
ORD000172,CUST02709,DC024,EMP0607,2022-03-07,Cancelled
ORD000173,CUST01967,DC023,EMP0453,2022-08-20,Pending
ORD000174,CUST00958,DC007,EMP0661,2023-08-23,Backordered
ORD000175,CUST02551,DC005,EMP0126,2021-04-10,Pending
ORD000176,CUST00461,DC017,EMP0218,2021-03-23,Pending
ORD000177,CUST00046,DC007,EMP0120,2022-06-22,Fulfilled
ORD000178,CUST03537,DC024,EMP0490,2024-08-01,Fulfilled
ORD000179,CUST00352,DC018,EMP0544,2022-06-18,Fulfilled
ORD000180,CUST02592,DC015,EMP0668,2025-11-14,Backordered
ORD000181,CUST03680,DC012,EMP0086,2025-04-13,Fulfilled
ORD000182,CUST00397,DC017,EMP0411,2021-10-19,Fulfilled
ORD000183,CUST02295,DC005,EMP0089,2024-05-30,Fulfilled
ORD000184,CUST00346,DC016,EMP0419,2023-01-18,Fulfilled
ORD000185,CUST01674,DC003,EMP0566,2023-11-14,Fulfilled
ORD000186,CUST01434,DC010,EMP0009,2024-01-29,Fulfilled
ORD000187,CUST00253,DC007,EMP0147,2025-12-21,Fulfilled
ORD000188,CUST01322,DC011,EMP0605,2023-01-28,Fulfilled
ORD000189,CUST02448,DC015,EMP0186,2022-06-02,Backordered
ORD000190,CUST03343,DC014,EMP0017,2022-10-27,Backordered
ORD000191,CUST03935,DC010,EMP0144,2025-03-22,Fulfilled
ORD000192,CUST01485,DC019,EMP0504,2025-10-03,Cancelled
ORD000193,CUST01699,DC015,EMP0049,2025-07-29,Fulfilled
ORD000194,CUST01594,DC023,EMP0023,2021-03-29,Backordered
ORD000195,CUST00350,DC023,EMP0239,2025-03-29,Fulfilled
ORD000196,CUST00557,DC006,EMP0217,2022-04-04,Fulfilled
ORD000197,CUST01454,DC023,EMP0313,2022-05-27,Backordered
ORD000198,CUST02953,DC009,EMP0327,2023-10-09,Pending
ORD000199,CUST03468,DC011,EMP0409,2024-12-08,Pending
ORD000200,CUST02887,DC010,EMP0103,2023-09-01,Fulfilled
ORD000201,CUST01620,DC008,EMP0521,2025-10-04,Fulfilled
ORD000202,CUST03720,DC013,EMP0192,2024-04-10,Fulfilled
ORD000203,CUST02607,DC016,EMP0147,2024-06-25,Cancelled
ORD000204,CUST01076,DC007,EMP0586,2025-07-31,Backordered
ORD000205,CUST02946,DC002,EMP0612,2024-12-05,Pending
ORD000206,CUST00223,DC015,EMP0597,2024-11-30,Fulfilled
ORD000207,CUST01434,DC004,EMP0362,2021-01-09,Backordered
ORD000208,CUST00286,DC021,EMP0062,2023-07-31,Cancelled
ORD000209,CUST00318,DC014,EMP0776,2025-08-23,Fulfilled
ORD000210,CUST02832,DC011,EMP0589,2022-02-14,Cancelled
ORD000211,CUST02995,DC022,EMP0065,2023-01-12,Backordered
ORD000212,CUST02562,DC005,EMP0064,2022-02-16,Fulfilled
ORD000213,CUST00936,DC021,EMP0382,2024-02-18,Fulfilled
ORD000214,CUST01127,DC021,EMP0619,2024-08-25,Backordered
ORD000215,CUST01308,DC006,EMP0734,2021-06-13,Cancelled
ORD000216,CUST00217,DC024,EMP0427,2021-01-30,Cancelled
ORD000217,CUST00501,DC021,EMP0322,2023-04-18,Pending
ORD000218,CUST02413,DC019,EMP0217,2025-06-15,Backordered
ORD000219,CUST01099,DC013,EMP0726,2022-01-14,Pending
ORD000220,CUST01090,DC020,EMP0175,2024-11-10,Cancelled
ORD000221,CUST00824,DC017,EMP0633,2023-06-07,Cancelled
ORD000222,CUST02085,DC001,EMP0106,2023-04-24,Pending
ORD000223,CUST02336,DC024,EMP0628,2023-02-12,Fulfilled
ORD000224,CUST01312,DC010,EMP0457,2021-03-11,Fulfilled
ORD000225,CUST01180,DC020,EMP0279,2025-02-23,Backordered
ORD000226,CUST00731,DC018,EMP0093,2024-02-26,Fulfilled
ORD000227,CUST01382,DC012,EMP0085,2021-11-13,Pending
ORD000228,CUST03240,DC024,EMP0609,2023-03-21,Backordered
ORD000229,CUST00746,DC015,EMP0161,2024-01-05,Fulfilled
ORD000230,CUST00980,DC014,EMP0631,2021-08-19,Cancelled
ORD000231,CUST01754,DC001,EMP0173,2023-03-19,Cancelled
ORD000232,CUST00938,DC003,EMP0421,2023-04-04,Fulfilled
ORD000233,CUST02916,DC006,EMP0282,2021-08-28,Fulfilled
ORD000234,CUST00041,DC024,EMP0695,2024-09-23,Fulfilled
ORD000235,CUST01967,DC014,EMP0005,2025-12-23,Cancelled
ORD000236,CUST00468,DC007,EMP0512,2023-09-27,Cancelled
ORD000237,CUST02129,DC013,EMP0305,2022-03-20,Fulfilled
ORD000238,CUST03376,DC005,EMP0045,2022-07-11,Pending
ORD000239,CUST01656,DC024,EMP0305,2025-06-30,Cancelled
ORD000240,CUST00773,DC012,EMP0716,2023-05-08,Fulfilled
ORD000241,CUST00057,DC023,EMP0714,2022-05-26,Fulfilled
ORD000242,CUST01588,DC020,EMP0309,2021-09-23,Fulfilled
ORD000243,CUST01325,DC009,EMP0203,2024-09-09,Pending
ORD000244,CUST03795,DC001,EMP0662,2025-07-18,Fulfilled
ORD000245,CUST00165,DC020,EMP0563,2025-03-22,Fulfilled
ORD000246,CUST03089,DC014,EMP0143,2021-05-14,Cancelled
ORD000247,CUST00910,DC006,EMP0186,2025-11-09,Backordered
ORD000248,CUST03631,DC017,EMP0302,2025-05-17,Backordered
ORD000249,CUST01207,DC019,EMP0204,2023-10-17,Fulfilled
ORD000250,CUST00328,DC014,EMP0144,2025-12-24,Fulfilled
ORD000251,CUST02649,DC005,EMP0523,2022-10-19,Fulfilled
ORD000252,CUST00106,DC005,EMP0584,2025-12-27,Fulfilled
ORD000253,CUST00558,DC005,EMP0491,2022-03-08,Fulfilled
ORD000254,CUST00848,DC019,EMP0185,2025-10-31,Cancelled
ORD000255,CUST03793,DC014,EMP0335,2021-07-31,Fulfilled
ORD000256,CUST01057,DC007,EMP0641,2023-03-07,Fulfilled
ORD000257,CUST00259,DC005,EMP0629,2025-02-25,Pending
ORD000258,CUST02878,DC008,EMP0116,2023-04-07,Fulfilled
ORD000259,CUST02083,DC008,EMP0009,2022-10-24,Pending
ORD000260,CUST00119,DC022,EMP0304,2024-04-12,Fulfilled
ORD000261,CUST01295,DC001,EMP0510,2025-09-10,Backordered
ORD000262,CUST02243,DC018,EMP0346,2021-08-12,Fulfilled
ORD000263,CUST01917,DC015,EMP0371,2025-10-29,Fulfilled
ORD000264,CUST02741,DC023,EMP0264,2024-05-03,Cancelled
ORD000265,CUST01291,DC021,EMP0670,2025-07-12,Fulfilled
ORD000266,CUST02642,DC009,EMP0696,2021-12-14,Fulfilled
ORD000267,CUST03488,DC024,EMP0336,2022-02-08,Pending
ORD000268,CUST03076,DC017,EMP0792,2024-03-25,Fulfilled
ORD000269,CUST00894,DC024,EMP0530,2022-05-14,Fulfilled
ORD000270,CUST03695,DC009,EMP0511,2022-10-26,Backordered
ORD000271,CUST01939,DC018,EMP0005,2021-12-27,Pending
ORD000272,CUST01029,DC010,EMP0566,2023-02-13,Backordered
ORD000273,CUST03321,DC016,EMP0561,2023-04-13,Pending
ORD000274,CUST02448,DC006,EMP0408,2023-11-22,Cancelled
ORD000275,CUST02930,DC011,EMP0113,2023-01-01,Fulfilled
ORD000276,CUST00391,DC004,EMP0541,2025-02-24,Pending
ORD000277,CUST01620,DC008,EMP0742,2021-04-25,Backordered
ORD000278,CUST03792,DC024,EMP0329,2024-09-02,Fulfilled
ORD000279,CUST02912,DC011,EMP0107,2023-04-19,Backordered
ORD000280,CUST03429,DC009,EMP0181,2021-07-02,Backordered
ORD000281,CUST01713,DC003,EMP0314,2024-01-08,Cancelled
ORD000282,CUST00512,DC008,EMP0654,2022-09-17,Fulfilled
ORD000283,CUST03280,DC012,EMP0791,2021-11-15,Fulfilled
ORD000284,CUST00139,DC003,EMP0652,2024-12-27,Backordered
ORD000285,CUST02364,DC001,EMP0353,2021-09-06,Backordered
ORD000286,CUST03004,DC006,EMP0685,2022-09-23,Pending
ORD000287,CUST03906,DC011,EMP0517,2022-09-17,Fulfilled
ORD000288,CUST03063,DC017,EMP0112,21/8/2024,Pending
ORD000289,CUST00928,DC011,EMP0366,2024-12-05,Pending
ORD000290,CUST00587,DC013,EMP0195,2025-05-21,Fulfilled
ORD000291,CUST01305,DC014,EMP0381,2023-01-02,Fulfilled
ORD000292,CUST02024,DC014,EMP0571,2022-08-18,Backordered
ORD000293,CUST01296,DC018,EMP0260,2025-09-24,Pending
ORD000294,CUST00611,DC002,EMP0380,2021-09-30,Backordered
ORD000295,CUST01571,DC001,EMP0023,2021-06-25,Pending
ORD000296,CUST01236,DC022,EMP0599,2023-11-28,Pending
ORD000297,CUST02025,DC014,EMP0759,2025-12-03,Fulfilled
ORD000298,CUST00544,DC019,EMP0478,2021-04-08,Pending
ORD000299,CUST01399,DC012,EMP0370,2023-07-04,Pending
ORD000300,CUST03505,DC010,EMP0741,2024-06-29,Backordered
ORD000301,CUST02444,DC007,EMP0393,2024-11-02,Pending
ORD000302,CUST00378,DC003,EMP0410,2025-12-07,Fulfilled
ORD000303,CUST01374,DC006,EMP0139,2022-02-20,Fulfilled
ORD000304,CUST02289,DC013,EMP0171,2025-04-13,Cancelled
ORD000305,CUST00334,DC018,EMP0488,2024-08-24,Fulfilled
ORD000306,CUST02698,DC024,EMP0657,2025-12-15,Pending
ORD000307,CUST02484,DC008,EMP0641,2022-11-28,Fulfilled
ORD000308,CUST01452,DC004,EMP0222,2023-09-07,Fulfilled
ORD000309,CUST03035,DC013,EMP0147,2023-12-02,Pending
ORD000310,CUST03995,DC007,EMP0537,2021-05-29,Fulfilled
ORD000311,CUST02729,DC015,EMP0686,2023-09-02,Fulfilled
ORD000312,CUST02600,DC002,EMP0455,2024-07-27,Fulfilled
ORD000313,CUST02520,DC007,EMP0281,2022-05-20,Fulfilled
ORD000314,CUST03603,DC014,EMP0307,2022-03-24,Backordered
ORD000315,CUST02650,DC018,EMP0332,2022-01-06,Cancelled
ORD000316,CUST01869,DC023,EMP0160,2023-03-29,Fulfilled
ORD000317,CUST03915,DC009,EMP0472,2023-03-25,Backordered
ORD000318,CUST01518,DC023,EMP0017,2022-11-29,Fulfilled
ORD000319,CUST00509,DC024,EMP0420,2021-01-26,Pending
ORD000320,CUST00178,DC009,EMP0492,2025-03-09,Pending
ORD000321,CUST00259,DC005,EMP0238,2024-09-30,Backordered
ORD000322,CUST02277,DC016,EMP0725,2021-12-28,Pending
ORD000323,CUST03410,DC017,EMP0367,2023-04-01,Fulfilled
ORD000324,CUST01693,DC012,EMP0218,2024-07-01,Cancelled
ORD000325,CUST02375,DC021,EMP0606,2025-10-17,Fulfilled
ORD000326,CUST01932,DC003,EMP0509,2022-08-05,Fulfilled
ORD000327,CUST02991,DC004,EMP0433,2025-12-06,Pending
ORD000328,CUST02822,DC009,EMP0539,2022-08-03,Pending
ORD000329,CUST02825,DC011,EMP0106,2021-09-01,Pending
ORD000330,CUST00072,DC018,EMP0013,2021-01-30,Fulfilled
ORD000331,CUST03017,DC018,EMP0234,2023-01-15,Backordered
ORD000332,CUST00435,DC001,EMP0049,2025-04-08,Pending
ORD000333,CUST03238,DC024,EMP0458,2021-03-10,Fulfilled
ORD000334,CUST03700,DC023,EMP0703,2022-05-20,Fulfilled
ORD000335,CUST00080,DC002,EMP0671,2022-03-31,Pending
ORD000336,CUST00776,DC009,EMP0090,2024-07-27,Pending
ORD000337,CUST03101,DC022,EMP0158,2022-07-20,Fulfilled
ORD000338,CUST00498,DC008,EMP0206,2024-01-06,Cancelled
ORD000339,CUST00988,DC017,EMP0057,2022-08-30,Cancelled
ORD000340,CUST00225,DC018,EMP0504,2025-11-09,Fulfilled
ORD000341,CUST00774,DC015,EMP0305,2025-04-28,Fulfilled
ORD000342,CUST01712,DC001,EMP0026,2025-01-25,Pending
ORD000343,CUST03579,DC024,EMP0450,2024-07-19,Backordered
ORD000344,CUST02102,DC013,EMP0076,2025-03-21,Cancelled
ORD000345,CUST02703,DC009,EMP0134,2024-07-25,Pending
ORD000346,CUST03539,DC010,EMP0549,2021-11-05,Cancelled
ORD000347,CUST03636,DC022,EMP0032,2021-09-23,Cancelled
ORD000348,CUST01429,DC007,EMP0797,2021-10-21,Fulfilled
ORD000349,CUST01303,DC005,EMP0159,2025-06-17,Cancelled
ORD000350,CUST03466,DC017,EMP0064,2022-08-11,Fulfilled
ORD000351,CUST00420,DC012,EMP0478,2022-12-24,Pending
ORD000352,CUST03588,DC003,EMP0617,2025-08-24,Fulfilled
ORD000353,CUST01873,DC005,EMP0195,2023-04-20,Backordered
ORD000354,CUST01183,DC010,EMP0109,2025-12-10,Backordered
ORD000355,CUST01820,DC003,EMP0773,2021-03-18,Cancelled
ORD000356,CUST03437,DC021,EMP0687,2022-02-14,Fulfilled
ORD000357,CUST01011,DC012,EMP0298,2023-06-13,Pending
ORD000358,CUST02195,DC009,EMP0550,2023-01-23,Backordered
ORD000359,CUST03202,DC011,EMP0307,2024-02-10,Backordered
ORD000360,CUST01676,DC006,EMP0002,2023-07-28,Cancelled
ORD000361,CUST00948,DC023,EMP0663,2025-08-19,Cancelled
ORD000362,CUST01599,DC016,EMP0218,2025-12-02,Backordered
ORD000363,CUST00445,DC023,EMP0612,2022-01-14,Fulfilled
ORD000364,CUST03388,DC009,EMP0206,2023-09-07,Pending
ORD000365,CUST02951,DC003,EMP0493,2022-09-14,Backordered
ORD000366,CUST01475,DC012,EMP0123,2022-01-15,Cancelled
ORD000367,CUST03772,DC017,EMP0337,16/7/2025,Fulfilled
ORD000368,CUST02397,DC019,EMP0016,2024-04-13,Fulfilled
ORD000369,CUST00230,DC006,EMP0388,2021-08-12,Cancelled
ORD000370,CUST00162,DC001,EMP0684,2024-10-25,Fulfilled
ORD000371,CUST02387,DC001,EMP0459,2024-05-17,Cancelled
ORD000372,CUST02298,DC018,EMP0254,2022-07-12,Fulfilled
ORD000373,CUST00150,DC014,EMP0694,15/5/2024,Pending
ORD000374,CUST03568,DC003,EMP0546,2025-09-08,Pending
ORD000375,CUST03323,DC020,EMP0498,2021-12-27,Fulfilled
ORD000376,CUST00226,DC022,EMP0382,2022-10-06,Backordered
ORD000377,CUST03022,DC006,EMP0682,2023-10-29,Fulfilled
ORD000378,CUST03715,DC013,EMP0687,2022-06-01,Fulfilled
ORD000379,CUST03397,DC007,EMP0629,2024-07-10,Pending
ORD000380,CUST00740,DC005,EMP0333,2022-08-18,Cancelled
ORD000381,CUST02092,DC008,EMP0010,2025-01-31,Backordered
ORD000382,CUST00428,DC009,EMP0329,2021-09-26,Fulfilled
ORD000383,CUST00807,DC008,EMP0173,2025-07-03,Backordered
ORD000384,CUST00150,DC003,EMP0608,2025-12-16,Pending
ORD000385,CUST03987,DC021,EMP0527,2025-12-31,Fulfilled
ORD000386,CUST01910,DC006,EMP0253,2023-03-25,Fulfilled
ORD000387,CUST02447,DC010,EMP0197,2021-05-11,Fulfilled
ORD000388,CUST03333,DC011,EMP0398,2023-10-02,Pending
ORD000389,CUST02225,DC005,EMP0254,2024-02-17,Fulfilled
ORD000390,CUST03792,DC018,EMP0657,2021-05-25,Fulfilled
ORD000391,CUST03579,DC010,EMP0724,2022-08-23,Cancelled
ORD000392,CUST01225,DC017,EMP0539,2021-03-28,Pending
ORD000393,CUST03885,DC010,EMP0501,2022-02-13,Pending
ORD000394,CUST02638,DC017,EMP0060,2024-02-07,Pending
ORD000395,CUST00353,DC002,EMP0559,2023-07-27,Cancelled
ORD000396,CUST01503,DC009,EMP0041,2023-03-15,Fulfilled
ORD000397,CUST00597,DC007,EMP0379,2021-04-16,Fulfilled
ORD000398,CUST00342,DC010,EMP0782,2025-05-18,Fulfilled
ORD000399,CUST01034,DC005,EMP0084,2025-09-17,Fulfilled
ORD000400,CUST01260,DC008,EMP0339,2022-10-13,Fulfilled
ORD000401,CUST01813,DC004,EMP0520,2022-01-27,Fulfilled
ORD000402,CUST03736,DC019,EMP0645,2025-12-31,Cancelled
ORD000403,CUST00612,DC005,EMP0626,2024-03-19,Backordered
ORD000404,CUST02240,DC002,EMP0452,2025-12-26,Fulfilled
ORD000405,CUST02750,DC017,EMP0796,2025-12-28,Cancelled
ORD000406,CUST03937,DC021,EMP0614,2025-07-01,Cancelled
ORD000407,CUST02107,DC019,EMP0692,2021-12-23,Fulfilled
ORD000408,CUST03523,DC015,EMP0445,2025-05-19,Cancelled
ORD000409,CUST01758,DC002,EMP0233,2025-09-24,Fulfilled
ORD000410,CUST02012,DC017,EMP0441,2022-06-20,Fulfilled
ORD000411,CUST03220,DC003,EMP0739,2023-05-15,Fulfilled
ORD000412,CUST02652,DC002,EMP0069,2024-08-27,Fulfilled
ORD000413,CUST00053,DC008,EMP0335,2022-11-23,Backordered
ORD000414,CUST02554,DC001,EMP0672,2025-03-30,Pending
ORD000415,CUST03900,DC004,EMP0715,2021-05-21,Fulfilled
ORD000416,CUST02807,DC015,EMP0442,2021-02-14,Fulfilled
ORD000417,CUST03930,DC022,EMP0476,2022-09-09,Fulfilled
ORD000418,CUST00783,DC016,EMP0308,2023-03-21,Fulfilled
ORD000419,CUST00622,DC005,EMP0679,2023-02-08,Fulfilled
ORD000420,CUST01834,DC009,EMP0469,2024-08-07,Fulfilled
ORD000421,CUST02244,DC019,EMP0756,2024-02-29,Backordered
ORD000422,CUST03036,DC007,EMP0762,2024-01-18,Cancelled
ORD000423,CUST00056,DC003,EMP0403,2022-04-16,Fulfilled
ORD000424,CUST01815,DC002,EMP0453,2024-03-03,Cancelled
ORD000425,CUST01481,DC016,EMP0335,2021-09-20,Pending
ORD000426,CUST01035,DC010,EMP0709,2021-06-08,Fulfilled
ORD000427,CUST02199,DC015,EMP0327,2021-12-31,Pending
ORD000428,CUST00825,DC023,EMP0116,2023-06-25,Fulfilled
ORD000429,CUST01906,DC013,EMP0395,2021-09-13,Pending
ORD000430,CUST00376,DC022,EMP0136,2024-06-07,Fulfilled
ORD000431,CUST01135,DC002,EMP0635,2022-12-06,Backordered
ORD000432,CUST01642,DC020,EMP0085,21/1/2023,Fulfilled
ORD000433,CUST02292,DC004,EMP0060,2022-09-03,Fulfilled
ORD000434,CUST02619,DC011,EMP0216,2022-10-02,Fulfilled
ORD000435,CUST02602,DC016,EMP0318,2021-08-15,Fulfilled
ORD000436,CUST01776,DC012,EMP0597,2021-07-10,Fulfilled
ORD000437,CUST03014,DC024,EMP0798,2023-01-10,Cancelled
ORD000438,CUST00369,DC007,EMP0397,2025-03-28,Pending
ORD000439,CUST02140,DC021,EMP0614,2024-09-25,Pending
ORD000440,CUST00596,DC018,EMP0061,2024-05-27,Fulfilled
ORD000441,CUST03692,DC013,EMP0686,2024-06-19,Fulfilled
ORD000442,CUST00305,DC016,EMP0773,2023-12-06,Fulfilled
ORD000443,CUST02019,DC004,EMP0223,2024-06-09,Backordered
ORD000444,CUST03045,DC017,EMP0173,2022-11-02,Cancelled
ORD000445,CUST03273,DC007,EMP0286,2022-08-21,Fulfilled
ORD000446,CUST03004,DC004,EMP0164,2025-10-31,Cancelled
ORD000447,CUST03976,DC024,EMP0188,2025-10-31,Backordered
ORD000448,CUST00690,DC019,EMP0097,2025-05-25,Fulfilled
ORD000449,CUST03393,DC015,EMP0045,2025-12-08,Fulfilled
ORD000450,CUST03741,DC008,EMP0215,2022-08-02,Fulfilled
ORD000451,CUST02414,DC023,EMP0368,2022-10-19,Fulfilled
ORD000452,CUST00577,DC023,EMP0283,2022-01-29,Fulfilled
ORD000453,CUST02498,DC006,EMP0179,2025-02-23,Pending
ORD000454,CUST03981,DC021,EMP0657,2023-11-20,Fulfilled
ORD000455,CUST02965,DC001,EMP0562,2022-11-08,Backordered
ORD000456,CUST02446,DC023,EMP0277,2024-09-18,Fulfilled
ORD000457,CUST02215,DC023,EMP0758,2025-03-05,Backordered
ORD000458,CUST00659,DC008,EMP0784,2023-08-03,Pending
ORD000459,CUST01002,DC012,EMP0103,2024-04-12,Fulfilled
ORD000460,CUST00889,DC017,EMP0383,2023-08-09,Fulfilled
ORD000461,CUST02575,DC007,EMP0371,2022-08-15,Cancelled
ORD000462,CUST00293,DC012,EMP0295,2022-08-08,Fulfilled
ORD000463,CUST02521,DC010,EMP0429,2025-12-27,Fulfilled
ORD000464,CUST01308,DC014,EMP0201,2023-01-23,Cancelled
ORD000465,CUST00158,DC004,EMP0533,2025-04-12,Fulfilled
ORD000466,CUST01336,DC003,EMP0233,2025-01-11,Fulfilled
ORD000467,CUST01623,DC007,EMP0304,2021-01-11,Fulfilled
ORD000468,CUST03600,DC021,EMP0602,2021-12-25,Fulfilled
ORD000469,CUST03287,DC005,EMP0701,2023-02-12,Fulfilled
ORD000470,CUST03852,DC013,EMP0113,2025-04-14,Fulfilled
ORD000471,CUST01799,DC019,EMP0478,2023-01-20,Fulfilled
ORD000472,CUST00826,DC015,EMP0544,2021-09-27,Fulfilled
ORD000473,CUST01856,DC019,EMP0724,17/3/2021,Fulfilled
ORD000474,CUST01533,DC012,EMP0161,2023-08-02,Fulfilled
ORD000475,CUST00997,DC007,EMP0709,2025-05-19,Backordered
ORD000476,CUST00082,DC004,EMP0183,2025-12-07,Cancelled
ORD000477,CUST03381,DC002,EMP0106,2021-01-12,Backordered
ORD000478,CUST03305,DC009,EMP0630,2021-11-29,Fulfilled
ORD000479,CUST03937,DC012,EMP0703,2024-07-14,Fulfilled
ORD000480,CUST00343,DC006,EMP0086,2021-10-12,Fulfilled
ORD000481,CUST00424,DC002,EMP0565,2021-06-05,Fulfilled
ORD000482,CUST02475,DC018,EMP0580,2024-12-06,Fulfilled
ORD000483,CUST01668,DC012,EMP0616,2023-03-06,Fulfilled
ORD000484,CUST01621,DC004,EMP0728,2022-12-02,Fulfilled
ORD000485,CUST02247,DC024,EMP0101,2021-02-19,Fulfilled
ORD000486,CUST03649,DC021,EMP0565,2021-09-22,Pending
ORD000487,CUST02428,DC005,EMP0090,2024-01-03,Fulfilled
ORD000488,CUST02016,DC024,EMP0017,2022-06-21,Fulfilled
ORD000489,CUST02738,DC024,EMP0341,2024-05-14,Fulfilled
ORD000490,CUST03821,DC020,EMP0271,2024-05-28,Backordered
ORD000491,CUST02374,DC015,EMP0409,2024-01-24,Cancelled
ORD000492,CUST01550,DC001,EMP0049,2021-09-05,Cancelled
ORD000493,CUST00338,DC023,EMP0429,2022-08-15,Cancelled
ORD000494,CUST00109,DC024,EMP0075,2023-08-10,Cancelled
ORD000495,CUST00215,DC014,EMP0251,2022-12-14,Fulfilled
ORD000496,CUST00452,DC021,EMP0728,2022-09-01,Pending
ORD000497,CUST02584,DC011,EMP0228,2023-12-13,Fulfilled
ORD000498,CUST01906,DC012,EMP0661,2023-03-05,Backordered
ORD000499,CUST02273,DC021,EMP0414,2021-05-10,Fulfilled
ORD000500,CUST01231,DC024,EMP0215,2024-08-03,Fulfilled
ORD000501,CUST03932,DC018,EMP0672,2021-01-18,Fulfilled
ORD000502,CUST00472,DC005,EMP0476,2025-11-17,Cancelled
ORD000503,CUST02915,DC004,EMP0393,2024-08-25,Backordered
ORD000504,CUST02558,DC017,EMP0377,2025-05-21,Fulfilled
ORD000505,CUST01752,DC022,EMP0424,27/11/2022,Cancelled
ORD000506,CUST02340,DC024,EMP0756,2024-02-29,Backordered
ORD000507,CUST02361,DC015,EMP0787,2021-05-12,Fulfilled
ORD000508,CUST00847,DC021,EMP0544,2023-03-19,Pending
ORD000509,CUST00189,DC006,EMP0792,2024-05-11,Backordered
ORD000510,CUST00376,DC023,EMP0637,2023-03-17,Backordered
ORD000511,CUST03248,DC018,EMP0096,2023-04-27,Cancelled
ORD000512,CUST03572,DC004,EMP0023,2025-11-06,Fulfilled
ORD000513,CUST02046,DC023,EMP0319,21/1/2024,Cancelled
ORD000514,CUST00953,DC014,EMP0341,2024-04-07,Fulfilled
ORD000515,CUST03017,DC022,EMP0256,2021-03-28,Fulfilled
ORD000516,CUST01295,DC015,EMP0570,2023-12-26,Cancelled
ORD000517,CUST01298,DC017,EMP0278,2021-11-22,Fulfilled
ORD000518,CUST02099,DC021,EMP0387,2021-02-08,Fulfilled
ORD000519,CUST02042,DC010,EMP0536,2023-07-19,Fulfilled
ORD000520,CUST01449,DC014,EMP0238,2022-01-04,Cancelled
ORD000521,CUST00368,DC023,EMP0677,2021-07-10,Cancelled
ORD000522,CUST02804,DC020,EMP0449,2021-04-19,Pending
ORD000523,CUST00705,DC021,EMP0513,2022-05-13,Pending
ORD000524,CUST01892,DC019,EMP0488,2025-03-26,Fulfilled
ORD000525,CUST03508,DC001,EMP0535,2025-03-09,Fulfilled
ORD000526,CUST01708,DC003,EMP0616,2023-12-10,Pending
ORD000527,CUST01674,DC001,EMP0387,2021-10-29,Pending
ORD000528,CUST00653,DC023,EMP0634,2023-11-09,Pending
ORD000529,CUST00602,DC017,EMP0183,2023-08-22,Fulfilled
ORD000530,CUST03351,DC024,EMP0716,2021-08-03,Cancelled
ORD000531,CUST02054,DC024,EMP0413,2023-08-03,Fulfilled
ORD000532,CUST00691,DC017,EMP0552,2022-06-23,Backordered
ORD000533,CUST00663,DC011,EMP0584,2024-05-05,Pending
ORD000534,CUST00633,DC023,EMP0304,2024-11-16,Cancelled
ORD000535,CUST01183,DC004,EMP0641,2023-01-03,Fulfilled
ORD000536,CUST01787,DC006,EMP0414,2023-09-01,Pending
ORD000537,CUST00720,DC018,EMP0580,2025-09-13,Pending
ORD000538,CUST03243,DC012,EMP0341,2023-05-27,Fulfilled
ORD000539,CUST01765,DC012,EMP0622,2022-06-24,Fulfilled
ORD000540,CUST01101,DC007,EMP0059,2021-05-14,Cancelled
ORD000541,CUST00938,DC006,EMP0106,2022-12-09,Fulfilled
ORD000542,CUST03573,DC021,EMP0372,2021-08-05,Fulfilled
ORD000543,CUST01340,DC022,EMP0524,2021-04-06,Pending
ORD000544,CUST03260,DC012,EMP0270,2025-04-18,Fulfilled
ORD000545,CUST02062,DC018,EMP0046,2024-10-01,Fulfilled
ORD000546,CUST00425,DC016,EMP0292,2024-05-21,Fulfilled
ORD000547,CUST03516,DC022,EMP0437,2023-11-18,Backordered
ORD000548,CUST02731,DC014,EMP0388,2022-11-04,Pending
ORD000549,CUST03412,DC015,EMP0672,2021-07-27,Backordered
ORD000550,CUST01230,DC022,EMP0047,2021-09-14,Backordered
ORD000551,CUST02118,DC013,EMP0111,2022-12-20,Fulfilled
ORD000552,CUST03198,DC019,EMP0236,2024-09-02,Pending
ORD000553,CUST02726,DC022,EMP0595,2022-06-17,Fulfilled
ORD000554,CUST01217,DC010,EMP0066,2021-04-10,Fulfilled
ORD000555,CUST00230,DC001,EMP0757,2024-07-18,Fulfilled
ORD000556,CUST00033,DC016,EMP0798,2022-02-01,Cancelled
ORD000557,CUST01259,DC008,EMP0775,2023-11-30,Fulfilled
ORD000558,CUST01637,DC003,EMP0331,2023-12-14,Fulfilled
ORD000559,CUST02092,DC016,EMP0617,2024-01-22,Fulfilled
ORD000560,CUST03366,DC001,EMP0644,2022-08-22,Pending
ORD000561,CUST03790,DC024,EMP0255,2024-05-23,Fulfilled
ORD000562,CUST00819,DC016,EMP0017,2021-05-27,Pending
ORD000563,CUST00938,DC022,EMP0195,2021-02-28,Fulfilled
ORD000564,CUST00272,DC004,EMP0519,2022-07-27,Pending
ORD000565,CUST00232,DC014,EMP0710,2024-07-17,Pending
ORD000566,CUST00685,DC023,EMP0745,2023-12-17,Cancelled
ORD000567,CUST03678,DC014,EMP0280,2023-06-23,Backordered
ORD000568,CUST02048,DC001,EMP0793,2023-03-29,Pending
ORD000569,CUST01223,DC006,EMP0001,2025-06-22,Backordered
ORD000570,CUST02184,DC002,EMP0010,2021-05-06,Fulfilled
ORD000571,CUST02679,DC005,EMP0429,2023-12-19,Backordered
ORD000572,CUST00759,DC002,EMP0121,2023-03-29,Cancelled
ORD000573,CUST03242,DC013,EMP0549,2021-01-17,Fulfilled
ORD000574,CUST02996,DC020,EMP0042,2025-03-16,Fulfilled
ORD000575,CUST01008,DC005,EMP0419,2021-12-01,Pending
ORD000576,CUST02884,DC009,EMP0358,2022-04-03,Fulfilled
ORD000577,CUST02600,DC021,EMP0272,2021-03-15,Backordered
ORD000578,CUST02425,DC022,EMP0301,2023-09-08,Backordered
ORD000579,CUST03471,DC020,EMP0145,2022-12-21,Fulfilled
ORD000580,CUST03928,DC008,EMP0640,2021-05-09,Fulfilled
ORD000581,CUST00534,DC001,EMP0484,2025-05-24,Fulfilled
ORD000582,CUST03573,DC008,EMP0352,2024-10-26,Fulfilled
ORD000583,CUST01721,DC004,EMP0660,2023-01-19,Fulfilled
ORD000584,CUST03384,DC016,EMP0041,2024-11-11,Fulfilled
ORD000585,CUST03447,DC016,EMP0314,2023-07-19,Backordered
ORD000586,CUST03749,DC014,EMP0156,2023-05-14,Backordered
ORD000587,CUST02977,DC019,EMP0527,2022-10-29,Backordered
ORD000588,CUST03361,DC023,EMP0642,2023-11-26,Fulfilled
ORD000589,CUST02646,DC003,EMP0437,2023-09-10,Backordered
ORD000590,CUST02836,DC008,EMP0432,2024-03-18,Fulfilled
ORD000591,CUST02771,DC011,EMP0385,2023-10-09,Fulfilled
ORD000592,CUST03455,DC021,EMP0410,2024-10-08,Fulfilled
ORD000593,CUST03145,DC009,EMP0686,2025-12-05,Fulfilled
ORD000594,CUST02698,DC001,EMP0089,2022-11-04,Fulfilled
ORD000595,CUST01865,DC001,EMP0013,2025-11-27,Fulfilled
ORD000596,CUST00385,DC016,EMP0195,2025-10-29,Pending
ORD000597,CUST02400,DC003,EMP0106,2022-11-16,Cancelled
ORD000598,CUST01724,DC023,EMP0080,2024-07-05,Cancelled
ORD000599,CUST00861,DC020,EMP0348,2023-11-23,Fulfilled
ORD000600,CUST01721,DC001,EMP0100,2021-07-05,Backordered
ORD000601,CUST02542,DC024,EMP0732,2024-06-02,Cancelled
ORD000602,CUST03875,DC006,EMP0356,2022-09-01,Fulfilled
ORD000603,CUST00563,DC012,EMP0243,2025-03-20,Cancelled
ORD000604,CUST00637,DC001,EMP0725,2022-09-08,Cancelled
ORD000605,CUST02398,DC019,EMP0332,2025-08-24,Fulfilled
ORD000606,CUST00015,DC018,EMP0013,2022-07-17,Cancelled
ORD000607,CUST02293,DC020,EMP0160,2022-10-12,Cancelled
ORD000608,CUST03350,DC004,EMP0661,2021-10-14,Fulfilled
ORD000609,CUST03321,DC019,EMP0792,2025-10-22,Backordered
ORD000610,CUST01746,DC007,EMP0012,2025-01-25,Cancelled
ORD000611,CUST02848,DC016,EMP0490,2024-11-27,Fulfilled
ORD000612,CUST02220,DC017,EMP0235,2021-08-21,Backordered
ORD000613,CUST01375,DC008,EMP0310,2024-04-23,Fulfilled
ORD000614,CUST00731,DC013,EMP0231,2021-03-11,Backordered
ORD000615,CUST01179,DC019,EMP0225,2023-05-06,Fulfilled
ORD000616,CUST02536,DC021,EMP0498,2024-04-29,Fulfilled
ORD000617,CUST01481,DC007,EMP0547,2022-08-18,Fulfilled
ORD000618,CUST00988,DC021,EMP0746,2021-11-16,Cancelled
ORD000619,CUST01827,DC002,EMP0794,2021-09-05,Backordered
ORD000620,CUST01314,DC016,EMP0313,2024-03-05,Cancelled
ORD000621,CUST01754,DC016,EMP0542,2021-10-23,Fulfilled
ORD000622,CUST01445,DC019,EMP0532,2023-06-22,Pending
ORD000623,CUST03599,DC002,EMP0477,2023-12-11,Fulfilled
ORD000624,CUST03431,DC012,EMP0125,2021-04-03,Fulfilled
ORD000625,CUST01790,DC019,EMP0162,2022-09-21,Cancelled
ORD000626,CUST00833,DC021,EMP0513,2022-03-25,Backordered
ORD000627,CUST01086,DC012,EMP0517,2022-03-20,Fulfilled
ORD000628,CUST03224,DC008,EMP0670,2023-02-27,Cancelled
ORD000629,CUST03069,DC023,EMP0515,2022-11-10,Backordered
ORD000630,CUST02407,DC018,EMP0076,2025-06-20,Backordered
ORD000631,CUST03455,DC012,EMP0499,2022-06-13,Backordered
ORD000632,CUST00916,DC018,EMP0419,2023-07-30,Cancelled
ORD000633,CUST01504,DC002,EMP0710,2021-03-02,Fulfilled
ORD000634,CUST00505,DC011,EMP0183,2021-07-17,Fulfilled
ORD000635,CUST03034,DC015,EMP0766,2023-12-16,Fulfilled
ORD000636,CUST00159,DC001,EMP0777,2024-08-31,Fulfilled
ORD000637,CUST01397,DC022,EMP0137,2022-05-18,Pending
ORD000638,CUST03978,DC004,EMP0475,2022-10-27,Cancelled
ORD000639,CUST00909,DC005,EMP0287,2023-03-16,Cancelled
ORD000640,CUST03597,DC023,EMP0517,2023-10-06,Fulfilled
ORD000641,CUST03742,DC002,EMP0735,2023-05-19,Fulfilled
ORD000642,CUST02070,DC010,EMP0738,2024-05-29,Fulfilled
ORD000643,CUST01470,DC024,EMP0558,2024-08-14,Cancelled
ORD000644,CUST01212,DC013,EMP0645,2021-05-25,Backordered
ORD000645,CUST03439,DC016,EMP0032,2021-12-10,Cancelled
ORD000646,CUST00859,DC017,EMP0572,2021-08-28,Fulfilled
ORD000647,CUST01985,DC022,EMP0135,2021-08-21,Fulfilled
ORD000648,CUST00009,DC014,EMP0622,2023-04-05,Cancelled
ORD000649,CUST03078,DC009,EMP0800,2023-11-01,Pending
ORD000650,CUST01179,DC020,EMP0249,2024-04-14,Fulfilled
ORD000651,CUST03806,DC005,EMP0134,2022-02-09,Fulfilled
ORD000652,CUST02268,DC001,EMP0475,2024-12-19,Pending
ORD000653,CUST00889,DC011,EMP0523,2022-08-06,Pending
ORD000654,CUST00867,DC005,EMP0515,2024-03-14,Backordered
ORD000655,CUST03915,DC023,EMP0252,2022-06-28,Fulfilled
ORD000656,CUST03566,DC002,EMP0339,2021-10-08,Fulfilled
ORD000657,CUST02390,DC001,EMP0362,2025-07-29,Backordered
ORD000658,CUST02912,DC023,EMP0292,2022-03-08,Fulfilled
ORD000659,CUST03415,DC015,EMP0239,2025-10-19,Cancelled
ORD000660,CUST03621,DC021,EMP0394,2022-01-03,Cancelled
ORD000661,CUST01405,DC023,EMP0704,2021-12-20,Backordered
ORD000662,CUST01745,DC003,EMP0484,2021-11-28,Fulfilled
ORD000663,CUST01047,DC003,EMP0536,2025-10-04,Backordered
ORD000664,CUST03626,DC023,EMP0183,2021-10-06,Cancelled
ORD000665,CUST00132,DC002,EMP0147,2023-07-14,Fulfilled
ORD000666,CUST03074,DC021,EMP0091,2023-05-30,Cancelled
ORD000667,CUST03213,DC006,EMP0214,2024-03-09,Fulfilled
ORD000668,CUST02790,DC017,EMP0732,2024-04-16,Backordered
ORD000669,CUST03973,DC022,EMP0660,2022-07-28,Fulfilled
ORD000670,CUST03899,DC006,EMP0150,2025-10-26,Backordered
ORD000671,CUST02702,DC001,EMP0462,2024-11-07,Pending
ORD000672,CUST00031,DC015,EMP0715,2023-05-30,Fulfilled
ORD000673,CUST02742,DC005,EMP0781,2024-08-21,Fulfilled
ORD000674,CUST02004,DC004,EMP0237,2023-10-09,Fulfilled
ORD000675,CUST02346,DC020,EMP0160,2024-10-13,Fulfilled
ORD000676,CUST00717,DC018,EMP0636,2021-06-30,Fulfilled
ORD000677,CUST00364,DC017,EMP0758,2021-08-28,Backordered
ORD000678,CUST00012,DC012,EMP0276,2025-11-22,Fulfilled
ORD000679,CUST00415,DC021,EMP0169,2025-12-03,Fulfilled
ORD000680,CUST03187,DC015,EMP0278,2022-12-25,Cancelled
ORD000681,CUST03716,DC009,EMP0405,2025-12-31,Pending
ORD000682,CUST01583,DC023,EMP0334,2022-09-18,Fulfilled
ORD000683,CUST01284,DC022,EMP0065,2023-07-14,Fulfilled
ORD000684,CUST00524,DC011,EMP0284,2022-06-06,Backordered
ORD000685,CUST02726,DC001,EMP0549,2022-10-16,Fulfilled
ORD000686,CUST01477,DC010,EMP0585,2021-06-12,Pending
ORD000687,CUST03401,DC012,EMP0765,2024-11-16,Backordered
ORD000688,CUST01733,DC012,EMP0221,2022-08-30,Fulfilled
ORD000689,CUST01231,DC021,EMP0157,2022-11-30,Cancelled
ORD000690,CUST00096,DC021,EMP0234,2024-02-25,Pending
ORD000691,CUST00697,DC019,EMP0492,2021-01-06,Backordered
ORD000692,CUST03918,DC010,EMP0794,2025-03-09,Fulfilled
ORD000693,CUST02434,DC014,EMP0709,2023-07-24,Backordered
ORD000694,CUST01842,DC022,EMP0203,2024-02-10,Fulfilled
ORD000695,CUST00147,DC004,EMP0533,2021-11-30,Pending
ORD000696,CUST03541,DC003,EMP0088,2023-03-20,Cancelled
ORD000697,CUST03426,DC014,EMP0206,2023-07-05,Fulfilled
ORD000698,CUST02123,DC014,EMP0435,2025-08-14,Backordered
ORD000699,CUST02640,DC021,EMP0353,2025-08-19,Backordered
ORD000700,CUST02277,DC003,EMP0564,2024-09-11,Cancelled
ORD000701,CUST02252,DC012,EMP0476,2025-08-22,Fulfilled
ORD000702,CUST01815,DC006,EMP0083,2024-09-09,Pending
ORD000703,CUST02195,DC006,EMP0652,2024-02-15,Backordered
ORD000704,CUST01464,DC012,EMP0124,2025-06-09,Fulfilled
ORD000705,CUST03183,DC022,EMP0599,2021-03-01,Fulfilled
ORD000706,CUST01733,DC015,EMP0242,2023-04-08,Cancelled
ORD000707,CUST01065,DC018,EMP0680,2021-01-14,Fulfilled
ORD000708,CUST01985,DC005,EMP0505,2025-02-05,Pending
ORD000709,CUST00169,DC003,EMP0773,2021-01-29,Fulfilled
ORD000710,CUST03780,DC014,EMP0242,2023-06-11,Fulfilled
ORD000711,CUST03266,DC003,EMP0027,2025-02-18,Cancelled
ORD000712,CUST02231,DC012,EMP0350,2022-07-02,Cancelled
ORD000713,CUST03610,DC007,EMP0618,2024-08-17,Fulfilled
ORD000714,CUST03414,DC017,EMP0104,2025-09-03,Fulfilled
ORD000715,CUST00427,DC010,EMP0503,2021-02-09,Cancelled
ORD000716,CUST01132,DC018,EMP0271,2023-03-27,Fulfilled
ORD000717,CUST00436,DC001,EMP0117,2024-06-13,Fulfilled
ORD000718,CUST03807,DC015,EMP0672,2024-03-21,Pending
ORD000719,CUST00831,DC024,EMP0009,2024-09-20,Backordered
ORD000720,CUST03807,DC003,EMP0195,2021-07-21,Pending
ORD000721,CUST01328,DC001,EMP0578,2025-12-03,Backordered
ORD000722,CUST03007,DC014,EMP0732,2021-01-06,Fulfilled
ORD000723,CUST00925,DC011,EMP0720,2023-09-14,Cancelled
ORD000724,CUST02005,DC004,EMP0490,2024-06-17,Fulfilled
ORD000725,CUST00466,DC014,EMP0392,2025-11-03,Fulfilled
ORD000726,CUST00324,DC013,EMP0183,2025-06-13,Fulfilled
ORD000727,CUST03929,DC009,EMP0369,2022-02-06,Cancelled
ORD000728,CUST01938,DC005,EMP0547,2025-03-19,Backordered
ORD000729,CUST02056,DC020,EMP0775,2021-03-05,Pending
ORD000730,CUST01314,DC019,EMP0357,2021-11-14,Pending
ORD000731,CUST01605,DC024,EMP0548,2021-08-07,Cancelled
ORD000732,CUST03485,DC016,EMP0686,2022-02-16,Fulfilled
ORD000733,CUST02268,DC004,EMP0772,2022-09-19,Fulfilled
ORD000734,CUST00113,DC022,EMP0245,2023-10-16,Fulfilled
ORD000735,CUST01661,DC012,EMP0719,2025-01-05,Fulfilled
ORD000736,CUST02579,DC002,EMP0369,2025-02-27,Pending
ORD000737,CUST00777,DC022,EMP0511,2021-12-21,Fulfilled
ORD000738,CUST03698,DC011,EMP0314,2022-02-07,Cancelled
ORD000739,CUST00230,DC004,EMP0327,2024-11-01,Backordered
ORD000740,CUST02008,DC010,EMP0547,2021-01-23,Backordered
ORD000741,CUST00885,DC011,EMP0527,2024-06-25,Fulfilled
ORD000742,CUST01986,DC024,EMP0566,2024-03-14,Pending
ORD000743,CUST00460,DC023,EMP0701,2024-05-11,Pending
ORD000744,CUST02340,DC021,EMP0083,2022-10-24,Fulfilled
ORD000745,CUST00070,DC008,EMP0184,2022-12-24,Fulfilled
ORD000746,CUST01078,DC021,EMP0523,2021-11-02,Backordered
ORD000747,CUST00462,DC009,EMP0163,2024-03-05,Fulfilled
ORD000748,CUST01345,DC017,EMP0578,2024-10-24,Cancelled
ORD000749,CUST01313,DC010,EMP0339,2023-02-18,Cancelled
ORD000750,CUST03294,DC016,EMP0223,2021-11-05,Fulfilled
ORD000751,CUST01058,DC004,EMP0447,2021-02-17,Cancelled
ORD000752,CUST02496,DC023,EMP0274,2022-02-15,Fulfilled
ORD000753,CUST03581,DC011,EMP0019,2023-12-09,Cancelled
ORD000754,CUST00242,DC001,EMP0397,2025-11-10,Fulfilled
ORD000755,CUST02153,DC023,EMP0507,2025-10-20,Fulfilled
ORD000756,CUST00127,DC017,EMP0131,2022-07-03,Fulfilled
ORD000757,CUST03797,DC002,EMP0032,2024-07-19,Fulfilled
ORD000758,CUST00896,DC008,EMP0534,2023-08-19,Cancelled
ORD000759,CUST03442,DC006,EMP0325,2024-05-15,Fulfilled
ORD000760,CUST03896,DC013,EMP0694,2024-12-31,Fulfilled
ORD000761,CUST00688,DC012,EMP0502,2024-01-15,Fulfilled
ORD000762,CUST01475,DC015,EMP0503,2025-06-28,Fulfilled
ORD000763,CUST01347,DC008,EMP0416,2023-09-11,Pending
ORD000764,CUST03156,DC013,EMP0672,2024-01-09,Fulfilled
ORD000765,CUST00478,DC017,EMP0288,2023-03-16,Backordered
ORD000766,CUST02195,DC006,EMP0164,2023-04-18,Cancelled
ORD000767,CUST00771,DC007,EMP0422,2024-09-03,Cancelled
ORD000768,CUST01808,DC004,EMP0488,2022-11-20,Fulfilled
ORD000769,CUST00210,DC023,EMP0199,2021-01-22,Pending
ORD000770,CUST01031,DC003,EMP0330,2022-09-25,Pending
ORD000771,CUST02375,DC022,EMP0497,2024-01-29,Cancelled
ORD000772,CUST02690,DC018,EMP0465,2021-11-01,Backordered
ORD000773,CUST03019,DC007,EMP0701,2024-01-04,Fulfilled
ORD000774,CUST03633,DC021,EMP0250,2024-01-24,Fulfilled
ORD000775,CUST03071,DC005,EMP0089,2025-03-08,Pending
ORD000776,CUST03332,DC021,EMP0159,2022-05-06,Fulfilled
ORD000777,CUST03913,DC007,EMP0719,2023-12-31,Fulfilled
ORD000778,CUST02949,DC013,EMP0720,2025-10-16,Cancelled
ORD000779,CUST02416,DC010,EMP0484,2023-08-19,Fulfilled
ORD000780,CUST03519,DC001,EMP0608,2021-05-12,Fulfilled
ORD000781,CUST03564,DC010,EMP0534,2021-05-01,Pending
ORD000782,CUST00261,DC007,EMP0256,2021-07-15,Fulfilled
ORD000783,CUST02250,DC022,EMP0755,2024-02-15,Pending
ORD000784,CUST02629,DC002,EMP0106,2025-05-30,Backordered
ORD000785,CUST02477,DC014,EMP0484,2025-12-12,Pending
ORD000786,CUST00654,DC021,EMP0444,2022-12-15,Backordered
ORD000787,CUST00679,DC022,EMP0417,2021-01-20,Pending
ORD000788,CUST02153,DC002,EMP0210,2024-06-12,Backordered
ORD000789,CUST02949,DC007,EMP0577,2023-06-27,Cancelled
ORD000790,CUST01665,DC014,EMP0394,2025-04-03,Fulfilled
ORD000791,CUST00280,DC007,EMP0468,2024-03-28,Fulfilled
ORD000792,CUST00651,DC018,EMP0215,2025-09-11,Backordered
ORD000793,CUST02690,DC015,EMP0354,2021-05-27,Pending
ORD000794,CUST00875,DC011,EMP0048,2023-09-22,Fulfilled
ORD000795,CUST02842,DC001,EMP0733,2021-09-24,Backordered
ORD000796,CUST02817,DC008,EMP0023,2024-10-15,Fulfilled
ORD000797,CUST02359,DC022,EMP0029,2022-06-24,Fulfilled
ORD000798,CUST04000,DC017,EMP0181,2023-11-11,Cancelled
ORD000799,CUST02625,DC007,EMP0362,2022-03-13,Fulfilled
ORD000800,CUST01942,DC022,EMP0699,2021-03-05,Backordered
ORD000801,CUST00076,DC004,EMP0278,2024-04-19,Fulfilled
ORD000802,CUST01134,DC024,EMP0144,2025-02-09,Fulfilled
ORD000803,CUST02114,DC019,EMP0378,2021-04-12,Fulfilled
ORD000804,CUST00106,DC022,EMP0108,2024-06-13,Fulfilled
ORD000805,CUST03445,DC010,EMP0679,2023-08-08,Cancelled
ORD000806,CUST01679,DC005,EMP0131,2023-10-31,Cancelled
ORD000807,CUST01969,DC008,EMP0420,2023-05-10,Fulfilled
ORD000808,CUST02189,DC020,EMP0273,2024-07-07,Fulfilled
ORD000809,CUST01020,DC012,EMP0603,2021-12-01,Fulfilled
ORD000810,CUST03974,DC002,EMP0139,2024-08-14,Cancelled
ORD000811,CUST00172,DC003,EMP0404,2024-07-20,Pending
ORD000812,CUST03634,DC004,EMP0372,2023-01-25,Fulfilled
ORD000813,CUST01807,DC006,EMP0249,2023-10-05,Fulfilled
ORD000814,CUST01764,DC013,EMP0641,2024-11-02,Pending
ORD000815,CUST02154,DC022,EMP0674,2024-06-27,Pending
ORD000816,CUST03272,DC021,EMP0008,2022-11-19,Fulfilled
ORD000817,CUST01091,DC013,EMP0518,2021-02-09,Fulfilled
ORD000818,CUST03422,DC004,EMP0329,2024-12-10,Pending
ORD000819,CUST03939,DC013,EMP0358,2025-06-17,Fulfilled
ORD000820,CUST00152,DC015,EMP0371,2022-05-20,Cancelled
ORD000821,CUST01674,DC020,EMP0682,2022-12-04,Fulfilled
ORD000822,CUST03756,DC023,EMP0638,2025-08-26,Fulfilled
ORD000823,CUST00542,DC006,EMP0603,2025-12-22,Fulfilled
ORD000824,CUST01064,DC024,EMP0650,2024-05-30,Pending
ORD000825,CUST00966,DC021,EMP0262,2023-02-11,Fulfilled
ORD000826,CUST02383,DC016,EMP0072,2024-05-10,Pending
ORD000827,CUST00153,DC014,EMP0121,2022-03-28,Pending
ORD000828,CUST03460,DC022,EMP0749,2025-01-04,Fulfilled
ORD000829,CUST00489,DC020,EMP0518,2023-03-23,Cancelled
ORD000830,CUST00195,DC021,EMP0083,2025-01-30,Backordered
ORD000831,CUST01686,DC013,EMP0671,2021-05-16,Cancelled
ORD000832,CUST01094,DC021,EMP0090,2022-02-15,Fulfilled
ORD000833,CUST01997,DC022,EMP0169,2023-02-22,Pending
ORD000834,CUST01122,DC005,EMP0036,2025-07-19,Backordered
ORD000835,CUST03596,DC017,EMP0303,2023-06-26,Pending
ORD000836,CUST03121,DC015,EMP0686,2021-08-31,Pending
ORD000837,CUST01405,DC013,EMP0313,2025-09-25,Pending
ORD000838,CUST01808,DC024,EMP0781,2025-08-17,Fulfilled
ORD000839,CUST01133,DC018,EMP0589,2023-04-26,Pending
ORD000840,CUST01889,DC011,EMP0613,2021-06-20,Cancelled
ORD000841,CUST02568,DC016,EMP0707,2023-11-17,Fulfilled
ORD000842,CUST03545,DC005,EMP0378,2021-05-02,Cancelled
ORD000843,CUST03807,DC006,EMP0572,2024-02-13,Pending
ORD000844,CUST00685,DC011,EMP0256,2021-04-03,Fulfilled
ORD000845,CUST03485,DC004,EMP0002,2021-05-22,Fulfilled
ORD000846,CUST00917,DC019,EMP0138,2021-05-31,Fulfilled
ORD000847,CUST03611,DC019,EMP0143,2024-07-18,Cancelled
ORD000848,CUST03904,DC020,EMP0194,2025-11-27,Backordered
ORD000849,CUST02994,DC020,EMP0499,2024-05-07,Pending
ORD000850,CUST00987,DC005,EMP0579,2022-05-17,Fulfilled
ORD000851,CUST03696,DC002,EMP0013,2024-09-23,Fulfilled
ORD000852,CUST02224,DC023,EMP0331,2021-12-15,Fulfilled
ORD000853,CUST00035,DC002,EMP0399,2022-07-03,Fulfilled
ORD000854,CUST00385,DC016,EMP0311,2022-07-09,Pending
ORD000855,CUST00089,DC013,EMP0276,2021-03-31,Cancelled
ORD000856,CUST02098,DC017,EMP0757,2024-11-02,Pending
ORD000857,CUST01780,DC020,EMP0026,2024-11-15,Fulfilled
ORD000858,CUST00064,DC024,EMP0180,2024-04-27,Cancelled
ORD000859,CUST02486,DC019,EMP0023,2024-12-19,Fulfilled
ORD000860,CUST00192,DC022,EMP0572,2022-10-08,Backordered
ORD000861,CUST03170,DC014,EMP0740,2021-12-14,Cancelled
ORD000862,CUST01873,DC018,EMP0170,2021-09-29,Cancelled
ORD000863,CUST00661,DC024,EMP0340,2023-10-03,Cancelled
ORD000864,CUST02860,DC016,EMP0297,2022-01-23,Pending
ORD000865,CUST00215,DC003,EMP0765,2022-06-30,Cancelled
ORD000866,CUST03086,DC020,EMP0037,2022-07-01,Cancelled
ORD000867,CUST01706,DC010,EMP0204,2022-12-06,Fulfilled
ORD000868,CUST03235,DC011,EMP0638,2023-04-23,Fulfilled
ORD000869,CUST00597,DC009,EMP0531,2021-08-29,Cancelled
ORD000870,CUST03836,DC006,EMP0461,2025-12-27,Pending
ORD000871,CUST03850,DC011,EMP0791,2024-07-15,Fulfilled
ORD000872,CUST01849,DC008,EMP0270,2022-11-22,Backordered
ORD000873,CUST01117,DC004,EMP0223,2022-11-05,Fulfilled
ORD000874,CUST01786,DC013,EMP0074,2022-04-23,Fulfilled
ORD000875,CUST00915,DC002,EMP0678,2022-01-09,Backordered
ORD000876,CUST00277,DC020,EMP0686,2024-02-05,Backordered
ORD000877,CUST00788,DC023,EMP0652,2025-03-12,Fulfilled
ORD000878,CUST00594,DC001,EMP0258,2022-11-14,Fulfilled
ORD000879,CUST00597,DC021,EMP0061,2022-07-28,Pending
ORD000880,CUST02015,DC007,EMP0531,2024-10-30,Cancelled
ORD000881,CUST03878,DC001,EMP0661,2024-06-05,Pending
ORD000882,CUST00466,DC008,EMP0124,2025-01-23,Cancelled
ORD000883,CUST01947,DC023,EMP0393,2025-04-27,Backordered
ORD000884,CUST02498,DC011,EMP0298,2025-07-24,Fulfilled
ORD000885,CUST03690,DC006,EMP0141,2025-07-21,Backordered
ORD000886,CUST01779,DC015,EMP0573,2025-11-17,Pending
ORD000887,CUST01474,DC004,EMP0161,2024-04-13,Fulfilled
ORD000888,CUST01286,DC016,EMP0030,2025-09-25,Pending
ORD000889,CUST02593,DC001,EMP0790,2022-01-26,Fulfilled
ORD000890,CUST03503,DC006,EMP0061,2023-11-30,Backordered
ORD000891,CUST00893,DC019,EMP0013,2021-03-19,Fulfilled
ORD000892,CUST02291,DC002,EMP0052,2021-05-06,Fulfilled
ORD000893,CUST02291,DC006,EMP0116,2025-08-04,Fulfilled
ORD000894,CUST03491,DC018,EMP0543,2022-02-09,Fulfilled
ORD000895,CUST00470,DC010,EMP0108,2022-11-16,Cancelled
ORD000896,CUST00658,DC014,EMP0376,2025-09-22,Fulfilled
ORD000897,CUST00322,DC013,EMP0181,2025-06-24,Fulfilled
ORD000898,CUST01455,DC022,EMP0376,2024-05-02,Fulfilled
ORD000899,CUST01976,DC002,EMP0585,2023-11-11,Cancelled
ORD000900,CUST01300,DC022,EMP0310,2021-07-02,Fulfilled
ORD000901,CUST03049,DC002,EMP0369,2024-12-24,Fulfilled
ORD000902,CUST02903,DC017,EMP0233,2021-10-11,Backordered
ORD000903,CUST03831,DC017,EMP0494,2023-02-07,Fulfilled
ORD000904,CUST02499,DC013,EMP0220,2025-06-07,Fulfilled
ORD000905,CUST03783,DC013,EMP0415,2022-08-20,Pending
ORD000906,CUST02454,DC009,EMP0523,2022-01-07,Fulfilled
ORD000907,CUST03431,DC020,EMP0024,18/2/2021,Fulfilled
ORD000908,CUST03204,DC004,EMP0041,2022-04-04,Pending
ORD000909,CUST00249,DC020,EMP0453,2024-08-05,Backordered
ORD000910,CUST01881,DC021,EMP0047,2023-06-02,Fulfilled
ORD000911,CUST00658,DC009,EMP0112,2021-01-23,Cancelled
ORD000912,CUST03792,DC012,EMP0033,2022-03-18,Fulfilled
ORD000913,CUST01093,DC006,EMP0210,2023-01-30,Fulfilled
ORD000914,CUST01162,DC003,EMP0365,2023-10-21,Cancelled
ORD000915,CUST03319,DC004,EMP0769,2025-04-03,Fulfilled
ORD000916,CUST02807,DC018,EMP0655,2021-12-29,Fulfilled
ORD000917,CUST02696,DC009,EMP0453,2021-06-21,Fulfilled
ORD000918,CUST03012,DC019,EMP0010,2024-03-07,Pending
ORD000919,CUST03727,DC021,EMP0734,2024-04-02,Cancelled
ORD000920,CUST02942,DC012,EMP0675,2021-08-05,Pending
ORD000921,CUST02262,DC023,EMP0495,2021-11-03,Fulfilled
ORD000922,CUST03421,DC004,EMP0535,2024-08-20,Pending
ORD000923,CUST02966,DC018,EMP0192,2021-09-18,Backordered
ORD000924,CUST03503,DC013,EMP0146,2022-02-12,Backordered
ORD000925,CUST02718,DC004,EMP0590,2022-08-21,Backordered
ORD000926,CUST00816,DC023,EMP0784,2024-07-04,Cancelled
ORD000927,CUST00623,DC019,EMP0370,2022-04-15,Fulfilled
ORD000928,CUST03785,DC024,EMP0029,2025-01-25,Fulfilled
ORD000929,CUST03192,DC021,EMP0396,2022-07-03,Fulfilled
ORD000930,CUST02269,DC006,EMP0455,2021-06-27,Backordered
ORD000931,CUST03736,DC005,EMP0440,2025-11-21,Pending
ORD000932,CUST03437,DC002,EMP0572,2021-07-14,Fulfilled
ORD000933,CUST03545,DC016,EMP0429,2022-09-01,Backordered
ORD000934,CUST03971,DC016,EMP0616,2023-09-28,Cancelled
ORD000935,CUST02306,DC013,EMP0701,2023-12-16,Cancelled
ORD000936,CUST02042,DC010,EMP0224,2023-04-28,Backordered
ORD000937,CUST02633,DC018,EMP0761,2024-06-21,Cancelled
ORD000938,CUST01405,DC005,EMP0328,2025-07-01,Cancelled
ORD000939,CUST00240,DC010,EMP0585,2023-11-15,Backordered
ORD000940,CUST01459,DC006,EMP0364,2021-11-28,Fulfilled
ORD000941,CUST02282,DC001,EMP0254,2025-12-11,Fulfilled
ORD000942,CUST02475,DC024,EMP0344,2022-03-29,Fulfilled
ORD000943,CUST00797,DC003,EMP0218,2025-01-31,Fulfilled
ORD000944,CUST01240,DC024,EMP0519,2021-05-17,Pending
ORD000945,CUST00312,DC015,EMP0274,2022-11-25,Fulfilled
ORD000946,CUST03376,DC006,EMP0646,2024-05-27,Fulfilled
ORD000947,CUST03856,DC015,EMP0793,2024-04-18,Fulfilled
ORD000948,CUST01223,DC012,EMP0463,2021-08-03,Backordered
ORD000949,CUST01236,DC006,EMP0332,2023-01-23,Backordered
ORD000950,CUST03021,DC013,EMP0004,2023-05-19,Cancelled
ORD000951,CUST03780,DC024,EMP0270,2024-11-06,Backordered
ORD000952,CUST00495,DC014,EMP0001,2021-07-30,Fulfilled
ORD000953,CUST01220,DC022,EMP0345,2023-09-20,Fulfilled
ORD000954,CUST02619,DC018,EMP0414,2022-09-16,Backordered
ORD000955,CUST03928,DC011,EMP0043,2025-05-28,Fulfilled
ORD000956,CUST00455,DC003,EMP0051,2022-10-31,Cancelled
ORD000957,CUST03534,DC007,EMP0016,2021-02-06,Fulfilled
ORD000958,CUST01211,DC016,EMP0096,2022-12-12,Fulfilled
ORD000959,CUST02201,DC015,EMP0063,2023-08-07,Pending
ORD000960,CUST00843,DC004,EMP0091,2021-08-03,Cancelled
ORD000961,CUST02619,DC005,EMP0710,2022-09-25,Fulfilled
ORD000962,CUST00811,DC014,EMP0395,2021-05-06,Fulfilled
ORD000963,CUST00860,DC005,EMP0569,2023-06-09,Pending
ORD000964,CUST02146,DC018,EMP0067,2024-06-22,Cancelled
ORD000965,CUST02918,DC022,EMP0345,2022-07-13,Backordered
ORD000966,CUST01616,DC019,EMP0651,2021-05-06,Fulfilled
ORD000967,CUST02939,DC019,EMP0582,2024-08-23,Fulfilled
ORD000968,CUST03085,DC009,EMP0185,2021-12-30,Fulfilled
ORD000969,CUST00242,DC020,EMP0032,2024-09-25,Backordered
ORD000970,CUST01380,DC007,EMP0641,2021-08-02,Pending
ORD000971,CUST01143,DC008,EMP0783,2022-06-09,Fulfilled
ORD000972,CUST00062,DC001,EMP0255,2022-03-29,Backordered
ORD000973,CUST03179,DC021,EMP0175,2022-12-20,Fulfilled
ORD000974,CUST03088,DC006,EMP0208,2023-12-15,Cancelled
ORD000975,CUST02101,DC018,EMP0767,2023-02-15,Cancelled
ORD000976,CUST03217,DC008,EMP0069,2025-02-04,Cancelled
ORD000977,CUST00812,DC023,EMP0522,2023-04-12,Pending
ORD000978,CUST01047,DC009,EMP0281,2024-01-15,Fulfilled
ORD000979,CUST03573,DC020,EMP0069,2021-08-19,Fulfilled
ORD000980,CUST00606,DC005,EMP0641,2023-02-22,Cancelled
ORD000981,CUST01262,DC005,EMP0784,2024-04-11,Fulfilled
ORD000982,CUST00619,DC001,EMP0008,2022-02-07,Fulfilled
ORD000983,CUST02338,DC001,EMP0164,2024-09-18,Fulfilled
ORD000984,CUST01268,DC005,EMP0361,2022-11-16,Backordered
ORD000985,CUST02077,DC008,EMP0794,2021-11-09,Cancelled
ORD000986,CUST00452,DC005,EMP0118,28/7/2021,Pending
ORD000987,CUST00055,DC003,EMP0191,2025-11-25,Backordered
ORD000988,CUST03666,DC005,EMP0720,2022-07-29,Pending
ORD000989,CUST02864,DC005,EMP0327,2021-01-15,Fulfilled
ORD000990,CUST02857,DC006,EMP0611,2022-01-03,Fulfilled
ORD000991,CUST01023,DC024,EMP0192,2021-12-03,Cancelled
ORD000992,CUST03930,DC011,EMP0339,2025-01-13,Fulfilled
ORD000993,CUST00800,DC009,EMP0235,2024-06-25,Backordered
ORD000994,CUST02624,DC018,EMP0427,2023-11-12,Fulfilled
ORD000995,CUST00227,DC007,EMP0029,2024-02-02,Pending
ORD000996,CUST03522,DC013,EMP0704,2023-02-02,Fulfilled
ORD000997,CUST00111,DC024,EMP0650,2025-01-29,Fulfilled
ORD000998,CUST02761,DC016,EMP0328,2023-11-07,Pending
ORD000999,CUST03611,DC015,EMP0394,2025-07-08,Fulfilled
ORD001000,CUST00746,DC018,EMP0134,2022-06-29,Fulfilled
ORD001001,CUST03940,DC009,EMP0241,2025-09-28,Backordered
ORD001002,CUST01945,DC003,EMP0316,2022-05-30,Fulfilled
ORD001003,CUST03296,DC001,EMP0356,2025-01-28,Fulfilled
ORD001004,CUST01461,DC010,EMP0101,2024-05-20,Fulfilled
ORD001005,CUST01742,DC004,EMP0660,2025-03-31,Fulfilled
ORD001006,CUST02163,DC009,EMP0151,2021-11-03,Pending
ORD001007,CUST00369,DC020,EMP0405,2024-08-07,Fulfilled
ORD001008,CUST00552,DC021,EMP0413,2025-04-19,Pending
ORD001009,CUST01506,DC003,EMP0198,2021-10-19,Fulfilled
ORD001010,CUST01623,DC022,EMP0616,2023-08-29,Fulfilled
ORD001011,CUST00046,DC017,EMP0289,2024-05-15,Fulfilled
ORD001012,CUST00062,DC007,EMP0273,2021-08-09,Cancelled
ORD001013,CUST00883,DC002,EMP0462,2022-07-01,Cancelled
ORD001014,CUST03426,DC021,EMP0705,2023-10-26,Cancelled
ORD001015,CUST03894,DC016,EMP0793,2025-10-05,Pending
ORD001016,CUST00305,DC005,EMP0480,2023-10-26,Cancelled
ORD001017,CUST02533,DC001,EMP0769,2024-12-26,Fulfilled
ORD001018,CUST01661,DC020,EMP0579,2021-10-28,Cancelled
ORD001019,CUST03462,DC014,EMP0174,2021-04-15,Fulfilled
ORD001020,CUST00584,DC001,EMP0380,2022-09-12,Fulfilled
ORD001021,CUST00824,DC002,EMP0433,2025-08-06,Pending
ORD001022,CUST03478,DC004,EMP0149,2025-12-27,Fulfilled
ORD001023,CUST00850,DC007,EMP0681,2025-01-11,Cancelled
ORD001024,CUST02665,DC018,EMP0791,2021-02-10,Pending
ORD001025,CUST00231,DC010,EMP0577,2025-06-27,Fulfilled
ORD001026,CUST03214,DC005,EMP0123,2025-01-05,Fulfilled
ORD001027,CUST03028,DC023,EMP0756,2022-06-22,Pending
ORD001028,CUST02293,DC019,EMP0570,2021-07-23,Pending
ORD001029,CUST01615,DC019,EMP0184,2025-05-28,Pending
ORD001030,CUST01460,DC018,EMP0717,2021-11-17,Pending
ORD001031,CUST00077,DC016,EMP0702,2024-07-29,Pending
ORD001032,CUST01751,DC020,EMP0653,2025-11-09,Cancelled
ORD001033,CUST02426,DC012,EMP0640,2024-11-24,Fulfilled
ORD001034,CUST01075,DC009,EMP0228,2021-04-04,Fulfilled
ORD001035,CUST03641,DC020,EMP0480,2024-08-09,Fulfilled
ORD001036,CUST01013,DC021,EMP0635,2023-03-17,Fulfilled
ORD001037,CUST00007,DC002,EMP0640,2023-09-10,Fulfilled
ORD001038,CUST01915,DC008,EMP0246,2021-05-07,Pending
ORD001039,CUST01338,DC004,EMP0796,22/3/2022,Fulfilled
ORD001040,CUST02378,DC007,EMP0681,2025-09-21,Fulfilled
ORD001041,CUST01710,DC023,EMP0526,2023-12-03,Backordered
ORD001042,CUST02145,DC022,EMP0331,2024-04-07,Fulfilled
ORD001043,CUST01572,DC020,EMP0250,2024-11-16,Pending
ORD001044,CUST02925,DC013,EMP0237,2025-01-15,Backordered
ORD001045,CUST02354,DC002,EMP0044,2024-01-26,Cancelled
ORD001046,CUST00003,DC016,EMP0240,2024-12-03,Fulfilled
ORD001047,CUST02422,DC021,EMP0364,2023-11-30,Backordered
ORD001048,CUST02514,DC016,EMP0709,2021-05-12,Cancelled
ORD001049,CUST00132,DC015,EMP0700,2023-03-15,Pending
ORD001050,CUST03008,DC016,EMP0321,2025-03-27,Fulfilled
ORD001051,CUST02611,DC024,EMP0372,2023-09-20,Pending
ORD001052,CUST02696,DC014,EMP0562,2023-10-28,Pending
ORD001053,CUST03734,DC019,EMP0055,2024-11-29,Fulfilled
ORD001054,CUST03320,DC021,EMP0195,2021-06-27,Backordered
ORD001055,CUST01487,DC019,EMP0456,2023-12-28,Pending
ORD001056,CUST02370,DC003,EMP0256,2021-05-27,Fulfilled
ORD001057,CUST03983,DC016,EMP0057,2021-08-29,Cancelled
ORD001058,CUST01203,DC013,EMP0386,2025-09-24,Fulfilled
ORD001059,CUST01059,DC022,EMP0486,2025-07-24,Pending
ORD001060,CUST02318,DC007,EMP0523,2024-10-02,Pending
ORD001061,CUST01093,DC017,EMP0095,2024-05-05,Fulfilled
ORD001062,CUST01532,DC005,EMP0604,2025-02-07,Backordered
ORD001063,CUST03361,DC009,EMP0647,2025-10-25,Backordered
ORD001064,CUST01432,DC024,EMP0298,2021-03-02,Fulfilled
ORD001065,CUST00550,DC004,EMP0293,2022-09-26,Backordered
ORD001066,CUST03359,DC003,EMP0706,2022-05-09,Backordered
ORD001067,CUST01430,DC004,EMP0572,2023-04-20,Cancelled
ORD001068,CUST03766,DC020,EMP0261,2025-05-03,Backordered
ORD001069,CUST03378,DC024,EMP0268,2025-12-15,Cancelled
ORD001070,CUST03392,DC003,EMP0444,2024-01-13,Cancelled
ORD001071,CUST00893,DC007,EMP0192,2024-07-31,Fulfilled
ORD001072,CUST00095,DC008,EMP0687,2021-02-07,Fulfilled
ORD001073,CUST02517,DC009,EMP0488,2023-11-07,Fulfilled
ORD001074,CUST01360,DC012,EMP0103,2025-09-11,Fulfilled
ORD001075,CUST02411,DC017,EMP0778,2021-08-04,Backordered
ORD001076,CUST00876,DC023,EMP0029,2021-10-18,Backordered
ORD001077,CUST00579,DC023,EMP0408,2023-08-05,Pending
ORD001078,CUST00514,DC009,EMP0132,2021-07-01,Fulfilled
ORD001079,CUST00312,DC011,EMP0404,2022-06-13,Fulfilled
ORD001080,CUST02980,DC021,EMP0062,2025-09-28,Fulfilled
ORD001081,CUST02783,DC020,EMP0583,2023-09-19,Cancelled
ORD001082,CUST02342,DC023,EMP0629,2022-08-25,Backordered
ORD001083,CUST03264,DC004,EMP0731,2021-04-24,Cancelled
ORD001084,CUST03492,DC006,EMP0395,2024-03-28,Cancelled
ORD001085,CUST03095,DC023,EMP0662,2022-04-13,Fulfilled
ORD001086,CUST02076,DC021,EMP0426,2021-04-26,Backordered
ORD001087,CUST00128,DC006,EMP0759,2021-03-21,Fulfilled
ORD001088,CUST02884,DC016,EMP0026,2025-03-28,Cancelled
ORD001089,CUST01420,DC024,EMP0384,2022-01-28,Fulfilled
ORD001090,CUST01593,DC002,EMP0492,2023-08-31,Backordered
ORD001091,CUST02014,DC013,EMP0487,2023-12-05,Fulfilled
ORD001092,CUST01716,DC024,EMP0566,2025-12-24,Fulfilled
ORD001093,CUST01468,DC006,EMP0046,2024-05-13,Cancelled
ORD001094,CUST01542,DC023,EMP0251,2022-09-24,Pending
ORD001095,CUST01916,DC009,EMP0108,2023-07-01,Fulfilled
ORD001096,CUST03257,DC014,EMP0201,2025-03-27,Fulfilled
ORD001097,CUST02786,DC010,EMP0736,2022-09-12,Fulfilled
ORD001098,CUST00725,DC018,EMP0029,2021-06-29,Cancelled
ORD001099,CUST01244,DC007,EMP0590,2021-05-16,Fulfilled
ORD001100,CUST00222,DC015,EMP0265,2025-04-21,Fulfilled
ORD001101,CUST01474,DC020,EMP0469,2022-11-19,Fulfilled
ORD001102,CUST01288,DC005,EMP0176,2023-02-28,Fulfilled
ORD001103,CUST00567,DC024,EMP0430,2024-05-23,Fulfilled
ORD001104,CUST01524,DC002,EMP0670,2023-08-09,Pending
ORD001105,CUST00018,DC017,EMP0242,2023-07-26,Cancelled
ORD001106,CUST03900,DC023,EMP0540,17/12/2023,Pending
ORD001107,CUST03173,DC007,EMP0543,2022-04-28,Cancelled
ORD001108,CUST02083,DC022,EMP0632,2023-09-17,Cancelled
ORD001109,CUST00328,DC022,EMP0453,2024-10-17,Fulfilled
ORD001110,CUST02288,DC024,EMP0551,2022-01-08,Fulfilled
ORD001111,CUST01774,DC020,EMP0795,2022-01-25,Cancelled
ORD001112,CUST00402,DC023,EMP0026,2023-10-19,Cancelled
ORD001113,CUST01930,DC015,EMP0017,2025-05-20,Fulfilled
ORD001114,CUST01196,DC012,EMP0793,2022-03-02,Fulfilled
ORD001115,CUST00844,DC017,EMP0526,2023-04-15,Cancelled
ORD001116,CUST00993,DC006,EMP0517,2025-03-26,Cancelled
ORD001117,CUST02781,DC024,EMP0118,2023-06-25,Pending
ORD001118,CUST01088,DC023,EMP0629,2022-10-21,Fulfilled
ORD001119,CUST00310,DC018,EMP0015,2021-08-25,Fulfilled
ORD001120,CUST01788,DC022,EMP0010,2023-04-19,Cancelled
ORD001121,CUST02256,DC021,EMP0618,2024-03-12,Backordered
ORD001122,CUST00637,DC017,EMP0115,2021-08-29,Pending
ORD001123,CUST01091,DC008,EMP0566,2021-07-21,Fulfilled
ORD001124,CUST03211,DC003,EMP0348,2021-08-08,Fulfilled
ORD001125,CUST03719,DC022,EMP0787,2021-03-01,Fulfilled
ORD001126,CUST02510,DC014,EMP0598,2022-11-28,Pending
ORD001127,CUST01345,DC011,EMP0209,2021-03-22,Fulfilled
ORD001128,CUST02014,DC015,EMP0085,2025-02-04,Cancelled
ORD001129,CUST01681,DC018,EMP0204,2023-11-25,Pending
ORD001130,CUST01730,DC006,EMP0416,2023-10-10,Backordered
ORD001131,CUST03005,DC020,EMP0150,2022-06-04,Pending
ORD001132,CUST01259,DC012,EMP0252,2024-10-20,Fulfilled
ORD001133,CUST02646,DC013,EMP0633,2025-03-26,Cancelled
ORD001134,CUST01623,DC023,EMP0060,2021-12-05,Cancelled
ORD001135,CUST02297,DC001,EMP0315,2021-10-23,Cancelled
ORD001136,CUST01530,DC018,EMP0550,2024-07-12,Fulfilled
ORD001137,CUST00972,DC008,EMP0350,2021-03-27,Fulfilled
ORD001138,CUST01574,DC013,EMP0041,29/6/2023,Fulfilled
ORD001139,CUST00248,DC007,EMP0569,2022-11-03,Fulfilled
ORD001140,CUST01799,DC003,EMP0007,2024-10-21,Cancelled
ORD001141,CUST03393,DC020,EMP0506,2024-08-24,Fulfilled
ORD001142,CUST01015,DC014,EMP0459,2023-08-17,Fulfilled
ORD001143,CUST02850,DC003,EMP0060,2022-05-26,Fulfilled
ORD001144,CUST00125,DC020,EMP0297,2024-12-29,Cancelled
ORD001145,CUST01454,DC022,EMP0107,2023-08-10,Fulfilled
ORD001146,CUST00042,DC016,EMP0229,2021-06-12,Fulfilled
ORD001147,CUST00821,DC010,EMP0513,2023-02-09,Fulfilled
ORD001148,CUST01389,DC001,EMP0138,2025-04-12,Fulfilled
ORD001149,CUST03288,DC011,EMP0663,2025-08-08,Pending
ORD001150,CUST00707,DC014,EMP0086,2025-05-16,Fulfilled
ORD001151,CUST02914,DC010,EMP0799,2023-12-25,Pending
ORD001152,CUST02869,DC006,EMP0509,2021-08-19,Fulfilled
ORD001153,CUST01467,DC018,EMP0673,2024-02-24,Fulfilled
ORD001154,CUST02153,DC005,EMP0147,2022-09-03,Fulfilled
ORD001155,CUST03235,DC017,EMP0340,2025-10-23,Fulfilled
ORD001156,CUST03559,DC007,EMP0395,2024-09-17,Cancelled
ORD001157,CUST01679,DC023,EMP0108,2021-06-18,Backordered
ORD001158,CUST03275,DC001,EMP0147,2022-11-26,Backordered
ORD001159,CUST03868,DC011,EMP0326,2025-01-29,Fulfilled
ORD001160,CUST01602,DC017,EMP0457,2022-11-21,Backordered
ORD001161,CUST02152,DC018,EMP0042,2021-04-16,Fulfilled
ORD001162,CUST03496,DC016,EMP0146,2022-12-18,Cancelled
ORD001163,CUST02571,DC020,EMP0563,2025-08-10,Fulfilled
ORD001164,CUST00383,DC008,EMP0480,2022-09-17,Backordered
ORD001165,CUST00705,DC018,EMP0183,2025-09-28,Fulfilled
ORD001166,CUST00343,DC013,EMP0291,2023-06-18,Backordered
ORD001167,CUST02542,DC011,EMP0659,2023-04-04,Fulfilled
ORD001168,CUST03210,DC014,EMP0535,2021-05-04,Backordered
ORD001169,CUST03297,DC014,EMP0035,2021-06-06,Backordered
ORD001170,CUST03532,DC024,EMP0065,2021-04-22,Fulfilled
ORD001171,CUST00561,DC012,EMP0553,2025-03-29,Fulfilled
ORD001172,CUST03267,DC016,EMP0786,2025-05-29,Cancelled
ORD001173,CUST03327,DC010,EMP0528,2023-08-02,Fulfilled
ORD001174,CUST02339,DC023,EMP0233,2023-11-04,Pending
ORD001175,CUST03775,DC017,EMP0016,2024-03-14,Fulfilled
ORD001176,CUST00190,DC019,EMP0108,2022-11-20,Backordered
ORD001177,CUST01914,DC023,EMP0676,2025-02-10,Fulfilled
ORD001178,CUST01925,DC023,EMP0274,2022-03-17,Fulfilled
ORD001179,CUST03226,DC003,EMP0325,2022-09-16,Fulfilled
ORD001180,CUST02476,DC012,EMP0136,2024-03-08,Fulfilled
ORD001181,CUST01089,DC013,EMP0005,2025-03-29,Cancelled
ORD001182,CUST02319,DC006,EMP0415,2024-04-30,Fulfilled
ORD001183,CUST01222,DC010,EMP0747,2024-10-10,Backordered
ORD001184,CUST01690,DC022,EMP0718,2024-10-05,Fulfilled
ORD001185,CUST03332,DC010,EMP0587,2024-12-10,Fulfilled
ORD001186,CUST00054,DC012,EMP0064,2022-08-28,Pending
ORD001187,CUST00414,DC020,EMP0314,2023-10-22,Backordered
ORD001188,CUST01862,DC011,EMP0264,2023-01-30,Fulfilled
ORD001189,CUST00902,DC011,EMP0380,2021-12-11,Cancelled
ORD001190,CUST00515,DC019,EMP0324,2023-08-15,Fulfilled
ORD001191,CUST01495,DC005,EMP0288,2025-08-06,Fulfilled
ORD001192,CUST01994,DC021,EMP0090,2023-11-30,Fulfilled
ORD001193,CUST03408,DC020,EMP0578,2025-06-01,Cancelled
ORD001194,CUST02755,DC007,EMP0297,2024-11-03,Fulfilled
ORD001195,CUST01846,DC006,EMP0376,2024-05-07,Fulfilled
ORD001196,CUST00917,DC012,EMP0282,2024-02-08,Backordered
ORD001197,CUST02427,DC011,EMP0466,2024-05-23,Fulfilled
ORD001198,CUST02128,DC024,EMP0384,2022-09-08,Fulfilled
ORD001199,CUST00033,DC002,EMP0159,2024-09-14,Fulfilled
ORD001200,CUST02973,DC021,EMP0473,2024-05-31,Cancelled
ORD001201,CUST02803,DC015,EMP0794,2023-02-15,Fulfilled
ORD001202,CUST01625,DC013,EMP0082,2024-01-15,Fulfilled
ORD001203,CUST02098,DC011,EMP0639,2025-12-08,Pending
ORD001204,CUST00218,DC019,EMP0655,2021-09-19,Fulfilled
ORD001205,CUST01158,DC004,EMP0011,2025-06-23,Fulfilled
ORD001206,CUST03824,DC001,EMP0109,2025-01-10,Fulfilled
ORD001207,CUST03040,DC004,EMP0072,2021-04-15,Pending
ORD001208,CUST01012,DC020,EMP0552,2022-05-11,Cancelled
ORD001209,CUST02425,DC014,EMP0437,2022-09-04,Pending
ORD001210,CUST00823,DC009,EMP0753,2023-09-16,Fulfilled
ORD001211,CUST00982,DC019,EMP0089,2024-11-03,Fulfilled
ORD001212,CUST00059,DC009,EMP0198,2024-05-13,Backordered
ORD001213,CUST00133,DC011,EMP0430,2023-04-01,Fulfilled
ORD001214,CUST00974,DC014,EMP0719,2025-04-04,Backordered
ORD001215,CUST01054,DC024,EMP0770,2022-06-06,Pending
ORD001216,CUST02526,DC009,EMP0310,2025-03-22,Fulfilled
ORD001217,CUST00312,DC001,EMP0421,2025-01-05,Cancelled
ORD001218,CUST02610,DC002,EMP0369,2024-06-04,Fulfilled
ORD001219,CUST00701,DC014,EMP0794,2022-04-15,Backordered
ORD001220,CUST03545,DC011,EMP0097,2021-07-03,Cancelled
ORD001221,CUST00421,DC002,EMP0264,2023-08-03,Fulfilled
ORD001222,CUST01072,DC013,EMP0235,2023-05-27,Cancelled
ORD001223,CUST00621,DC005,EMP0530,2024-04-01,Fulfilled
ORD001224,CUST02983,DC009,EMP0756,2022-09-23,Pending
ORD001225,CUST00188,DC023,EMP0663,2024-03-16,Fulfilled
ORD001226,CUST02023,DC021,EMP0225,2024-07-22,Fulfilled
ORD001227,CUST03890,DC009,EMP0113,2022-11-12,Fulfilled
ORD001228,CUST02467,DC023,EMP0164,2023-11-14,Pending
ORD001229,CUST00157,DC001,EMP0424,2023-01-02,Cancelled
ORD001230,CUST03925,DC006,EMP0106,2025-09-18,Cancelled
ORD001231,CUST00102,DC022,EMP0016,2024-09-02,Fulfilled
ORD001232,CUST01707,DC023,EMP0496,2024-12-19,Fulfilled
ORD001233,CUST02063,DC021,EMP0783,2025-04-21,Pending
ORD001234,CUST03437,DC018,EMP0727,2024-06-11,Fulfilled
ORD001235,CUST02587,DC008,EMP0034,2024-10-17,Cancelled
ORD001236,CUST01977,DC012,EMP0797,2022-04-27,Backordered
ORD001237,CUST00431,DC007,EMP0720,2023-11-13,Fulfilled
ORD001238,CUST01882,DC001,EMP0626,2021-07-03,Fulfilled
ORD001239,CUST02412,DC011,EMP0474,2022-08-04,Fulfilled
ORD001240,CUST01044,DC004,EMP0063,2022-02-28,Cancelled
ORD001241,CUST01786,DC004,EMP0398,2021-02-25,Backordered
ORD001242,CUST03130,DC011,EMP0218,2024-01-18,Fulfilled
ORD001243,CUST01698,DC016,EMP0029,2021-04-27,Pending
ORD001244,CUST02412,DC013,EMP0493,2025-11-20,Fulfilled
ORD001245,CUST02897,DC017,EMP0637,2022-10-27,Fulfilled
ORD001246,CUST03302,DC004,EMP0482,2023-08-31,Fulfilled
ORD001247,CUST02208,DC021,EMP0335,2023-03-26,Backordered
ORD001248,CUST02189,DC003,EMP0062,2023-10-10,Backordered
ORD001249,CUST02059,DC019,EMP0298,2021-09-21,Backordered
ORD001250,CUST02260,DC014,EMP0240,2024-11-14,Cancelled
ORD001251,CUST01522,DC005,EMP0679,2022-12-30,Pending
ORD001252,CUST02884,DC016,EMP0553,2023-02-15,Backordered
ORD001253,CUST01317,DC024,EMP0308,2021-01-06,Fulfilled
ORD001254,CUST01735,DC022,EMP0767,2021-06-15,Cancelled
ORD001255,CUST00354,DC012,EMP0213,2021-07-11,Backordered
ORD001256,CUST00593,DC010,EMP0143,2022-10-11,Cancelled
ORD001257,CUST02549,DC014,EMP0678,2025-04-23,Pending
ORD001258,CUST03875,DC015,EMP0422,2024-03-13,Cancelled
ORD001259,CUST02337,DC001,EMP0053,2025-05-30,Cancelled
ORD001260,CUST02062,DC004,EMP0410,2021-12-24,Fulfilled
ORD001261,CUST00469,DC008,EMP0508,2022-06-20,Backordered
ORD001262,CUST01737,DC009,EMP0687,2024-08-08,Cancelled
ORD001263,CUST03363,DC016,EMP0044,2025-11-28,Fulfilled
ORD001264,CUST00389,DC001,EMP0245,2022-09-17,Fulfilled
ORD001265,CUST01514,DC012,EMP0497,2021-05-29,Pending
ORD001266,CUST00285,DC018,EMP0228,22/4/2021,Backordered
ORD001267,CUST02080,DC010,EMP0628,2023-08-26,Cancelled
ORD001268,CUST03073,DC009,EMP0355,2022-01-06,Backordered
ORD001269,CUST02890,DC020,EMP0297,2025-09-14,Fulfilled
ORD001270,CUST00489,DC007,EMP0046,2021-02-20,Fulfilled
ORD001271,CUST02336,DC021,EMP0256,2022-02-07,Fulfilled
ORD001272,CUST01011,DC012,EMP0462,2021-04-16,Fulfilled
ORD001273,CUST02294,DC009,EMP0258,2025-04-16,Backordered
ORD001274,CUST02262,DC003,EMP0134,2023-08-15,Cancelled
ORD001275,CUST03728,DC021,EMP0729,2023-03-10,Backordered
ORD001276,CUST03254,DC023,EMP0492,2025-08-30,Fulfilled
ORD001277,CUST01320,DC022,EMP0295,2021-06-24,Pending
ORD001278,CUST02754,DC013,EMP0444,2021-04-09,Backordered
ORD001279,CUST01680,DC009,EMP0497,2023-06-10,Fulfilled
ORD001280,CUST01185,DC024,EMP0756,2022-03-05,Cancelled
ORD001281,CUST01076,DC017,EMP0335,2022-03-28,Pending
ORD001282,CUST00440,DC022,EMP0337,2022-11-30,Cancelled
ORD001283,CUST03425,DC002,EMP0026,2023-12-08,Cancelled
ORD001284,CUST00607,DC014,EMP0657,2022-04-21,Backordered
ORD001285,CUST01660,DC002,EMP0445,2022-05-03,Fulfilled
ORD001286,CUST03691,DC002,EMP0073,2025-02-26,Cancelled
ORD001287,CUST02587,DC005,EMP0735,2023-12-01,Fulfilled
ORD001288,CUST01379,DC020,EMP0182,2024-06-13,Fulfilled
ORD001289,CUST02935,DC024,EMP0239,2025-12-23,Fulfilled
ORD001290,CUST02959,DC023,EMP0385,2024-07-02,Fulfilled
ORD001291,CUST01304,DC004,EMP0078,2022-06-21,Backordered
ORD001292,CUST02852,DC002,EMP0394,2021-06-08,Fulfilled
ORD001293,CUST00385,DC007,EMP0528,2024-09-01,Fulfilled
ORD001294,CUST01701,DC005,EMP0630,2021-12-04,Pending
ORD001295,CUST01390,DC017,EMP0562,2025-04-13,Fulfilled
ORD001296,CUST03586,DC020,EMP0630,2025-01-13,Fulfilled
ORD001297,CUST00616,DC002,EMP0740,2022-11-10,Cancelled
ORD001298,CUST00580,DC011,EMP0149,2024-01-21,Backordered
ORD001299,CUST02792,DC020,EMP0079,2023-08-14,Cancelled
ORD001300,CUST01533,DC003,EMP0364,2023-10-24,Cancelled
ORD001301,CUST03591,DC002,EMP0628,2022-08-07,Cancelled
ORD001302,CUST03753,DC015,EMP0080,2025-11-13,Fulfilled
ORD001303,CUST02503,DC003,EMP0651,2024-05-04,Fulfilled
ORD001304,CUST02036,DC013,EMP0430,2025-04-21,Fulfilled
ORD001305,CUST01465,DC023,EMP0532,2022-06-05,Backordered
ORD001306,CUST01751,DC004,EMP0533,2024-07-14,Fulfilled
ORD001307,CUST00881,DC014,EMP0322,2021-06-14,Fulfilled
ORD001308,CUST00260,DC014,EMP0208,2021-01-18,Pending
ORD001309,CUST00431,DC008,EMP0415,2024-05-20,Pending
ORD001310,CUST03493,DC022,EMP0340,2022-01-09,Fulfilled
ORD001311,CUST02227,DC009,EMP0182,2023-02-22,Backordered
ORD001312,CUST00532,DC017,EMP0617,2021-12-18,Fulfilled
ORD001313,CUST01317,DC009,EMP0105,2025-04-18,Fulfilled
ORD001314,CUST02616,DC019,EMP0257,2021-07-13,Pending
ORD001315,CUST01637,DC007,EMP0153,2022-04-22,Fulfilled
ORD001316,CUST00976,DC003,EMP0045,2022-12-27,Fulfilled
ORD001317,CUST00918,DC001,EMP0556,2024-08-18,Fulfilled
ORD001318,CUST00138,DC002,EMP0175,2021-07-03,Fulfilled
ORD001319,CUST01838,DC012,EMP0301,2022-08-28,Pending
ORD001320,CUST02447,DC003,EMP0477,2023-06-13,Fulfilled
ORD001321,CUST02313,DC011,EMP0070,2022-12-08,Cancelled
ORD001322,CUST01691,DC019,EMP0712,2022-07-27,Fulfilled
ORD001323,CUST01234,DC016,EMP0088,2023-11-08,Fulfilled
ORD001324,CUST03923,DC020,EMP0156,2024-06-02,Fulfilled
ORD001325,CUST02478,DC018,EMP0721,2021-06-25,Fulfilled
ORD001326,CUST00981,DC008,EMP0217,2025-07-23,Fulfilled
ORD001327,CUST03954,DC022,EMP0636,2022-12-09,Pending
ORD001328,CUST01627,DC003,EMP0248,2025-04-29,Fulfilled
ORD001329,CUST00569,DC001,EMP0715,2024-12-17,Fulfilled
ORD001330,CUST01818,DC020,EMP0445,2025-09-17,Pending
ORD001331,CUST03895,DC022,EMP0029,2023-07-25,Cancelled
ORD001332,CUST02258,DC012,EMP0798,2021-04-04,Fulfilled
ORD001333,CUST00279,DC015,EMP0187,2024-11-16,Fulfilled
ORD001334,CUST02243,DC023,EMP0611,2024-01-24,Fulfilled
ORD001335,CUST02851,DC004,EMP0095,2024-12-13,Cancelled
ORD001336,CUST02256,DC008,EMP0372,2023-06-06,Fulfilled
ORD001337,CUST02776,DC011,EMP0658,2021-10-11,Fulfilled
ORD001338,CUST03038,DC013,EMP0025,2021-02-12,Pending
ORD001339,CUST03695,DC007,EMP0141,2022-09-22,Fulfilled
ORD001340,CUST02093,DC018,EMP0626,2021-04-12,Fulfilled
ORD001341,CUST02358,DC003,EMP0343,2025-07-04,Fulfilled
ORD001342,CUST03825,DC011,EMP0004,2023-10-19,Pending
ORD001343,CUST01014,DC022,EMP0423,2024-12-10,Cancelled
ORD001344,CUST03693,DC006,EMP0787,2024-01-05,Fulfilled
ORD001345,CUST01001,DC017,EMP0401,2022-12-09,Fulfilled
ORD001346,CUST00530,DC007,EMP0324,2021-07-11,Cancelled
ORD001347,CUST01088,DC005,EMP0063,2024-11-18,Fulfilled
ORD001348,CUST01117,DC010,EMP0283,2023-12-09,Backordered
ORD001349,CUST00642,DC002,EMP0275,2025-03-30,Fulfilled
ORD001350,CUST01381,DC024,EMP0512,2022-09-23,Cancelled
ORD001351,CUST00765,DC015,EMP0197,2023-08-18,Fulfilled
ORD001352,CUST03496,DC020,EMP0167,2024-10-02,Fulfilled
ORD001353,CUST02634,DC017,EMP0035,2021-08-09,Backordered
ORD001354,CUST03540,DC006,EMP0681,2025-04-11,Cancelled
ORD001355,CUST01876,DC009,EMP0220,2021-03-15,Fulfilled
ORD001356,CUST02643,DC015,EMP0177,2025-04-18,Fulfilled
ORD001357,CUST00345,DC022,EMP0441,2021-10-06,Fulfilled
ORD001358,CUST01300,DC012,EMP0438,2025-08-14,Pending
ORD001359,CUST03033,DC007,EMP0450,2022-05-01,Fulfilled
ORD001360,CUST00565,DC015,EMP0480,2023-07-20,Cancelled
ORD001361,CUST02929,DC023,EMP0497,2025-11-26,Backordered
ORD001362,CUST03943,DC021,EMP0754,2022-11-07,Pending
ORD001363,CUST00622,DC010,EMP0430,27/4/2022,Pending
ORD001364,CUST03753,DC002,EMP0358,2025-03-20,Backordered
ORD001365,CUST00390,DC020,EMP0141,2021-07-05,Backordered
ORD001366,CUST01515,DC017,EMP0678,2025-05-14,Fulfilled
ORD001367,CUST02919,DC017,EMP0173,2023-03-23,Fulfilled
ORD001368,CUST03155,DC002,EMP0654,2023-07-29,Backordered
ORD001369,CUST03697,DC012,EMP0672,2025-08-07,Fulfilled
ORD001370,CUST03435,DC005,EMP0385,2024-08-22,Fulfilled
ORD001371,CUST02325,DC022,EMP0242,2023-06-11,Fulfilled
ORD001372,CUST00731,DC005,EMP0166,2022-01-24,Pending
ORD001373,CUST00699,DC003,EMP0202,2025-01-09,Pending
ORD001374,CUST00764,DC005,EMP0032,2022-03-07,Cancelled
ORD001375,CUST00039,DC021,EMP0026,2022-08-14,Fulfilled
ORD001376,CUST01184,DC009,EMP0403,2022-09-07,Fulfilled
ORD001377,CUST00694,DC016,EMP0743,2025-08-08,Cancelled
ORD001378,CUST00547,DC017,EMP0074,2025-09-24,Pending
ORD001379,CUST01131,DC008,EMP0203,2021-12-27,Pending
ORD001380,CUST02798,DC001,EMP0272,2021-12-09,Cancelled
ORD001381,CUST02888,DC009,EMP0294,2025-06-12,Pending
ORD001382,CUST03727,DC005,EMP0654,2023-02-25,Fulfilled
ORD001383,CUST02780,DC012,EMP0585,2022-11-21,Cancelled
ORD001384,CUST02290,DC006,EMP0766,2022-08-14,Pending
ORD001385,CUST02365,DC013,EMP0374,2022-12-17,Cancelled
ORD001386,CUST01777,DC021,EMP0766,2023-10-06,Backordered
ORD001387,CUST02368,DC009,EMP0109,2025-04-08,Fulfilled
ORD001388,CUST02075,DC022,EMP0450,2021-01-07,Pending
ORD001389,CUST00901,DC011,EMP0787,2021-10-28,Fulfilled
ORD001390,CUST02310,DC007,EMP0784,2023-03-19,Fulfilled
ORD001391,CUST03487,DC009,EMP0763,2024-10-07,Fulfilled
ORD001392,CUST03124,DC013,EMP0690,2025-09-08,Fulfilled
ORD001393,CUST03527,DC013,EMP0718,2025-09-25,Backordered
ORD001394,CUST01647,DC023,EMP0425,15/11/2022,Fulfilled
ORD001395,CUST01747,DC021,EMP0145,2023-10-09,Backordered
ORD001396,CUST00326,DC008,EMP0748,2022-10-03,Pending
ORD001397,CUST03491,DC005,EMP0472,2021-08-18,Fulfilled
ORD001398,CUST02138,DC011,EMP0493,2024-12-18,Backordered
ORD001399,CUST02560,DC010,EMP0077,2022-09-26,Fulfilled
ORD001400,CUST01222,DC006,EMP0447,2024-11-10,Fulfilled
ORD001401,CUST02610,DC011,EMP0229,2024-04-05,Fulfilled
ORD001402,CUST01931,DC012,EMP0279,2023-01-24,Fulfilled
ORD001403,CUST02099,DC015,EMP0315,2022-11-08,Fulfilled
ORD001404,CUST02729,DC001,EMP0178,2022-11-30,Backordered
ORD001405,CUST01349,DC003,EMP0759,2024-05-06,Fulfilled
ORD001406,CUST03996,DC018,EMP0612,2024-09-18,Pending
ORD001407,CUST00350,DC003,EMP0390,2023-11-21,Fulfilled
ORD001408,CUST03397,DC023,EMP0535,2021-01-12,Fulfilled
ORD001409,CUST00253,DC017,EMP0452,2024-05-04,Cancelled
ORD001410,CUST03322,DC012,EMP0477,2021-08-29,Fulfilled
ORD001411,CUST01238,DC024,EMP0517,2021-05-03,Pending
ORD001412,CUST03950,DC019,EMP0045,2025-04-30,Fulfilled
ORD001413,CUST02924,DC005,EMP0386,2025-11-07,Backordered
ORD001414,CUST00591,DC006,EMP0262,2023-11-20,Backordered
ORD001415,CUST02468,DC008,EMP0318,2025-06-18,Pending
ORD001416,CUST03702,DC020,EMP0461,2022-07-05,Fulfilled
ORD001417,CUST01315,DC006,EMP0169,2023-07-26,Fulfilled
ORD001418,CUST01383,DC003,EMP0324,2023-01-30,Backordered
ORD001419,CUST02516,DC020,EMP0240,2022-09-03,Fulfilled
ORD001420,CUST02463,DC011,EMP0744,2024-04-27,Backordered
ORD001421,CUST03758,DC023,EMP0139,2025-09-18,Fulfilled
ORD001422,CUST01659,DC002,EMP0296,2021-07-14,Pending
ORD001423,CUST00944,DC024,EMP0507,2025-10-23,Cancelled
ORD001424,CUST03135,DC024,EMP0492,2024-08-02,Fulfilled
ORD001425,CUST03850,DC017,EMP0314,2024-03-16,Cancelled
ORD001426,CUST02084,DC011,EMP0469,2023-01-13,Fulfilled
ORD001427,CUST00072,DC022,EMP0330,2023-01-30,Cancelled
ORD001428,CUST03685,DC019,EMP0483,2025-04-10,Fulfilled
ORD001429,CUST02540,DC006,EMP0583,2025-02-15,Fulfilled
ORD001430,CUST02165,DC021,EMP0667,2023-12-28,Cancelled
ORD001431,CUST00168,DC012,EMP0288,2022-06-05,Fulfilled
ORD001432,CUST02974,DC012,EMP0177,2023-04-28,Fulfilled
ORD001433,CUST03428,DC018,EMP0600,2024-12-09,Fulfilled
ORD001434,CUST00212,DC012,EMP0560,2023-12-06,Fulfilled
ORD001435,CUST01579,DC018,EMP0141,2023-06-29,Fulfilled
ORD001436,CUST01029,DC005,EMP0409,2022-10-14,Fulfilled
ORD001437,CUST02893,DC004,EMP0096,2021-09-15,Fulfilled
ORD001438,CUST03613,DC017,EMP0289,2025-03-18,Fulfilled
ORD001439,CUST01846,DC009,EMP0256,2025-02-09,Backordered
ORD001440,CUST02293,DC024,EMP0316,2023-04-23,Fulfilled
ORD001441,CUST00091,DC003,EMP0246,2023-06-26,Fulfilled
ORD001442,CUST03269,DC006,EMP0234,2021-10-12,Fulfilled
ORD001443,CUST00097,DC009,EMP0314,2025-03-08,Backordered
ORD001444,CUST01522,DC016,EMP0739,2021-02-21,Fulfilled
ORD001445,CUST03393,DC022,EMP0442,2025-08-16,Cancelled
ORD001446,CUST02641,DC002,EMP0157,15/12/2025,Fulfilled
ORD001447,CUST01052,DC003,EMP0148,2021-04-15,Cancelled
ORD001448,CUST03721,DC014,EMP0705,2023-11-03,Cancelled
ORD001449,CUST01609,DC001,EMP0140,2024-09-03,Fulfilled
ORD001450,CUST02547,DC006,EMP0703,2021-04-01,Cancelled
ORD001451,CUST02057,DC011,EMP0345,2024-01-15,Fulfilled
ORD001452,CUST00573,DC017,EMP0796,2023-10-01,Pending
ORD001453,CUST00524,DC023,EMP0386,2021-03-24,Fulfilled
ORD001454,CUST02311,DC005,EMP0786,2023-02-05,Pending
ORD001455,CUST01663,DC001,EMP0258,2025-12-25,Pending
ORD001456,CUST02183,DC023,EMP0217,2021-08-13,Fulfilled
ORD001457,CUST00204,DC017,EMP0686,2021-01-23,Cancelled
ORD001458,CUST01433,DC005,EMP0351,2025-09-03,Fulfilled
ORD001459,CUST00036,DC024,EMP0755,2025-11-03,Backordered
ORD001460,CUST03158,DC022,EMP0748,2021-08-18,Backordered
ORD001461,CUST03599,DC020,EMP0218,2025-05-17,Fulfilled
ORD001462,CUST01575,DC010,EMP0578,2023-10-07,Cancelled
ORD001463,CUST02421,DC015,EMP0636,2024-09-16,Backordered
ORD001464,CUST02733,DC024,EMP0594,2025-03-20,Fulfilled
ORD001465,CUST02671,DC023,EMP0749,2023-04-10,Backordered
ORD001466,CUST01058,DC013,EMP0392,2024-09-27,Backordered
ORD001467,CUST00755,DC014,EMP0441,2022-03-20,Backordered
ORD001468,CUST00330,DC017,EMP0556,2025-02-16,Pending
ORD001469,CUST03365,DC021,EMP0794,2023-10-29,Cancelled
ORD001470,CUST03385,DC005,EMP0300,2024-11-30,Backordered
ORD001471,CUST02074,DC011,EMP0089,2022-09-13,Fulfilled
ORD001472,CUST00914,DC011,EMP0451,2023-05-23,Fulfilled
ORD001473,CUST02090,DC010,EMP0338,2024-11-18,Fulfilled
ORD001474,CUST01418,DC009,EMP0116,2025-08-21,Cancelled
ORD001475,CUST03165,DC007,EMP0124,2022-02-08,Fulfilled
ORD001476,CUST02743,DC023,EMP0788,2021-08-23,Fulfilled
ORD001477,CUST00973,DC017,EMP0034,2024-09-05,Fulfilled
ORD001478,CUST00203,DC011,EMP0341,2023-07-12,Fulfilled
ORD001479,CUST01985,DC010,EMP0096,2021-12-13,Fulfilled
ORD001480,CUST00917,DC005,EMP0007,2022-05-28,Backordered
ORD001481,CUST02166,DC019,EMP0647,2022-11-11,Backordered
ORD001482,CUST01952,DC020,EMP0016,2025-03-10,Backordered
ORD001483,CUST01577,DC022,EMP0447,2021-11-03,Backordered
ORD001484,CUST01554,DC021,EMP0479,2022-05-17,Fulfilled
ORD001485,CUST02561,DC017,EMP0371,2022-09-21,Cancelled
ORD001486,CUST02802,DC005,EMP0624,2022-10-29,Cancelled
ORD001487,CUST00851,DC023,EMP0702,2021-01-15,Fulfilled
ORD001488,CUST00451,DC008,EMP0760,2021-02-22,Backordered
ORD001489,CUST03016,DC020,EMP0408,2023-09-16,Fulfilled
ORD001490,CUST02334,DC013,EMP0330,2025-04-28,Fulfilled
ORD001491,CUST00360,DC016,EMP0502,2025-02-24,Cancelled
ORD001492,CUST00070,DC001,EMP0172,2025-09-14,Fulfilled
ORD001493,CUST03987,DC019,EMP0218,2022-10-18,Fulfilled
ORD001494,CUST01548,DC010,EMP0734,2021-04-22,Pending
ORD001495,CUST03298,DC001,EMP0169,2024-09-27,Fulfilled
ORD001496,CUST00762,DC021,EMP0777,2024-03-04,Pending
ORD001497,CUST03668,DC007,EMP0283,2023-11-18,Pending
ORD001498,CUST02743,DC005,EMP0360,2023-07-30,Fulfilled
ORD001499,CUST03314,DC002,EMP0600,2021-09-07,Fulfilled
ORD001500,CUST00890,DC002,EMP0649,2024-04-10,Fulfilled
ORD001501,CUST02094,DC009,EMP0202,2025-11-04,Fulfilled
ORD001502,CUST02542,DC003,EMP0250,2025-08-26,Fulfilled
ORD001503,CUST02422,DC009,EMP0093,2025-05-24,Fulfilled
ORD001504,CUST03428,DC016,EMP0147,2023-11-17,Fulfilled
ORD001505,CUST00794,DC008,EMP0085,2024-05-25,Pending
ORD001506,CUST00288,DC007,EMP0443,2025-07-27,Fulfilled
ORD001507,CUST01488,DC019,EMP0390,2021-08-22,Fulfilled
ORD001508,CUST01478,DC010,EMP0609,2024-07-08,Backordered
ORD001509,CUST02254,DC002,EMP0560,2023-07-28,Fulfilled
ORD001510,CUST01610,DC008,EMP0269,2023-10-09,Backordered
ORD001511,CUST00754,DC012,EMP0229,2023-06-06,Pending
ORD001512,CUST00118,DC021,EMP0177,2022-06-29,Pending
ORD001513,CUST02351,DC007,EMP0056,2022-04-21,Fulfilled
ORD001514,CUST03772,DC023,EMP0474,2025-01-01,Fulfilled
ORD001515,CUST02755,DC005,EMP0630,2021-07-18,Cancelled
ORD001516,CUST00085,DC024,EMP0677,2023-05-28,Pending
ORD001517,CUST03622,DC019,EMP0775,2023-09-11,Fulfilled
ORD001518,CUST01307,DC008,EMP0086,2021-11-16,Fulfilled
ORD001519,CUST02021,DC015,EMP0497,2021-09-22,Fulfilled
ORD001520,CUST02579,DC024,EMP0789,2025-08-22,Backordered
ORD001521,CUST02304,DC021,EMP0504,2023-11-20,Cancelled
ORD001522,CUST01860,DC017,EMP0159,2025-05-14,Fulfilled
ORD001523,CUST00195,DC021,EMP0210,2021-01-19,Fulfilled
ORD001524,CUST01529,DC010,EMP0526,2022-03-04,Fulfilled
ORD001525,CUST01726,DC006,EMP0327,2023-06-10,Pending
ORD001526,CUST00462,DC018,EMP0216,2023-10-02,Fulfilled
ORD001527,CUST01345,DC007,EMP0006,2024-04-19,Fulfilled
ORD001528,CUST02333,DC012,EMP0191,2022-11-21,Cancelled
ORD001529,CUST02569,DC008,EMP0109,2025-11-11,Backordered
ORD001530,CUST02810,DC003,EMP0036,2024-09-18,Fulfilled
ORD001531,CUST02985,DC011,EMP0044,2024-01-20,Cancelled
ORD001532,CUST03223,DC005,EMP0168,2023-09-15,Fulfilled
ORD001533,CUST03003,DC018,EMP0593,2021-04-12,Backordered
ORD001534,CUST01820,DC001,EMP0530,2023-10-31,Fulfilled
ORD001535,CUST00171,DC002,EMP0226,2021-04-10,Backordered
ORD001536,CUST00411,DC004,EMP0763,2024-06-07,Fulfilled
ORD001537,CUST00949,DC013,EMP0023,2021-03-06,Fulfilled
ORD001538,CUST00929,DC016,EMP0283,2022-01-27,Pending
ORD001539,CUST00294,DC006,EMP0412,2025-10-31,Fulfilled
ORD001540,CUST00542,DC024,EMP0515,2023-07-12,Pending
ORD001541,CUST01021,DC023,EMP0294,2024-05-21,Pending
ORD001542,CUST01547,DC020,EMP0003,2024-05-25,Fulfilled
ORD001543,CUST00641,DC007,EMP0082,2021-04-09,Fulfilled
ORD001544,CUST02381,DC024,EMP0653,2023-06-26,Backordered
ORD001545,CUST03781,DC002,EMP0278,2023-10-31,Pending
ORD001546,CUST00023,DC016,EMP0589,2021-01-05,Cancelled
ORD001547,CUST02402,DC006,EMP0221,2022-06-02,Backordered
ORD001548,CUST02705,DC006,EMP0062,2025-01-10,Fulfilled
ORD001549,CUST03243,DC002,EMP0317,2024-09-28,Cancelled
ORD001550,CUST02322,DC016,EMP0543,2025-03-24,Fulfilled
ORD001551,CUST03150,DC002,EMP0110,2022-10-24,Fulfilled
ORD001552,CUST00015,DC004,EMP0107,2022-03-25,Backordered
ORD001553,CUST01759,DC016,EMP0029,2025-12-03,Fulfilled
ORD001554,CUST02810,DC003,EMP0059,2021-10-09,Fulfilled
ORD001555,CUST00810,DC012,EMP0779,2022-10-21,Fulfilled
ORD001556,CUST03610,DC006,EMP0763,2024-10-29,Fulfilled
ORD001557,CUST00862,DC016,EMP0357,2024-10-02,Fulfilled
ORD001558,CUST00393,DC005,EMP0651,2024-05-28,Pending
ORD001559,CUST03381,DC010,EMP0188,2025-06-12,Fulfilled
ORD001560,CUST03200,DC017,EMP0343,2022-07-05,Pending
ORD001561,CUST02078,DC020,EMP0302,2021-08-23,Fulfilled
ORD001562,CUST03233,DC018,EMP0347,2024-09-02,Pending
ORD001563,CUST03365,DC020,EMP0565,2022-04-02,Fulfilled
ORD001564,CUST00063,DC003,EMP0437,2024-08-21,Fulfilled
ORD001565,CUST03821,DC020,EMP0146,2023-08-20,Pending
ORD001566,CUST03741,DC017,EMP0082,2021-09-23,Fulfilled
ORD001567,CUST03462,DC001,EMP0460,2025-09-06,Cancelled
ORD001568,CUST03375,DC005,EMP0212,2024-03-07,Fulfilled
ORD001569,CUST00458,DC003,EMP0286,2023-09-24,Pending
ORD001570,CUST00858,DC002,EMP0094,2022-10-11,Pending
ORD001571,CUST01353,DC012,EMP0459,2021-04-27,Fulfilled
ORD001572,CUST01004,DC022,EMP0023,2022-07-18,Pending
ORD001573,CUST02914,DC013,EMP0464,2025-09-04,Backordered
ORD001574,CUST00512,DC022,EMP0524,2024-03-14,Fulfilled
ORD001575,CUST01149,DC005,EMP0738,2021-01-17,Fulfilled
ORD001576,CUST00693,DC001,EMP0043,2022-06-03,Fulfilled
ORD001577,CUST00160,DC017,EMP0302,2021-06-17,Cancelled
ORD001578,CUST02481,DC023,EMP0417,2023-08-17,Fulfilled
ORD001579,CUST01684,DC008,EMP0740,2021-10-13,Fulfilled
ORD001580,CUST00829,DC006,EMP0366,2021-09-09,Fulfilled
ORD001581,CUST03608,DC006,EMP0648,2021-06-24,Fulfilled
ORD001582,CUST02976,DC023,EMP0319,2025-12-01,Fulfilled
ORD001583,CUST01778,DC022,EMP0792,2021-07-26,Cancelled
ORD001584,CUST01914,DC005,EMP0628,2023-08-18,Fulfilled
ORD001585,CUST03123,DC014,EMP0603,2024-10-10,Fulfilled
ORD001586,CUST03393,DC014,EMP0090,2024-03-24,Fulfilled
ORD001587,CUST01033,DC018,EMP0463,2023-03-22,Cancelled
ORD001588,CUST00231,DC016,EMP0676,2022-01-18,Fulfilled
ORD001589,CUST02900,DC005,EMP0061,2025-01-30,Pending
ORD001590,CUST01089,DC021,EMP0796,2021-02-08,Fulfilled
ORD001591,CUST02774,DC007,EMP0687,2023-12-27,Fulfilled
ORD001592,CUST00862,DC002,EMP0198,2022-10-14,Fulfilled
ORD001593,CUST00460,DC016,EMP0285,2024-10-23,Fulfilled
ORD001594,CUST03940,DC014,EMP0470,2025-01-09,Fulfilled
ORD001595,CUST03531,DC005,EMP0125,2025-06-12,Fulfilled
ORD001596,CUST00623,DC012,EMP0578,2023-07-31,Pending
ORD001597,CUST03985,DC010,EMP0681,2022-04-02,Fulfilled
ORD001598,CUST00429,DC016,EMP0576,2024-08-14,Backordered
ORD001599,CUST00335,DC014,EMP0669,2025-09-30,Pending
ORD001600,CUST02994,DC011,EMP0756,2025-12-26,Cancelled
ORD001601,CUST01354,DC015,EMP0747,2021-08-10,Fulfilled
ORD001602,CUST01530,DC015,EMP0630,2021-08-03,Backordered
ORD001603,CUST03095,DC005,EMP0573,2022-06-19,Fulfilled
ORD001604,CUST00564,DC023,EMP0561,2022-07-18,Cancelled
ORD001605,CUST02158,DC017,EMP0433,2023-06-16,Fulfilled
ORD001606,CUST02761,DC011,EMP0236,2022-05-25,Backordered
ORD001607,CUST00614,DC004,EMP0229,2022-01-03,Fulfilled
ORD001608,CUST02282,DC014,EMP0549,2024-12-26,Cancelled
ORD001609,CUST03693,DC016,EMP0224,2024-09-12,Cancelled
ORD001610,CUST02601,DC019,EMP0398,2024-02-24,Cancelled
ORD001611,CUST02901,DC008,EMP0796,2025-05-30,Pending
ORD001612,CUST02240,DC012,EMP0635,2023-01-01,Cancelled
ORD001613,CUST01238,DC009,EMP0245,2022-05-17,Cancelled
ORD001614,CUST03152,DC004,EMP0611,2021-03-31,Fulfilled
ORD001615,CUST01157,DC012,EMP0076,2024-06-20,Cancelled
ORD001616,CUST02865,DC004,EMP0502,2021-02-17,Fulfilled
ORD001617,CUST02059,DC019,EMP0269,2025-08-03,Backordered
ORD001618,CUST00222,DC012,EMP0256,2022-10-17,Pending
ORD001619,CUST03783,DC008,EMP0442,2021-09-16,Pending
ORD001620,CUST01708,DC018,EMP0167,2025-07-30,Fulfilled
ORD001621,CUST01162,DC023,EMP0020,2023-07-01,Backordered
ORD001622,CUST01333,DC019,EMP0448,2025-10-24,Fulfilled
ORD001623,CUST00566,DC003,EMP0337,2025-06-25,Fulfilled
ORD001624,CUST02203,DC020,EMP0340,2022-08-14,Pending
ORD001625,CUST03936,DC009,EMP0433,2022-10-29,Cancelled
ORD001626,CUST03722,DC019,EMP0600,2023-11-11,Cancelled
ORD001627,CUST00017,DC024,EMP0452,2022-03-21,Fulfilled
ORD001628,CUST01628,DC014,EMP0428,2022-07-30,Backordered
ORD001629,CUST02792,DC006,EMP0137,2023-01-11,Pending
ORD001630,CUST00418,DC005,EMP0308,2025-02-13,Fulfilled
ORD001631,CUST03609,DC001,EMP0339,2025-12-08,Pending
ORD001632,CUST02908,DC001,EMP0739,2022-07-03,Fulfilled
ORD001633,CUST02649,DC003,EMP0744,2024-06-23,Pending
ORD001634,CUST03638,DC001,EMP0408,2025-02-21,Fulfilled
ORD001635,CUST01216,DC017,EMP0624,2022-10-13,Backordered
ORD001636,CUST03544,DC006,EMP0730,2021-02-17,Fulfilled
ORD001637,CUST03001,DC001,EMP0604,2022-06-28,Fulfilled
ORD001638,CUST02188,DC004,EMP0411,2025-06-13,Fulfilled
ORD001639,CUST00885,DC008,EMP0616,2023-12-08,Pending
ORD001640,CUST03438,DC010,EMP0629,2021-01-04,Fulfilled
ORD001641,CUST01670,DC008,EMP0189,2022-10-17,Fulfilled
ORD001642,CUST01662,DC003,EMP0599,2022-03-15,Cancelled
ORD001643,CUST03304,DC021,EMP0748,2023-11-02,Fulfilled
ORD001644,CUST01919,DC014,EMP0558,2022-10-12,Fulfilled
ORD001645,CUST00741,DC013,EMP0273,2024-09-12,Cancelled
ORD001646,CUST02036,DC023,EMP0607,2024-10-23,Fulfilled
ORD001647,CUST01378,DC010,EMP0134,2021-10-09,Pending
ORD001648,CUST03132,DC020,EMP0122,2021-07-05,Fulfilled
ORD001649,CUST02480,DC023,EMP0341,2024-12-27,Fulfilled
ORD001650,CUST03059,DC013,EMP0224,2025-10-17,Fulfilled
ORD001651,CUST02396,DC010,EMP0669,2024-11-20,Cancelled
ORD001652,CUST01335,DC023,EMP0217,2021-03-28,Fulfilled
ORD001653,CUST03189,DC021,EMP0690,2025-05-28,Fulfilled
ORD001654,CUST02491,DC002,EMP0283,2024-02-27,Fulfilled
ORD001655,CUST00489,DC003,EMP0728,2024-12-13,Fulfilled
ORD001656,CUST00028,DC018,EMP0631,2021-06-11,Pending
ORD001657,CUST02640,DC006,EMP0385,2025-07-26,Fulfilled
ORD001658,CUST03649,DC020,EMP0315,2022-12-21,Fulfilled
ORD001659,CUST00789,DC019,EMP0130,2023-10-08,Backordered
ORD001660,CUST01744,DC019,EMP0383,2023-02-23,Backordered
ORD001661,CUST02947,DC020,EMP0522,2025-10-23,Cancelled
ORD001662,CUST03139,DC016,EMP0735,15/2/2022,Fulfilled
ORD001663,CUST03025,DC008,EMP0723,2023-10-12,Fulfilled
ORD001664,CUST03234,DC021,EMP0338,2025-03-20,Cancelled
ORD001665,CUST00188,DC016,EMP0360,2023-10-12,Cancelled
ORD001666,CUST03266,DC016,EMP0430,2024-07-09,Fulfilled
ORD001667,CUST03885,DC005,EMP0546,2021-04-28,Fulfilled
ORD001668,CUST00391,DC014,EMP0031,2025-02-06,Fulfilled
ORD001669,CUST00370,DC019,EMP0536,2025-04-08,Fulfilled
ORD001670,CUST02178,DC018,EMP0144,2023-09-03,Fulfilled
ORD001671,CUST02813,DC014,EMP0108,2023-03-01,Cancelled
ORD001672,CUST03831,DC006,EMP0777,2024-07-11,Fulfilled
ORD001673,CUST02132,DC005,EMP0569,2025-09-16,Pending
ORD001674,CUST03876,DC005,EMP0453,2025-02-07,Fulfilled
ORD001675,CUST03942,DC002,EMP0388,2025-12-14,Fulfilled
ORD001676,CUST02155,DC015,EMP0035,2023-12-27,Fulfilled
ORD001677,CUST00335,DC021,EMP0417,2024-03-18,Pending
ORD001678,CUST00782,DC001,EMP0155,2024-12-08,Fulfilled
ORD001679,CUST02183,DC016,EMP0602,2024-08-07,Fulfilled
ORD001680,CUST00586,DC024,EMP0011,2025-12-06,Fulfilled
ORD001681,CUST03191,DC020,EMP0682,2021-03-21,Fulfilled
ORD001682,CUST01377,DC020,EMP0439,2023-03-09,Pending
ORD001683,CUST01143,DC012,EMP0270,2022-11-22,Fulfilled
ORD001684,CUST00867,DC007,EMP0448,22/12/2021,Cancelled
ORD001685,CUST00789,DC010,EMP0455,2022-05-28,Backordered
ORD001686,CUST02374,DC023,EMP0678,2023-05-25,Fulfilled
ORD001687,CUST01352,DC005,EMP0588,2025-11-07,Fulfilled
ORD001688,CUST03562,DC013,EMP0081,2024-03-20,Pending
ORD001689,CUST00145,DC017,EMP0537,2024-07-06,Fulfilled
ORD001690,CUST03013,DC023,EMP0116,2024-01-18,Fulfilled
ORD001691,CUST01093,DC020,EMP0677,2023-06-05,Fulfilled
ORD001692,CUST02416,DC009,EMP0087,2024-10-21,Fulfilled
ORD001693,CUST01259,DC016,EMP0143,2025-12-26,Fulfilled
ORD001694,CUST00138,DC007,EMP0310,2022-03-15,Backordered
ORD001695,CUST01169,DC001,EMP0602,2025-02-01,Fulfilled
ORD001696,CUST00172,DC017,EMP0585,2022-01-28,Fulfilled
ORD001697,CUST03065,DC014,EMP0421,2024-08-03,Fulfilled
ORD001698,CUST03526,DC022,EMP0040,2023-10-07,Backordered
ORD001699,CUST00399,DC019,EMP0585,2023-08-27,Fulfilled
ORD001700,CUST02831,DC022,EMP0690,2025-03-17,Fulfilled
ORD001701,CUST02443,DC012,EMP0493,2023-06-14,Pending
ORD001702,CUST00913,DC001,EMP0764,2021-09-11,Fulfilled
ORD001703,CUST02680,DC017,EMP0491,2024-09-11,Fulfilled
ORD001704,CUST02843,DC005,EMP0742,2023-10-08,Fulfilled
ORD001705,CUST01706,DC019,EMP0346,2025-09-17,Fulfilled
ORD001706,CUST00301,DC016,EMP0083,2024-12-26,Fulfilled
ORD001707,CUST02087,DC005,EMP0147,2024-02-09,Fulfilled
ORD001708,CUST01818,DC005,EMP0238,2021-09-03,Fulfilled
ORD001709,CUST00515,DC021,EMP0793,2022-02-23,Fulfilled
ORD001710,CUST00188,DC004,EMP0615,2021-02-13,Fulfilled
ORD001711,CUST02138,DC021,EMP0708,2021-01-09,Fulfilled
ORD001712,CUST01453,DC001,EMP0224,2024-06-25,Pending
ORD001713,CUST00120,DC012,EMP0470,2023-06-28,Fulfilled
ORD001714,CUST02745,DC009,EMP0116,2023-03-16,Fulfilled
ORD001715,CUST00751,DC013,EMP0619,2021-12-25,Fulfilled
ORD001716,CUST00020,DC020,EMP0279,2025-03-05,Fulfilled
ORD001717,CUST02625,DC013,EMP0082,2024-12-14,Cancelled
ORD001718,CUST00609,DC017,EMP0523,2021-04-25,Fulfilled
ORD001719,CUST02056,DC018,EMP0783,2024-02-28,Pending
ORD001720,CUST03512,DC005,EMP0107,2023-08-20,Fulfilled
ORD001721,CUST03771,DC021,EMP0072,2024-07-18,Backordered
ORD001722,CUST03647,DC003,EMP0720,2022-12-05,Backordered
ORD001723,CUST00137,DC020,EMP0658,2022-05-09,Backordered
ORD001724,CUST01060,DC017,EMP0725,2021-02-06,Cancelled
ORD001725,CUST02245,DC005,EMP0055,2021-07-20,Fulfilled
ORD001726,CUST03965,DC020,EMP0754,2021-09-14,Fulfilled
ORD001727,CUST03952,DC014,EMP0601,2021-03-24,Fulfilled
ORD001728,CUST00262,DC009,EMP0720,2021-12-31,Fulfilled
ORD001729,CUST02707,DC021,EMP0430,2023-01-19,Backordered
ORD001730,CUST02625,DC014,EMP0221,2024-02-18,Pending
ORD001731,CUST03487,DC016,EMP0786,2024-11-02,Fulfilled
ORD001732,CUST00400,DC012,EMP0124,2025-07-14,Pending
ORD001733,CUST01385,DC011,EMP0204,2024-04-10,Fulfilled
ORD001734,CUST00405,DC023,EMP0111,2024-01-02,Fulfilled
ORD001735,CUST01610,DC009,EMP0673,2025-08-31,Backordered
ORD001736,CUST00194,DC015,EMP0552,2024-02-13,Cancelled
ORD001737,CUST00205,DC016,EMP0055,2024-07-02,Pending
ORD001738,CUST00090,DC019,EMP0576,2022-04-26,Cancelled
ORD001739,CUST03802,DC006,EMP0185,2021-12-07,Fulfilled
ORD001740,CUST03920,DC001,EMP0142,2024-07-24,Fulfilled
ORD001741,CUST00803,DC009,EMP0703,2021-11-04,Fulfilled
ORD001742,CUST00501,DC015,EMP0728,2025-11-30,Fulfilled
ORD001743,CUST00967,DC005,EMP0167,2024-03-05,Fulfilled
ORD001744,CUST01856,DC020,EMP0096,2023-06-19,Fulfilled
ORD001745,CUST01255,DC004,EMP0609,2023-03-30,Backordered
ORD001746,CUST00923,DC005,EMP0025,2023-10-17,Fulfilled
ORD001747,CUST01965,DC004,EMP0298,2025-12-17,Cancelled
ORD001748,CUST00155,DC007,EMP0464,2023-07-19,Cancelled
ORD001749,CUST01083,DC009,EMP0383,2025-01-11,Backordered
ORD001750,CUST02722,DC015,EMP0445,2023-04-13,Fulfilled
ORD001751,CUST01157,DC004,EMP0720,2025-03-13,Fulfilled
ORD001752,CUST02498,DC006,EMP0633,2024-12-30,Fulfilled
ORD001753,CUST00728,DC024,EMP0233,2022-01-17,Backordered
ORD001754,CUST03192,DC022,EMP0547,2023-10-06,Fulfilled
ORD001755,CUST00124,DC014,EMP0449,2022-12-23,Pending
ORD001756,CUST01657,DC007,EMP0394,2024-09-10,Fulfilled
ORD001757,CUST02120,DC017,EMP0681,2023-06-01,Fulfilled
ORD001758,CUST02371,DC021,EMP0621,2021-03-14,Cancelled
ORD001759,CUST03178,DC007,EMP0270,2023-10-05,Fulfilled
ORD001760,CUST00195,DC009,EMP0370,2024-06-22,Pending
ORD001761,CUST00524,DC024,EMP0419,2022-03-09,Fulfilled
ORD001762,CUST01469,DC014,EMP0156,2021-05-01,Backordered
ORD001763,CUST01814,DC005,EMP0133,2024-04-30,Fulfilled
ORD001764,CUST00100,DC019,EMP0798,2023-09-05,Fulfilled
ORD001765,CUST00655,DC022,EMP0666,2022-09-29,Fulfilled
ORD001766,CUST03381,DC018,EMP0217,2022-11-21,Backordered
ORD001767,CUST01756,DC001,EMP0296,2025-04-12,Backordered
ORD001768,CUST00164,DC020,EMP0112,2025-03-26,Fulfilled
ORD001769,CUST03628,DC016,EMP0474,2025-12-23,Pending
ORD001770,CUST00564,DC020,EMP0151,2025-02-13,Fulfilled
ORD001771,CUST03794,DC010,EMP0367,2021-04-22,Backordered
ORD001772,CUST02809,DC005,EMP0711,2025-07-09,Fulfilled
ORD001773,CUST01520,DC022,EMP0733,2024-01-16,Fulfilled
ORD001774,CUST02936,DC011,EMP0471,2021-10-13,Cancelled
ORD001775,CUST02270,DC012,EMP0525,2024-11-22,Cancelled
ORD001776,CUST00635,DC012,EMP0105,2023-09-04,Cancelled
ORD001777,CUST01725,DC014,EMP0305,2024-05-09,Fulfilled
ORD001778,CUST02855,DC018,EMP0331,2024-01-24,Fulfilled
ORD001779,CUST03894,DC019,EMP0377,2023-12-30,Fulfilled
ORD001780,CUST03371,DC009,EMP0355,2024-05-09,Fulfilled
ORD001781,CUST00850,DC017,EMP0759,2021-12-11,Fulfilled
ORD001782,CUST01683,DC004,EMP0079,2022-08-24,Fulfilled
ORD001783,CUST03983,DC024,EMP0378,2021-04-29,Backordered
ORD001784,CUST03016,DC019,EMP0764,2023-08-05,Fulfilled
ORD001785,CUST03745,DC024,EMP0253,2021-12-17,Fulfilled
ORD001786,CUST00598,DC010,EMP0166,2022-05-19,Fulfilled
ORD001787,CUST02518,DC024,EMP0552,2023-11-07,Fulfilled
ORD001788,CUST01301,DC004,EMP0631,2023-02-09,Fulfilled
ORD001789,CUST01136,DC012,EMP0709,2025-01-07,Fulfilled
ORD001790,CUST01431,DC013,EMP0392,2022-04-08,Pending
ORD001791,CUST02359,DC024,EMP0638,2022-01-31,Fulfilled
ORD001792,CUST01961,DC013,EMP0673,2021-05-12,Backordered
ORD001793,CUST01915,DC001,EMP0496,2022-11-25,Cancelled
ORD001794,CUST02384,DC004,EMP0177,2022-06-28,Fulfilled
ORD001795,CUST03640,DC017,EMP0670,2023-01-24,Fulfilled
ORD001796,CUST00128,DC006,EMP0082,2023-09-18,Cancelled
ORD001797,CUST02124,DC016,EMP0029,2025-01-11,Fulfilled
ORD001798,CUST01784,DC014,EMP0717,2024-12-15,Pending
ORD001799,CUST02268,DC005,EMP0221,2022-03-21,Cancelled
ORD001800,CUST00394,DC007,EMP0025,2023-10-03,Fulfilled
ORD001801,CUST03995,DC016,EMP0073,2024-07-20,Fulfilled
ORD001802,CUST03583,DC007,EMP0150,2022-03-20,Fulfilled
ORD001803,CUST02225,DC016,EMP0643,2021-07-09,Pending
ORD001804,CUST02040,DC013,EMP0184,2022-05-18,Fulfilled
ORD001805,CUST00195,DC018,EMP0759,2021-11-26,Fulfilled
ORD001806,CUST00417,DC020,EMP0114,2022-01-01,Backordered
ORD001807,CUST03378,DC003,EMP0414,2022-09-07,Fulfilled
ORD001808,CUST01868,DC020,EMP0419,2024-08-16,Cancelled
ORD001809,CUST01049,DC018,EMP0615,2021-11-18,Fulfilled
ORD001810,CUST00335,DC015,EMP0644,2024-07-20,Cancelled
ORD001811,CUST01235,DC022,EMP0517,2024-12-17,Fulfilled
ORD001812,CUST01536,DC005,EMP0014,2021-08-19,Fulfilled
ORD001813,CUST01904,DC012,EMP0317,2022-09-05,Backordered
ORD001814,CUST00101,DC013,EMP0088,2023-12-07,Pending
ORD001815,CUST02005,DC008,EMP0527,2022-09-16,Pending
ORD001816,CUST01739,DC020,EMP0292,2025-05-25,Cancelled
ORD001817,CUST00858,DC010,EMP0288,2025-07-13,Cancelled
ORD001818,CUST01568,DC010,EMP0475,2022-12-25,Fulfilled
ORD001819,CUST03347,DC024,EMP0435,2022-05-20,Backordered
ORD001820,CUST03513,DC022,EMP0378,2025-07-03,Fulfilled
ORD001821,CUST01396,DC019,EMP0773,2025-10-06,Fulfilled
ORD001822,CUST02377,DC024,EMP0142,2023-11-27,Pending
ORD001823,CUST02394,DC004,EMP0234,2025-04-12,Fulfilled
ORD001824,CUST02222,DC008,EMP0106,2023-05-03,Backordered
ORD001825,CUST02435,DC005,EMP0538,2022-01-09,Fulfilled
ORD001826,CUST03342,DC003,EMP0198,2022-06-08,Cancelled
ORD001827,CUST02047,DC024,EMP0047,2021-03-17,Pending
ORD001828,CUST01460,DC003,EMP0327,2021-06-27,Fulfilled
ORD001829,CUST03437,DC023,EMP0728,2025-06-13,Backordered
ORD001830,CUST00745,DC004,EMP0501,2023-02-27,Fulfilled
ORD001831,CUST02072,DC016,EMP0790,2021-01-31,Fulfilled
ORD001832,CUST00716,DC020,EMP0600,2025-02-19,Fulfilled
ORD001833,CUST00450,DC004,EMP0797,2025-09-23,Backordered
ORD001834,CUST03945,DC021,EMP0472,2022-01-01,Backordered
ORD001835,CUST00252,DC012,EMP0663,2022-09-15,Fulfilled
ORD001836,CUST00960,DC009,EMP0780,2023-10-05,Cancelled
ORD001837,CUST02144,DC013,EMP0364,2025-12-30,Cancelled
ORD001838,CUST04000,DC018,EMP0765,2024-04-10,Backordered
ORD001839,CUST03790,DC006,EMP0689,2024-04-10,Fulfilled
ORD001840,CUST03253,DC006,EMP0275,2023-12-10,Fulfilled
ORD001841,CUST01362,DC001,EMP0193,2025-06-22,Pending
ORD001842,CUST00970,DC002,EMP0496,2025-06-13,Fulfilled
ORD001843,CUST01419,DC020,EMP0763,2022-03-02,Fulfilled
ORD001844,CUST03775,DC021,EMP0355,2023-07-20,Backordered
ORD001845,CUST00724,DC024,EMP0358,2025-02-14,Pending
ORD001846,CUST02631,DC019,EMP0529,2023-05-09,Fulfilled
ORD001847,CUST02925,DC018,EMP0149,2025-12-31,Fulfilled
ORD001848,CUST00254,DC023,EMP0280,2025-09-17,Fulfilled
ORD001849,CUST01831,DC003,EMP0662,2024-12-09,Backordered
ORD001850,CUST01716,DC008,EMP0228,2022-12-11,Cancelled
ORD001851,CUST00169,DC021,EMP0793,2025-02-25,Backordered
ORD001852,CUST02039,DC013,EMP0660,2024-07-06,Cancelled
ORD001853,CUST02716,DC006,EMP0150,2022-02-23,Fulfilled
ORD001854,CUST00135,DC022,EMP0512,2022-01-21,Fulfilled
ORD001855,CUST00611,DC018,EMP0620,2022-01-27,Backordered
ORD001856,CUST01273,DC019,EMP0782,2021-03-22,Cancelled
ORD001857,CUST01718,DC019,EMP0306,2021-04-19,Pending
ORD001858,CUST03596,DC015,EMP0142,2022-02-17,Backordered
ORD001859,CUST01771,DC014,EMP0781,2022-03-09,Backordered
ORD001860,CUST00482,DC024,EMP0381,2024-12-29,Backordered
ORD001861,CUST00666,DC006,EMP0278,2024-02-26,Fulfilled
ORD001862,CUST00664,DC012,EMP0387,2023-12-05,Fulfilled
ORD001863,CUST02461,DC020,EMP0081,2023-05-06,Fulfilled
ORD001864,CUST02745,DC010,EMP0092,2023-01-23,Fulfilled
ORD001865,CUST00444,DC012,EMP0693,2023-11-20,Backordered
ORD001866,CUST00127,DC002,EMP0083,2022-04-12,Backordered
ORD001867,CUST02261,DC021,EMP0602,2022-11-13,Backordered
ORD001868,CUST00442,DC009,EMP0262,2021-08-19,Fulfilled
ORD001869,CUST03248,DC021,EMP0739,2025-03-30,Fulfilled
ORD001870,CUST02716,DC009,EMP0070,2024-03-24,Backordered
ORD001871,CUST00506,DC007,EMP0370,2023-03-04,Pending
ORD001872,CUST00807,DC019,EMP0017,2023-02-11,Cancelled
ORD001873,CUST01378,DC014,EMP0322,2023-08-01,Fulfilled
ORD001874,CUST03371,DC019,EMP0075,2025-09-04,Fulfilled
ORD001875,CUST01207,DC021,EMP0647,2024-05-27,Fulfilled
ORD001876,CUST03066,DC002,EMP0074,2022-08-30,Fulfilled
ORD001877,CUST01253,DC022,EMP0115,2025-11-07,Pending
ORD001878,CUST00122,DC005,EMP0522,2022-12-25,Backordered
ORD001879,CUST00812,DC008,EMP0567,2023-07-27,Fulfilled
ORD001880,CUST01246,DC020,EMP0550,2022-12-17,Fulfilled
ORD001881,CUST00740,DC015,EMP0366,2023-04-27,Pending
ORD001882,CUST01901,DC018,EMP0779,2024-09-26,Fulfilled
ORD001883,CUST02615,DC024,EMP0540,2021-05-28,Pending
ORD001884,CUST00835,DC007,EMP0724,2025-12-24,Pending
ORD001885,CUST03682,DC014,EMP0701,2022-10-10,Pending
ORD001886,CUST03536,DC002,EMP0063,2021-12-14,Fulfilled
ORD001887,CUST01613,DC012,EMP0366,2025-07-04,Cancelled
ORD001888,CUST01344,DC003,EMP0481,2021-05-12,Cancelled
ORD001889,CUST02956,DC005,EMP0451,2025-04-14,Backordered
ORD001890,CUST03826,DC011,EMP0055,2025-06-30,Fulfilled
ORD001891,CUST00409,DC016,EMP0138,2021-12-02,Cancelled
ORD001892,CUST03731,DC020,EMP0535,2023-12-06,Backordered
ORD001893,CUST01813,DC005,EMP0156,2025-09-09,Cancelled
ORD001894,CUST00806,DC010,EMP0264,2021-10-19,Fulfilled
ORD001895,CUST02789,DC002,EMP0450,2024-06-27,Fulfilled
ORD001896,CUST00977,DC001,EMP0161,2025-02-04,Fulfilled
ORD001897,CUST00049,DC001,EMP0481,2024-10-02,Fulfilled
ORD001898,CUST00604,DC010,EMP0560,2025-07-07,Fulfilled
ORD001899,CUST03617,DC009,EMP0285,2022-07-06,Fulfilled
ORD001900,CUST00811,DC022,EMP0459,2021-07-27,Backordered
ORD001901,CUST02208,DC015,EMP0058,2024-01-20,Fulfilled
ORD001902,CUST03744,DC017,EMP0013,2025-06-20,Pending
ORD001903,CUST00737,DC011,EMP0784,2025-02-27,Cancelled
ORD001904,CUST03476,DC009,EMP0314,2024-08-21,Fulfilled
ORD001905,CUST02876,DC019,EMP0532,2024-03-16,Fulfilled
ORD001906,CUST03424,DC024,EMP0144,2022-02-08,Fulfilled
ORD001907,CUST03716,DC022,EMP0172,2022-02-27,Fulfilled
ORD001908,CUST03210,DC007,EMP0250,2025-05-08,Fulfilled
ORD001909,CUST02070,DC014,EMP0730,2021-06-22,Pending
ORD001910,CUST01621,DC021,EMP0294,2021-12-18,Pending
ORD001911,CUST02402,DC017,EMP0044,2021-04-22,Pending
ORD001912,CUST02668,DC003,EMP0066,2021-09-17,Cancelled
ORD001913,CUST01992,DC021,EMP0063,2022-09-12,Fulfilled
ORD001914,CUST03272,DC006,EMP0500,2025-08-10,Cancelled
ORD001915,CUST00038,DC022,EMP0055,2022-02-08,Backordered
ORD001916,CUST02103,DC022,EMP0168,2022-04-15,Cancelled
ORD001917,CUST03604,DC012,EMP0377,2025-01-13,Backordered
ORD001918,CUST00327,DC012,EMP0742,2022-04-07,Pending
ORD001919,CUST03707,DC008,EMP0467,2024-08-07,Fulfilled
ORD001920,CUST02926,DC018,EMP0347,2024-02-13,Fulfilled
ORD001921,CUST03984,DC014,EMP0004,2024-09-04,Fulfilled
ORD001922,CUST03334,DC013,EMP0799,2022-01-22,Fulfilled
ORD001923,CUST02312,DC021,EMP0607,2024-03-29,Pending
ORD001924,CUST02618,DC001,EMP0140,2023-06-17,Fulfilled
ORD001925,CUST01874,DC011,EMP0047,2025-12-07,Fulfilled
ORD001926,CUST01314,DC008,EMP0339,2021-02-03,Fulfilled
ORD001927,CUST03936,DC006,EMP0132,2023-06-09,Pending
ORD001928,CUST00541,DC006,EMP0107,2023-01-02,Cancelled
ORD001929,CUST02965,DC014,EMP0320,2023-12-17,Pending
ORD001930,CUST00793,DC008,EMP0285,2021-06-21,Fulfilled
ORD001931,CUST02457,DC004,EMP0718,2021-11-23,Pending
ORD001932,CUST02219,DC013,EMP0053,2025-04-04,Fulfilled
ORD001933,CUST03473,DC007,EMP0428,2022-10-28,Fulfilled
ORD001934,CUST00845,DC022,EMP0532,2025-09-26,Cancelled
ORD001935,CUST02106,DC015,EMP0539,2022-07-08,Pending
ORD001936,CUST03437,DC016,EMP0476,2023-10-20,Fulfilled
ORD001937,CUST02382,DC002,EMP0697,2025-11-19,Fulfilled
ORD001938,CUST03063,DC006,EMP0011,2024-08-30,Pending
ORD001939,CUST01630,DC006,EMP0373,2024-07-08,Fulfilled
ORD001940,CUST01582,DC020,EMP0380,2021-06-27,Fulfilled
ORD001941,CUST01318,DC019,EMP0677,2024-02-09,Pending
ORD001942,CUST00284,DC012,EMP0557,2024-06-09,Fulfilled
ORD001943,CUST00377,DC001,EMP0012,2024-06-24,Pending
ORD001944,CUST01916,DC011,EMP0550,2023-06-04,Cancelled
ORD001945,CUST03822,DC016,EMP0236,2022-01-06,Pending
ORD001946,CUST02501,DC015,EMP0798,2024-05-04,Backordered
ORD001947,CUST03161,DC024,EMP0210,2024-06-17,Fulfilled
ORD001948,CUST02133,DC020,EMP0739,2025-12-23,Fulfilled
ORD001949,CUST01167,DC021,EMP0530,2023-08-26,Pending
ORD001950,CUST01392,DC018,EMP0483,2023-12-04,Backordered
ORD001951,CUST01497,DC016,EMP0303,2022-01-15,Fulfilled
ORD001952,CUST02202,DC015,EMP0715,2022-04-01,Fulfilled
ORD001953,CUST03092,DC004,EMP0777,2022-05-31,Cancelled
ORD001954,CUST02364,DC020,EMP0686,2022-03-18,Fulfilled
ORD001955,CUST02345,DC023,EMP0432,2021-06-13,Cancelled
ORD001956,CUST01714,DC006,EMP0116,2025-01-03,Fulfilled
ORD001957,CUST01492,DC020,EMP0439,2023-09-30,Cancelled
ORD001958,CUST03068,DC006,EMP0035,2023-07-15,Cancelled
ORD001959,CUST01907,DC022,EMP0172,2025-12-04,Fulfilled
ORD001960,CUST02099,DC003,EMP0526,2021-11-09,Backordered
ORD001961,CUST02650,DC012,EMP0689,2024-04-22,Fulfilled
ORD001962,CUST00305,DC024,EMP0030,2021-05-05,Fulfilled
ORD001963,CUST03687,DC001,EMP0103,2023-12-10,Cancelled
ORD001964,CUST03670,DC009,EMP0648,2021-10-04,Pending
ORD001965,CUST00856,DC007,EMP0061,2025-03-13,Pending
ORD001966,CUST03401,DC019,EMP0595,2022-04-12,Cancelled
ORD001967,CUST02877,DC005,EMP0502,2024-07-10,Fulfilled
ORD001968,CUST00932,DC020,EMP0163,2022-02-16,Fulfilled
ORD001969,CUST02160,DC007,EMP0623,2021-11-07,Fulfilled
ORD001970,CUST02862,DC024,EMP0545,2023-04-21,Fulfilled
ORD001971,CUST03073,DC011,EMP0094,2021-04-27,Fulfilled
ORD001972,CUST00899,DC012,EMP0128,2024-03-15,Fulfilled
ORD001973,CUST02492,DC020,EMP0314,2022-04-23,Fulfilled
ORD001974,CUST00175,DC023,EMP0069,2025-02-12,Fulfilled
ORD001975,CUST00206,DC007,EMP0318,2024-08-31,Cancelled
ORD001976,CUST02356,DC011,EMP0719,2024-03-20,Cancelled
ORD001977,CUST03059,DC006,EMP0297,2024-09-17,Fulfilled
ORD001978,CUST03951,DC013,EMP0348,17/11/2025,Fulfilled
ORD001979,CUST02250,DC010,EMP0420,2024-12-09,Fulfilled
ORD001980,CUST03598,DC012,EMP0370,2025-06-15,Cancelled
ORD001981,CUST00029,DC007,EMP0200,2025-01-01,Fulfilled
ORD001982,CUST01302,DC008,EMP0128,2022-07-27,Pending
ORD001983,CUST01007,DC010,EMP0480,2022-09-21,Fulfilled
ORD001984,CUST01206,DC021,EMP0252,2023-05-09,Fulfilled
ORD001985,CUST00632,DC019,EMP0632,2022-02-08,Pending
ORD001986,CUST01138,DC008,EMP0177,2021-04-23,Pending
ORD001987,CUST03255,DC003,EMP0158,2021-08-30,Pending
ORD001988,CUST00038,DC009,EMP0781,2025-01-12,Cancelled
ORD001989,CUST03125,DC012,EMP0027,2023-05-13,Cancelled
ORD001990,CUST00820,DC007,EMP0791,2022-08-01,Fulfilled
ORD001991,CUST00440,DC021,EMP0463,2022-05-28,Fulfilled
ORD001992,CUST03420,DC015,EMP0564,2024-06-10,Pending
ORD001993,CUST02229,DC004,EMP0493,2024-05-29,Fulfilled
ORD001994,CUST01714,DC010,EMP0149,2024-09-07,Backordered
ORD001995,CUST03312,DC016,EMP0259,2025-03-03,Pending
ORD001996,CUST02793,DC003,EMP0688,2022-10-09,Pending
ORD001997,CUST02087,DC010,EMP0136,2023-10-03,Fulfilled
ORD001998,CUST02291,DC003,EMP0444,2024-12-04,Cancelled
ORD001999,CUST01979,DC018,EMP0456,2024-01-25,Cancelled
ORD002000,CUST03595,DC016,EMP0267,2023-03-18,Pending
ORD002001,CUST03424,DC007,EMP0081,2022-11-30,Backordered
ORD002002,CUST01915,DC020,EMP0492,2025-05-20,Backordered
ORD002003,CUST03511,DC019,EMP0631,2023-02-17,Fulfilled
ORD002004,CUST00345,DC011,EMP0293,2022-12-20,Fulfilled
ORD002005,CUST02539,DC005,EMP0446,2024-02-03,Pending
ORD002006,CUST00987,DC014,EMP0421,2022-11-13,Cancelled
ORD002007,CUST03920,DC001,EMP0167,2024-10-20,Cancelled
ORD002008,CUST01678,DC004,EMP0710,2022-09-21,Fulfilled
ORD002009,CUST01117,DC012,EMP0076,2022-10-12,Backordered
ORD002010,CUST03145,DC011,EMP0326,2023-09-24,Fulfilled
ORD002011,CUST00888,DC019,EMP0682,2023-11-22,Fulfilled
ORD002012,CUST03974,DC012,EMP0451,2021-07-11,Backordered
ORD002013,CUST01256,DC013,EMP0142,2023-05-13,Fulfilled
ORD002014,CUST01800,DC006,EMP0220,2023-04-06,Cancelled
ORD002015,CUST01317,DC009,EMP0662,2022-11-03,Fulfilled
ORD002016,CUST01686,DC010,EMP0288,2025-02-12,Pending
ORD002017,CUST03121,DC016,EMP0593,19/9/2022,Cancelled
ORD002018,CUST03045,DC023,EMP0440,2023-08-29,Fulfilled
ORD002019,CUST03104,DC022,EMP0740,2023-11-18,Cancelled
ORD002020,CUST01758,DC019,EMP0498,2021-07-21,Fulfilled
ORD002021,CUST02877,DC013,EMP0763,2023-06-16,Fulfilled
ORD002022,CUST02418,DC010,EMP0571,2024-02-24,Backordered
ORD002023,CUST01379,DC024,EMP0703,2022-03-19,Cancelled
ORD002024,CUST00579,DC023,EMP0415,2023-05-12,Pending
ORD002025,CUST02007,DC018,EMP0563,2025-07-08,Fulfilled
ORD002026,CUST03407,DC014,EMP0467,2024-12-26,Fulfilled
ORD002027,CUST01872,DC006,EMP0063,2023-07-26,Fulfilled
ORD002028,CUST00930,DC023,EMP0115,2021-12-07,Cancelled
ORD002029,CUST00660,DC002,EMP0023,2021-04-03,Fulfilled
ORD002030,CUST00129,DC003,EMP0779,2022-10-10,Fulfilled
ORD002031,CUST03473,DC010,EMP0001,2022-09-01,Fulfilled
ORD002032,CUST00130,DC008,EMP0480,2024-06-18,Fulfilled
ORD002033,CUST01878,DC006,EMP0310,2022-09-14,Fulfilled
ORD002034,CUST00219,DC012,EMP0410,2022-04-05,Pending
ORD002035,CUST02697,DC001,EMP0327,2024-11-05,Fulfilled
ORD002036,CUST00584,DC007,EMP0060,2024-02-24,Cancelled
ORD002037,CUST00708,DC022,EMP0515,2024-05-18,Fulfilled
ORD002038,CUST03696,DC011,EMP0345,2024-04-01,Fulfilled
ORD002039,CUST00706,DC005,EMP0401,18/8/2025,Cancelled
ORD002040,CUST03819,DC015,EMP0380,2021-08-24,Pending
ORD002041,CUST00016,DC004,EMP0673,2024-12-10,Cancelled
ORD002042,CUST02070,DC002,EMP0287,2021-01-09,Cancelled
ORD002043,CUST03714,DC010,EMP0595,2025-02-08,Fulfilled
ORD002044,CUST00358,DC012,EMP0533,2022-12-29,Cancelled
ORD002045,CUST00533,DC012,EMP0519,2023-11-05,Backordered
ORD002046,CUST03640,DC006,EMP0786,2021-05-22,Backordered
ORD002047,CUST02681,DC006,EMP0479,2024-09-13,Cancelled
ORD002048,CUST02638,DC003,EMP0284,2021-09-08,Cancelled
ORD002049,CUST01393,DC002,EMP0786,2024-03-05,Fulfilled
ORD002050,CUST00777,DC004,EMP0236,2023-06-26,Fulfilled
ORD002051,CUST01348,DC012,EMP0142,2021-07-01,Fulfilled
ORD002052,CUST00539,DC017,EMP0401,2024-07-05,Pending
ORD002053,CUST02640,DC020,EMP0046,2021-08-28,Fulfilled
ORD002054,CUST03621,DC023,EMP0388,2025-10-02,Cancelled
ORD002055,CUST02865,DC015,EMP0544,2025-05-20,Fulfilled
ORD002056,CUST02895,DC019,EMP0471,26/1/2024,Cancelled
ORD002057,CUST02013,DC006,EMP0056,2022-09-26,Fulfilled
ORD002058,CUST00366,DC024,EMP0507,2024-04-30,Backordered
ORD002059,CUST02209,DC013,EMP0236,2021-03-11,Fulfilled
ORD002060,CUST01873,DC023,EMP0408,2023-10-16,Backordered
ORD002061,CUST01032,DC024,EMP0193,2024-02-26,Fulfilled
ORD002062,CUST02591,DC002,EMP0627,2022-08-11,Cancelled
ORD002063,CUST03513,DC013,EMP0688,2025-03-03,Fulfilled
ORD002064,CUST01704,DC017,EMP0612,2023-03-29,Pending
ORD002065,CUST01164,DC004,EMP0108,2021-02-09,Fulfilled
ORD002066,CUST01736,DC009,EMP0129,2022-10-31,Pending
ORD002067,CUST01053,DC006,EMP0705,2025-11-25,Cancelled
ORD002068,CUST01786,DC008,EMP0788,2025-09-02,Backordered
ORD002069,CUST00324,DC001,EMP0693,2025-03-12,Pending
ORD002070,CUST02809,DC019,EMP0534,2022-10-17,Pending
ORD002071,CUST03207,DC014,EMP0243,2024-01-05,Fulfilled
ORD002072,CUST01161,DC002,EMP0329,2021-12-07,Backordered
ORD002073,CUST03878,DC005,EMP0395,2024-04-14,Backordered
ORD002074,CUST02742,DC023,EMP0276,2025-03-28,Pending
ORD002075,CUST01369,DC003,EMP0408,2025-06-04,Backordered
ORD002076,CUST03543,DC021,EMP0641,2021-05-15,Backordered
ORD002077,CUST03527,DC011,EMP0084,2022-03-11,Fulfilled
ORD002078,CUST00909,DC002,EMP0001,2023-07-13,Fulfilled
ORD002079,CUST03237,DC012,EMP0136,2023-04-24,Fulfilled
ORD002080,CUST02217,DC007,EMP0673,2022-09-05,Fulfilled
ORD002081,CUST00069,DC013,EMP0318,2023-01-30,Fulfilled
ORD002082,CUST02886,DC020,EMP0737,2022-09-06,Pending
ORD002083,CUST00624,DC009,EMP0014,2024-04-19,Cancelled
ORD002084,CUST02831,DC011,EMP0615,2025-11-20,Cancelled
ORD002085,CUST03725,DC009,EMP0431,2023-06-07,Fulfilled
ORD002086,CUST03609,DC001,EMP0719,2023-12-03,Backordered
ORD002087,CUST03718,DC022,EMP0141,2023-01-05,Fulfilled
ORD002088,CUST03778,DC006,EMP0309,2024-01-19,Fulfilled
ORD002089,CUST03252,DC007,EMP0146,2024-07-26,Fulfilled
ORD002090,CUST02556,DC017,EMP0660,2024-08-28,Cancelled
ORD002091,CUST01356,DC021,EMP0337,2024-07-01,Fulfilled
ORD002092,CUST03660,DC002,EMP0386,2024-12-19,Fulfilled
ORD002093,CUST03392,DC002,EMP0015,2025-03-21,Fulfilled
ORD002094,CUST01942,DC020,EMP0292,2023-03-11,Fulfilled
ORD002095,CUST02500,DC003,EMP0155,19/3/2024,Fulfilled
ORD002096,CUST03091,DC004,EMP0446,2021-05-18,Backordered
ORD002097,CUST00600,DC017,EMP0192,2025-12-06,Fulfilled
ORD002098,CUST01427,DC012,EMP0757,2025-02-15,Fulfilled
ORD002099,CUST02433,DC023,EMP0598,2025-11-27,Backordered
ORD002100,CUST03019,DC008,EMP0596,2024-12-09,Backordered
ORD002101,CUST01866,DC001,EMP0758,2024-10-18,Cancelled
ORD002102,CUST03052,DC002,EMP0307,2023-09-08,Fulfilled
ORD002103,CUST00060,DC011,EMP0423,2021-07-13,Fulfilled
ORD002104,CUST02444,DC022,EMP0651,2021-07-25,Pending
ORD002105,CUST01429,DC006,EMP0372,2024-11-22,Pending
ORD002106,CUST00250,DC015,EMP0547,2024-10-07,Fulfilled
ORD002107,CUST03710,DC019,EMP0297,2024-06-27,Fulfilled
ORD002108,CUST01526,DC004,EMP0135,2024-09-25,Fulfilled
ORD002109,CUST00544,DC001,EMP0564,2025-10-23,Backordered
ORD002110,CUST01482,DC023,EMP0329,31/5/2025,Fulfilled
ORD002111,CUST00158,DC004,EMP0632,2023-09-08,Fulfilled
ORD002112,CUST02574,DC018,EMP0311,2023-01-23,Pending
ORD002113,CUST03626,DC009,EMP0265,2022-03-14,Fulfilled
ORD002114,CUST00943,DC013,EMP0100,2025-09-27,Fulfilled
ORD002115,CUST01260,DC002,EMP0208,2025-01-18,Fulfilled
ORD002116,CUST03927,DC006,EMP0482,2021-09-10,Cancelled
ORD002117,CUST01877,DC001,EMP0613,2022-01-07,Pending
ORD002118,CUST00186,DC006,EMP0701,2023-05-23,Fulfilled
ORD002119,CUST02821,DC013,EMP0242,2021-09-26,Backordered
ORD002120,CUST03152,DC014,EMP0563,2022-10-24,Pending
ORD002121,CUST03799,DC012,EMP0350,2024-04-25,Cancelled
ORD002122,CUST00136,DC002,EMP0412,2021-07-13,Cancelled
ORD002123,CUST01736,DC020,EMP0441,2021-05-18,Fulfilled
ORD002124,CUST00796,DC005,EMP0236,2023-12-25,Cancelled
ORD002125,CUST03452,DC012,EMP0007,2021-09-29,Backordered
ORD002126,CUST00135,DC002,EMP0087,2022-08-30,Fulfilled
ORD002127,CUST01837,DC013,EMP0294,2022-09-27,Fulfilled
ORD002128,CUST02666,DC018,EMP0096,2025-10-29,Pending
ORD002129,CUST00789,DC005,EMP0420,2021-02-23,Fulfilled
ORD002130,CUST01069,DC007,EMP0230,2022-06-04,Fulfilled
ORD002131,CUST02333,DC012,EMP0430,2025-09-23,Cancelled
ORD002132,CUST03830,DC017,EMP0170,2023-06-04,Fulfilled
ORD002133,CUST01977,DC002,EMP0455,2022-06-05,Fulfilled
ORD002134,CUST00748,DC011,EMP0637,2023-06-06,Pending
ORD002135,CUST02120,DC019,EMP0438,2024-04-12,Pending
ORD002136,CUST03503,DC002,EMP0345,2021-09-26,Fulfilled
ORD002137,CUST01550,DC016,EMP0144,2021-03-05,Fulfilled
ORD002138,CUST00033,DC017,EMP0242,2023-03-07,Fulfilled
ORD002139,CUST03611,DC007,EMP0608,2022-01-25,Cancelled
ORD002140,CUST03889,DC017,EMP0429,2025-08-05,Backordered
ORD002141,CUST03864,DC016,EMP0725,2024-10-31,Backordered
ORD002142,CUST00565,DC018,EMP0508,2021-03-05,Cancelled
ORD002143,CUST03559,DC019,EMP0783,2025-04-22,Cancelled
ORD002144,CUST00764,DC008,EMP0789,2024-12-21,Fulfilled
ORD002145,CUST02765,DC019,EMP0470,2021-06-12,Cancelled
ORD002146,CUST03251,DC004,EMP0141,2024-11-28,Pending
ORD002147,CUST01435,DC023,EMP0356,2024-07-14,Fulfilled
ORD002148,CUST00431,DC015,EMP0307,2022-12-24,Backordered
ORD002149,CUST03403,DC013,EMP0555,2022-08-28,Pending
ORD002150,CUST00429,DC024,EMP0618,2023-10-03,Fulfilled
ORD002151,CUST03820,DC008,EMP0675,2022-09-15,Cancelled
ORD002152,CUST00373,DC022,EMP0428,2023-02-02,Pending
ORD002153,CUST01092,DC001,EMP0324,2021-12-12,Fulfilled
ORD002154,CUST01845,DC005,EMP0653,2023-07-26,Fulfilled
ORD002155,CUST00930,DC023,EMP0792,2022-04-09,Fulfilled
ORD002156,CUST03899,DC007,EMP0297,2022-08-04,Pending
ORD002157,CUST02181,DC024,EMP0393,2022-09-09,Backordered
ORD002158,CUST01395,DC007,EMP0606,2021-07-11,Pending
ORD002159,CUST02872,DC001,EMP0210,2022-04-07,Fulfilled
ORD002160,CUST00047,DC010,EMP0790,2023-02-19,Cancelled
ORD002161,CUST02583,DC016,EMP0035,2021-04-14,Fulfilled
ORD002162,CUST03128,DC009,EMP0143,2021-06-06,Fulfilled
ORD002163,CUST03978,DC024,EMP0175,2024-08-07,Fulfilled
ORD002164,CUST00222,DC011,EMP0510,2022-06-19,Fulfilled
ORD002165,CUST03041,DC008,EMP0421,2025-01-27,Fulfilled
ORD002166,CUST00928,DC018,EMP0644,2024-05-14,Fulfilled
ORD002167,CUST03894,DC011,EMP0474,2024-12-07,Cancelled
ORD002168,CUST03102,DC014,EMP0707,2023-05-20,Fulfilled
ORD002169,CUST01195,DC019,EMP0563,2025-08-26,Fulfilled
ORD002170,CUST01667,DC003,EMP0411,2022-06-20,Fulfilled
ORD002171,CUST00749,DC016,EMP0116,2022-03-18,Pending
ORD002172,CUST00349,DC018,EMP0328,2021-08-10,Backordered
ORD002173,CUST01718,DC019,EMP0052,2021-01-31,Backordered
ORD002174,CUST02638,DC003,EMP0200,2023-06-10,Fulfilled
ORD002175,CUST00528,DC019,EMP0570,2025-07-04,Pending
ORD002176,CUST01712,DC021,EMP0389,2022-06-06,Fulfilled
ORD002177,CUST00419,DC024,EMP0389,2022-10-23,Backordered
ORD002178,CUST03477,DC007,EMP0290,2025-03-25,Pending
ORD002179,CUST00475,DC003,EMP0589,2024-12-31,Fulfilled
ORD002180,CUST02433,DC007,EMP0039,2022-02-26,Pending
ORD002181,CUST01423,DC017,EMP0663,2024-09-01,Cancelled
ORD002182,CUST03517,DC001,EMP0007,2022-04-15,Fulfilled
ORD002183,CUST00912,DC010,EMP0544,2023-03-02,Pending
ORD002184,CUST01471,DC011,EMP0596,2024-04-08,Pending
ORD002185,CUST00358,DC014,EMP0695,2025-11-21,Cancelled
ORD002186,CUST02419,DC021,EMP0083,2024-11-04,Cancelled
ORD002187,CUST02840,DC018,EMP0568,2021-03-28,Fulfilled
ORD002188,CUST00702,DC001,EMP0207,2021-05-10,Fulfilled
ORD002189,CUST02887,DC006,EMP0702,2024-02-10,Backordered
ORD002190,CUST03347,DC007,EMP0672,2023-05-30,Fulfilled
ORD002191,CUST01931,DC021,EMP0383,2023-04-27,Pending
ORD002192,CUST03161,DC009,EMP0185,2022-12-24,Cancelled
ORD002193,CUST00630,DC006,EMP0461,2025-08-25,Fulfilled
ORD002194,CUST03687,DC021,EMP0311,2021-01-16,Fulfilled
ORD002195,CUST03051,DC013,EMP0461,19/6/2025,Pending
ORD002196,CUST00592,DC022,EMP0619,2025-05-05,Cancelled
ORD002197,CUST02258,DC017,EMP0727,2025-12-23,Fulfilled
ORD002198,CUST02232,DC010,EMP0631,2025-12-27,Fulfilled
ORD002199,CUST03258,DC012,EMP0536,2023-04-11,Fulfilled
ORD002200,CUST00258,DC009,EMP0298,2024-04-26,Cancelled
ORD002201,CUST03702,DC013,EMP0019,2025-09-22,Fulfilled
ORD002202,CUST01807,DC008,EMP0659,2025-09-22,Cancelled
ORD002203,CUST03023,DC017,EMP0797,2024-03-03,Fulfilled
ORD002204,CUST02126,DC007,EMP0517,2021-03-25,Fulfilled
ORD002205,CUST03340,DC023,EMP0595,2022-07-06,Fulfilled
ORD002206,CUST02454,DC003,EMP0326,2021-01-18,Fulfilled
ORD002207,CUST00669,DC003,EMP0573,2021-11-17,Fulfilled
ORD002208,CUST03420,DC006,EMP0216,2024-11-19,Fulfilled
ORD002209,CUST01128,DC017,EMP0475,2023-08-24,Backordered
ORD002210,CUST01440,DC007,EMP0274,2025-06-14,Backordered
ORD002211,CUST00505,DC002,EMP0685,2021-01-15,Backordered
ORD002212,CUST02332,DC021,EMP0049,2022-08-17,Backordered
ORD002213,CUST03710,DC016,EMP0195,2023-02-02,Fulfilled
ORD002214,CUST01874,DC021,EMP0167,2024-04-05,Fulfilled
ORD002215,CUST03651,DC013,EMP0420,2022-09-11,Pending
ORD002216,CUST01209,DC020,EMP0256,2025-08-04,Fulfilled
ORD002217,CUST01274,DC019,EMP0628,2023-02-11,Pending
ORD002218,CUST00754,DC016,EMP0665,2022-06-11,Fulfilled
ORD002219,CUST02099,DC020,EMP0477,2024-12-04,Fulfilled
ORD002220,CUST02487,DC017,EMP0701,2025-11-18,Pending
ORD002221,CUST03662,DC017,EMP0051,2024-02-27,Pending
ORD002222,CUST01464,DC011,EMP0151,2023-04-19,Cancelled
ORD002223,CUST00915,DC002,EMP0253,2023-01-09,Cancelled
ORD002224,CUST01752,DC023,EMP0461,2025-10-13,Fulfilled
ORD002225,CUST03644,DC002,EMP0676,14/9/2025,Fulfilled
ORD002226,CUST01537,DC012,EMP0662,2022-03-09,Fulfilled
ORD002227,CUST00768,DC020,EMP0187,2023-10-18,Pending
ORD002228,CUST00294,DC023,EMP0141,2023-02-28,Cancelled
ORD002229,CUST01113,DC004,EMP0319,2022-07-06,Fulfilled
ORD002230,CUST00948,DC014,EMP0019,2024-08-23,Cancelled
ORD002231,CUST01775,DC020,EMP0024,2025-10-13,Cancelled
ORD002232,CUST01966,DC011,EMP0507,2023-10-17,Pending
ORD002233,CUST03846,DC012,EMP0608,2022-02-12,Fulfilled
ORD002234,CUST03331,DC008,EMP0277,2023-04-22,Backordered
ORD002235,CUST03801,DC008,EMP0360,2023-01-29,Pending
ORD002236,CUST03847,DC002,EMP0437,2021-11-16,Fulfilled
ORD002237,CUST02008,DC008,EMP0338,2021-11-12,Backordered
ORD002238,CUST01325,DC012,EMP0159,2023-02-18,Cancelled
ORD002239,CUST03133,DC002,EMP0082,2021-04-05,Backordered
ORD002240,CUST02384,DC013,EMP0404,2023-04-01,Backordered
ORD002241,CUST02906,DC004,EMP0329,2023-10-21,Backordered
ORD002242,CUST03648,DC001,EMP0650,2022-02-13,Backordered
ORD002243,CUST02349,DC005,EMP0350,2023-01-18,Cancelled
ORD002244,CUST01918,DC021,EMP0393,2023-07-29,Cancelled
ORD002245,CUST03169,DC002,EMP0769,2021-04-10,Fulfilled
ORD002246,CUST01837,DC007,EMP0790,2021-12-15,Fulfilled
ORD002247,CUST01906,DC005,EMP0784,2022-05-05,Fulfilled
ORD002248,CUST00552,DC011,EMP0321,2021-05-25,Pending
ORD002249,CUST02370,DC005,EMP0383,2024-06-20,Fulfilled
ORD002250,CUST03900,DC021,EMP0049,2022-06-25,Backordered
ORD002251,CUST00494,DC020,EMP0627,2021-06-23,Fulfilled
ORD002252,CUST01173,DC007,EMP0438,2023-04-01,Pending
ORD002253,CUST03035,DC019,EMP0292,2023-07-27,Pending
ORD002254,CUST01908,DC010,EMP0609,2024-09-13,Fulfilled
ORD002255,CUST01431,DC002,EMP0220,2025-11-22,Fulfilled
ORD002256,CUST03549,DC008,EMP0387,2023-09-16,Backordered
ORD002257,CUST03827,DC006,EMP0109,2024-10-01,Fulfilled
ORD002258,CUST01759,DC024,EMP0777,2024-11-13,Backordered
ORD002259,CUST00340,DC001,EMP0537,2023-08-07,Cancelled
ORD002260,CUST03541,DC009,EMP0459,2025-04-04,Cancelled
ORD002261,CUST03032,DC002,EMP0131,2024-12-25,Cancelled
ORD002262,CUST03666,DC015,EMP0557,2021-10-15,Pending
ORD002263,CUST02382,DC012,EMP0689,2023-12-10,Cancelled
ORD002264,CUST03683,DC019,EMP0001,2023-06-07,Fulfilled
ORD002265,CUST00104,DC010,EMP0354,2024-07-22,Cancelled
ORD002266,CUST03749,DC015,EMP0631,2025-10-06,Fulfilled
ORD002267,CUST03020,DC014,EMP0757,2025-12-28,Fulfilled
ORD002268,CUST00308,DC008,EMP0493,2023-03-07,Fulfilled
ORD002269,CUST02063,DC022,EMP0125,2021-07-29,Backordered
ORD002270,CUST00826,DC012,EMP0357,2023-06-29,Pending
ORD002271,CUST01051,DC012,EMP0728,2023-11-19,Pending
ORD002272,CUST02885,DC003,EMP0003,2025-02-07,Backordered
ORD002273,CUST00896,DC022,EMP0513,2024-12-10,Fulfilled
ORD002274,CUST03107,DC020,EMP0694,2022-09-24,Backordered
ORD002275,CUST02235,DC021,EMP0623,2023-08-10,Fulfilled
ORD002276,CUST03089,DC013,EMP0488,2022-12-12,Backordered
ORD002277,CUST02805,DC017,EMP0023,2025-01-13,Cancelled
ORD002278,CUST01908,DC014,EMP0129,2022-09-02,Backordered
ORD002279,CUST02352,DC013,EMP0461,2024-03-26,Fulfilled
ORD002280,CUST01254,DC013,EMP0666,2022-02-08,Pending
ORD002281,CUST02333,DC004,EMP0504,2023-11-14,Fulfilled
ORD002282,CUST02781,DC021,EMP0161,2025-10-23,Pending
ORD002283,CUST01779,DC009,EMP0113,2023-12-31,Cancelled
ORD002284,CUST02805,DC010,EMP0464,2024-06-14,Fulfilled
ORD002285,CUST02309,DC019,EMP0205,2023-07-27,Pending
ORD002286,CUST01030,DC018,EMP0499,2023-11-22,Pending
ORD002287,CUST01015,DC018,EMP0166,2025-03-26,Cancelled
ORD002288,CUST01823,DC003,EMP0645,2024-01-25,Fulfilled
ORD002289,CUST01436,DC003,EMP0230,2025-04-17,Pending
ORD002290,CUST02786,DC016,EMP0219,2024-07-20,Fulfilled
ORD002291,CUST03570,DC018,EMP0089,2025-06-19,Fulfilled
ORD002292,CUST03430,DC007,EMP0416,2022-07-25,Backordered
ORD002293,CUST02432,DC004,EMP0728,2021-10-15,Fulfilled
ORD002294,CUST01585,DC007,EMP0619,2024-10-20,Backordered
ORD002295,CUST01395,DC003,EMP0696,2022-08-11,Cancelled
ORD002296,CUST02855,DC017,EMP0578,2022-11-25,Fulfilled
ORD002297,CUST00019,DC017,EMP0614,2025-04-07,Fulfilled
ORD002298,CUST02038,DC020,EMP0104,2025-03-11,Backordered
ORD002299,CUST02488,DC022,EMP0523,2022-10-31,Fulfilled
ORD002300,CUST03038,DC007,EMP0297,2023-12-17,Fulfilled
ORD002301,CUST02932,DC021,EMP0420,2025-09-25,Fulfilled
ORD002302,CUST01619,DC016,EMP0119,2021-05-14,Cancelled
ORD002303,CUST02248,DC020,EMP0105,2023-12-10,Backordered
ORD002304,CUST02565,DC019,EMP0511,2024-05-20,Cancelled
ORD002305,CUST01973,DC017,EMP0632,2023-12-26,Fulfilled
ORD002306,CUST01125,DC007,EMP0505,2025-06-01,Backordered
ORD002307,CUST03939,DC023,EMP0217,2024-08-01,Pending
ORD002308,CUST00519,DC007,EMP0750,2022-11-21,Pending
ORD002309,CUST01913,DC004,EMP0017,2022-05-11,Backordered
ORD002310,CUST02792,DC019,EMP0454,2023-11-14,Fulfilled
ORD002311,CUST01709,DC003,EMP0199,2025-02-21,Backordered
ORD002312,CUST02181,DC011,EMP0145,2021-01-19,Fulfilled
ORD002313,CUST01533,DC008,EMP0359,2024-03-25,Fulfilled
ORD002314,CUST03949,DC015,EMP0461,2025-03-07,Fulfilled
ORD002315,CUST01912,DC004,EMP0387,2023-11-19,Fulfilled
ORD002316,CUST03552,DC021,EMP0499,2022-10-04,Cancelled
ORD002317,CUST02103,DC008,EMP0582,2022-06-28,Backordered
ORD002318,CUST01932,DC010,EMP0121,2025-03-18,Fulfilled
ORD002319,CUST03318,DC023,EMP0134,2021-09-08,Fulfilled
ORD002320,CUST02593,DC020,EMP0172,2023-04-15,Backordered
ORD002321,CUST02009,DC017,EMP0232,2024-03-01,Fulfilled
ORD002322,CUST00540,DC009,EMP0502,2021-05-27,Fulfilled
ORD002323,CUST03575,DC003,EMP0049,2025-09-13,Cancelled
ORD002324,CUST02654,DC007,EMP0226,2022-05-11,Fulfilled
ORD002325,CUST03971,DC015,EMP0622,2024-04-21,Fulfilled
ORD002326,CUST01045,DC011,EMP0178,2025-09-04,Backordered
ORD002327,CUST02733,DC020,EMP0423,2023-05-27,Backordered
ORD002328,CUST02683,DC010,EMP0154,2022-01-11,Fulfilled
ORD002329,CUST01785,DC013,EMP0225,2023-09-28,Cancelled
ORD002330,CUST01021,DC003,EMP0229,2025-02-21,Pending
ORD002331,CUST00421,DC005,EMP0649,2023-09-19,Pending
ORD002332,CUST01680,DC018,EMP0578,2023-12-26,Fulfilled
ORD002333,CUST02302,DC007,EMP0780,2022-02-16,Backordered
ORD002334,CUST03193,DC009,EMP0683,2024-12-20,Fulfilled
ORD002335,CUST03431,DC018,EMP0155,2024-12-07,Backordered
ORD002336,CUST01482,DC009,EMP0563,2024-05-07,Backordered
ORD002337,CUST01699,DC013,EMP0097,2021-07-22,Cancelled
ORD002338,CUST03417,DC023,EMP0100,2023-02-09,Fulfilled
ORD002339,CUST02533,DC014,EMP0518,2025-01-31,Fulfilled
ORD002340,CUST00522,DC010,EMP0665,2024-06-22,Cancelled
ORD002341,CUST02406,DC009,EMP0481,2021-05-04,Fulfilled
ORD002342,CUST03666,DC023,EMP0353,2025-10-11,Fulfilled
ORD002343,CUST03305,DC023,EMP0346,2025-10-12,Cancelled
ORD002344,CUST02801,DC017,EMP0527,2024-12-31,Cancelled
ORD002345,CUST03655,DC003,EMP0146,2021-09-24,Fulfilled
ORD002346,CUST03419,DC007,EMP0514,2021-10-21,Fulfilled
ORD002347,CUST02723,DC009,EMP0634,2025-05-28,Fulfilled
ORD002348,CUST02193,DC015,EMP0241,2024-05-06,Fulfilled
ORD002349,CUST02717,DC005,EMP0687,2021-08-09,Pending
ORD002350,CUST02880,DC018,EMP0004,2025-05-10,Fulfilled
ORD002351,CUST03218,DC009,EMP0515,2024-09-03,Pending
ORD002352,CUST02360,DC010,EMP0382,2022-11-29,Backordered
ORD002353,CUST03655,DC016,EMP0003,2022-12-16,Backordered
ORD002354,CUST02714,DC015,EMP0170,2025-05-18,Fulfilled
ORD002355,CUST03300,DC019,EMP0752,2022-03-10,Cancelled
ORD002356,CUST02981,DC015,EMP0269,2024-12-27,Fulfilled
ORD002357,CUST03313,DC016,EMP0218,2024-11-21,Pending
ORD002358,CUST00495,DC009,EMP0616,2022-07-01,Pending
ORD002359,CUST02708,DC001,EMP0119,2022-07-31,Fulfilled
ORD002360,CUST00333,DC022,EMP0170,2021-02-04,Fulfilled
ORD002361,CUST02983,DC022,EMP0762,2022-01-14,Fulfilled
ORD002362,CUST02327,DC014,EMP0669,2023-07-01,Pending
ORD002363,CUST02488,DC001,EMP0137,2023-03-15,Fulfilled
ORD002364,CUST03207,DC021,EMP0201,2024-05-16,Cancelled
ORD002365,CUST00669,DC004,EMP0182,2025-06-26,Fulfilled
ORD002366,CUST01425,DC012,EMP0186,2024-02-22,Fulfilled
ORD002367,CUST00531,DC019,EMP0513,2025-04-16,Fulfilled
ORD002368,CUST03981,DC005,EMP0567,2022-11-18,Fulfilled
ORD002369,CUST02175,DC005,EMP0556,2023-11-29,Fulfilled
ORD002370,CUST02882,DC021,EMP0498,2024-10-14,Pending
ORD002371,CUST02527,DC013,EMP0729,2023-09-06,Fulfilled
ORD002372,CUST03844,DC008,EMP0363,2021-11-23,Cancelled
ORD002373,CUST03893,DC013,EMP0002,2024-10-20,Fulfilled
ORD002374,CUST01148,DC022,EMP0404,2021-02-09,Fulfilled
ORD002375,CUST03972,DC005,EMP0728,2023-01-06,Fulfilled
ORD002376,CUST01390,DC002,EMP0468,2024-08-12,Fulfilled
ORD002377,CUST03812,DC024,EMP0746,2024-11-29,Backordered
ORD002378,CUST01297,DC016,EMP0048,2022-02-17,Cancelled
ORD002379,CUST01717,DC011,EMP0049,2021-07-29,Cancelled
ORD002380,CUST03602,DC022,EMP0056,2023-12-03,Backordered
ORD002381,CUST03826,DC004,EMP0359,2022-12-14,Fulfilled
ORD002382,CUST02686,DC005,EMP0714,2021-07-12,Fulfilled
ORD002383,CUST00469,DC005,EMP0609,2025-01-30,Pending
ORD002384,CUST03156,DC015,EMP0428,2024-08-04,Fulfilled
ORD002385,CUST02926,DC024,EMP0325,2024-05-10,Pending
ORD002386,CUST02020,DC003,EMP0599,2023-04-26,Fulfilled
ORD002387,CUST01227,DC015,EMP0554,2025-08-19,Fulfilled
ORD002388,CUST00486,DC024,EMP0688,2021-12-06,Fulfilled
ORD002389,CUST02233,DC017,EMP0796,2022-12-11,Pending
ORD002390,CUST02789,DC005,EMP0601,2021-07-16,Pending
ORD002391,CUST01760,DC022,EMP0384,2021-01-02,Fulfilled
ORD002392,CUST01575,DC013,EMP0108,2024-08-15,Backordered
ORD002393,CUST00472,DC005,EMP0222,2021-06-21,Cancelled
ORD002394,CUST02060,DC003,EMP0272,2021-11-09,Cancelled
ORD002395,CUST00636,DC006,EMP0780,2021-04-08,Cancelled
ORD002396,CUST02955,DC024,EMP0345,2022-02-08,Pending
ORD002397,CUST01863,DC010,EMP0777,2022-06-25,Backordered
ORD002398,CUST03443,DC010,EMP0017,2021-09-18,Cancelled
ORD002399,CUST00766,DC023,EMP0541,2022-06-15,Cancelled
ORD002400,CUST00982,DC012,EMP0765,2022-04-26,Fulfilled
ORD002401,CUST01444,DC018,EMP0671,2021-06-15,Pending
ORD002402,CUST00036,DC006,EMP0262,2025-03-04,Backordered
ORD002403,CUST03807,DC012,EMP0170,2025-02-28,Cancelled
ORD002404,CUST00717,DC008,EMP0297,2025-08-20,Fulfilled
ORD002405,CUST03766,DC007,EMP0176,2024-12-20,Fulfilled
ORD002406,CUST03118,DC009,EMP0493,2024-06-17,Pending
ORD002407,CUST00607,DC022,EMP0244,2025-11-16,Pending
ORD002408,CUST03331,DC021,EMP0088,2022-04-02,Cancelled
ORD002409,CUST00069,DC022,EMP0685,2024-08-28,Backordered
ORD002410,CUST00173,DC015,EMP0648,2024-07-30,Fulfilled
ORD002411,CUST03672,DC017,EMP0384,2023-10-05,Pending
ORD002412,CUST00701,DC007,EMP0668,2021-08-14,Fulfilled
ORD002413,CUST01785,DC016,EMP0315,2021-06-05,Fulfilled
ORD002414,CUST00628,DC004,EMP0773,2021-03-10,Fulfilled
ORD002415,CUST01786,DC013,EMP0241,2025-09-01,Pending
ORD002416,CUST03711,DC008,EMP0602,2023-07-15,Cancelled
ORD002417,CUST01179,DC017,EMP0251,2024-06-29,Cancelled
ORD002418,CUST01539,DC010,EMP0708,2024-11-25,Fulfilled
ORD002419,CUST00514,DC013,EMP0432,2021-09-13,Fulfilled
ORD002420,CUST01688,DC017,EMP0660,2024-04-23,Fulfilled
ORD002421,CUST00621,DC008,EMP0226,2023-12-11,Pending
ORD002422,CUST03543,DC008,EMP0443,2023-10-13,Cancelled
ORD002423,CUST03829,DC008,EMP0216,2024-08-07,Fulfilled
ORD002424,CUST02256,DC003,EMP0485,2023-03-20,Fulfilled
ORD002425,CUST02682,DC011,EMP0487,2025-08-18,Fulfilled
ORD002426,CUST02043,DC021,EMP0561,2024-02-11,Pending
ORD002427,CUST02682,DC013,EMP0388,2023-11-04,Cancelled
ORD002428,CUST01596,DC021,EMP0568,2025-10-07,Fulfilled
ORD002429,CUST01519,DC013,EMP0430,2023-09-18,Pending
ORD002430,CUST00715,DC008,EMP0200,2025-01-25,Fulfilled
ORD002431,CUST03154,DC002,EMP0679,2021-06-05,Pending
ORD002432,CUST03833,DC012,EMP0549,2024-03-15,Backordered
ORD002433,CUST02481,DC012,EMP0426,2022-07-15,Fulfilled
ORD002434,CUST01295,DC014,EMP0719,2022-03-23,Fulfilled
ORD002435,CUST02256,DC001,EMP0158,2024-10-23,Fulfilled
ORD002436,CUST01970,DC018,EMP0089,2023-02-01,Fulfilled
ORD002437,CUST01655,DC007,EMP0154,2025-12-31,Fulfilled
ORD002438,CUST03794,DC009,EMP0677,2021-08-28,Fulfilled
ORD002439,CUST03750,DC002,EMP0668,2023-07-21,Fulfilled
ORD002440,CUST01491,DC013,EMP0692,2023-08-14,Cancelled
ORD002441,CUST01026,DC006,EMP0285,2021-03-25,Backordered
ORD002442,CUST01660,DC005,EMP0758,2025-08-17,Fulfilled
ORD002443,CUST03556,DC003,EMP0437,2025-03-10,Backordered
ORD002444,CUST01114,DC019,EMP0474,2023-10-18,Cancelled
ORD002445,CUST01465,DC018,EMP0236,2024-06-24,Fulfilled
ORD002446,CUST01088,DC017,EMP0207,2025-06-02,Backordered
ORD002447,CUST02102,DC005,EMP0779,2021-08-18,Fulfilled
ORD002448,CUST03393,DC004,EMP0306,2024-01-24,Fulfilled
ORD002449,CUST03993,DC014,EMP0108,2021-03-07,Pending
ORD002450,CUST02399,DC014,EMP0255,2024-03-31,Fulfilled
ORD002451,CUST01671,DC023,EMP0039,2021-02-17,Cancelled
ORD002452,CUST00730,DC010,EMP0482,2024-02-23,Fulfilled
ORD002453,CUST00579,DC006,EMP0629,2024-08-30,Cancelled
ORD002454,CUST00841,DC001,EMP0642,2025-06-26,Backordered
ORD002455,CUST03957,DC020,EMP0086,2024-03-31,Cancelled
ORD002456,CUST02786,DC006,EMP0734,2021-12-25,Fulfilled
ORD002457,CUST03103,DC022,EMP0600,2025-01-29,Backordered
ORD002458,CUST03815,DC002,EMP0764,2025-06-04,Fulfilled
ORD002459,CUST03078,DC012,EMP0230,2025-06-04,Pending
ORD002460,CUST01911,DC016,EMP0034,2024-10-25,Backordered
ORD002461,CUST00206,DC007,EMP0477,2025-07-13,Cancelled
ORD002462,CUST03174,DC022,EMP0645,2021-06-04,Pending
ORD002463,CUST01261,DC023,EMP0485,2021-10-20,Backordered
ORD002464,CUST02898,DC019,EMP0008,2022-10-10,Fulfilled
ORD002465,CUST03112,DC020,EMP0667,2022-07-02,Pending
ORD002466,CUST01192,DC011,EMP0079,2022-05-31,Backordered
ORD002467,CUST01461,DC019,EMP0572,2024-10-14,Fulfilled
ORD002468,CUST01030,DC011,EMP0425,2022-12-15,Fulfilled
ORD002469,CUST00285,DC015,EMP0584,2025-08-30,Backordered
ORD002470,CUST00054,DC004,EMP0532,2024-10-15,Fulfilled
ORD002471,CUST02937,DC012,EMP0739,2022-01-24,Pending
ORD002472,CUST02041,DC001,EMP0149,2021-06-05,Pending
ORD002473,CUST00733,DC016,EMP0143,2025-04-26,Fulfilled
ORD002474,CUST01055,DC012,EMP0349,2024-03-18,Pending
ORD002475,CUST03070,DC016,EMP0177,2024-03-27,Fulfilled
ORD002476,CUST01101,DC010,EMP0533,2021-10-19,Cancelled
ORD002477,CUST00409,DC024,EMP0464,2022-06-07,Pending
ORD002478,CUST00885,DC002,EMP0570,2021-11-25,Fulfilled
ORD002479,CUST00572,DC021,EMP0422,2024-10-29,Fulfilled
ORD002480,CUST01570,DC012,EMP0789,2022-07-18,Pending
ORD002481,CUST00887,DC016,EMP0138,2025-03-08,Fulfilled
ORD002482,CUST00954,DC017,EMP0151,2024-10-13,Cancelled
ORD002483,CUST01367,DC014,EMP0350,2021-11-13,Pending
ORD002484,CUST03363,DC023,EMP0203,2023-02-19,Pending
ORD002485,CUST02049,DC005,EMP0541,2024-12-05,Backordered
ORD002486,CUST02623,DC011,EMP0627,2021-11-11,Pending
ORD002487,CUST03053,DC012,EMP0582,2022-05-18,Cancelled
ORD002488,CUST01433,DC017,EMP0002,2021-05-11,Fulfilled
ORD002489,CUST02809,DC022,EMP0649,2024-04-21,Fulfilled
ORD002490,CUST01745,DC021,EMP0393,2023-10-03,Pending
ORD002491,CUST02227,DC015,EMP0134,2022-04-07,Cancelled
ORD002492,CUST00781,DC011,EMP0684,2023-04-13,Fulfilled
ORD002493,CUST00459,DC014,EMP0591,2022-01-07,Fulfilled
ORD002494,CUST02022,DC012,EMP0681,2022-04-05,Fulfilled
ORD002495,CUST03723,DC003,EMP0273,2023-04-12,Pending
ORD002496,CUST03054,DC020,EMP0380,2024-05-16,Pending
ORD002497,CUST02212,DC022,EMP0158,2023-11-15,Cancelled
ORD002498,CUST02803,DC003,EMP0618,2025-02-24,Fulfilled
ORD002499,CUST03228,DC004,EMP0174,2024-07-08,Cancelled
ORD002500,CUST03041,DC010,EMP0465,2022-10-23,Backordered
ORD002501,CUST03367,DC020,EMP0623,2024-02-03,Fulfilled
ORD002502,CUST03282,DC006,EMP0410,2024-04-17,Cancelled
ORD002503,CUST02466,DC023,EMP0170,2025-09-04,Cancelled
ORD002504,CUST03938,DC017,EMP0165,2025-08-11,Pending
ORD002505,CUST03199,DC010,EMP0635,2022-05-30,Cancelled
ORD002506,CUST02082,DC013,EMP0495,2024-08-10,Cancelled
ORD002507,CUST03032,DC004,EMP0110,2021-09-14,Cancelled
ORD002508,CUST00275,DC017,EMP0478,2023-03-13,Fulfilled
ORD002509,CUST00297,DC001,EMP0141,2021-05-03,Pending
ORD002510,CUST02206,DC005,EMP0137,2021-08-13,Cancelled
ORD002511,CUST02377,DC010,EMP0271,2021-01-30,Pending
ORD002512,CUST00089,DC016,EMP0376,2022-12-06,Pending
ORD002513,CUST00293,DC023,EMP0138,2025-08-20,Fulfilled
ORD002514,CUST02018,DC004,EMP0287,2022-06-01,Pending
ORD002515,CUST00839,DC020,EMP0646,2023-10-11,Pending
ORD002516,CUST01255,DC011,EMP0045,2024-12-31,Pending
ORD002517,CUST03910,DC010,EMP0416,2021-06-14,Fulfilled
ORD002518,CUST01862,DC015,EMP0390,2021-07-20,Cancelled
ORD002519,CUST02391,DC007,EMP0638,2023-02-15,Fulfilled
ORD002520,CUST02276,DC021,EMP0720,2024-06-04,Cancelled
ORD002521,CUST02829,DC021,EMP0624,2022-02-06,Backordered
ORD002522,CUST02325,DC011,EMP0158,2022-01-27,Backordered
ORD002523,CUST01969,DC010,EMP0099,2023-04-20,Backordered
ORD002524,CUST03148,DC012,EMP0001,2022-07-08,Pending
ORD002525,CUST03036,DC009,EMP0141,2022-06-03,Fulfilled
ORD002526,CUST02149,DC008,EMP0453,2022-01-25,Fulfilled
ORD002527,CUST00010,DC024,EMP0733,2024-04-11,Fulfilled
ORD002528,CUST00859,DC014,EMP0711,2024-09-12,Backordered
ORD002529,CUST00469,DC021,EMP0058,2024-04-03,Fulfilled
ORD002530,CUST00837,DC011,EMP0355,2023-12-13,Pending
ORD002531,CUST02374,DC023,EMP0267,2025-11-17,Fulfilled
ORD002532,CUST01936,DC021,EMP0618,2021-01-07,Fulfilled
ORD002533,CUST00991,DC012,EMP0623,2025-07-30,Fulfilled
ORD002534,CUST01859,DC006,EMP0337,2021-04-15,Backordered
ORD002535,CUST01523,DC015,EMP0008,2024-12-30,Backordered
ORD002536,CUST02470,DC006,EMP0705,2024-02-20,Fulfilled
ORD002537,CUST01262,DC015,EMP0390,2021-08-20,Cancelled
ORD002538,CUST02712,DC017,EMP0584,2024-06-26,Fulfilled
ORD002539,CUST01151,DC006,EMP0571,2024-11-09,Backordered
ORD002540,CUST00180,DC023,EMP0777,2025-07-01,Fulfilled
ORD002541,CUST01747,DC004,EMP0455,2025-06-15,Fulfilled
ORD002542,CUST03966,DC011,EMP0583,2023-05-06,Cancelled
ORD002543,CUST02567,DC022,EMP0459,2024-07-17,Cancelled
ORD002544,CUST03284,DC017,EMP0328,2024-01-01,Backordered
ORD002545,CUST02910,DC005,EMP0560,2024-11-22,Cancelled
ORD002546,CUST01613,DC013,EMP0466,2024-04-17,Fulfilled
ORD002547,CUST01799,DC004,EMP0529,2025-12-21,Fulfilled
ORD002548,CUST00102,DC022,EMP0516,2025-07-19,Fulfilled
ORD002549,CUST01021,DC012,EMP0773,2023-05-18,Fulfilled
ORD002550,CUST03461,DC001,EMP0373,2024-01-27,Cancelled
ORD002551,CUST01784,DC007,EMP0244,2021-06-06,Fulfilled
ORD002552,CUST02602,DC018,EMP0169,2024-08-06,Fulfilled
ORD002553,CUST02161,DC013,EMP0176,2021-06-01,Fulfilled
ORD002554,CUST00089,DC023,EMP0787,2023-12-25,Backordered
ORD002555,CUST00208,DC023,EMP0702,2023-11-02,Backordered
ORD002556,CUST02716,DC013,EMP0344,2023-12-17,Fulfilled
ORD002557,CUST02604,DC013,EMP0415,2023-03-06,Backordered
ORD002558,CUST03276,DC016,EMP0348,2022-12-01,Fulfilled
ORD002559,CUST03314,DC005,EMP0206,2024-12-16,Backordered
ORD002560,CUST00349,DC010,EMP0632,2025-09-05,Pending
ORD002561,CUST00992,DC023,EMP0142,2023-04-27,Cancelled
ORD002562,CUST03538,DC014,EMP0005,2021-08-13,Fulfilled
ORD002563,CUST00849,DC016,EMP0728,2021-11-04,Backordered
ORD002564,CUST01082,DC012,EMP0060,2024-04-06,Fulfilled
ORD002565,CUST03407,DC019,EMP0362,2024-11-20,Fulfilled
ORD002566,CUST01037,DC021,EMP0762,2021-09-27,Cancelled
ORD002567,CUST02746,DC013,EMP0474,2025-11-28,Backordered
ORD002568,CUST00656,DC005,EMP0012,2022-09-29,Cancelled
ORD002569,CUST02313,DC006,EMP0504,2022-12-07,Fulfilled
ORD002570,CUST03183,DC004,EMP0238,17/12/2025,Backordered
ORD002571,CUST02764,DC016,EMP0236,2022-05-09,Cancelled
ORD002572,CUST03248,DC006,EMP0580,2023-08-26,Backordered
ORD002573,CUST00256,DC006,EMP0684,2022-09-05,Cancelled
ORD002574,CUST02210,DC004,EMP0296,2021-03-06,Backordered
ORD002575,CUST03173,DC008,EMP0330,2025-01-28,Fulfilled
ORD002576,CUST01623,DC021,EMP0440,2025-12-14,Pending
ORD002577,CUST03457,DC021,EMP0325,2024-07-04,Pending
ORD002578,CUST00474,DC008,EMP0789,2024-04-20,Pending
ORD002579,CUST01372,DC016,EMP0643,2021-02-24,Fulfilled
ORD002580,CUST00680,DC015,EMP0667,2025-08-10,Fulfilled
ORD002581,CUST00959,DC011,EMP0435,2025-11-25,Fulfilled
ORD002582,CUST01336,DC015,EMP0572,2024-07-16,Backordered
ORD002583,CUST03113,DC024,EMP0389,2021-05-20,Fulfilled
ORD002584,CUST03283,DC013,EMP0334,2022-12-16,Fulfilled
ORD002585,CUST00401,DC007,EMP0204,2025-05-01,Fulfilled
ORD002586,CUST03155,DC024,EMP0209,2023-09-30,Fulfilled
ORD002587,CUST03366,DC019,EMP0287,2024-12-01,Backordered
ORD002588,CUST03585,DC016,EMP0115,2021-03-07,Pending
ORD002589,CUST00473,DC020,EMP0091,2023-10-14,Pending
ORD002590,CUST02666,DC013,EMP0044,2022-06-04,Backordered
ORD002591,CUST02203,DC005,EMP0115,2024-09-09,Cancelled
ORD002592,CUST01823,DC005,EMP0401,2021-12-11,Pending
ORD002593,CUST03227,DC012,EMP0178,2022-11-19,Backordered
ORD002594,CUST03394,DC006,EMP0502,2025-03-15,Fulfilled
ORD002595,CUST02582,DC002,EMP0168,2022-02-27,Cancelled
ORD002596,CUST03354,DC001,EMP0565,2022-01-24,Cancelled
ORD002597,CUST01392,DC003,EMP0700,2025-07-03,Fulfilled
ORD002598,CUST00119,DC017,EMP0758,2023-04-05,Backordered
ORD002599,CUST00529,DC004,EMP0445,2025-11-23,Fulfilled
ORD002600,CUST00722,DC001,EMP0146,2025-04-20,Cancelled
ORD002601,CUST02091,DC023,EMP0227,2021-05-26,Fulfilled
ORD002602,CUST01248,DC018,EMP0356,2022-10-02,Fulfilled
ORD002603,CUST03615,DC006,EMP0438,2023-10-21,Fulfilled
ORD002604,CUST02643,DC023,EMP0713,2022-12-19,Pending
ORD002605,CUST00360,DC019,EMP0137,2024-09-03,Fulfilled
ORD002606,CUST01067,DC017,EMP0315,2022-01-07,Fulfilled
ORD002607,CUST00262,DC021,EMP0361,2023-06-26,Fulfilled
ORD002608,CUST02401,DC013,EMP0068,2025-10-16,Fulfilled
ORD002609,CUST02876,DC018,EMP0195,2023-09-29,Fulfilled
ORD002610,CUST01039,DC019,EMP0610,2022-05-04,Fulfilled
ORD002611,CUST02645,DC021,EMP0502,2024-11-03,Pending
ORD002612,CUST02460,DC012,EMP0102,2024-04-22,Cancelled
ORD002613,CUST03432,DC004,EMP0199,2024-09-07,Fulfilled
ORD002614,CUST02144,DC011,EMP0219,2022-11-14,Pending
ORD002615,CUST03241,DC017,EMP0373,2022-06-21,Fulfilled
ORD002616,CUST00734,DC021,EMP0473,2023-12-09,Fulfilled
ORD002617,CUST03853,DC007,EMP0673,2021-10-29,Cancelled
ORD002618,CUST02305,DC001,EMP0616,2022-02-25,Backordered
ORD002619,CUST00733,DC001,EMP0011,2023-08-11,Fulfilled
ORD002620,CUST00322,DC005,EMP0374,2024-06-22,Pending
ORD002621,CUST02192,DC006,EMP0123,2024-07-25,Pending
ORD002622,CUST02965,DC023,EMP0238,2023-07-30,Cancelled
ORD002623,CUST01720,DC013,EMP0340,2021-03-08,Pending
ORD002624,CUST01929,DC001,EMP0352,2025-02-23,Fulfilled
ORD002625,CUST01207,DC007,EMP0322,2022-02-20,Pending
ORD002626,CUST00247,DC005,EMP0776,2022-11-27,Fulfilled
ORD002627,CUST00993,DC024,EMP0282,2022-10-14,Fulfilled
ORD002628,CUST03219,DC024,EMP0278,2023-09-12,Cancelled
ORD002629,CUST00653,DC016,EMP0086,2024-06-20,Backordered
ORD002630,CUST03226,DC007,EMP0494,2023-11-16,Cancelled
ORD002631,CUST02356,DC022,EMP0573,2023-07-17,Backordered
ORD002632,CUST02127,DC014,EMP0374,2025-04-06,Fulfilled
ORD002633,CUST03997,DC012,EMP0441,2024-01-28,Fulfilled
ORD002634,CUST03942,DC017,EMP0561,2024-09-25,Fulfilled
ORD002635,CUST02734,DC005,EMP0333,2021-08-30,Cancelled
ORD002636,CUST01401,DC007,EMP0192,2021-03-13,Fulfilled
ORD002637,CUST01458,DC023,EMP0776,2025-12-10,Pending
ORD002638,CUST03384,DC014,EMP0030,2022-02-05,Fulfilled
ORD002639,CUST02923,DC005,EMP0293,2024-11-20,Backordered
ORD002640,CUST00349,DC016,EMP0087,2025-08-13,Fulfilled
ORD002641,CUST01126,DC011,EMP0135,2024-03-12,Fulfilled
ORD002642,CUST03729,DC003,EMP0338,2025-03-14,Fulfilled
ORD002643,CUST02436,DC014,EMP0012,2023-10-26,Backordered
ORD002644,CUST01536,DC006,EMP0563,2021-03-08,Pending
ORD002645,CUST01323,DC007,EMP0283,2024-09-24,Backordered
ORD002646,CUST01332,DC017,EMP0686,2025-04-14,Pending
ORD002647,CUST03552,DC010,EMP0733,2023-08-13,Backordered
ORD002648,CUST02616,DC007,EMP0413,2022-09-24,Fulfilled
ORD002649,CUST03303,DC011,EMP0723,2022-01-04,Backordered
ORD002650,CUST01185,DC013,EMP0464,2025-10-21,Backordered
ORD002651,CUST02048,DC021,EMP0673,2021-09-12,Fulfilled
ORD002652,CUST00516,DC005,EMP0408,2024-12-18,Fulfilled
ORD002653,CUST01212,DC003,EMP0528,2021-06-12,Fulfilled
ORD002654,CUST03480,DC023,EMP0507,2025-03-14,Pending
ORD002655,CUST01258,DC005,EMP0390,2023-11-22,Pending
ORD002656,CUST02128,DC010,EMP0233,2024-05-17,Fulfilled
ORD002657,CUST00283,DC016,EMP0101,2021-03-12,Fulfilled
ORD002658,CUST03585,DC009,EMP0191,2021-06-02,Backordered
ORD002659,CUST02290,DC003,EMP0571,2025-03-20,Backordered
ORD002660,CUST00596,DC013,EMP0062,2023-07-12,Fulfilled
ORD002661,CUST01242,DC013,EMP0202,2025-01-16,Fulfilled
ORD002662,CUST02110,DC020,EMP0003,2023-07-17,Pending
ORD002663,CUST02010,DC008,EMP0648,2025-09-22,Pending
ORD002664,CUST00910,DC014,EMP0594,2025-07-01,Cancelled
ORD002665,CUST02963,DC015,EMP0565,2021-09-08,Fulfilled
ORD002666,CUST00417,DC015,EMP0749,2021-02-05,Fulfilled
ORD002667,CUST02929,DC017,EMP0250,2024-01-07,Fulfilled
ORD002668,CUST01941,DC010,EMP0001,2024-06-26,Fulfilled
ORD002669,CUST00315,DC013,EMP0275,2022-05-15,Fulfilled
ORD002670,CUST03895,DC023,EMP0587,2022-12-22,Cancelled
ORD002671,CUST02103,DC003,EMP0017,2021-05-27,Fulfilled
ORD002672,CUST00206,DC012,EMP0062,2024-07-14,Fulfilled
ORD002673,CUST01017,DC018,EMP0072,2025-12-30,Backordered
ORD002674,CUST03457,DC010,EMP0293,2021-01-19,Cancelled
ORD002675,CUST03321,DC020,EMP0364,2023-06-16,Backordered
ORD002676,CUST02531,DC008,EMP0710,2022-11-04,Backordered
ORD002677,CUST01377,DC009,EMP0362,2023-03-22,Fulfilled
ORD002678,CUST00277,DC017,EMP0701,2025-05-13,Fulfilled
ORD002679,CUST02924,DC011,EMP0594,2024-01-26,Fulfilled
ORD002680,CUST01778,DC008,EMP0306,2023-12-05,Fulfilled
ORD002681,CUST00911,DC006,EMP0608,2023-11-16,Fulfilled
ORD002682,CUST02703,DC001,EMP0546,2023-03-17,Fulfilled
ORD002683,CUST02394,DC017,EMP0319,2024-06-13,Fulfilled
ORD002684,CUST03663,DC023,EMP0489,2021-12-27,Cancelled
ORD002685,CUST02882,DC018,EMP0725,2025-02-25,Fulfilled
ORD002686,CUST01076,DC005,EMP0495,2021-12-22,Fulfilled
ORD002687,CUST03036,DC017,EMP0272,2021-06-10,Fulfilled
ORD002688,CUST03816,DC011,EMP0739,2022-03-23,Cancelled
ORD002689,CUST03604,DC010,EMP0558,2021-08-16,Cancelled
ORD002690,CUST01626,DC017,EMP0203,2024-11-01,Fulfilled
ORD002691,CUST00694,DC009,EMP0633,2024-04-26,Fulfilled
ORD002692,CUST00913,DC016,EMP0135,2023-08-12,Pending
ORD002693,CUST00806,DC001,EMP0448,2023-06-29,Fulfilled
ORD002694,CUST02608,DC023,EMP0391,2023-01-14,Cancelled
ORD002695,CUST00167,DC018,EMP0059,2025-10-31,Backordered
ORD002696,CUST00660,DC023,EMP0351,2022-09-20,Cancelled
ORD002697,CUST01798,DC006,EMP0386,2023-08-19,Backordered
ORD002698,CUST02007,DC014,EMP0160,2025-04-18,Pending
ORD002699,CUST00666,DC009,EMP0526,2023-10-25,Fulfilled
ORD002700,CUST00564,DC010,EMP0331,2024-02-01,Fulfilled
ORD002701,CUST02929,DC015,EMP0176,2022-04-11,Fulfilled
ORD002702,CUST03871,DC002,EMP0624,2021-03-21,Backordered
ORD002703,CUST02452,DC020,EMP0424,2024-12-30,Backordered
ORD002704,CUST01413,DC005,EMP0552,2024-05-28,Pending
ORD002705,CUST02717,DC015,EMP0071,2025-01-28,Fulfilled
ORD002706,CUST02171,DC011,EMP0557,2022-11-29,Backordered
ORD002707,CUST00606,DC015,EMP0602,2021-12-03,Fulfilled
ORD002708,CUST00587,DC011,EMP0367,2023-03-27,Pending
ORD002709,CUST01268,DC007,EMP0269,2022-11-10,Pending
ORD002710,CUST03830,DC002,EMP0628,2023-08-06,Pending
ORD002711,CUST02076,DC020,EMP0211,2022-04-15,Fulfilled
ORD002712,CUST00376,DC005,EMP0524,2024-10-01,Fulfilled
ORD002713,CUST02296,DC002,EMP0089,2021-08-14,Backordered
ORD002714,CUST02628,DC021,EMP0042,2023-11-15,Fulfilled
ORD002715,CUST01703,DC007,EMP0349,2021-02-01,Backordered
ORD002716,CUST01014,DC010,EMP0276,2022-12-07,Cancelled
ORD002717,CUST00123,DC006,EMP0092,2024-02-27,Pending
ORD002718,CUST00245,DC015,EMP0290,2021-12-27,Pending
ORD002719,CUST03507,DC021,EMP0757,2021-09-25,Pending
ORD002720,CUST02685,DC009,EMP0254,2023-06-10,Fulfilled
ORD002721,CUST00740,DC006,EMP0575,2023-08-26,Backordered
ORD002722,CUST01827,DC011,EMP0123,2025-08-16,Cancelled
ORD002723,CUST02886,DC023,EMP0138,2024-12-02,Backordered
ORD002724,CUST02090,DC015,EMP0009,2024-08-01,Fulfilled
ORD002725,CUST01343,DC020,EMP0356,2023-12-19,Cancelled
ORD002726,CUST02040,DC018,EMP0489,2024-03-01,Pending
ORD002727,CUST02492,DC014,EMP0595,2021-08-04,Backordered
ORD002728,CUST02951,DC013,EMP0542,2021-05-31,Backordered
ORD002729,CUST03592,DC012,EMP0272,2023-10-14,Backordered
ORD002730,CUST00352,DC017,EMP0302,2021-08-31,Pending
ORD002731,CUST00685,DC019,EMP0454,2023-03-23,Cancelled
ORD002732,CUST01032,DC020,EMP0459,2025-09-11,Fulfilled
ORD002733,CUST02952,DC004,EMP0495,2023-04-12,Fulfilled
ORD002734,CUST02867,DC015,EMP0441,2022-01-02,Backordered
ORD002735,CUST03703,DC001,EMP0605,2022-05-19,Fulfilled
ORD002736,CUST03193,DC021,EMP0796,2025-04-11,Fulfilled
ORD002737,CUST00042,DC010,EMP0368,2025-02-04,Fulfilled
ORD002738,CUST00410,DC007,EMP0263,2024-04-21,Backordered
ORD002739,CUST01285,DC016,EMP0297,2023-09-25,Pending
ORD002740,CUST01537,DC013,EMP0327,2025-08-27,Fulfilled
ORD002741,CUST00251,DC020,EMP0548,2021-10-26,Pending
ORD002742,CUST01168,DC012,EMP0062,2025-07-07,Pending
ORD002743,CUST00465,DC017,EMP0065,2022-02-07,Backordered
ORD002744,CUST00294,DC001,EMP0163,2021-11-30,Cancelled
ORD002745,CUST00154,DC021,EMP0093,2025-02-13,Fulfilled
ORD002746,CUST03523,DC010,EMP0215,2025-07-23,Fulfilled
ORD002747,CUST00923,DC011,EMP0204,2024-06-20,Cancelled
ORD002748,CUST00522,DC010,EMP0014,2025-03-26,Fulfilled
ORD002749,CUST03988,DC018,EMP0593,2024-02-11,Backordered
ORD002750,CUST03967,DC017,EMP0749,2025-09-17,Fulfilled
ORD002751,CUST03777,DC005,EMP0786,2022-11-16,Fulfilled
ORD002752,CUST01116,DC015,EMP0042,2024-11-14,Backordered
ORD002753,CUST03358,DC015,EMP0060,2023-09-13,Fulfilled
ORD002754,CUST03225,DC023,EMP0246,2024-01-22,Backordered
ORD002755,CUST02039,DC015,EMP0607,2024-04-04,Fulfilled
ORD002756,CUST02471,DC006,EMP0678,2024-05-09,Fulfilled
ORD002757,CUST00037,DC018,EMP0617,2025-10-09,Fulfilled
ORD002758,CUST03254,DC024,EMP0166,2023-11-06,Fulfilled
ORD002759,CUST01933,DC023,EMP0289,2021-05-09,Fulfilled
ORD002760,CUST01498,DC019,EMP0174,2023-01-28,Backordered
ORD002761,CUST01707,DC001,EMP0342,2022-09-03,Backordered
ORD002762,CUST00387,DC019,EMP0322,2021-07-22,Backordered
ORD002763,CUST00444,DC008,EMP0503,2023-04-24,Fulfilled
ORD002764,CUST01222,DC006,EMP0264,2022-05-10,Cancelled
ORD002765,CUST00339,DC005,EMP0366,2025-04-22,Fulfilled
ORD002766,CUST01555,DC018,EMP0353,2024-12-31,Pending
ORD002767,CUST01097,DC007,EMP0198,2024-11-03,Fulfilled
ORD002768,CUST01530,DC020,EMP0224,2025-07-28,Fulfilled
ORD002769,CUST02809,DC002,EMP0786,2024-12-16,Pending
ORD002770,CUST00254,DC017,EMP0202,2023-09-07,Backordered
ORD002771,CUST00025,DC014,EMP0253,2022-07-20,Pending
ORD002772,CUST02550,DC017,EMP0319,2021-03-01,Backordered
ORD002773,CUST01032,DC012,EMP0708,2025-08-04,Cancelled
ORD002774,CUST00215,DC024,EMP0202,2022-01-23,Fulfilled
ORD002775,CUST01734,DC011,EMP0720,2025-02-13,Fulfilled
ORD002776,CUST00481,DC005,EMP0071,2024-01-03,Cancelled
ORD002777,CUST00237,DC016,EMP0398,2022-07-11,Fulfilled
ORD002778,CUST03758,DC019,EMP0033,2024-12-10,Fulfilled
ORD002779,CUST02242,DC006,EMP0313,2023-07-06,Pending
ORD002780,CUST00512,DC013,EMP0002,2025-08-08,Backordered
ORD002781,CUST00256,DC006,EMP0371,2022-02-13,Fulfilled
ORD002782,CUST03542,DC024,EMP0736,2023-03-06,Cancelled
ORD002783,CUST02756,DC010,EMP0058,2021-11-03,Fulfilled
ORD002784,CUST02122,DC021,EMP0238,2025-02-21,Backordered
ORD002785,CUST03952,DC014,EMP0068,2023-06-09,Fulfilled
ORD002786,CUST03431,DC012,EMP0233,2024-06-30,Pending
ORD002787,CUST01889,DC019,EMP0536,2023-04-08,Cancelled
ORD002788,CUST02583,DC014,EMP0311,2023-07-13,Fulfilled
ORD002789,CUST02880,DC006,EMP0321,2021-06-30,Backordered
ORD002790,CUST01559,DC001,EMP0565,2023-02-07,Cancelled
ORD002791,CUST02787,DC016,EMP0406,2022-04-05,Fulfilled
ORD002792,CUST01259,DC021,EMP0075,2021-09-09,Backordered
ORD002793,CUST02997,DC002,EMP0795,2021-08-04,Fulfilled
ORD002794,CUST02021,DC018,EMP0329,2021-02-04,Fulfilled
ORD002795,CUST03181,DC021,EMP0245,2024-12-30,Fulfilled
ORD002796,CUST00052,DC014,EMP0489,2025-04-22,Backordered
ORD002797,CUST03415,DC007,EMP0687,2021-11-10,Fulfilled
ORD002798,CUST02167,DC004,EMP0261,2023-07-18,Pending
ORD002799,CUST02002,DC013,EMP0481,2025-05-04,Cancelled
ORD002800,CUST01004,DC018,EMP0407,2023-12-15,Cancelled
ORD002801,CUST03474,DC016,EMP0534,2024-01-25,Backordered
ORD002802,CUST02787,DC021,EMP0494,2023-11-05,Fulfilled
ORD002803,CUST00265,DC005,EMP0581,2023-11-04,Fulfilled
ORD002804,CUST03516,DC014,EMP0677,2023-10-02,Fulfilled
ORD002805,CUST00390,DC005,EMP0316,2024-04-24,Fulfilled
ORD002806,CUST01502,DC020,EMP0678,2021-12-02,Cancelled
ORD002807,CUST01779,DC014,EMP0310,2021-06-29,Fulfilled
ORD002808,CUST01094,DC018,EMP0601,2023-09-25,Cancelled
ORD002809,CUST00169,DC004,EMP0728,2024-12-04,Backordered
ORD002810,CUST03834,DC018,EMP0496,2022-01-13,Cancelled
ORD002811,CUST03774,DC007,EMP0165,2022-04-09,Pending
ORD002812,CUST03428,DC021,EMP0675,2025-08-12,Fulfilled
ORD002813,CUST01748,DC023,EMP0492,2022-09-22,Fulfilled
ORD002814,CUST03131,DC003,EMP0136,2022-01-29,Cancelled
ORD002815,CUST00347,DC022,EMP0255,2025-07-02,Fulfilled
ORD002816,CUST03802,DC016,EMP0752,2022-07-28,Fulfilled
ORD002817,CUST00744,DC023,EMP0525,2022-12-10,Fulfilled
ORD002818,CUST02201,DC014,EMP0200,2025-01-06,Fulfilled
ORD002819,CUST03623,DC005,EMP0172,2025-10-26,Pending
ORD002820,CUST02743,DC012,EMP0050,2021-04-29,Fulfilled
ORD002821,CUST02993,DC018,EMP0009,2023-08-02,Cancelled
ORD002822,CUST03603,DC019,EMP0278,2024-08-10,Pending
ORD002823,CUST00524,DC018,EMP0535,2022-07-01,Pending
ORD002824,CUST01505,DC024,EMP0242,2021-04-16,Cancelled
ORD002825,CUST03546,DC013,EMP0425,2025-04-28,Fulfilled
ORD002826,CUST01698,DC017,EMP0714,2021-08-14,Fulfilled
ORD002827,CUST00409,DC023,EMP0274,2024-01-19,Pending
ORD002828,CUST00565,DC005,EMP0173,2025-09-22,Pending
ORD002829,CUST00323,DC004,EMP0755,2024-10-10,Fulfilled
ORD002830,CUST01676,DC013,EMP0357,2021-09-22,Fulfilled
ORD002831,CUST03349,DC015,EMP0464,2023-03-15,Cancelled
ORD002832,CUST02995,DC011,EMP0292,2025-11-27,Backordered
ORD002833,CUST01455,DC014,EMP0529,2022-11-12,Fulfilled
ORD002834,CUST03780,DC009,EMP0162,2025-10-11,Pending
ORD002835,CUST03768,DC004,EMP0576,2025-11-14,Backordered
ORD002836,CUST00319,DC014,EMP0546,2022-10-04,Pending
ORD002837,CUST00066,DC003,EMP0570,2021-03-24,Fulfilled
ORD002838,CUST01763,DC010,EMP0641,2023-01-03,Backordered
ORD002839,CUST00917,DC012,EMP0414,2021-03-15,Pending
ORD002840,CUST00303,DC012,EMP0427,2021-08-25,Fulfilled
ORD002841,CUST02204,DC016,EMP0217,2022-10-11,Fulfilled
ORD002842,CUST00739,DC012,EMP0194,2024-11-22,Pending
ORD002843,CUST02744,DC017,EMP0127,2021-08-24,Fulfilled
ORD002844,CUST01031,DC008,EMP0053,2021-09-07,Fulfilled
ORD002845,CUST00712,DC002,EMP0411,2025-01-31,Cancelled
ORD002846,CUST01753,DC020,EMP0123,2022-03-20,Cancelled
ORD002847,CUST02765,DC015,EMP0102,2024-07-01,Pending
ORD002848,CUST02300,DC018,EMP0764,2022-03-16,Fulfilled
ORD002849,CUST02567,DC002,EMP0775,2022-05-28,Fulfilled
ORD002850,CUST00565,DC010,EMP0248,2025-06-04,Fulfilled
ORD002851,CUST01405,DC002,EMP0706,2025-11-29,Cancelled
ORD002852,CUST00408,DC008,EMP0546,2021-06-26,Cancelled
ORD002853,CUST02630,DC018,EMP0082,2021-05-27,Pending
ORD002854,CUST04000,DC015,EMP0699,2024-03-17,Fulfilled
ORD002855,CUST03944,DC021,EMP0071,2022-07-30,Fulfilled
ORD002856,CUST03850,DC005,EMP0681,2022-01-10,Fulfilled
ORD002857,CUST02293,DC018,EMP0352,2022-06-02,Fulfilled
ORD002858,CUST00005,DC005,EMP0065,2021-08-07,Fulfilled
ORD002859,CUST00904,DC022,EMP0208,2025-06-16,Fulfilled
ORD002860,CUST02072,DC003,EMP0271,2023-07-12,Pending
ORD002861,CUST03133,DC013,EMP0254,2024-10-10,Pending
ORD002862,CUST02322,DC007,EMP0271,2022-10-06,Fulfilled
ORD002863,CUST02791,DC008,EMP0334,2023-01-17,Cancelled
ORD002864,CUST02210,DC015,EMP0647,2023-10-13,Cancelled
ORD002865,CUST01785,DC008,EMP0163,2024-04-12,Cancelled
ORD002866,CUST01792,DC014,EMP0308,2025-09-17,Pending
ORD002867,CUST03596,DC009,EMP0646,2024-09-18,Fulfilled
ORD002868,CUST01274,DC003,EMP0739,2022-07-29,Fulfilled
ORD002869,CUST03758,DC024,EMP0762,2022-03-01,Pending
ORD002870,CUST01977,DC015,EMP0371,2025-10-14,Fulfilled
ORD002871,CUST00489,DC001,EMP0146,2025-10-22,Pending
ORD002872,CUST03060,DC011,EMP0565,2022-04-12,Fulfilled
ORD002873,CUST03300,DC023,EMP0607,2023-06-22,Fulfilled
ORD002874,CUST03528,DC012,EMP0419,2023-09-20,Backordered
ORD002875,CUST00023,DC023,EMP0481,2025-05-25,Pending
ORD002876,CUST00758,DC003,EMP0270,2021-03-16,Fulfilled
ORD002877,CUST01478,DC011,EMP0036,2025-03-28,Backordered
ORD002878,CUST03038,DC018,EMP0650,2022-07-13,Fulfilled
ORD002879,CUST01127,DC022,EMP0458,2025-06-29,Cancelled
ORD002880,CUST00504,DC018,EMP0276,2022-04-05,Backordered
ORD002881,CUST01806,DC011,EMP0290,2024-11-23,Pending
ORD002882,CUST03879,DC014,EMP0508,2021-04-25,Fulfilled
ORD002883,CUST01988,DC014,EMP0018,2023-03-03,Cancelled
ORD002884,CUST02130,DC024,EMP0765,2023-05-29,Cancelled
ORD002885,CUST03076,DC005,EMP0799,2025-01-14,Fulfilled
ORD002886,CUST00210,DC018,EMP0176,2024-12-30,Fulfilled
ORD002887,CUST02542,DC002,EMP0020,2024-08-17,Fulfilled
ORD002888,CUST01548,DC021,EMP0456,2021-05-10,Fulfilled
ORD002889,CUST00206,DC009,EMP0577,2022-07-06,Fulfilled
ORD002890,CUST00196,DC022,EMP0447,2022-06-02,Pending
ORD002891,CUST01722,DC001,EMP0798,2025-01-01,Pending
ORD002892,CUST00184,DC013,EMP0271,2022-06-02,Pending
ORD002893,CUST02272,DC023,EMP0436,2023-12-16,Cancelled
ORD002894,CUST00019,DC007,EMP0201,2021-01-23,Pending
ORD002895,CUST02176,DC023,EMP0469,2023-01-23,Pending
ORD002896,CUST01587,DC015,EMP0451,2023-07-16,Cancelled
ORD002897,CUST00451,DC007,EMP0690,2022-05-09,Fulfilled
ORD002898,CUST02410,DC016,EMP0523,2021-10-23,Fulfilled
ORD002899,CUST02367,DC014,EMP0271,2021-11-09,Cancelled
ORD002900,CUST00891,DC019,EMP0563,2024-08-22,Backordered
ORD002901,CUST02564,DC014,EMP0128,2024-11-28,Fulfilled
ORD002902,CUST02413,DC012,EMP0331,2022-02-24,Fulfilled
ORD002903,CUST01331,DC009,EMP0675,2021-04-27,Pending
ORD002904,CUST02703,DC006,EMP0333,2025-08-19,Fulfilled
ORD002905,CUST02267,DC002,EMP0525,2024-12-25,Fulfilled
ORD002906,CUST02030,DC023,EMP0518,2025-04-01,Pending
ORD002907,CUST03722,DC022,EMP0153,2023-09-05,Cancelled
ORD002908,CUST03141,DC008,EMP0443,2023-07-24,Fulfilled
ORD002909,CUST02764,DC007,EMP0363,2021-01-04,Fulfilled
ORD002910,CUST03854,DC008,EMP0629,2024-02-26,Fulfilled
ORD002911,CUST01325,DC017,EMP0063,2021-10-01,Cancelled
ORD002912,CUST00793,DC003,EMP0539,2023-06-06,Fulfilled
ORD002913,CUST02178,DC024,EMP0651,2024-03-19,Fulfilled
ORD002914,CUST00317,DC013,EMP0400,2025-02-02,Fulfilled
ORD002915,CUST00922,DC015,EMP0224,2024-06-22,Fulfilled
ORD002916,CUST00375,DC002,EMP0215,2021-04-14,Fulfilled
ORD002917,CUST00390,DC023,EMP0612,2023-03-29,Backordered
ORD002918,CUST00817,DC001,EMP0128,2023-08-30,Fulfilled
ORD002919,CUST01138,DC004,EMP0572,2024-09-12,Fulfilled
ORD002920,CUST02183,DC006,EMP0156,2022-07-26,Fulfilled
ORD002921,CUST00344,DC012,EMP0671,2023-08-04,Backordered
ORD002922,CUST01306,DC003,EMP0346,2021-09-02,Fulfilled
ORD002923,CUST03559,DC012,EMP0291,2023-11-17,Cancelled
ORD002924,CUST02528,DC017,EMP0451,2022-12-28,Fulfilled
ORD002925,CUST03980,DC014,EMP0649,2024-06-28,Fulfilled
ORD002926,CUST00481,DC008,EMP0535,2021-09-16,Pending
ORD002927,CUST03718,DC003,EMP0650,2025-07-07,Fulfilled
ORD002928,CUST03886,DC023,EMP0557,2025-01-24,Fulfilled
ORD002929,CUST02556,DC016,EMP0799,2025-01-20,Backordered
ORD002930,CUST03941,DC022,EMP0103,2023-10-02,Backordered
ORD002931,CUST01150,DC006,EMP0294,2021-01-17,Pending
ORD002932,CUST01566,DC004,EMP0626,2022-08-07,Pending
ORD002933,CUST01275,DC010,EMP0240,2025-08-11,Pending
ORD002934,CUST00100,DC020,EMP0052,2022-02-18,Pending
ORD002935,CUST02535,DC020,EMP0743,2021-12-23,Backordered
ORD002936,CUST02494,DC002,EMP0266,2022-04-09,Backordered
ORD002937,CUST03700,DC002,EMP0400,2022-07-30,Fulfilled
ORD002938,CUST01911,DC013,EMP0509,2022-07-29,Fulfilled
ORD002939,CUST02510,DC004,EMP0416,2025-01-16,Pending
ORD002940,CUST03529,DC020,EMP0737,2021-06-02,Fulfilled
ORD002941,CUST02301,DC023,EMP0365,2022-10-04,Fulfilled
ORD002942,CUST02549,DC014,EMP0477,2023-11-30,Fulfilled
ORD002943,CUST03293,DC024,EMP0590,2021-06-08,Fulfilled
ORD002944,CUST02646,DC023,EMP0205,2025-08-02,Fulfilled
ORD002945,CUST02489,DC001,EMP0196,2021-08-03,Fulfilled
ORD002946,CUST01592,DC011,EMP0276,2025-01-07,Fulfilled
ORD002947,CUST00493,DC021,EMP0133,2022-06-04,Fulfilled
ORD002948,CUST03178,DC021,EMP0429,2024-08-13,Pending
ORD002949,CUST03973,DC024,EMP0427,2024-07-06,Fulfilled
ORD002950,CUST03982,DC019,EMP0399,2022-11-01,Pending
ORD002951,CUST03663,DC012,EMP0643,2022-02-23,Backordered
ORD002952,CUST01363,DC005,EMP0720,2022-03-01,Fulfilled
ORD002953,CUST02880,DC015,EMP0269,2023-07-26,Fulfilled
ORD002954,CUST01744,DC013,EMP0423,2023-09-20,Fulfilled
ORD002955,CUST03152,DC019,EMP0771,2025-12-18,Fulfilled
ORD002956,CUST01255,DC012,EMP0727,2025-11-30,Backordered
ORD002957,CUST00680,DC021,EMP0641,2024-03-19,Fulfilled
ORD002958,CUST01383,DC024,EMP0071,2024-03-25,Pending
ORD002959,CUST00682,DC010,EMP0770,2022-09-01,Fulfilled
ORD002960,CUST00983,DC018,EMP0264,2023-09-11,Cancelled
ORD002961,CUST01943,DC014,EMP0077,2025-07-09,Backordered
ORD002962,CUST02552,DC009,EMP0551,2022-10-10,Pending
ORD002963,CUST03130,DC014,EMP0612,2021-03-27,Cancelled
ORD002964,CUST02675,DC004,EMP0218,2023-07-29,Cancelled
ORD002965,CUST00640,DC017,EMP0354,2023-08-04,Fulfilled
ORD002966,CUST03366,DC001,EMP0533,2021-11-08,Backordered
ORD002967,CUST02736,DC013,EMP0300,2024-09-12,Fulfilled
ORD002968,CUST03949,DC005,EMP0540,2025-04-02,Backordered
ORD002969,CUST00804,DC014,EMP0530,2024-07-13,Cancelled
ORD002970,CUST00155,DC024,EMP0092,2023-04-21,Cancelled
ORD002971,CUST01049,DC008,EMP0636,2021-01-17,Cancelled
ORD002972,CUST03708,DC018,EMP0564,2025-05-12,Fulfilled
ORD002973,CUST02093,DC014,EMP0593,2024-08-29,Fulfilled
ORD002974,CUST00022,DC010,EMP0307,2025-08-07,Fulfilled
ORD002975,CUST02817,DC007,EMP0727,2024-07-19,Pending
ORD002976,CUST03873,DC002,EMP0479,2022-01-08,Fulfilled
ORD002977,CUST00768,DC018,EMP0161,2025-04-10,Backordered
ORD002978,CUST02321,DC018,EMP0047,2022-04-06,Cancelled
ORD002979,CUST02192,DC024,EMP0524,2025-04-15,Cancelled
ORD002980,CUST00924,DC016,EMP0469,2022-11-12,Backordered
ORD002981,CUST02557,DC007,EMP0027,2023-03-10,Backordered
ORD002982,CUST03356,DC003,EMP0038,2022-11-27,Cancelled
ORD002983,CUST02923,DC007,EMP0499,2025-12-12,Fulfilled
ORD002984,CUST03887,DC017,EMP0440,2024-05-14,Fulfilled
ORD002985,CUST03742,DC010,EMP0143,2025-11-27,Cancelled
ORD002986,CUST01783,DC021,EMP0532,2023-11-17,Backordered
ORD002987,CUST01437,DC001,EMP0504,2022-12-18,Cancelled
ORD002988,CUST00931,DC019,EMP0586,2022-06-22,Fulfilled
ORD002989,CUST03123,DC022,EMP0023,2024-09-03,Cancelled
ORD002990,CUST03819,DC004,EMP0546,2025-12-12,Cancelled
ORD002991,CUST02925,DC017,EMP0675,2025-02-07,Fulfilled
ORD002992,CUST03156,DC006,EMP0435,2025-09-14,Fulfilled
ORD002993,CUST02171,DC016,EMP0586,2025-12-12,Fulfilled
ORD002994,CUST01315,DC020,EMP0460,2025-12-01,Backordered
ORD002995,CUST03745,DC023,EMP0459,2024-10-02,Pending
ORD002996,CUST00451,DC002,EMP0545,2024-02-20,Fulfilled
ORD002997,CUST00165,DC012,EMP0450,2022-05-17,Fulfilled
ORD002998,CUST00082,DC001,EMP0207,2021-07-25,Cancelled
ORD002999,CUST01597,DC005,EMP0079,2024-05-25,Backordered
ORD003000,CUST02349,DC006,EMP0202,2022-02-23,Fulfilled
ORD003001,CUST01482,DC003,EMP0266,2023-04-04,Backordered
ORD003002,CUST00870,DC005,EMP0620,2022-05-30,Fulfilled
ORD003003,CUST02539,DC005,EMP0536,2024-07-29,Fulfilled
ORD003004,CUST01744,DC010,EMP0339,2021-01-19,Cancelled
ORD003005,CUST01476,DC006,EMP0307,2022-09-19,Cancelled
ORD003006,CUST02505,DC021,EMP0779,2025-04-09,Cancelled
ORD003007,CUST00829,DC011,EMP0457,2023-08-09,Cancelled
ORD003008,CUST03731,DC006,EMP0532,2025-09-28,Fulfilled
ORD003009,CUST00569,DC007,EMP0784,2025-08-05,Fulfilled
ORD003010,CUST01425,DC004,EMP0162,2024-06-03,Backordered
ORD003011,CUST01104,DC021,EMP0544,2022-11-07,Cancelled
ORD003012,CUST02487,DC016,EMP0044,2024-09-07,Fulfilled
ORD003013,CUST03412,DC013,EMP0500,2025-05-14,Fulfilled
ORD003014,CUST02540,DC001,EMP0694,2025-09-26,Fulfilled
ORD003015,CUST01298,DC013,EMP0693,2022-03-20,Fulfilled
ORD003016,CUST02202,DC005,EMP0242,2021-02-21,Fulfilled
ORD003017,CUST00499,DC011,EMP0016,2021-08-13,Fulfilled
ORD003018,CUST03697,DC010,EMP0698,2025-04-25,Cancelled
ORD003019,CUST02647,DC003,EMP0651,2023-05-10,Fulfilled
ORD003020,CUST00892,DC012,EMP0344,2023-04-19,Fulfilled
ORD003021,CUST02064,DC017,EMP0279,2023-09-19,Fulfilled
ORD003022,CUST03333,DC024,EMP0468,2022-12-12,Fulfilled
ORD003023,CUST01411,DC018,EMP0468,2022-12-06,Backordered
ORD003024,CUST02043,DC013,EMP0491,2022-10-17,Pending
ORD003025,CUST03284,DC008,EMP0311,2025-07-19,Fulfilled
ORD003026,CUST01882,DC019,EMP0568,2023-10-21,Fulfilled
ORD003027,CUST03151,DC003,EMP0588,2021-06-18,Fulfilled
ORD003028,CUST03598,DC012,EMP0256,2023-07-08,Backordered
ORD003029,CUST01202,DC011,EMP0205,2024-12-31,Fulfilled
ORD003030,CUST02041,DC009,EMP0688,2025-09-10,Fulfilled
ORD003031,CUST00311,DC009,EMP0223,2022-03-12,Pending
ORD003032,CUST00619,DC014,EMP0087,2024-03-09,Fulfilled
ORD003033,CUST03758,DC006,EMP0697,2023-12-14,Pending
ORD003034,CUST02472,DC024,EMP0238,22/7/2024,Fulfilled
ORD003035,CUST01071,DC015,EMP0342,2021-04-03,Fulfilled
ORD003036,CUST02316,DC021,EMP0450,2025-05-18,Fulfilled
ORD003037,CUST03490,DC004,EMP0508,2022-06-22,Fulfilled
ORD003038,CUST00400,DC022,EMP0662,2021-03-05,Backordered
ORD003039,CUST02815,DC011,EMP0615,2021-07-21,Cancelled
ORD003040,CUST01015,DC003,EMP0563,2025-10-14,Backordered
ORD003041,CUST02441,DC024,EMP0455,2021-05-30,Fulfilled
ORD003042,CUST01093,DC009,EMP0458,2023-04-03,Cancelled
ORD003043,CUST01243,DC024,EMP0261,2024-03-18,Cancelled
ORD003044,CUST03100,DC013,EMP0161,2023-08-05,Backordered
ORD003045,CUST02936,DC001,EMP0527,2025-04-18,Backordered
ORD003046,CUST03009,DC016,EMP0268,2025-05-31,Fulfilled
ORD003047,CUST03945,DC023,EMP0318,2025-02-17,Fulfilled
ORD003048,CUST02050,DC024,EMP0306,2021-04-01,Backordered
ORD003049,CUST02297,DC022,EMP0123,2025-11-05,Cancelled
ORD003050,CUST03783,DC021,EMP0773,2024-12-05,Fulfilled
ORD003051,CUST00052,DC009,EMP0503,2024-05-25,Cancelled
ORD003052,CUST02863,DC016,EMP0233,2023-06-06,Backordered
ORD003053,CUST01583,DC006,EMP0388,2024-07-09,Cancelled
ORD003054,CUST00738,DC009,EMP0089,2024-08-01,Fulfilled
ORD003055,CUST03314,DC010,EMP0687,2022-05-10,Pending
ORD003056,CUST02484,DC022,EMP0692,2022-07-16,Fulfilled
ORD003057,CUST02872,DC014,EMP0266,2024-07-30,Fulfilled
ORD003058,CUST03673,DC009,EMP0121,2025-02-28,Fulfilled
ORD003059,CUST02141,DC004,EMP0696,2021-02-07,Fulfilled
ORD003060,CUST01967,DC023,EMP0485,2024-02-06,Cancelled
ORD003061,CUST02610,DC018,EMP0390,2023-09-02,Pending
ORD003062,CUST00853,DC018,EMP0661,2024-03-23,Backordered
ORD003063,CUST01486,DC005,EMP0697,2021-10-12,Fulfilled
ORD003064,CUST01856,DC001,EMP0288,2024-11-05,Fulfilled
ORD003065,CUST00372,DC021,EMP0469,2023-07-14,Backordered
ORD003066,CUST03891,DC015,EMP0650,2023-06-23,Fulfilled
ORD003067,CUST03286,DC015,EMP0780,2023-01-08,Pending
ORD003068,CUST02335,DC022,EMP0238,2022-01-01,Cancelled
ORD003069,CUST03665,DC019,EMP0730,2025-06-19,Fulfilled
ORD003070,CUST00727,DC001,EMP0612,2024-06-11,Cancelled
ORD003071,CUST02372,DC014,EMP0213,2021-12-13,Fulfilled
ORD003072,CUST02878,DC008,EMP0175,2025-03-30,Fulfilled
ORD003073,CUST01985,DC018,EMP0535,2023-10-27,Fulfilled
ORD003074,CUST00564,DC005,EMP0069,2025-03-03,Backordered
ORD003075,CUST03268,DC009,EMP0423,2022-06-27,Fulfilled
ORD003076,CUST03011,DC014,EMP0792,2021-07-30,Pending
ORD003077,CUST02539,DC021,EMP0678,2023-02-21,Cancelled
ORD003078,CUST02074,DC007,EMP0776,2022-10-02,Pending
ORD003079,CUST00364,DC007,EMP0598,2022-07-17,Fulfilled
ORD003080,CUST01209,DC022,EMP0363,2024-11-14,Fulfilled
ORD003081,CUST04000,DC017,EMP0597,2021-10-27,Fulfilled
ORD003082,CUST01054,DC016,EMP0411,2025-02-24,Cancelled
ORD003083,CUST00399,DC003,EMP0778,2023-05-21,Fulfilled
ORD003084,CUST02996,DC008,EMP0629,2025-07-23,Cancelled
ORD003085,CUST03575,DC017,EMP0606,2022-02-02,Pending
ORD003086,CUST02988,DC005,EMP0726,2023-05-27,Fulfilled
ORD003087,CUST03371,DC009,EMP0075,2025-01-05,Pending
ORD003088,CUST01662,DC016,EMP0203,2023-01-31,Backordered
ORD003089,CUST01758,DC018,EMP0732,2024-10-31,Fulfilled
ORD003090,CUST03909,DC013,EMP0169,2021-01-17,Backordered
ORD003091,CUST01716,DC006,EMP0438,2022-11-07,Fulfilled
ORD003092,CUST00915,DC018,EMP0225,2022-02-27,Fulfilled
ORD003093,CUST00607,DC010,EMP0429,2021-05-15,Pending
ORD003094,CUST02043,DC016,EMP0750,2025-09-11,Pending
ORD003095,CUST03542,DC018,EMP0567,2024-03-24,Fulfilled
ORD003096,CUST00011,DC022,EMP0516,2025-06-01,Backordered
ORD003097,CUST02103,DC009,EMP0575,2022-03-06,Fulfilled
ORD003098,CUST02495,DC013,EMP0609,2024-11-11,Cancelled
ORD003099,CUST00861,DC005,EMP0171,2021-07-30,Fulfilled
ORD003100,CUST02332,DC012,EMP0281,2022-08-07,Backordered
ORD003101,CUST02390,DC019,EMP0026,2021-12-06,Fulfilled
ORD003102,CUST01724,DC004,EMP0320,2022-03-14,Cancelled
ORD003103,CUST00036,DC012,EMP0073,2024-10-02,Cancelled
ORD003104,CUST01354,DC022,EMP0754,2024-04-28,Pending
ORD003105,CUST03207,DC008,EMP0779,2023-11-24,Fulfilled
ORD003106,CUST02865,DC014,EMP0429,2025-10-15,Fulfilled
ORD003107,CUST01780,DC021,EMP0756,2025-10-27,Fulfilled
ORD003108,CUST00714,DC023,EMP0543,2023-11-19,Fulfilled
ORD003109,CUST01704,DC018,EMP0040,2023-04-26,Pending
ORD003110,CUST02836,DC003,EMP0366,2022-02-17,Pending
ORD003111,CUST03370,DC015,EMP0453,2021-07-20,Fulfilled
ORD003112,CUST03965,DC013,EMP0173,2023-06-06,Fulfilled
ORD003113,CUST00787,DC011,EMP0421,2025-11-29,Fulfilled
ORD003114,CUST01082,DC009,EMP0392,2024-03-02,Cancelled
ORD003115,CUST01516,DC012,EMP0051,2024-04-06,Pending
ORD003116,CUST01692,DC005,EMP0419,2024-06-28,Pending
ORD003117,CUST03886,DC020,EMP0499,2023-12-18,Backordered
ORD003118,CUST02644,DC018,EMP0150,2023-02-09,Cancelled
ORD003119,CUST03547,DC022,EMP0764,2024-06-08,Fulfilled
ORD003120,CUST03680,DC005,EMP0558,2024-03-01,Cancelled
ORD003121,CUST03531,DC004,EMP0500,2023-07-10,Backordered
ORD003122,CUST00631,DC004,EMP0358,2024-01-19,Fulfilled
ORD003123,CUST02243,DC013,EMP0564,2023-11-14,Pending
ORD003124,CUST01145,DC016,EMP0109,2022-04-13,Fulfilled
ORD003125,CUST00468,DC024,EMP0084,2024-09-10,Pending
ORD003126,CUST00327,DC022,EMP0505,2022-05-12,Fulfilled
ORD003127,CUST01588,DC001,EMP0099,2025-08-12,Fulfilled
ORD003128,CUST03248,DC016,EMP0575,2023-01-07,Fulfilled
ORD003129,CUST03499,DC015,EMP0017,2025-05-01,Cancelled
ORD003130,CUST00255,DC003,EMP0266,2023-09-14,Pending
ORD003131,CUST03640,DC012,EMP0572,2025-11-13,Fulfilled
ORD003132,CUST03400,DC019,EMP0327,2023-03-20,Pending
ORD003133,CUST01506,DC011,EMP0184,2022-11-05,Pending
ORD003134,CUST01623,DC009,EMP0713,2023-06-13,Fulfilled
ORD003135,CUST00061,DC020,EMP0637,2023-07-27,Fulfilled
ORD003136,CUST03994,DC015,EMP0622,2025-09-06,Fulfilled
ORD003137,CUST02606,DC003,EMP0474,2022-12-12,Backordered
ORD003138,CUST03781,DC017,EMP0566,2022-03-05,Cancelled
ORD003139,CUST00126,DC009,EMP0725,2024-11-21,Fulfilled
ORD003140,CUST01353,DC013,EMP0800,2024-04-28,Backordered
ORD003141,CUST01220,DC009,EMP0729,2024-02-28,Fulfilled
ORD003142,CUST00645,DC003,EMP0506,2024-08-30,Cancelled
ORD003143,CUST03487,DC003,EMP0349,2022-06-14,Pending
ORD003144,CUST03571,DC004,EMP0773,2023-04-23,Fulfilled
ORD003145,CUST01761,DC007,EMP0088,2024-03-12,Pending
ORD003146,CUST01126,DC007,EMP0712,2025-02-19,Pending
ORD003147,CUST00759,DC004,EMP0654,2025-01-14,Pending
ORD003148,CUST01077,DC002,EMP0200,2023-02-17,Fulfilled
ORD003149,CUST01916,DC023,EMP0129,2021-10-27,Backordered
ORD003150,CUST03213,DC003,EMP0291,2023-02-06,Fulfilled
ORD003151,CUST03466,DC009,EMP0337,2021-07-14,Cancelled
ORD003152,CUST01744,DC017,EMP0607,2021-05-12,Backordered
ORD003153,CUST01433,DC005,EMP0041,2022-12-30,Fulfilled
ORD003154,CUST01839,DC013,EMP0444,2021-03-17,Fulfilled
ORD003155,CUST03827,DC003,EMP0457,2021-03-10,Fulfilled
ORD003156,CUST03239,DC018,EMP0543,2021-07-12,Fulfilled
ORD003157,CUST02881,DC012,EMP0462,2023-08-04,Pending
ORD003158,CUST00259,DC017,EMP0672,2021-11-29,Backordered
ORD003159,CUST00978,DC013,EMP0039,2023-04-18,Cancelled
ORD003160,CUST01677,DC005,EMP0563,2025-01-13,Backordered
ORD003161,CUST01754,DC002,EMP0263,2024-12-20,Fulfilled
ORD003162,CUST03180,DC020,EMP0682,2025-01-17,Cancelled
ORD003163,CUST02035,DC012,EMP0783,2025-09-23,Fulfilled
ORD003164,CUST00479,DC018,EMP0384,2023-06-07,Cancelled
ORD003165,CUST02567,DC014,EMP0180,2023-10-25,Fulfilled
ORD003166,CUST01853,DC017,EMP0528,2024-08-01,Backordered
ORD003167,CUST01297,DC017,EMP0097,2025-06-30,Fulfilled
ORD003168,CUST02848,DC018,EMP0191,2024-01-09,Fulfilled
ORD003169,CUST03012,DC012,EMP0457,2021-10-18,Backordered
ORD003170,CUST02445,DC002,EMP0455,2023-05-17,Fulfilled
ORD003171,CUST02336,DC024,EMP0272,2022-02-11,Cancelled
ORD003172,CUST00195,DC021,EMP0735,2024-11-07,Pending
ORD003173,CUST01117,DC001,EMP0323,2022-03-10,Pending
ORD003174,CUST01906,DC020,EMP0726,2021-05-18,Fulfilled
ORD003175,CUST01401,DC024,EMP0209,2023-07-21,Fulfilled
ORD003176,CUST00819,DC010,EMP0201,2023-04-05,Fulfilled
ORD003177,CUST03374,DC018,EMP0660,2021-01-22,Cancelled
ORD003178,CUST02630,DC005,EMP0605,2021-04-13,Fulfilled
ORD003179,CUST03173,DC014,EMP0765,2021-06-29,Fulfilled
ORD003180,CUST00340,DC013,EMP0467,2024-01-01,Fulfilled
ORD003181,CUST02747,DC015,EMP0635,2025-02-27,Pending
ORD003182,CUST03454,DC009,EMP0073,2025-05-15,Fulfilled
ORD003183,CUST00549,DC017,EMP0239,2021-05-28,Fulfilled
ORD003184,CUST03849,DC006,EMP0064,2024-06-20,Backordered
ORD003185,CUST03486,DC003,EMP0024,2022-04-24,Backordered
ORD003186,CUST03502,DC001,EMP0756,2023-09-21,Fulfilled
ORD003187,CUST03695,DC007,EMP0508,2022-11-25,Cancelled
ORD003188,CUST02186,DC011,EMP0067,2024-12-11,Pending
ORD003189,CUST00625,DC018,EMP0302,2023-01-05,Fulfilled
ORD003190,CUST01567,DC009,EMP0715,2021-05-05,Cancelled
ORD003191,CUST03596,DC015,EMP0447,2023-09-28,Pending
ORD003192,CUST03541,DC019,EMP0060,2024-04-22,Backordered
ORD003193,CUST03820,DC023,EMP0539,2022-03-27,Fulfilled
ORD003194,CUST01332,DC001,EMP0020,2024-03-30,Backordered
ORD003195,CUST02330,DC024,EMP0712,2024-08-13,Fulfilled
ORD003196,CUST01448,DC009,EMP0086,2024-10-18,Cancelled
ORD003197,CUST00717,DC002,EMP0615,2022-03-06,Cancelled
ORD003198,CUST01013,DC014,EMP0779,2024-05-03,Fulfilled
ORD003199,CUST00690,DC008,EMP0385,2022-10-09,Pending
ORD003200,CUST01063,DC007,EMP0460,2024-12-30,Pending
ORD003201,CUST03481,DC003,EMP0325,2025-10-01,Pending
ORD003202,CUST03093,DC018,EMP0603,2024-11-24,Pending
ORD003203,CUST00189,DC007,EMP0542,2024-11-27,Pending
ORD003204,CUST03049,DC004,EMP0478,2021-10-02,Fulfilled
ORD003205,CUST03850,DC007,EMP0690,2024-05-23,Fulfilled
ORD003206,CUST03813,DC009,EMP0316,2025-06-30,Pending
ORD003207,CUST02946,DC023,EMP0762,2025-11-22,Fulfilled
ORD003208,CUST03948,DC013,EMP0615,2023-08-17,Fulfilled
ORD003209,CUST00577,DC011,EMP0757,2025-09-25,Pending
ORD003210,CUST01160,DC010,EMP0797,2021-04-11,Fulfilled
ORD003211,CUST00555,DC012,EMP0691,2024-07-03,Backordered
ORD003212,CUST02163,DC002,EMP0235,2021-09-17,Fulfilled
ORD003213,CUST02299,DC018,EMP0800,2024-03-08,Fulfilled
ORD003214,CUST02644,DC008,EMP0377,2022-12-02,Fulfilled
ORD003215,CUST03360,DC010,EMP0454,2024-02-07,Backordered
ORD003216,CUST00601,DC009,EMP0310,2021-07-21,Pending
ORD003217,CUST02210,DC016,EMP0644,2023-09-17,Fulfilled
ORD003218,CUST02102,DC012,EMP0421,2023-06-06,Fulfilled
ORD003219,CUST03021,DC001,EMP0368,2025-08-13,Cancelled
ORD003220,CUST00971,DC001,EMP0307,2022-07-27,Fulfilled
ORD003221,CUST03363,DC010,EMP0154,2024-08-29,Fulfilled
ORD003222,CUST01474,DC006,EMP0162,21/3/2025,Fulfilled
ORD003223,CUST00172,DC012,EMP0255,2024-02-23,Fulfilled
ORD003224,CUST02668,DC018,EMP0384,2021-07-29,Fulfilled
ORD003225,CUST02010,DC018,EMP0190,2025-06-06,Pending
ORD003226,CUST00702,DC011,EMP0665,2024-08-02,Fulfilled
ORD003227,CUST03662,DC022,EMP0195,2023-12-27,Backordered
ORD003228,CUST03862,DC011,EMP0191,2024-08-15,Cancelled
ORD003229,CUST01871,DC023,EMP0689,2022-12-18,Fulfilled
ORD003230,CUST03503,DC013,EMP0506,2023-09-04,Fulfilled
ORD003231,CUST03701,DC010,EMP0289,2025-04-26,Fulfilled
ORD003232,CUST03700,DC010,EMP0199,2021-08-08,Fulfilled
ORD003233,CUST03005,DC009,EMP0539,2022-10-13,Fulfilled
ORD003234,CUST00673,DC004,EMP0504,2023-09-05,Cancelled
ORD003235,CUST01796,DC018,EMP0319,2025-09-28,Backordered
ORD003236,CUST03358,DC024,EMP0049,2022-12-20,Cancelled
ORD003237,CUST03110,DC005,EMP0571,2025-02-21,Pending
ORD003238,CUST03860,DC002,EMP0487,2025-01-28,Fulfilled
ORD003239,CUST00768,DC019,EMP0523,2025-07-13,Fulfilled
ORD003240,CUST01170,DC005,EMP0163,2022-11-15,Fulfilled
ORD003241,CUST02322,DC006,EMP0317,2025-10-07,Fulfilled
ORD003242,CUST02613,DC021,EMP0704,29/8/2025,Fulfilled
ORD003243,CUST00649,DC016,EMP0376,2023-08-16,Fulfilled
ORD003244,CUST02074,DC019,EMP0229,2023-02-07,Fulfilled
ORD003245,CUST01408,DC019,EMP0396,2021-12-20,Fulfilled
ORD003246,CUST01201,DC004,EMP0705,2023-07-05,Fulfilled
ORD003247,CUST03701,DC006,EMP0112,2025-08-29,Fulfilled
ORD003248,CUST03807,DC004,EMP0112,2025-10-17,Fulfilled
ORD003249,CUST01072,DC022,EMP0619,2023-06-25,Fulfilled
ORD003250,CUST02577,DC021,EMP0176,2025-10-06,Fulfilled
ORD003251,CUST01101,DC010,EMP0133,2022-11-12,Cancelled
ORD003252,CUST00960,DC021,EMP0274,2024-05-29,Pending
ORD003253,CUST02210,DC009,EMP0211,2022-11-11,Fulfilled
ORD003254,CUST02627,DC016,EMP0671,2021-09-14,Fulfilled
ORD003255,CUST02607,DC005,EMP0762,2023-02-17,Cancelled
ORD003256,CUST00579,DC006,EMP0452,2025-06-15,Fulfilled
ORD003257,CUST02553,DC011,EMP0747,2024-02-14,Fulfilled
ORD003258,CUST03530,DC007,EMP0055,2021-11-03,Backordered
ORD003259,CUST03218,DC004,EMP0713,2024-09-04,Fulfilled
ORD003260,CUST02344,DC014,EMP0214,2023-04-10,Fulfilled
ORD003261,CUST03336,DC019,EMP0625,2024-04-02,Fulfilled
ORD003262,CUST01052,DC019,EMP0374,2021-12-10,Cancelled
ORD003263,CUST02810,DC003,EMP0611,2024-01-05,Fulfilled
ORD003264,CUST03193,DC005,EMP0595,2021-08-07,Pending
ORD003265,CUST03319,DC009,EMP0149,2025-08-13,Fulfilled
ORD003266,CUST03606,DC003,EMP0793,2021-08-24,Pending
ORD003267,CUST00559,DC007,EMP0260,2024-11-08,Pending
ORD003268,CUST00956,DC017,EMP0007,2021-02-03,Fulfilled
ORD003269,CUST03476,DC004,EMP0507,2022-04-26,Pending
ORD003270,CUST02174,DC002,EMP0237,2021-07-04,Fulfilled
ORD003271,CUST00305,DC008,EMP0728,2025-07-08,Cancelled
ORD003272,CUST00436,DC019,EMP0045,2021-11-10,Fulfilled
ORD003273,CUST02117,DC022,EMP0505,2025-03-11,Fulfilled
ORD003274,CUST03477,DC003,EMP0525,2023-09-13,Fulfilled
ORD003275,CUST03836,DC023,EMP0483,2023-02-18,Cancelled
ORD003276,CUST02611,DC020,EMP0741,2025-11-24,Fulfilled
ORD003277,CUST00954,DC006,EMP0033,2024-12-12,Fulfilled
ORD003278,CUST01921,DC022,EMP0235,2024-12-04,Backordered
ORD003279,CUST03586,DC012,EMP0527,2023-01-13,Fulfilled
ORD003280,CUST00100,DC014,EMP0154,2025-07-23,Fulfilled
ORD003281,CUST03345,DC017,EMP0610,2023-11-17,Pending
ORD003282,CUST02422,DC010,EMP0038,2025-03-28,Pending
ORD003283,CUST03047,DC014,EMP0341,2022-05-08,Fulfilled
ORD003284,CUST02880,DC017,EMP0162,2024-01-12,Fulfilled
ORD003285,CUST03995,DC004,EMP0565,2021-07-20,Cancelled
ORD003286,CUST02380,DC021,EMP0116,2021-05-07,Pending
ORD003287,CUST01400,DC024,EMP0657,2023-06-07,Cancelled
ORD003288,CUST01657,DC005,EMP0259,2023-01-20,Fulfilled
ORD003289,CUST00806,DC017,EMP0090,2022-11-21,Cancelled
ORD003290,CUST01095,DC005,EMP0583,2021-03-16,Fulfilled
ORD003291,CUST01293,DC018,EMP0369,2023-03-25,Fulfilled
ORD003292,CUST01939,DC020,EMP0497,2025-12-17,Pending
ORD003293,CUST03430,DC009,EMP0364,2022-10-26,Fulfilled
ORD003294,CUST00942,DC001,EMP0150,2022-08-02,Backordered
ORD003295,CUST01175,DC012,EMP0624,2025-11-11,Cancelled
ORD003296,CUST03582,DC005,EMP0497,2025-12-27,Pending
ORD003297,CUST03497,DC024,EMP0433,2024-09-24,Fulfilled
ORD003298,CUST03268,DC023,EMP0488,2023-04-19,Fulfilled
ORD003299,CUST03107,DC015,EMP0428,2022-06-11,Pending
ORD003300,CUST03674,DC020,EMP0119,2024-02-07,Fulfilled
ORD003301,CUST02483,DC001,EMP0157,2025-11-10,Fulfilled
ORD003302,CUST03764,DC017,EMP0130,2021-03-10,Fulfilled
ORD003303,CUST01514,DC021,EMP0548,2024-03-19,Backordered
ORD003304,CUST01653,DC009,EMP0800,2021-03-18,Fulfilled
ORD003305,CUST03373,DC019,EMP0439,2024-05-07,Cancelled
ORD003306,CUST02005,DC021,EMP0118,2023-12-11,Pending
ORD003307,CUST03937,DC017,EMP0524,2024-05-05,Backordered
ORD003308,CUST00782,DC012,EMP0116,2021-12-31,Backordered
ORD003309,CUST03235,DC019,EMP0380,2021-02-10,Fulfilled
ORD003310,CUST03565,DC022,EMP0018,2022-11-13,Fulfilled
ORD003311,CUST00389,DC010,EMP0679,2023-10-31,Backordered
ORD003312,CUST00427,DC005,EMP0189,2024-10-25,Fulfilled
ORD003313,CUST01396,DC007,EMP0525,2023-09-05,Cancelled
ORD003314,CUST01475,DC018,EMP0708,2021-08-25,Cancelled
ORD003315,CUST03166,DC005,EMP0541,2021-05-07,Fulfilled
ORD003316,CUST00250,DC009,EMP0103,2025-03-12,Fulfilled
ORD003317,CUST03495,DC002,EMP0614,2025-04-21,Backordered
ORD003318,CUST02730,DC006,EMP0602,2025-06-10,Pending
ORD003319,CUST01310,DC018,EMP0307,2021-11-22,Fulfilled
ORD003320,CUST01197,DC001,EMP0768,2025-01-05,Fulfilled
ORD003321,CUST01018,DC015,EMP0211,2025-08-30,Fulfilled
ORD003322,CUST00138,DC018,EMP0742,2023-02-24,Cancelled
ORD003323,CUST03826,DC006,EMP0789,2023-06-24,Cancelled
ORD003324,CUST01649,DC022,EMP0706,2023-01-26,Pending
ORD003325,CUST01508,DC010,EMP0692,2023-05-10,Backordered
ORD003326,CUST00244,DC005,EMP0711,2021-10-10,Pending
ORD003327,CUST03647,DC013,EMP0771,2022-03-22,Cancelled
ORD003328,CUST00050,DC001,EMP0658,2021-03-22,Cancelled
ORD003329,CUST02453,DC003,EMP0417,2024-09-16,Fulfilled
ORD003330,CUST02747,DC023,EMP0317,2024-02-04,Pending
ORD003331,CUST03996,DC021,EMP0119,2022-12-12,Backordered
ORD003332,CUST02545,DC024,EMP0636,2022-02-06,Cancelled
ORD003333,CUST01006,DC024,EMP0232,2023-08-09,Backordered
ORD003334,CUST02715,DC017,EMP0412,2024-12-28,Fulfilled
ORD003335,CUST01978,DC016,EMP0453,2024-07-01,Fulfilled
ORD003336,CUST00766,DC012,EMP0732,2025-08-05,Backordered
ORD003337,CUST02328,DC019,EMP0351,2021-09-07,Fulfilled
ORD003338,CUST00112,DC014,EMP0622,2022-05-03,Pending
ORD003339,CUST01216,DC023,EMP0378,2024-06-08,Fulfilled
ORD003340,CUST02628,DC004,EMP0320,2025-08-05,Fulfilled
ORD003341,CUST02014,DC007,EMP0405,2023-12-21,Fulfilled
ORD003342,CUST03985,DC017,EMP0356,2025-11-04,Fulfilled
ORD003343,CUST01380,DC019,EMP0182,21/8/2022,Fulfilled
ORD003344,CUST01201,DC018,EMP0156,2022-05-19,Fulfilled
ORD003345,CUST00894,DC007,EMP0513,2023-05-13,Fulfilled
ORD003346,CUST00239,DC006,EMP0566,2023-11-18,Backordered
ORD003347,CUST01325,DC008,EMP0672,2022-03-11,Fulfilled
ORD003348,CUST01812,DC008,EMP0781,2021-08-05,Fulfilled
ORD003349,CUST02229,DC010,EMP0370,2023-08-03,Fulfilled
ORD003350,CUST01571,DC021,EMP0182,2024-02-02,Cancelled
ORD003351,CUST01944,DC009,EMP0200,2022-11-03,Fulfilled
ORD003352,CUST01146,DC015,EMP0549,2023-04-30,Fulfilled
ORD003353,CUST01370,DC007,EMP0739,2021-04-27,Fulfilled
ORD003354,CUST03028,DC016,EMP0291,2025-08-29,Fulfilled
ORD003355,CUST02222,DC019,EMP0756,2024-03-28,Cancelled
ORD003356,CUST00154,DC020,EMP0006,2025-02-26,Fulfilled
ORD003357,CUST03176,DC008,EMP0746,2022-09-05,Fulfilled
ORD003358,CUST02326,DC019,EMP0639,2025-03-03,Backordered
ORD003359,CUST03225,DC016,EMP0007,2023-10-22,Fulfilled
ORD003360,CUST00274,DC011,EMP0618,2023-12-30,Fulfilled
ORD003361,CUST03558,DC013,EMP0517,2025-04-20,Backordered
ORD003362,CUST00898,DC002,EMP0118,2024-12-01,Fulfilled
ORD003363,CUST02998,DC014,EMP0761,2025-01-20,Fulfilled
ORD003364,CUST01575,DC013,EMP0523,2021-06-20,Backordered
ORD003365,CUST01009,DC011,EMP0745,2025-01-15,Pending
ORD003366,CUST01754,DC008,EMP0074,2024-10-12,Cancelled
ORD003367,CUST01804,DC019,EMP0175,2025-05-06,Fulfilled
ORD003368,CUST01013,DC003,EMP0714,2023-10-29,Cancelled
ORD003369,CUST01909,DC010,EMP0369,2024-01-05,Fulfilled
ORD003370,CUST02142,DC024,EMP0462,2021-06-20,Pending
ORD003371,CUST02127,DC011,EMP0549,2022-03-15,Pending
ORD003372,CUST02905,DC005,EMP0784,2023-08-04,Pending
ORD003373,CUST02379,DC012,EMP0046,2023-07-16,Fulfilled
ORD003374,CUST02296,DC020,EMP0043,2023-11-17,Fulfilled
ORD003375,CUST00666,DC011,EMP0342,2022-02-04,Cancelled
ORD003376,CUST02722,DC010,EMP0779,2023-09-10,Backordered
ORD003377,CUST02230,DC016,EMP0402,2025-08-19,Fulfilled
ORD003378,CUST00752,DC006,EMP0041,2022-09-19,Fulfilled
ORD003379,CUST01371,DC022,EMP0536,2025-05-25,Fulfilled
ORD003380,CUST00904,DC023,EMP0503,2025-01-06,Backordered
ORD003381,CUST03893,DC009,EMP0032,2021-09-24,Fulfilled
ORD003382,CUST03995,DC004,EMP0521,2024-08-20,Cancelled
ORD003383,CUST02069,DC011,EMP0604,2023-09-18,Fulfilled
ORD003384,CUST02148,DC023,EMP0747,2025-12-05,Pending
ORD003385,CUST03638,DC014,EMP0506,2024-02-17,Fulfilled
ORD003386,CUST03820,DC019,EMP0081,2022-06-05,Cancelled
ORD003387,CUST02282,DC023,EMP0016,2023-03-19,Backordered
ORD003388,CUST02353,DC018,EMP0572,2024-08-19,Fulfilled
ORD003389,CUST02602,DC004,EMP0547,2021-05-25,Fulfilled
ORD003390,CUST00611,DC012,EMP0645,2024-10-10,Fulfilled
ORD003391,CUST01290,DC003,EMP0497,2021-02-09,Cancelled
ORD003392,CUST00555,DC003,EMP0625,2024-02-28,Pending
ORD003393,CUST02371,DC012,EMP0152,2023-01-21,Fulfilled
ORD003394,CUST00619,DC002,EMP0623,2023-03-14,Fulfilled
ORD003395,CUST03117,DC020,EMP0105,2024-07-17,Pending
ORD003396,CUST01952,DC014,EMP0431,2025-09-11,Backordered
ORD003397,CUST00213,DC015,EMP0134,2021-03-19,Backordered
ORD003398,CUST00626,DC011,EMP0797,2025-04-04,Backordered
ORD003399,CUST03286,DC015,EMP0158,2023-01-29,Fulfilled
ORD003400,CUST01311,DC021,EMP0631,2023-11-20,Fulfilled
ORD003401,CUST01382,DC016,EMP0544,2021-08-24,Fulfilled
ORD003402,CUST01250,DC017,EMP0404,2024-07-31,Fulfilled
ORD003403,CUST02525,DC018,EMP0466,2025-04-08,Backordered
ORD003404,CUST00099,DC020,EMP0298,2022-11-29,Fulfilled
ORD003405,CUST02836,DC019,EMP0178,2023-03-01,Pending
ORD003406,CUST01853,DC020,EMP0451,2023-03-01,Pending
ORD003407,CUST02468,DC008,EMP0034,2022-11-05,Fulfilled
ORD003408,CUST00493,DC021,EMP0467,2023-02-22,Backordered
ORD003409,CUST03428,DC009,EMP0314,2024-06-02,Fulfilled
ORD003410,CUST03544,DC021,EMP0494,2024-09-19,Fulfilled
ORD003411,CUST00251,DC007,EMP0400,2022-03-26,Cancelled
ORD003412,CUST00914,DC008,EMP0611,2023-09-22,Fulfilled
ORD003413,CUST03197,DC009,EMP0209,2024-02-11,Fulfilled
ORD003414,CUST00946,DC003,EMP0250,2021-08-22,Cancelled
ORD003415,CUST03603,DC010,EMP0185,2023-09-05,Pending
ORD003416,CUST03138,DC019,EMP0623,2022-07-12,Fulfilled
ORD003417,CUST01233,DC023,EMP0120,2021-10-25,Cancelled
ORD003418,CUST03568,DC009,EMP0020,2023-12-09,Fulfilled
ORD003419,CUST02292,DC017,EMP0011,2024-10-14,Fulfilled
ORD003420,CUST02050,DC002,EMP0115,2023-12-22,Pending
ORD003421,CUST00952,DC015,EMP0725,2023-05-16,Pending
ORD003422,CUST03646,DC018,EMP0775,2021-12-20,Fulfilled
ORD003423,CUST01300,DC001,EMP0651,2025-04-02,Cancelled
ORD003424,CUST03953,DC010,EMP0141,2025-12-10,Backordered
ORD003425,CUST01253,DC012,EMP0187,2021-05-23,Cancelled
ORD003426,CUST03563,DC019,EMP0603,2025-12-17,Backordered
ORD003427,CUST00343,DC009,EMP0193,2024-04-10,Fulfilled
ORD003428,CUST00248,DC009,EMP0670,2025-05-15,Cancelled
ORD003429,CUST02237,DC014,EMP0751,2025-01-11,Backordered
ORD003430,CUST03906,DC017,EMP0316,2025-01-10,Cancelled
ORD003431,CUST00358,DC017,EMP0404,2022-12-02,Pending
ORD003432,CUST01034,DC001,EMP0776,2021-08-13,Fulfilled
ORD003433,CUST02662,DC009,EMP0026,2022-07-12,Pending
ORD003434,CUST00113,DC001,EMP0345,2025-11-09,Fulfilled
ORD003435,CUST02284,DC019,EMP0482,2023-01-01,Cancelled
ORD003436,CUST01638,DC020,EMP0506,2025-06-18,Fulfilled
ORD003437,CUST01712,DC020,EMP0750,2021-01-16,Fulfilled
ORD003438,CUST01906,DC015,EMP0251,2023-01-26,Pending
ORD003439,CUST03927,DC007,EMP0644,2024-02-11,Fulfilled
ORD003440,CUST02585,DC015,EMP0054,2025-10-13,Fulfilled
ORD003441,CUST01450,DC016,EMP0218,2022-08-23,Fulfilled
ORD003442,CUST03914,DC006,EMP0336,2021-04-30,Fulfilled
ORD003443,CUST02452,DC013,EMP0352,2024-10-09,Fulfilled
ORD003444,CUST01834,DC008,EMP0691,2024-02-24,Fulfilled
ORD003445,CUST03264,DC015,EMP0764,2021-05-29,Fulfilled
ORD003446,CUST03652,DC023,EMP0010,2025-03-01,Fulfilled
ORD003447,CUST03858,DC013,EMP0374,2025-01-20,Fulfilled
ORD003448,CUST01608,DC024,EMP0388,2023-03-03,Pending
ORD003449,CUST00839,DC003,EMP0139,2021-07-30,Fulfilled
ORD003450,CUST00940,DC024,EMP0188,2021-08-10,Fulfilled
ORD003451,CUST00966,DC008,EMP0579,2023-07-02,Cancelled
ORD003452,CUST00209,DC008,EMP0450,2023-01-23,Fulfilled
ORD003453,CUST01000,DC012,EMP0381,2022-05-10,Backordered
ORD003454,CUST02560,DC020,EMP0676,2022-06-21,Cancelled
ORD003455,CUST01900,DC023,EMP0336,18/2/2023,Fulfilled
ORD003456,CUST02615,DC010,EMP0312,2022-02-05,Pending
ORD003457,CUST02828,DC019,EMP0115,2023-01-29,Fulfilled
ORD003458,CUST02036,DC014,EMP0209,2021-11-17,Fulfilled
ORD003459,CUST02798,DC017,EMP0360,2023-06-15,Fulfilled
ORD003460,CUST00551,DC007,EMP0495,2024-08-25,Fulfilled
ORD003461,CUST02061,DC011,EMP0379,2025-03-03,Fulfilled
ORD003462,CUST03029,DC008,EMP0542,2025-08-28,Fulfilled
ORD003463,CUST03780,DC014,EMP0390,2024-12-22,Fulfilled
ORD003464,CUST01474,DC023,EMP0522,2022-02-03,Backordered
ORD003465,CUST02259,DC009,EMP0367,2024-01-20,Pending
ORD003466,CUST02754,DC011,EMP0026,2024-09-11,Backordered
ORD003467,CUST01859,DC012,EMP0685,2024-05-01,Cancelled
ORD003468,CUST02233,DC020,EMP0008,2024-06-30,Fulfilled
ORD003469,CUST00466,DC003,EMP0550,2021-06-07,Fulfilled
ORD003470,CUST00119,DC012,EMP0176,2025-09-27,Cancelled
ORD003471,CUST00938,DC024,EMP0045,2024-04-17,Fulfilled
ORD003472,CUST01793,DC019,EMP0072,2021-01-24,Cancelled
ORD003473,CUST03654,DC016,EMP0602,2023-09-07,Fulfilled
ORD003474,CUST02048,DC010,EMP0345,2024-02-22,Fulfilled
ORD003475,CUST02588,DC021,EMP0245,2023-08-19,Backordered
ORD003476,CUST00982,DC002,EMP0038,2024-02-03,Fulfilled
ORD003477,CUST00881,DC008,EMP0572,2023-05-09,Backordered
ORD003478,CUST01758,DC002,EMP0159,2021-08-02,Pending
ORD003479,CUST01115,DC022,EMP0158,2025-05-18,Fulfilled
ORD003480,CUST02268,DC022,EMP0188,2023-08-27,Pending
ORD003481,CUST03447,DC002,EMP0779,2021-05-30,Fulfilled
ORD003482,CUST02693,DC003,EMP0722,2025-09-16,Fulfilled
ORD003483,CUST01451,DC023,EMP0324,2021-12-13,Fulfilled
ORD003484,CUST02944,DC022,EMP0559,2022-02-24,Fulfilled
ORD003485,CUST01019,DC008,EMP0637,2023-11-06,Fulfilled
ORD003486,CUST01770,DC005,EMP0177,2022-08-09,Fulfilled
ORD003487,CUST01037,DC001,EMP0035,2021-10-18,Fulfilled
ORD003488,CUST01981,DC009,EMP0174,2025-08-09,Fulfilled
ORD003489,CUST02831,DC009,EMP0492,2022-07-31,Fulfilled
ORD003490,CUST00911,DC007,EMP0410,2025-04-19,Fulfilled
ORD003491,CUST01747,DC006,EMP0752,2023-07-02,Cancelled
ORD003492,CUST02794,DC020,EMP0698,2021-02-06,Pending
ORD003493,CUST01399,DC005,EMP0317,2021-02-08,Fulfilled
ORD003494,CUST02300,DC021,EMP0303,2021-01-21,Pending
ORD003495,CUST02857,DC004,EMP0019,2025-05-04,Fulfilled
ORD003496,CUST02029,DC018,EMP0620,2025-02-17,Pending
ORD003497,CUST01973,DC022,EMP0509,2024-01-12,Fulfilled
ORD003498,CUST01152,DC020,EMP0051,2023-06-08,Fulfilled
ORD003499,CUST03478,DC018,EMP0198,2025-06-20,Cancelled
ORD003500,CUST03572,DC013,EMP0341,2023-06-12,Pending
ORD003501,CUST01935,DC013,EMP0221,2024-09-01,Fulfilled
ORD003502,CUST02221,DC015,EMP0133,2025-01-02,Fulfilled
ORD003503,CUST01864,DC021,EMP0222,2025-09-14,Cancelled
ORD003504,CUST00729,DC022,EMP0760,2025-11-08,Fulfilled
ORD003505,CUST03233,DC008,EMP0256,2021-06-02,Fulfilled
ORD003506,CUST02330,DC006,EMP0500,2023-07-09,Pending
ORD003507,CUST03589,DC005,EMP0163,2025-02-15,Fulfilled
ORD003508,CUST01341,DC009,EMP0309,2021-10-05,Backordered
ORD003509,CUST01011,DC020,EMP0413,2025-08-09,Fulfilled
ORD003510,CUST03932,DC022,EMP0632,2025-03-29,Pending
ORD003511,CUST02316,DC004,EMP0616,2023-04-23,Cancelled
ORD003512,CUST00807,DC007,EMP0004,2023-03-17,Fulfilled
ORD003513,CUST01287,DC023,EMP0636,2021-07-08,Fulfilled
ORD003514,CUST01772,DC015,EMP0707,2024-04-21,Cancelled
ORD003515,CUST03340,DC010,EMP0464,2024-09-16,Backordered
ORD003516,CUST01647,DC016,EMP0381,2025-10-04,Cancelled
ORD003517,CUST01176,DC017,EMP0372,2024-09-22,Fulfilled
ORD003518,CUST02298,DC008,EMP0746,23/8/2024,Cancelled
ORD003519,CUST03081,DC002,EMP0564,2024-05-13,Fulfilled
ORD003520,CUST02722,DC013,EMP0763,2021-04-17,Fulfilled
ORD003521,CUST02706,DC024,EMP0364,2022-03-17,Backordered
ORD003522,CUST01752,DC010,EMP0695,2021-12-02,Cancelled
ORD003523,CUST02879,DC019,EMP0349,2022-12-24,Fulfilled
ORD003524,CUST01225,DC020,EMP0376,2021-07-05,Backordered
ORD003525,CUST00651,DC018,EMP0103,2024-11-05,Fulfilled
ORD003526,CUST01330,DC020,EMP0430,2025-02-15,Fulfilled
ORD003527,CUST01834,DC003,EMP0427,2023-02-26,Pending
ORD003528,CUST03009,DC003,EMP0611,2024-02-05,Pending
ORD003529,CUST03587,DC022,EMP0774,2025-01-31,Fulfilled
ORD003530,CUST00380,DC005,EMP0272,2024-01-29,Cancelled
ORD003531,CUST03634,DC014,EMP0042,2023-02-03,Fulfilled
ORD003532,CUST00634,DC002,EMP0406,2024-11-16,Fulfilled
ORD003533,CUST01854,DC005,EMP0026,2022-10-08,Backordered
ORD003534,CUST00464,DC024,EMP0638,2024-10-15,Fulfilled
ORD003535,CUST01547,DC005,EMP0443,2022-03-16,Pending
ORD003536,CUST02285,DC011,EMP0749,2022-05-24,Fulfilled
ORD003537,CUST02641,DC007,EMP0387,2023-01-13,Pending
ORD003538,CUST01628,DC012,EMP0289,2024-10-29,Fulfilled
ORD003539,CUST03435,DC002,EMP0112,2024-04-17,Fulfilled
ORD003540,CUST00202,DC016,EMP0545,2023-09-08,Backordered
ORD003541,CUST03845,DC004,EMP0489,2021-08-03,Fulfilled
ORD003542,CUST03069,DC023,EMP0603,2024-09-19,Fulfilled
ORD003543,CUST01919,DC012,EMP0143,2023-03-23,Backordered
ORD003544,CUST01481,DC001,EMP0493,2024-11-25,Fulfilled
ORD003545,CUST02528,DC015,EMP0674,2021-12-24,Fulfilled
ORD003546,CUST03021,DC018,EMP0488,2024-01-19,Fulfilled
ORD003547,CUST03289,DC006,EMP0527,2024-08-26,Fulfilled
ORD003548,CUST02670,DC017,EMP0595,2021-11-05,Pending
ORD003549,CUST01241,DC003,EMP0532,2023-08-18,Backordered
ORD003550,CUST01226,DC022,EMP0212,2024-02-27,Fulfilled
ORD003551,CUST02213,DC007,EMP0580,2022-07-10,Fulfilled
ORD003552,CUST03022,DC002,EMP0023,2025-11-17,Backordered
ORD003553,CUST02776,DC016,EMP0560,2022-10-26,Pending
ORD003554,CUST00217,DC009,EMP0100,2025-05-24,Pending
ORD003555,CUST03876,DC005,EMP0639,2022-06-03,Fulfilled
ORD003556,CUST00312,DC012,EMP0734,2021-10-30,Pending
ORD003557,CUST03701,DC021,EMP0550,2023-05-09,Fulfilled
ORD003558,CUST01981,DC007,EMP0053,2025-03-17,Pending
ORD003559,CUST03015,DC020,EMP0246,2022-05-26,Fulfilled
ORD003560,CUST00862,DC010,EMP0573,2023-09-19,Pending
ORD003561,CUST01360,DC018,EMP0315,2023-09-16,Backordered
ORD003562,CUST02434,DC001,EMP0655,2024-03-06,Backordered
ORD003563,CUST01957,DC009,EMP0606,2024-04-26,Pending
ORD003564,CUST01833,DC019,EMP0160,2022-12-09,Fulfilled
ORD003565,CUST02072,DC012,EMP0378,2024-12-30,Fulfilled
ORD003566,CUST01615,DC012,EMP0058,2023-02-19,Fulfilled
ORD003567,CUST03448,DC009,EMP0553,2022-09-03,Pending
ORD003568,CUST03658,DC004,EMP0649,2025-01-28,Pending
ORD003569,CUST01889,DC003,EMP0418,2025-07-10,Fulfilled
ORD003570,CUST03203,DC009,EMP0523,2022-01-11,Cancelled
ORD003571,CUST02057,DC003,EMP0217,2025-09-27,Fulfilled
ORD003572,CUST00526,DC023,EMP0506,2021-04-01,Backordered
ORD003573,CUST02953,DC012,EMP0492,2025-10-10,Fulfilled
ORD003574,CUST03835,DC006,EMP0321,2023-04-17,Cancelled
ORD003575,CUST00485,DC011,EMP0178,2022-04-02,Cancelled
ORD003576,CUST00154,DC004,EMP0099,2022-03-17,Pending
ORD003577,CUST03154,DC012,EMP0099,2024-01-03,Fulfilled
ORD003578,CUST00247,DC024,EMP0561,2025-08-25,Cancelled
ORD003579,CUST00319,DC005,EMP0297,2024-08-25,Pending
ORD003580,CUST02296,DC002,EMP0705,2023-06-06,Fulfilled
ORD003581,CUST00969,DC004,EMP0274,2023-03-30,Pending
ORD003582,CUST02744,DC004,EMP0315,2021-02-07,Cancelled
ORD003583,CUST02966,DC001,EMP0737,2021-11-21,Fulfilled
ORD003584,CUST00832,DC011,EMP0549,2023-04-07,Fulfilled
ORD003585,CUST03550,DC003,EMP0054,2025-05-26,Cancelled
ORD003586,CUST02402,DC006,EMP0057,2024-12-19,Fulfilled
ORD003587,CUST03454,DC016,EMP0490,2022-12-21,Fulfilled
ORD003588,CUST01923,DC012,EMP0197,2024-06-26,Backordered
ORD003589,CUST01720,DC012,EMP0463,2022-11-10,Fulfilled
ORD003590,CUST01251,DC013,EMP0030,2024-04-19,Fulfilled
ORD003591,CUST02101,DC018,EMP0705,2025-02-08,Fulfilled
ORD003592,CUST03902,DC019,EMP0400,2022-01-14,Backordered
ORD003593,CUST00928,DC017,EMP0629,2022-04-19,Backordered
ORD003594,CUST03921,DC014,EMP0601,2022-01-04,Pending
ORD003595,CUST01941,DC023,EMP0187,2021-04-12,Pending
ORD003596,CUST00044,DC018,EMP0497,2024-06-30,Backordered
ORD003597,CUST00769,DC018,EMP0649,2025-01-01,Pending
ORD003598,CUST01954,DC022,EMP0366,2024-05-28,Cancelled
ORD003599,CUST02837,DC017,EMP0540,2022-04-14,Backordered
ORD003600,CUST03741,DC012,EMP0574,2022-12-08,Fulfilled
ORD003601,CUST00841,DC011,EMP0307,2024-07-12,Pending
ORD003602,CUST01409,DC005,EMP0143,2024-08-11,Pending
ORD003603,CUST03718,DC008,EMP0736,2022-12-02,Backordered
ORD003604,CUST01656,DC018,EMP0570,2025-05-18,Fulfilled
ORD003605,CUST03980,DC006,EMP0348,2021-04-07,Backordered
ORD003606,CUST02431,DC017,EMP0171,2025-11-07,Backordered
ORD003607,CUST02833,DC014,EMP0768,2023-06-18,Cancelled
ORD003608,CUST01818,DC003,EMP0291,2025-10-03,Cancelled
ORD003609,CUST02500,DC013,EMP0649,2024-01-01,Fulfilled
ORD003610,CUST01895,DC011,EMP0278,2023-08-14,Fulfilled
ORD003611,CUST01469,DC002,EMP0558,2023-01-26,Fulfilled
ORD003612,CUST01129,DC001,EMP0213,2024-01-31,Fulfilled
ORD003613,CUST02450,DC020,EMP0333,2024-02-08,Fulfilled
ORD003614,CUST01065,DC016,EMP0580,2025-12-23,Cancelled
ORD003615,CUST02451,DC016,EMP0007,2025-01-23,Backordered
ORD003616,CUST02139,DC019,EMP0542,2023-04-07,Fulfilled
ORD003617,CUST00370,DC004,EMP0731,2024-09-17,Cancelled
ORD003618,CUST02189,DC011,EMP0225,2025-11-08,Cancelled
ORD003619,CUST03770,DC023,EMP0168,2024-07-23,Fulfilled
ORD003620,CUST02816,DC018,EMP0761,2023-06-17,Backordered
ORD003621,CUST03387,DC001,EMP0615,2022-12-12,Backordered
ORD003622,CUST01308,DC013,EMP0218,2021-09-26,Cancelled
ORD003623,CUST00203,DC002,EMP0038,2021-01-12,Cancelled
ORD003624,CUST00104,DC015,EMP0280,2021-08-13,Fulfilled
ORD003625,CUST02672,DC024,EMP0050,2023-07-06,Fulfilled
ORD003626,CUST00916,DC003,EMP0143,2021-04-19,Pending
ORD003627,CUST02568,DC005,EMP0609,2024-09-29,Cancelled
ORD003628,CUST03123,DC010,EMP0669,2024-11-04,Pending
ORD003629,CUST01566,DC006,EMP0182,2022-06-06,Cancelled
ORD003630,CUST01166,DC002,EMP0511,2023-03-04,Cancelled
ORD003631,CUST00914,DC021,EMP0090,2023-03-09,Fulfilled
ORD003632,CUST01373,DC023,EMP0373,2022-06-07,Fulfilled
ORD003633,CUST01932,DC001,EMP0426,2025-05-21,Backordered
ORD003634,CUST02049,DC002,EMP0375,2023-10-10,Pending
ORD003635,CUST03854,DC006,EMP0606,2021-08-19,Cancelled
ORD003636,CUST03145,DC016,EMP0581,2024-05-01,Pending
ORD003637,CUST01747,DC005,EMP0084,2024-12-29,Cancelled
ORD003638,CUST01922,DC008,EMP0086,2023-11-19,Backordered
ORD003639,CUST02703,DC008,EMP0760,2021-03-24,Fulfilled
ORD003640,CUST00864,DC012,EMP0174,2021-10-03,Fulfilled
ORD003641,CUST03110,DC006,EMP0152,2022-07-02,Backordered
ORD003642,CUST00759,DC022,EMP0510,2021-07-07,Backordered
ORD003643,CUST02484,DC020,EMP0247,2022-10-01,Cancelled
ORD003644,CUST03884,DC001,EMP0756,2021-04-17,Fulfilled
ORD003645,CUST00536,DC017,EMP0276,2021-07-10,Fulfilled
ORD003646,CUST02965,DC016,EMP0144,2025-07-25,Fulfilled
ORD003647,CUST01067,DC013,EMP0742,2024-12-11,Backordered
ORD003648,CUST02574,DC019,EMP0665,2024-12-03,Pending
ORD003649,CUST03405,DC019,EMP0045,2024-01-31,Fulfilled
ORD003650,CUST01653,DC017,EMP0088,2025-12-22,Fulfilled
ORD003651,CUST00623,DC008,EMP0556,2022-06-23,Fulfilled
ORD003652,CUST01707,DC020,EMP0521,2024-04-26,Backordered
ORD003653,CUST02368,DC023,EMP0073,2022-07-28,Backordered
ORD003654,CUST01982,DC001,EMP0666,2021-05-18,Cancelled
ORD003655,CUST03816,DC019,EMP0740,2021-08-22,Fulfilled
ORD003656,CUST01846,DC010,EMP0767,2025-05-16,Backordered
ORD003657,CUST03983,DC009,EMP0485,2024-09-29,Cancelled
ORD003658,CUST00584,DC003,EMP0478,2025-10-25,Fulfilled
ORD003659,CUST03243,DC019,EMP0119,2024-02-13,Fulfilled
ORD003660,CUST01447,DC014,EMP0657,2021-01-20,Backordered
ORD003661,CUST02740,DC021,EMP0164,2024-11-02,Fulfilled
ORD003662,CUST01248,DC005,EMP0536,2023-05-14,Fulfilled
ORD003663,CUST03379,DC012,EMP0148,2024-04-04,Fulfilled
ORD003664,CUST02364,DC006,EMP0788,2024-10-21,Fulfilled
ORD003665,CUST00213,DC021,EMP0580,2024-11-23,Backordered
ORD003666,CUST01426,DC018,EMP0729,2024-07-27,Fulfilled
ORD003667,CUST02610,DC020,EMP0585,2021-12-27,Backordered
ORD003668,CUST03540,DC018,EMP0039,2023-09-07,Fulfilled
ORD003669,CUST01128,DC009,EMP0112,2021-11-15,Fulfilled
ORD003670,CUST01634,DC008,EMP0193,2025-04-06,Pending
ORD003671,CUST02269,DC023,EMP0757,2023-11-29,Fulfilled
ORD003672,CUST02558,DC008,EMP0026,2025-06-20,Pending
ORD003673,CUST02709,DC019,EMP0568,2024-06-06,Cancelled
ORD003674,CUST01296,DC005,EMP0357,2025-01-08,Fulfilled
ORD003675,CUST03213,DC020,EMP0160,2022-07-13,Cancelled
ORD003676,CUST01924,DC014,EMP0272,2023-10-30,Fulfilled
ORD003677,CUST02876,DC013,EMP0587,2025-03-27,Pending
ORD003678,CUST00102,DC004,EMP0419,2024-06-11,Backordered
ORD003679,CUST02947,DC008,EMP0739,2021-10-08,Fulfilled
ORD003680,CUST03694,DC021,EMP0298,2025-04-26,Fulfilled
ORD003681,CUST03009,DC002,EMP0779,2021-05-15,Fulfilled
ORD003682,CUST01998,DC011,EMP0482,2023-06-23,Cancelled
ORD003683,CUST01546,DC003,EMP0665,2025-09-12,Fulfilled
ORD003684,CUST03665,DC021,EMP0701,2025-08-30,Pending
ORD003685,CUST01568,DC006,EMP0404,2023-02-15,Cancelled
ORD003686,CUST00344,DC020,EMP0442,2021-06-24,Fulfilled
ORD003687,CUST01590,DC006,EMP0383,2022-04-23,Cancelled
ORD003688,CUST00871,DC002,EMP0464,2023-06-09,Backordered
ORD003689,CUST00864,DC022,EMP0739,2024-07-05,Pending
ORD003690,CUST02283,DC018,EMP0622,2025-03-13,Fulfilled
ORD003691,CUST01004,DC008,EMP0679,2025-12-25,Fulfilled
ORD003692,CUST00405,DC014,EMP0314,2022-04-18,Fulfilled
ORD003693,CUST01645,DC009,EMP0799,2023-12-30,Pending
ORD003694,CUST01319,DC018,EMP0016,2021-03-17,Fulfilled
ORD003695,CUST03247,DC004,EMP0741,2023-09-17,Pending
ORD003696,CUST00461,DC002,EMP0635,2021-03-25,Cancelled
ORD003697,CUST00688,DC009,EMP0304,2023-08-28,Fulfilled
ORD003698,CUST00326,DC008,EMP0587,2024-07-11,Fulfilled
ORD003699,CUST03737,DC007,EMP0080,2021-01-23,Fulfilled
ORD003700,CUST00398,DC019,EMP0395,2025-10-15,Fulfilled
ORD003701,CUST01273,DC024,EMP0440,2025-05-16,Backordered
ORD003702,CUST00467,DC001,EMP0456,2025-11-08,Pending
ORD003703,CUST00972,DC024,EMP0152,2022-06-23,Fulfilled
ORD003704,CUST01162,DC006,EMP0268,2021-08-04,Cancelled
ORD003705,CUST02596,DC005,EMP0264,2021-10-20,Fulfilled
ORD003706,CUST03810,DC011,EMP0108,2024-03-21,Fulfilled
ORD003707,CUST02238,DC010,EMP0098,2022-05-08,Fulfilled
ORD003708,CUST00123,DC020,EMP0493,2022-10-01,Backordered
ORD003709,CUST00107,DC023,EMP0407,2023-03-20,Fulfilled
ORD003710,CUST01104,DC024,EMP0222,2024-11-16,Fulfilled
ORD003711,CUST02620,DC023,EMP0790,2022-04-02,Fulfilled
ORD003712,CUST01965,DC010,EMP0064,2023-06-23,Backordered
ORD003713,CUST03741,DC003,EMP0623,2025-10-22,Fulfilled
ORD003714,CUST02081,DC012,EMP0134,2021-11-26,Fulfilled
ORD003715,CUST00823,DC008,EMP0725,2025-05-28,Pending
ORD003716,CUST00712,DC008,EMP0062,2025-12-22,Fulfilled
ORD003717,CUST03708,DC015,EMP0556,2022-07-06,Pending
ORD003718,CUST00804,DC010,EMP0760,2023-09-30,Backordered
ORD003719,CUST00823,DC024,EMP0650,2025-10-15,Backordered
ORD003720,CUST00599,DC024,EMP0444,2022-10-10,Backordered
ORD003721,CUST01280,DC020,EMP0613,2024-10-07,Fulfilled
ORD003722,CUST01386,DC024,EMP0753,2025-09-16,Cancelled
ORD003723,CUST01844,DC015,EMP0253,2021-09-13,Pending
ORD003724,CUST00058,DC014,EMP0170,2023-04-11,Fulfilled
ORD003725,CUST01878,DC016,EMP0164,2025-05-18,Pending
ORD003726,CUST01153,DC009,EMP0121,2025-07-28,Fulfilled
ORD003727,CUST02515,DC013,EMP0406,2022-03-07,Cancelled
ORD003728,CUST01679,DC002,EMP0314,2025-05-19,Cancelled
ORD003729,CUST00022,DC021,EMP0079,2022-06-05,Fulfilled
ORD003730,CUST03655,DC010,EMP0799,2025-11-11,Cancelled
ORD003731,CUST00797,DC013,EMP0557,2023-07-31,Backordered
ORD003732,CUST02484,DC010,EMP0325,2024-12-10,Cancelled
ORD003733,CUST02739,DC003,EMP0764,2024-05-25,Fulfilled
ORD003734,CUST02985,DC007,EMP0730,2024-06-22,Pending
ORD003735,CUST01930,DC012,EMP0332,2025-11-26,Backordered
ORD003736,CUST03655,DC022,EMP0110,2022-03-03,Cancelled
ORD003737,CUST02169,DC018,EMP0527,2022-02-13,Fulfilled
ORD003738,CUST00785,DC015,EMP0633,2023-02-14,Fulfilled
ORD003739,CUST03080,DC013,EMP0773,2025-03-11,Cancelled
ORD003740,CUST02735,DC017,EMP0572,2024-03-10,Fulfilled
ORD003741,CUST03835,DC014,EMP0168,2024-04-14,Fulfilled
ORD003742,CUST00532,DC004,EMP0102,2022-06-24,Fulfilled
ORD003743,CUST00991,DC009,EMP0011,2022-11-08,Fulfilled
ORD003744,CUST02590,DC010,EMP0001,2022-07-09,Fulfilled
ORD003745,CUST00364,DC003,EMP0753,2025-04-01,Fulfilled
ORD003746,CUST02403,DC013,EMP0407,2022-10-17,Pending
ORD003747,CUST02352,DC023,EMP0362,2025-10-29,Fulfilled
ORD003748,CUST02501,DC007,EMP0732,2022-03-10,Fulfilled
ORD003749,CUST02385,DC007,EMP0413,2021-05-25,Fulfilled
ORD003750,CUST02373,DC011,EMP0606,2022-03-15,Fulfilled
ORD003751,CUST01943,DC017,EMP0616,2023-09-03,Backordered
ORD003752,CUST02943,DC013,EMP0105,2023-10-07,Pending
ORD003753,CUST00463,DC009,EMP0710,2023-01-08,Fulfilled
ORD003754,CUST03329,DC004,EMP0008,2025-02-02,Cancelled
ORD003755,CUST02475,DC002,EMP0020,2023-04-20,Fulfilled
ORD003756,CUST03987,DC003,EMP0648,2023-11-15,Pending
ORD003757,CUST00591,DC002,EMP0420,2025-11-18,Pending
ORD003758,CUST00029,DC006,EMP0776,2021-06-28,Backordered
ORD003759,CUST01118,DC012,EMP0117,2023-07-13,Backordered
ORD003760,CUST02645,DC017,EMP0770,2023-11-01,Fulfilled
ORD003761,CUST01878,DC008,EMP0073,2023-07-04,Fulfilled
ORD003762,CUST00128,DC013,EMP0053,2025-02-01,Backordered
ORD003763,CUST01366,DC019,EMP0485,2023-12-24,Fulfilled
ORD003764,CUST00472,DC006,EMP0286,2023-03-08,Fulfilled
ORD003765,CUST02374,DC012,EMP0066,2021-08-26,Backordered
ORD003766,CUST00665,DC021,EMP0137,2021-09-18,Fulfilled
ORD003767,CUST02466,DC018,EMP0027,2021-03-29,Backordered
ORD003768,CUST02949,DC024,EMP0055,2025-08-31,Backordered
ORD003769,CUST01711,DC019,EMP0767,2022-12-28,Backordered
ORD003770,CUST00152,DC009,EMP0334,2025-02-05,Cancelled
ORD003771,CUST02258,DC009,EMP0504,2025-04-30,Backordered
ORD003772,CUST01449,DC003,EMP0180,2022-03-07,Backordered
ORD003773,CUST02915,DC004,EMP0324,2022-12-07,Backordered
ORD003774,CUST01267,DC008,EMP0402,2024-01-26,Cancelled
ORD003775,CUST01516,DC024,EMP0562,2025-01-23,Pending
ORD003776,CUST01978,DC021,EMP0263,2024-06-22,Fulfilled
ORD003777,CUST00615,DC015,EMP0525,2021-03-02,Fulfilled
ORD003778,CUST01882,DC024,EMP0316,2021-06-09,Pending
ORD003779,CUST02566,DC017,EMP0341,2021-08-10,Fulfilled
ORD003780,CUST01074,DC002,EMP0275,2023-02-04,Fulfilled
ORD003781,CUST02622,DC024,EMP0475,2022-12-18,Cancelled
ORD003782,CUST03639,DC011,EMP0314,2021-09-28,Backordered
ORD003783,CUST00693,DC003,EMP0291,2025-11-22,Fulfilled
ORD003784,CUST01948,DC018,EMP0078,2023-09-06,Backordered
ORD003785,CUST00833,DC020,EMP0708,2022-08-07,Fulfilled
ORD003786,CUST02652,DC015,EMP0752,2025-08-26,Fulfilled
ORD003787,CUST01678,DC012,EMP0003,2023-06-25,Pending
ORD003788,CUST02031,DC009,EMP0274,2023-02-09,Fulfilled
ORD003789,CUST01008,DC017,EMP0428,2021-06-17,Fulfilled
ORD003790,CUST01750,DC006,EMP0699,2022-02-13,Backordered
ORD003791,CUST02302,DC009,EMP0745,2024-08-14,Fulfilled
ORD003792,CUST00831,DC016,EMP0678,2024-07-21,Fulfilled
ORD003793,CUST00371,DC016,EMP0723,2024-07-14,Pending
ORD003794,CUST01971,DC021,EMP0239,2023-01-12,Cancelled
ORD003795,CUST01775,DC004,EMP0203,2022-01-31,Fulfilled
ORD003796,CUST00066,DC022,EMP0799,2022-01-09,Cancelled
ORD003797,CUST02691,DC008,EMP0704,2023-09-16,Fulfilled
ORD003798,CUST01673,DC006,EMP0496,2022-02-19,Pending
ORD003799,CUST02372,DC012,EMP0155,2021-11-14,Backordered
ORD003800,CUST00519,DC020,EMP0228,2022-08-26,Pending
ORD003801,CUST02885,DC011,EMP0157,2022-06-13,Fulfilled
ORD003802,CUST00546,DC014,EMP0694,2023-11-30,Pending
ORD003803,CUST02434,DC017,EMP0765,2022-12-14,Backordered
ORD003804,CUST00309,DC004,EMP0448,2022-03-23,Backordered
ORD003805,CUST00523,DC010,EMP0740,2025-09-19,Pending
ORD003806,CUST00805,DC014,EMP0009,2021-04-22,Pending
ORD003807,CUST00456,DC012,EMP0728,2023-11-26,Fulfilled
ORD003808,CUST02148,DC009,EMP0598,2024-11-29,Fulfilled
ORD003809,CUST01454,DC021,EMP0164,2025-01-09,Fulfilled
ORD003810,CUST00184,DC022,EMP0729,2025-06-28,Fulfilled
ORD003811,CUST02473,DC021,EMP0232,2024-06-13,Pending
ORD003812,CUST01489,DC012,EMP0191,2022-04-09,Fulfilled
ORD003813,CUST03551,DC011,EMP0530,2022-05-09,Fulfilled
ORD003814,CUST02077,DC012,EMP0020,2023-04-04,Cancelled
ORD003815,CUST02586,DC001,EMP0288,2022-11-03,Cancelled
ORD003816,CUST02676,DC002,EMP0109,2023-02-20,Pending
ORD003817,CUST00842,DC005,EMP0638,2024-09-16,Fulfilled
ORD003818,CUST02785,DC006,EMP0107,2022-09-30,Backordered
ORD003819,CUST02569,DC019,EMP0224,2024-01-04,Pending
ORD003820,CUST03046,DC002,EMP0503,2024-11-24,Fulfilled
ORD003821,CUST01507,DC014,EMP0713,2022-01-10,Fulfilled
ORD003822,CUST03624,DC005,EMP0045,2022-06-26,Fulfilled
ORD003823,CUST03149,DC002,EMP0159,2022-06-25,Cancelled
ORD003824,CUST02122,DC018,EMP0582,2024-09-21,Backordered
ORD003825,CUST02816,DC005,EMP0109,2022-08-22,Fulfilled
ORD003826,CUST00487,DC011,EMP0130,2024-09-08,Fulfilled
ORD003827,CUST02204,DC021,EMP0782,2022-01-11,Fulfilled
ORD003828,CUST03815,DC006,EMP0471,2024-07-22,Pending
ORD003829,CUST02965,DC022,EMP0368,2023-01-01,Fulfilled
ORD003830,CUST01018,DC005,EMP0273,2023-01-07,Fulfilled
ORD003831,CUST03239,DC015,EMP0366,2024-11-24,Pending
ORD003832,CUST00710,DC010,EMP0593,2023-03-08,Cancelled
ORD003833,CUST01726,DC022,EMP0109,2024-06-29,Pending
ORD003834,CUST00684,DC017,EMP0575,2022-11-03,Fulfilled
ORD003835,CUST00506,DC015,EMP0041,2023-11-25,Pending
ORD003836,CUST01101,DC011,EMP0557,2021-09-28,Fulfilled
ORD003837,CUST03374,DC022,EMP0232,2022-08-27,Pending
ORD003838,CUST00214,DC018,EMP0236,2021-09-26,Cancelled
ORD003839,CUST01226,DC023,EMP0673,2023-11-27,Fulfilled
ORD003840,CUST00084,DC017,EMP0418,2024-09-24,Fulfilled
ORD003841,CUST03277,DC021,EMP0329,2023-04-13,Cancelled
ORD003842,CUST00052,DC024,EMP0426,2022-07-31,Cancelled
ORD003843,CUST01054,DC005,EMP0335,2025-09-12,Fulfilled
ORD003844,CUST01557,DC022,EMP0156,2022-11-17,Fulfilled
ORD003845,CUST02409,DC008,EMP0208,2023-01-31,Fulfilled
ORD003846,CUST02843,DC014,EMP0170,2024-04-01,Cancelled
ORD003847,CUST01417,DC024,EMP0703,2023-11-13,Backordered
ORD003848,CUST01392,DC012,EMP0646,2021-09-02,Backordered
ORD003849,CUST02274,DC017,EMP0296,2022-01-23,Cancelled
ORD003850,CUST01849,DC012,EMP0683,2024-09-03,Fulfilled
ORD003851,CUST00896,DC013,EMP0350,2023-08-09,Fulfilled
ORD003852,CUST03013,DC014,EMP0442,2023-10-09,Fulfilled
ORD003853,CUST00826,DC004,EMP0737,2024-11-16,Fulfilled
ORD003854,CUST01350,DC024,EMP0641,2025-09-12,Backordered
ORD003855,CUST01499,DC024,EMP0714,2023-05-06,Backordered
ORD003856,CUST03769,DC016,EMP0059,2023-10-31,Cancelled
ORD003857,CUST00665,DC017,EMP0655,2023-07-05,Fulfilled
ORD003858,CUST01789,DC015,EMP0748,2021-01-25,Fulfilled
ORD003859,CUST02578,DC022,EMP0360,2025-11-08,Fulfilled
ORD003860,CUST01744,DC002,EMP0169,2023-01-04,Backordered
ORD003861,CUST03760,DC003,EMP0537,2024-09-30,Fulfilled
ORD003862,CUST03359,DC011,EMP0764,2024-01-08,Cancelled
ORD003863,CUST00256,DC021,EMP0741,2024-07-04,Fulfilled
ORD003864,CUST03346,DC021,EMP0243,2025-05-07,Fulfilled
ORD003865,CUST00910,DC009,EMP0430,2024-10-08,Fulfilled
ORD003866,CUST01199,DC023,EMP0025,2021-11-07,Fulfilled
ORD003867,CUST01945,DC001,EMP0720,2021-02-22,Cancelled
ORD003868,CUST03289,DC022,EMP0347,2023-10-23,Backordered
ORD003869,CUST00760,DC008,EMP0651,2024-08-04,Cancelled
ORD003870,CUST02156,DC007,EMP0778,2024-05-13,Backordered
ORD003871,CUST01691,DC008,EMP0514,2025-05-05,Backordered
ORD003872,CUST00205,DC017,EMP0627,2023-05-06,Pending
ORD003873,CUST02932,DC007,EMP0732,2024-07-10,Pending
ORD003874,CUST01197,DC016,EMP0452,2022-11-29,Backordered
ORD003875,CUST00336,DC022,EMP0087,2021-05-02,Cancelled
ORD003876,CUST03588,DC007,EMP0640,2022-07-02,Cancelled
ORD003877,CUST03463,DC003,EMP0433,2021-04-20,Backordered
ORD003878,CUST01017,DC012,EMP0531,2024-07-31,Fulfilled
ORD003879,CUST01617,DC001,EMP0056,2022-06-09,Fulfilled
ORD003880,CUST00080,DC001,EMP0637,2022-02-19,Fulfilled
ORD003881,CUST02899,DC021,EMP0528,2025-09-20,Fulfilled
ORD003882,CUST02650,DC024,EMP0274,2022-05-09,Cancelled
ORD003883,CUST02968,DC003,EMP0744,2024-03-28,Backordered
ORD003884,CUST02919,DC009,EMP0004,2025-06-28,Pending
ORD003885,CUST01201,DC020,EMP0368,2023-08-03,Fulfilled
ORD003886,CUST02503,DC023,EMP0129,2022-06-05,Fulfilled
ORD003887,CUST00217,DC011,EMP0533,2025-01-17,Backordered
ORD003888,CUST00780,DC011,EMP0378,2021-07-11,Fulfilled
ORD003889,CUST02692,DC014,EMP0679,2025-11-19,Fulfilled
ORD003890,CUST02446,DC024,EMP0207,2024-02-23,Pending
ORD003891,CUST01319,DC020,EMP0561,2022-12-20,Pending
ORD003892,CUST03454,DC002,EMP0403,2024-01-16,Pending
ORD003893,CUST01130,DC007,EMP0031,2025-04-27,Fulfilled
ORD003894,CUST01989,DC011,EMP0042,2023-11-24,Cancelled
ORD003895,CUST02628,DC007,EMP0399,2023-06-19,Fulfilled
ORD003896,CUST01212,DC017,EMP0073,2024-01-31,Fulfilled
ORD003897,CUST01302,DC017,EMP0298,2022-11-13,Backordered
ORD003898,CUST03235,DC019,EMP0122,2025-11-29,Pending
ORD003899,CUST01981,DC008,EMP0666,2021-08-03,Pending
ORD003900,CUST00730,DC006,EMP0076,2022-08-20,Fulfilled
ORD003901,CUST00806,DC004,EMP0368,2022-08-14,Fulfilled
ORD003902,CUST02338,DC015,EMP0048,2024-10-12,Pending
ORD003903,CUST02607,DC024,EMP0046,2021-08-09,Fulfilled
ORD003904,CUST00640,DC021,EMP0799,2025-04-15,Cancelled
ORD003905,CUST01492,DC002,EMP0627,2022-01-01,Pending
ORD003906,CUST02249,DC008,EMP0019,2021-06-19,Cancelled
ORD003907,CUST00712,DC018,EMP0596,2023-04-29,Cancelled
ORD003908,CUST02963,DC020,EMP0619,2024-06-12,Fulfilled
ORD003909,CUST03748,DC009,EMP0044,2024-01-20,Pending
ORD003910,CUST03459,DC005,EMP0425,2023-11-16,Backordered
ORD003911,CUST00853,DC003,EMP0696,2024-05-27,Fulfilled
ORD003912,CUST00429,DC019,EMP0100,2025-05-26,Fulfilled
ORD003913,CUST03603,DC006,EMP0132,2024-10-26,Cancelled
ORD003914,CUST00399,DC014,EMP0230,2024-11-17,Backordered
ORD003915,CUST01378,DC007,EMP0767,2022-06-17,Fulfilled
ORD003916,CUST00452,DC001,EMP0383,2024-08-04,Backordered
ORD003917,CUST03988,DC020,EMP0112,2025-12-17,Cancelled
ORD003918,CUST00502,DC002,EMP0233,2022-04-24,Backordered
ORD003919,CUST00611,DC015,EMP0021,2023-01-01,Fulfilled
ORD003920,CUST00287,DC018,EMP0654,2025-02-04,Fulfilled
ORD003921,CUST01231,DC007,EMP0523,2024-12-21,Pending
ORD003922,CUST01454,DC012,EMP0280,2025-12-18,Fulfilled
ORD003923,CUST03125,DC021,EMP0798,2022-11-13,Backordered
ORD003924,CUST02740,DC021,EMP0326,2023-01-12,Fulfilled
ORD003925,CUST01296,DC005,EMP0411,2022-06-28,Fulfilled
ORD003926,CUST01946,DC006,EMP0776,2021-02-19,Fulfilled
ORD003927,CUST02739,DC008,EMP0280,2025-07-22,Fulfilled
ORD003928,CUST01783,DC005,EMP0576,2024-09-04,Fulfilled
ORD003929,CUST00902,DC012,EMP0501,2024-01-07,Fulfilled
ORD003930,CUST00270,DC010,EMP0567,2024-11-27,Fulfilled
ORD003931,CUST00402,DC002,EMP0164,2023-12-13,Fulfilled
ORD003932,CUST03845,DC021,EMP0236,2022-04-24,Cancelled
ORD003933,CUST01673,DC003,EMP0608,2025-09-23,Fulfilled
ORD003934,CUST00540,DC002,EMP0457,2021-01-19,Pending
ORD003935,CUST01202,DC015,EMP0213,2025-10-03,Backordered
ORD003936,CUST02923,DC017,EMP0037,15/10/2022,Backordered
ORD003937,CUST02798,DC004,EMP0759,2025-12-09,Pending
ORD003938,CUST01250,DC003,EMP0751,2022-06-26,Fulfilled
ORD003939,CUST01912,DC006,EMP0738,2025-04-21,Fulfilled
ORD003940,CUST02220,DC020,EMP0303,2025-01-09,Pending
ORD003941,CUST02541,DC017,EMP0075,2021-11-17,Cancelled
ORD003942,CUST02095,DC017,EMP0194,2023-08-03,Backordered
ORD003943,CUST01125,DC007,EMP0283,2025-04-25,Pending
ORD003944,CUST03120,DC011,EMP0064,2023-06-06,Fulfilled
ORD003945,CUST02458,DC003,EMP0618,2021-12-06,Fulfilled
ORD003946,CUST00496,DC005,EMP0477,2024-10-13,Cancelled
ORD003947,CUST00246,DC019,EMP0791,2021-06-09,Fulfilled
ORD003948,CUST01084,DC014,EMP0325,2025-05-28,Fulfilled
ORD003949,CUST03393,DC017,EMP0574,2024-07-20,Fulfilled
ORD003950,CUST00822,DC009,EMP0219,2021-10-03,Fulfilled
ORD003951,CUST03584,DC008,EMP0131,2023-02-28,Backordered
ORD003952,CUST02310,DC012,EMP0394,2021-10-24,Fulfilled
ORD003953,CUST00803,DC012,EMP0164,2021-01-30,Backordered
ORD003954,CUST00421,DC012,EMP0291,2025-09-22,Cancelled
ORD003955,CUST02887,DC019,EMP0342,2025-01-02,Fulfilled
ORD003956,CUST02224,DC011,EMP0712,2024-11-30,Fulfilled
ORD003957,CUST00081,DC017,EMP0211,2021-12-02,Fulfilled
ORD003958,CUST03876,DC003,EMP0421,2021-07-20,Fulfilled
ORD003959,CUST00064,DC004,EMP0409,2023-10-11,Fulfilled
ORD003960,CUST00493,DC017,EMP0245,2022-05-30,Backordered
ORD003961,CUST01117,DC005,EMP0628,2023-11-21,Fulfilled
ORD003962,CUST01713,DC007,EMP0097,2024-07-08,Pending
ORD003963,CUST02973,DC003,EMP0582,2024-08-20,Fulfilled
ORD003964,CUST01249,DC021,EMP0072,2021-08-17,Fulfilled
ORD003965,CUST02542,DC010,EMP0688,2025-07-29,Cancelled
ORD003966,CUST02527,DC001,EMP0683,2024-03-18,Pending
ORD003967,CUST03698,DC024,EMP0562,2024-05-20,Cancelled
ORD003968,CUST01684,DC009,EMP0704,2025-12-08,Pending
ORD003969,CUST01600,DC004,EMP0551,2024-06-21,Backordered
ORD003970,CUST01109,DC006,EMP0663,2021-04-18,Fulfilled
ORD003971,CUST02933,DC007,EMP0224,2023-05-06,Fulfilled
ORD003972,CUST01766,DC013,EMP0255,2021-09-09,Fulfilled
ORD003973,CUST02453,DC007,EMP0226,2022-04-16,Fulfilled
ORD003974,CUST00312,DC016,EMP0590,2023-04-04,Fulfilled
ORD003975,CUST02183,DC019,EMP0619,2024-08-03,Fulfilled
ORD003976,CUST02222,DC016,EMP0316,2023-02-01,Cancelled
ORD003977,CUST00824,DC004,EMP0143,2022-11-28,Fulfilled
ORD003978,CUST03534,DC024,EMP0384,2023-10-16,Fulfilled
ORD003979,CUST03590,DC022,EMP0428,2025-06-27,Cancelled
ORD003980,CUST03679,DC021,EMP0696,2025-10-22,Pending
ORD003981,CUST00099,DC010,EMP0443,2024-08-01,Fulfilled
ORD003982,CUST00076,DC002,EMP0118,2025-02-01,Fulfilled
ORD003983,CUST00322,DC007,EMP0256,2024-04-22,Cancelled
ORD003984,CUST01099,DC015,EMP0170,2024-07-26,Fulfilled
ORD003985,CUST03551,DC013,EMP0242,2021-08-14,Pending
ORD003986,CUST03183,DC014,EMP0090,2023-08-04,Fulfilled
ORD003987,CUST03284,DC008,EMP0359,2025-11-09,Fulfilled
ORD003988,CUST01564,DC009,EMP0614,2022-04-05,Fulfilled
ORD003989,CUST03968,DC013,EMP0637,2021-07-27,Backordered
ORD003990,CUST03627,DC005,EMP0580,2023-02-01,Backordered
ORD003991,CUST01802,DC021,EMP0167,2023-05-31,Fulfilled
ORD003992,CUST02685,DC016,EMP0033,2022-08-17,Cancelled
ORD003993,CUST01843,DC019,EMP0102,2021-12-18,Fulfilled
ORD003994,CUST01542,DC020,EMP0512,2025-03-02,Backordered
ORD003995,CUST00605,DC017,EMP0633,2025-10-05,Pending
ORD003996,CUST02327,DC002,EMP0279,2023-03-25,Backordered
ORD003997,CUST01163,DC007,EMP0063,2023-06-08,Backordered
ORD003998,CUST03851,DC015,EMP0783,2024-06-15,Pending
ORD003999,CUST02554,DC016,EMP0468,2024-08-28,Fulfilled
ORD004000,CUST03545,DC011,EMP0452,2025-12-12,Pending
ORD004001,CUST03237,DC022,EMP0007,27/9/2023,Fulfilled
ORD004002,CUST03961,DC022,EMP0563,2021-12-23,Fulfilled
ORD004003,CUST00284,DC018,EMP0086,2022-02-06,Fulfilled
ORD004004,CUST02074,DC006,EMP0746,2024-06-08,Backordered
ORD004005,CUST00887,DC007,EMP0320,2025-12-26,Fulfilled
ORD004006,CUST03541,DC020,EMP0753,2025-11-17,Fulfilled
ORD004007,CUST02303,DC004,EMP0659,2022-01-01,Backordered
ORD004008,CUST01572,DC011,EMP0582,2022-04-25,Pending
ORD004009,CUST02860,DC020,EMP0588,2023-08-05,Fulfilled
ORD004010,CUST02904,DC022,EMP0702,2022-07-25,Cancelled
ORD004011,CUST03933,DC024,EMP0381,2025-03-21,Cancelled
ORD004012,CUST01381,DC006,EMP0531,2022-09-08,Backordered
ORD004013,CUST01309,DC002,EMP0559,2021-11-21,Fulfilled
ORD004014,CUST00834,DC021,EMP0740,2025-11-03,Cancelled
ORD004015,CUST02708,DC019,EMP0159,2021-03-27,Pending
ORD004016,CUST00785,DC012,EMP0353,2025-12-08,Cancelled
ORD004017,CUST01831,DC005,EMP0635,2023-08-23,Cancelled
ORD004018,CUST01818,DC005,EMP0347,2023-10-28,Fulfilled
ORD004019,CUST02743,DC023,EMP0493,2025-07-12,Cancelled
ORD004020,CUST01548,DC008,EMP0594,2024-09-15,Backordered
ORD004021,CUST01136,DC021,EMP0038,2023-10-27,Fulfilled
ORD004022,CUST00740,DC017,EMP0382,2023-09-24,Cancelled
ORD004023,CUST02733,DC003,EMP0220,2022-05-06,Fulfilled
ORD004024,CUST02857,DC013,EMP0047,2022-05-18,Fulfilled
ORD004025,CUST01994,DC015,EMP0082,2024-08-11,Fulfilled
ORD004026,CUST00301,DC008,EMP0664,2023-03-08,Pending
ORD004027,CUST02444,DC002,EMP0053,2022-07-08,Fulfilled
ORD004028,CUST02147,DC021,EMP0002,2023-11-15,Fulfilled
ORD004029,CUST00935,DC023,EMP0054,2024-01-14,Fulfilled
ORD004030,CUST02487,DC010,EMP0757,2023-10-07,Pending
ORD004031,CUST00632,DC008,EMP0418,2021-08-16,Cancelled
ORD004032,CUST00812,DC020,EMP0199,2024-07-02,Backordered
ORD004033,CUST02017,DC011,EMP0762,2022-10-30,Fulfilled
ORD004034,CUST01516,DC018,EMP0166,2022-08-24,Backordered
ORD004035,CUST03621,DC009,EMP0176,2023-07-18,Pending
ORD004036,CUST00126,DC009,EMP0241,2022-01-09,Fulfilled
ORD004037,CUST00855,DC001,EMP0231,2022-11-07,Fulfilled
ORD004038,CUST02368,DC009,EMP0400,2021-07-28,Pending
ORD004039,CUST03671,DC015,EMP0705,2023-12-09,Fulfilled
ORD004040,CUST01435,DC001,EMP0250,2024-06-16,Backordered
ORD004041,CUST01500,DC009,EMP0217,2023-12-06,Pending
ORD004042,CUST03779,DC017,EMP0655,2022-12-27,Cancelled
ORD004043,CUST01009,DC006,EMP0762,2025-01-01,Cancelled
ORD004044,CUST01772,DC015,EMP0663,2023-03-10,Fulfilled
ORD004045,CUST00698,DC011,EMP0696,2023-05-21,Cancelled
ORD004046,CUST01831,DC018,EMP0548,2022-11-28,Fulfilled
ORD004047,CUST01347,DC018,EMP0362,2023-07-26,Cancelled
ORD004048,CUST01758,DC003,EMP0040,2024-09-04,Pending
ORD004049,CUST01702,DC021,EMP0714,2021-11-07,Fulfilled
ORD004050,CUST03698,DC022,EMP0752,2023-10-29,Backordered
ORD004051,CUST01332,DC019,EMP0406,2021-06-13,Fulfilled
ORD004052,CUST00492,DC024,EMP0022,2024-03-22,Fulfilled
ORD004053,CUST01496,DC014,EMP0664,2023-05-29,Pending
ORD004054,CUST03737,DC015,EMP0252,2024-07-13,Backordered
ORD004055,CUST00686,DC013,EMP0342,2021-10-10,Backordered
ORD004056,CUST03935,DC019,EMP0609,2025-06-22,Backordered
ORD004057,CUST03131,DC020,EMP0216,2025-01-03,Fulfilled
ORD004058,CUST00547,DC020,EMP0663,2025-09-14,Fulfilled
ORD004059,CUST03645,DC024,EMP0365,2021-09-05,Fulfilled
ORD004060,CUST00089,DC011,EMP0086,2024-09-11,Pending
ORD004061,CUST01451,DC005,EMP0214,2024-07-20,Fulfilled
ORD004062,CUST02335,DC009,EMP0387,2021-05-19,Pending
ORD004063,CUST03690,DC020,EMP0630,2022-08-22,Cancelled
ORD004064,CUST01719,DC010,EMP0702,2021-05-19,Pending
ORD004065,CUST01103,DC024,EMP0225,2022-01-17,Fulfilled
ORD004066,CUST03606,DC007,EMP0340,2022-08-26,Fulfilled
ORD004067,CUST00307,DC003,EMP0281,2022-06-01,Fulfilled
ORD004068,CUST03627,DC019,EMP0341,2025-11-25,Fulfilled
ORD004069,CUST03227,DC017,EMP0028,2021-11-01,Cancelled
ORD004070,CUST03260,DC020,EMP0202,19/7/2022,Fulfilled
ORD004071,CUST01132,DC002,EMP0666,2022-03-11,Pending
ORD004072,CUST01170,DC017,EMP0017,2023-07-19,Fulfilled
ORD004073,CUST01241,DC011,EMP0468,2021-06-30,Fulfilled
ORD004074,CUST02427,DC011,EMP0690,2022-03-31,Backordered
ORD004075,CUST01105,DC014,EMP0017,2023-07-21,Pending
ORD004076,CUST02058,DC001,EMP0555,2025-12-22,Fulfilled
ORD004077,CUST01780,DC021,EMP0367,2022-06-10,Fulfilled
ORD004078,CUST02955,DC005,EMP0759,2023-09-24,Cancelled
ORD004079,CUST02338,DC012,EMP0344,2025-03-23,Fulfilled
ORD004080,CUST01827,DC006,EMP0727,2022-10-06,Fulfilled
ORD004081,CUST02255,DC019,EMP0454,2024-02-17,Fulfilled
ORD004082,CUST01500,DC019,EMP0426,2025-10-24,Fulfilled
ORD004083,CUST02270,DC019,EMP0735,2022-01-22,Cancelled
ORD004084,CUST02277,DC015,EMP0344,2024-01-26,Cancelled
ORD004085,CUST02508,DC020,EMP0016,2024-12-15,Backordered
ORD004086,CUST03740,DC011,EMP0792,2025-04-14,Pending
ORD004087,CUST03418,DC005,EMP0052,2024-05-18,Cancelled
ORD004088,CUST03130,DC007,EMP0352,2024-07-30,Cancelled
ORD004089,CUST01545,DC022,EMP0493,2023-07-12,Pending
ORD004090,CUST01934,DC007,EMP0664,2023-06-05,Backordered
ORD004091,CUST02226,DC024,EMP0276,2025-07-10,Fulfilled
ORD004092,CUST01124,DC015,EMP0629,2025-09-27,Cancelled
ORD004093,CUST00332,DC020,EMP0750,2022-10-19,Fulfilled
ORD004094,CUST01630,DC023,EMP0370,2023-08-13,Fulfilled
ORD004095,CUST03510,DC007,EMP0337,22/2/2021,Fulfilled
ORD004096,CUST01615,DC017,EMP0420,2025-03-29,Cancelled
ORD004097,CUST01271,DC019,EMP0770,2022-07-11,Fulfilled
ORD004098,CUST03321,DC008,EMP0376,2021-09-09,Cancelled
ORD004099,CUST02602,DC019,EMP0172,2024-07-14,Backordered
ORD004100,CUST02813,DC001,EMP0023,2023-09-17,Cancelled
ORD004101,CUST03201,DC005,EMP0089,2024-02-20,Cancelled
ORD004102,CUST00623,DC010,EMP0325,2021-04-30,Fulfilled
ORD004103,CUST02178,DC013,EMP0278,2022-08-21,Backordered
ORD004104,CUST02213,DC004,EMP0356,2024-04-26,Fulfilled
ORD004105,CUST02609,DC015,EMP0494,2021-07-21,Fulfilled
ORD004106,CUST00582,DC003,EMP0628,2021-04-16,Fulfilled
ORD004107,CUST00696,DC001,EMP0425,2025-12-08,Fulfilled
ORD004108,CUST03931,DC007,EMP0174,2023-11-25,Cancelled
ORD004109,CUST00800,DC009,EMP0089,2023-05-18,Fulfilled
ORD004110,CUST00860,DC018,EMP0754,2021-07-27,Backordered
ORD004111,CUST00389,DC021,EMP0451,2022-10-02,Fulfilled
ORD004112,CUST02111,DC012,EMP0763,2022-09-14,Pending
ORD004113,CUST01001,DC018,EMP0257,2021-05-17,Pending
ORD004114,CUST01152,DC012,EMP0568,2023-12-04,Pending
ORD004115,CUST03538,DC006,EMP0286,2025-07-24,Fulfilled
ORD004116,CUST00899,DC018,EMP0523,2025-05-13,Fulfilled
ORD004117,CUST00951,DC023,EMP0043,2025-01-31,Fulfilled
ORD004118,CUST02314,DC024,EMP0560,2022-08-08,Backordered
ORD004119,CUST02857,DC020,EMP0327,2023-12-06,Fulfilled
ORD004120,CUST03439,DC005,EMP0219,2025-09-26,Cancelled
ORD004121,CUST02561,DC022,EMP0402,2024-10-21,Cancelled
ORD004122,CUST02456,DC013,EMP0028,2023-08-05,Backordered
ORD004123,CUST02685,DC016,EMP0537,2021-01-01,Cancelled
ORD004124,CUST00896,DC007,EMP0167,2021-03-15,Backordered
ORD004125,CUST03926,DC013,EMP0201,2025-10-05,Backordered
ORD004126,CUST01362,DC021,EMP0106,2025-04-07,Pending
ORD004127,CUST01741,DC020,EMP0544,2023-06-16,Pending
ORD004128,CUST01943,DC022,EMP0124,2025-11-02,Fulfilled
ORD004129,CUST00078,DC018,EMP0569,2024-03-26,Backordered
ORD004130,CUST02132,DC011,EMP0264,2021-04-25,Fulfilled
ORD004131,CUST03544,DC005,EMP0794,2021-09-03,Pending
ORD004132,CUST00356,DC012,EMP0300,2022-01-29,Fulfilled
ORD004133,CUST02111,DC018,EMP0479,2023-01-02,Fulfilled
ORD004134,CUST03228,DC002,EMP0186,2023-08-06,Fulfilled
ORD004135,CUST02963,DC012,EMP0154,2022-07-01,Cancelled
ORD004136,CUST00508,DC010,EMP0529,2023-12-17,Fulfilled
ORD004137,CUST02200,DC002,EMP0667,2022-08-29,Fulfilled
ORD004138,CUST03696,DC023,EMP0634,2021-04-07,Fulfilled
ORD004139,CUST03860,DC014,EMP0515,2021-07-09,Fulfilled
ORD004140,CUST03154,DC019,EMP0251,2021-10-11,Fulfilled
ORD004141,CUST00092,DC015,EMP0229,2021-09-13,Fulfilled
ORD004142,CUST02165,DC017,EMP0131,2021-04-20,Pending
ORD004143,CUST01596,DC011,EMP0657,2022-06-28,Backordered
ORD004144,CUST02149,DC002,EMP0442,2022-06-03,Backordered
ORD004145,CUST01078,DC010,EMP0761,2025-06-21,Fulfilled
ORD004146,CUST00976,DC010,EMP0026,2021-11-30,Fulfilled
ORD004147,CUST03806,DC021,EMP0449,2023-04-22,Fulfilled
ORD004148,CUST02690,DC014,EMP0043,2025-04-09,Cancelled
ORD004149,CUST00038,DC008,EMP0537,2025-04-07,Fulfilled
ORD004150,CUST01293,DC020,EMP0014,2022-08-19,Pending
ORD004151,CUST01885,DC021,EMP0539,2021-01-27,Backordered
ORD004152,CUST02259,DC023,EMP0084,2025-08-26,Fulfilled
ORD004153,CUST00386,DC003,EMP0121,2022-08-02,Backordered
ORD004154,CUST02315,DC014,EMP0257,2022-06-21,Cancelled
ORD004155,CUST01150,DC021,EMP0559,2025-11-14,Pending
ORD004156,CUST00170,DC020,EMP0427,2024-10-05,Cancelled
ORD004157,CUST01321,DC009,EMP0383,2023-02-17,Fulfilled
ORD004158,CUST00087,DC021,EMP0685,2025-09-26,Fulfilled
ORD004159,CUST00993,DC012,EMP0047,2023-09-29,Fulfilled
ORD004160,CUST03603,DC007,EMP0284,2024-09-03,Fulfilled
ORD004161,CUST03202,DC022,EMP0677,2024-04-08,Fulfilled
ORD004162,CUST02386,DC016,EMP0538,2024-02-25,Cancelled
ORD004163,CUST02514,DC001,EMP0596,2021-02-22,Pending
ORD004164,CUST00518,DC020,EMP0026,2021-03-10,Backordered
ORD004165,CUST00156,DC022,EMP0118,2023-11-21,Fulfilled
ORD004166,CUST00547,DC016,EMP0534,2025-09-27,Fulfilled
ORD004167,CUST02325,DC004,EMP0306,2025-12-30,Fulfilled
ORD004168,CUST02001,DC007,EMP0358,2023-08-07,Pending
ORD004169,CUST02037,DC003,EMP0640,2024-12-01,Cancelled
ORD004170,CUST02663,DC011,EMP0346,2025-06-24,Fulfilled
ORD004171,CUST02981,DC024,EMP0001,2021-06-13,Fulfilled
ORD004172,CUST02220,DC010,EMP0027,2024-01-03,Pending
ORD004173,CUST00853,DC022,EMP0372,2022-10-16,Pending
ORD004174,CUST00625,DC007,EMP0696,2023-02-12,Fulfilled
ORD004175,CUST01826,DC020,EMP0365,2023-03-05,Cancelled
ORD004176,CUST01807,DC016,EMP0609,2022-02-22,Cancelled
ORD004177,CUST01940,DC010,EMP0038,2022-11-13,Pending
ORD004178,CUST00782,DC015,EMP0395,2024-04-07,Fulfilled
ORD004179,CUST00605,DC018,EMP0556,2025-06-24,Backordered
ORD004180,CUST02414,DC023,EMP0524,2021-10-16,Fulfilled
ORD004181,CUST01615,DC003,EMP0297,2025-07-10,Fulfilled
ORD004182,CUST01392,DC018,EMP0008,2025-08-23,Backordered
ORD004183,CUST03672,DC009,EMP0581,2023-11-07,Fulfilled
ORD004184,CUST00013,DC012,EMP0374,2021-08-23,Pending
ORD004185,CUST03279,DC005,EMP0718,2025-03-06,Cancelled
ORD004186,CUST00319,DC017,EMP0371,2022-06-14,Backordered
ORD004187,CUST02175,DC017,EMP0416,2025-04-27,Fulfilled
ORD004188,CUST00439,DC013,EMP0172,2025-01-20,Fulfilled
ORD004189,CUST01449,DC021,EMP0503,2023-05-12,Fulfilled
ORD004190,CUST01050,DC009,EMP0697,2025-11-03,Fulfilled
ORD004191,CUST01824,DC010,EMP0268,2023-06-25,Fulfilled
ORD004192,CUST01363,DC002,EMP0315,2024-05-08,Cancelled
ORD004193,CUST03363,DC023,EMP0743,2022-06-15,Pending
ORD004194,CUST03344,DC014,EMP0289,2024-10-04,Fulfilled
ORD004195,CUST03394,DC002,EMP0715,2022-12-09,Cancelled
ORD004196,CUST01350,DC017,EMP0332,2024-10-12,Pending
ORD004197,CUST01583,DC005,EMP0358,2025-12-02,Cancelled
ORD004198,CUST02938,DC003,EMP0440,2023-08-22,Fulfilled
ORD004199,CUST03701,DC009,EMP0170,2022-06-14,Fulfilled
ORD004200,CUST02279,DC016,EMP0588,2024-05-09,Fulfilled
ORD004201,CUST01985,DC017,EMP0293,2022-11-10,Fulfilled
ORD004202,CUST03678,DC007,EMP0543,2025-04-01,Fulfilled
ORD004203,CUST03937,DC007,EMP0006,2024-12-24,Backordered
ORD004204,CUST02473,DC022,EMP0632,2021-09-30,Fulfilled
ORD004205,CUST00100,DC007,EMP0763,2022-04-26,Backordered
ORD004206,CUST01955,DC005,EMP0027,2024-09-29,Fulfilled
ORD004207,CUST03576,DC006,EMP0356,2023-04-29,Fulfilled
ORD004208,CUST03813,DC012,EMP0650,2023-10-17,Fulfilled
ORD004209,CUST01962,DC009,EMP0140,2024-03-09,Fulfilled
ORD004210,CUST01731,DC022,EMP0437,2021-04-07,Pending
ORD004211,CUST00959,DC015,EMP0406,2023-05-30,Pending
ORD004212,CUST03146,DC001,EMP0444,2025-04-27,Fulfilled
ORD004213,CUST00254,DC023,EMP0137,2021-10-01,Fulfilled
ORD004214,CUST03543,DC012,EMP0552,2024-08-25,Fulfilled
ORD004215,CUST00947,DC018,EMP0282,2024-07-04,Backordered
ORD004216,CUST02308,DC015,EMP0590,2022-08-10,Fulfilled
ORD004217,CUST02599,DC009,EMP0030,2023-09-11,Fulfilled
ORD004218,CUST01675,DC017,EMP0118,2023-09-18,Fulfilled
ORD004219,CUST03071,DC003,EMP0005,2024-11-20,Pending
ORD004220,CUST00349,DC009,EMP0614,2024-10-21,Backordered
ORD004221,CUST02606,DC022,EMP0260,2024-08-20,Cancelled
ORD004222,CUST00779,DC013,EMP0121,2021-12-09,Backordered
ORD004223,CUST01884,DC016,EMP0267,2023-05-22,Pending
ORD004224,CUST00289,DC008,EMP0655,2022-03-04,Backordered
ORD004225,CUST00424,DC016,EMP0047,2021-07-12,Pending
ORD004226,CUST02316,DC024,EMP0758,2021-10-03,Backordered
ORD004227,CUST02337,DC016,EMP0249,2022-12-19,Backordered
ORD004228,CUST03089,DC013,EMP0563,2023-11-04,Fulfilled
ORD004229,CUST02678,DC016,EMP0321,2023-08-26,Fulfilled
ORD004230,CUST03838,DC009,EMP0518,2025-07-16,Cancelled
ORD004231,CUST00580,DC002,EMP0410,2021-08-25,Backordered
ORD004232,CUST01391,DC020,EMP0530,2022-11-23,Fulfilled
ORD004233,CUST00864,DC015,EMP0751,2023-12-12,Fulfilled
ORD004234,CUST03915,DC024,EMP0154,2022-01-06,Fulfilled
ORD004235,CUST01464,DC012,EMP0084,2023-02-13,Fulfilled
ORD004236,CUST00582,DC016,EMP0659,2024-03-03,Backordered
ORD004237,CUST00388,DC001,EMP0432,2022-07-30,Cancelled
ORD004238,CUST02121,DC017,EMP0781,2022-12-27,Pending
ORD004239,CUST03881,DC011,EMP0710,2021-10-31,Fulfilled
ORD004240,CUST02391,DC003,EMP0071,2021-08-20,Pending
ORD004241,CUST03704,DC018,EMP0002,2023-10-30,Cancelled
ORD004242,CUST00721,DC011,EMP0600,2021-08-28,Fulfilled
ORD004243,CUST00205,DC009,EMP0643,2023-01-07,Fulfilled
ORD004244,CUST01739,DC022,EMP0129,2021-10-03,Fulfilled
ORD004245,CUST03461,DC010,EMP0551,2025-01-13,Fulfilled
ORD004246,CUST00183,DC009,EMP0598,2023-11-07,Pending
ORD004247,CUST01495,DC007,EMP0305,2024-04-18,Fulfilled
ORD004248,CUST01544,DC013,EMP0433,2021-04-21,Fulfilled
ORD004249,CUST03182,DC005,EMP0771,2022-11-26,Pending
ORD004250,CUST02984,DC019,EMP0138,2025-01-13,Cancelled
ORD004251,CUST03134,DC006,EMP0038,2021-11-27,Fulfilled
ORD004252,CUST00749,DC012,EMP0549,2021-01-24,Cancelled
ORD004253,CUST02553,DC009,EMP0439,2025-04-27,Cancelled
ORD004254,CUST03677,DC001,EMP0343,2022-02-03,Cancelled
ORD004255,CUST01270,DC001,EMP0603,2024-06-23,Pending
ORD004256,CUST02068,DC004,EMP0620,2023-05-15,Pending
ORD004257,CUST02841,DC017,EMP0786,2022-07-22,Fulfilled
ORD004258,CUST01770,DC014,EMP0321,2024-09-21,Fulfilled
ORD004259,CUST00658,DC008,EMP0535,2023-01-16,Backordered
ORD004260,CUST03582,DC006,EMP0126,2021-07-24,Fulfilled
ORD004261,CUST01988,DC001,EMP0121,2024-09-27,Cancelled
ORD004262,CUST02648,DC021,EMP0231,2021-10-11,Pending
ORD004263,CUST01988,DC022,EMP0733,2022-05-03,Fulfilled
ORD004264,CUST00951,DC006,EMP0380,2024-05-07,Fulfilled
ORD004265,CUST03404,DC020,EMP0178,2021-06-01,Backordered
ORD004266,CUST03788,DC019,EMP0440,2021-07-14,Pending
ORD004267,CUST03550,DC021,EMP0741,2025-09-15,Fulfilled
ORD004268,CUST00051,DC011,EMP0207,2021-09-03,Fulfilled
ORD004269,CUST02168,DC002,EMP0607,2025-04-25,Fulfilled
ORD004270,CUST01287,DC008,EMP0673,2025-11-27,Pending
ORD004271,CUST02770,DC016,EMP0344,2025-12-25,Fulfilled
ORD004272,CUST01130,DC015,EMP0754,2023-12-18,Fulfilled
ORD004273,CUST00339,DC012,EMP0768,2022-03-29,Fulfilled
ORD004274,CUST01779,DC009,EMP0704,2023-04-09,Fulfilled
ORD004275,CUST01386,DC024,EMP0012,2025-09-18,Backordered
ORD004276,CUST00766,DC003,EMP0489,2022-06-11,Cancelled
ORD004277,CUST00930,DC001,EMP0051,2025-01-26,Pending
ORD004278,CUST00702,DC011,EMP0509,2022-12-30,Backordered
ORD004279,CUST00784,DC013,EMP0291,2023-11-15,Fulfilled
ORD004280,CUST02931,DC020,EMP0407,2024-02-12,Cancelled
ORD004281,CUST00034,DC014,EMP0671,2021-06-09,Fulfilled
ORD004282,CUST03295,DC022,EMP0169,2023-09-12,Fulfilled
ORD004283,CUST01617,DC023,EMP0353,2025-04-05,Fulfilled
ORD004284,CUST03130,DC008,EMP0556,2025-10-14,Cancelled
ORD004285,CUST00116,DC018,EMP0576,2021-08-10,Fulfilled
ORD004286,CUST02530,DC009,EMP0683,2021-10-06,Fulfilled
ORD004287,CUST03377,DC009,EMP0477,2021-06-11,Fulfilled
ORD004288,CUST01341,DC009,EMP0588,2025-01-26,Fulfilled
ORD004289,CUST02031,DC024,EMP0381,2024-06-06,Pending
ORD004290,CUST03837,DC016,EMP0682,2025-02-02,Backordered
ORD004291,CUST01782,DC021,EMP0605,2024-11-15,Pending
ORD004292,CUST01622,DC001,EMP0574,2024-03-20,Fulfilled
ORD004293,CUST02415,DC020,EMP0761,2024-06-04,Fulfilled
ORD004294,CUST00662,DC015,EMP0435,2024-12-05,Cancelled
ORD004295,CUST00342,DC015,EMP0649,2022-03-09,Pending
ORD004296,CUST03917,DC005,EMP0248,2023-07-05,Backordered
ORD004297,CUST02951,DC014,EMP0441,2024-06-26,Fulfilled
ORD004298,CUST03936,DC006,EMP0038,2023-05-21,Fulfilled
ORD004299,CUST02379,DC004,EMP0338,2025-10-18,Fulfilled
ORD004300,CUST01279,DC007,EMP0032,2021-08-04,Pending
ORD004301,CUST01582,DC001,EMP0372,23/8/2021,Fulfilled
ORD004302,CUST01361,DC003,EMP0782,2022-05-21,Fulfilled
ORD004303,CUST02894,DC013,EMP0043,2023-11-12,Fulfilled
ORD004304,CUST02293,DC004,EMP0584,2021-02-08,Fulfilled
ORD004305,CUST02687,DC005,EMP0560,2021-12-03,Fulfilled
ORD004306,CUST03758,DC018,EMP0649,2025-08-15,Fulfilled
ORD004307,CUST01657,DC011,EMP0360,2021-01-23,Fulfilled
ORD004308,CUST01305,DC017,EMP0071,2022-07-15,Fulfilled
ORD004309,CUST00967,DC019,EMP0409,2025-11-17,Fulfilled
ORD004310,CUST00683,DC022,EMP0796,2022-08-19,Backordered
ORD004311,CUST01792,DC004,EMP0410,2021-12-25,Fulfilled
ORD004312,CUST03142,DC014,EMP0045,2023-03-24,Cancelled
ORD004313,CUST03432,DC019,EMP0288,2025-04-21,Fulfilled
ORD004314,CUST02516,DC021,EMP0018,2022-08-27,Fulfilled
ORD004315,CUST03173,DC003,EMP0225,2025-01-13,Pending
ORD004316,CUST01461,DC008,EMP0377,2021-07-07,Pending
ORD004317,CUST01389,DC008,EMP0623,2024-05-04,Backordered
ORD004318,CUST02676,DC012,EMP0619,2022-11-22,Cancelled
ORD004319,CUST00445,DC024,EMP0330,2024-07-04,Backordered
ORD004320,CUST00424,DC011,EMP0319,2025-07-24,Fulfilled
ORD004321,CUST03656,DC012,EMP0196,2023-02-21,Fulfilled
ORD004322,CUST01648,DC013,EMP0348,2022-02-06,Fulfilled
ORD004323,CUST01306,DC009,EMP0416,2022-05-06,Cancelled
ORD004324,CUST01472,DC021,EMP0313,2021-01-22,Cancelled
ORD004325,CUST00412,DC007,EMP0138,2024-12-17,Backordered
ORD004326,CUST01736,DC023,EMP0032,2022-11-17,Fulfilled
ORD004327,CUST00462,DC010,EMP0699,2021-05-01,Pending
ORD004328,CUST03899,DC008,EMP0439,2024-02-18,Fulfilled
ORD004329,CUST01067,DC017,EMP0782,2023-08-04,Backordered
ORD004330,CUST00548,DC007,EMP0150,2023-04-06,Backordered
ORD004331,CUST01680,DC023,EMP0100,2024-02-13,Cancelled
ORD004332,CUST03877,DC003,EMP0517,2024-06-13,Pending
ORD004333,CUST01441,DC020,EMP0799,2022-02-09,Fulfilled
ORD004334,CUST01080,DC015,EMP0006,2025-07-11,Fulfilled
ORD004335,CUST02624,DC005,EMP0264,2021-07-19,Fulfilled
ORD004336,CUST02613,DC003,EMP0293,2021-09-25,Cancelled
ORD004337,CUST02943,DC010,EMP0602,2021-07-18,Fulfilled
ORD004338,CUST01082,DC003,EMP0449,2021-07-09,Backordered
ORD004339,CUST02466,DC003,EMP0327,2021-06-12,Fulfilled
ORD004340,CUST00625,DC009,EMP0558,2025-12-27,Pending
ORD004341,CUST00712,DC001,EMP0318,2022-05-30,Cancelled
ORD004342,CUST02952,DC014,EMP0200,2024-02-05,Fulfilled
ORD004343,CUST02776,DC002,EMP0736,2021-02-11,Cancelled
ORD004344,CUST02402,DC015,EMP0058,2022-03-23,Fulfilled
ORD004345,CUST01364,DC007,EMP0550,2024-03-04,Fulfilled
ORD004346,CUST03857,DC008,EMP0435,2021-08-28,Fulfilled
ORD004347,CUST03178,DC022,EMP0360,2025-08-23,Backordered
ORD004348,CUST01650,DC010,EMP0455,2025-09-27,Pending
ORD004349,CUST02766,DC013,EMP0097,2025-03-01,Pending
ORD004350,CUST00326,DC002,EMP0492,2021-05-28,Backordered
ORD004351,CUST03421,DC009,EMP0466,2025-05-07,Fulfilled
ORD004352,CUST00984,DC014,EMP0104,2024-07-11,Backordered
ORD004353,CUST01067,DC002,EMP0411,2023-12-12,Backordered
ORD004354,CUST02916,DC023,EMP0546,2025-05-14,Fulfilled
ORD004355,CUST01781,DC002,EMP0052,2022-07-11,Fulfilled
ORD004356,CUST01185,DC013,EMP0325,2023-11-01,Fulfilled
ORD004357,CUST03898,DC015,EMP0500,2025-03-17,Pending
ORD004358,CUST03026,DC003,EMP0337,2025-06-25,Cancelled
ORD004359,CUST02514,DC008,EMP0695,2022-07-03,Backordered
ORD004360,CUST03745,DC015,EMP0415,2022-08-05,Fulfilled
ORD004361,CUST01654,DC008,EMP0557,2025-04-09,Fulfilled
ORD004362,CUST03670,DC014,EMP0672,2024-01-24,Fulfilled
ORD004363,CUST00116,DC003,EMP0537,2024-11-02,Fulfilled
ORD004364,CUST01363,DC023,EMP0698,2022-10-01,Backordered
ORD004365,CUST01499,DC005,EMP0576,2021-11-27,Fulfilled
ORD004366,CUST03180,DC019,EMP0381,2021-11-08,Fulfilled
ORD004367,CUST03342,DC024,EMP0039,2022-04-10,Fulfilled
ORD004368,CUST03170,DC019,EMP0319,2022-01-02,Backordered
ORD004369,CUST00815,DC019,EMP0020,2025-08-30,Pending
ORD004370,CUST02100,DC022,EMP0162,2022-01-14,Fulfilled
ORD004371,CUST01179,DC009,EMP0187,2025-09-18,Fulfilled
ORD004372,CUST02730,DC003,EMP0666,2022-05-06,Fulfilled
ORD004373,CUST03669,DC016,EMP0216,2023-07-17,Fulfilled
ORD004374,CUST01781,DC024,EMP0593,2023-06-19,Cancelled
ORD004375,CUST01955,DC002,EMP0778,2025-12-03,Cancelled
ORD004376,CUST02745,DC018,EMP0660,2024-06-16,Fulfilled
ORD004377,CUST03818,DC005,EMP0031,2025-08-23,Backordered
ORD004378,CUST03146,DC020,EMP0541,2023-09-11,Cancelled
ORD004379,CUST02745,DC024,EMP0376,2022-07-23,Fulfilled
ORD004380,CUST01950,DC024,EMP0225,2024-09-12,Fulfilled
ORD004381,CUST03656,DC008,EMP0738,2023-04-22,Fulfilled
ORD004382,CUST03898,DC003,EMP0653,2023-11-03,Fulfilled
ORD004383,CUST03671,DC017,EMP0121,2021-12-31,Fulfilled
ORD004384,CUST00729,DC014,EMP0458,2023-07-28,Backordered
ORD004385,CUST02117,DC016,EMP0797,2025-12-06,Cancelled
ORD004386,CUST01904,DC013,EMP0037,2025-07-16,Fulfilled
ORD004387,CUST00554,DC021,EMP0463,2025-01-09,Pending
ORD004388,CUST00565,DC017,EMP0564,2025-11-02,Pending
ORD004389,CUST01422,DC018,EMP0681,2022-02-13,Cancelled
ORD004390,CUST00594,DC003,EMP0061,2022-03-24,Fulfilled
ORD004391,CUST01587,DC011,EMP0493,2022-12-20,Fulfilled
ORD004392,CUST02037,DC018,EMP0144,2021-08-25,Cancelled
ORD004393,CUST00703,DC014,EMP0519,2024-08-03,Cancelled
ORD004394,CUST03189,DC020,EMP0534,2025-01-07,Fulfilled
ORD004395,CUST02587,DC004,EMP0602,2022-12-09,Pending
ORD004396,CUST03109,DC018,EMP0079,2024-09-19,Cancelled
ORD004397,CUST03137,DC015,EMP0155,2021-08-17,Fulfilled
ORD004398,CUST01025,DC023,EMP0027,2021-08-26,Fulfilled
ORD004399,CUST01433,DC010,EMP0532,2022-05-20,Pending
ORD004400,CUST00742,DC014,EMP0787,2021-03-31,Cancelled
ORD004401,CUST02688,DC006,EMP0058,2025-02-27,Fulfilled
ORD004402,CUST01392,DC018,EMP0171,2025-11-08,Fulfilled
ORD004403,CUST01413,DC015,EMP0299,2025-11-08,Fulfilled
ORD004404,CUST02164,DC004,EMP0293,2021-05-14,Cancelled
ORD004405,CUST03957,DC011,EMP0697,2024-09-19,Pending
ORD004406,CUST00265,DC023,EMP0308,2025-02-23,Fulfilled
ORD004407,CUST02058,DC002,EMP0734,2025-03-29,Fulfilled
ORD004408,CUST00538,DC003,EMP0100,2023-07-22,Fulfilled
ORD004409,CUST02893,DC018,EMP0267,2023-10-29,Fulfilled
ORD004410,CUST01914,DC020,EMP0788,2024-06-28,Backordered
ORD004411,CUST00194,DC007,EMP0384,2025-11-11,Fulfilled
ORD004412,CUST01719,DC020,EMP0617,2021-05-24,Fulfilled
ORD004413,CUST03317,DC016,EMP0661,2023-10-07,Backordered
ORD004414,CUST03077,DC001,EMP0233,2022-09-05,Fulfilled
ORD004415,CUST02925,DC020,EMP0692,2023-02-05,Backordered
ORD004416,CUST00732,DC012,EMP0717,14/5/2022,Fulfilled
ORD004417,CUST00112,DC009,EMP0685,2023-12-05,Pending
ORD004418,CUST01768,DC019,EMP0426,2021-10-16,Fulfilled
ORD004419,CUST01224,DC019,EMP0283,2025-02-15,Pending
ORD004420,CUST01544,DC020,EMP0189,2022-07-06,Pending
ORD004421,CUST02321,DC005,EMP0257,2023-05-03,Fulfilled
ORD004422,CUST03747,DC009,EMP0061,2023-12-20,Fulfilled
ORD004423,CUST01675,DC005,EMP0075,2021-10-19,Fulfilled
ORD004424,CUST00050,DC016,EMP0564,2022-08-15,Fulfilled
ORD004425,CUST00458,DC002,EMP0029,2023-08-24,Fulfilled
ORD004426,CUST03290,DC011,EMP0234,2025-05-29,Fulfilled
ORD004427,CUST03440,DC009,EMP0035,2021-04-28,Fulfilled
ORD004428,CUST00819,DC015,EMP0403,2023-04-09,Fulfilled
ORD004429,CUST01703,DC020,EMP0023,2023-10-30,Fulfilled
ORD004430,CUST00979,DC006,EMP0639,2021-06-18,Fulfilled
ORD004431,CUST03351,DC015,EMP0108,2022-05-16,Fulfilled
ORD004432,CUST02261,DC022,EMP0243,2022-08-07,Backordered
ORD004433,CUST01956,DC002,EMP0109,2022-05-10,Pending
ORD004434,CUST02977,DC021,EMP0499,16/10/2023,Fulfilled
ORD004435,CUST01133,DC005,EMP0535,2021-05-09,Cancelled
ORD004436,CUST00989,DC003,EMP0316,2024-01-01,Pending
ORD004437,CUST00753,DC022,EMP0699,2023-12-27,Fulfilled
ORD004438,CUST03520,DC001,EMP0084,2022-07-03,Cancelled
ORD004439,CUST02698,DC016,EMP0628,2021-01-25,Cancelled
ORD004440,CUST00039,DC022,EMP0015,2023-11-10,Fulfilled
ORD004441,CUST01534,DC008,EMP0259,2024-06-22,Cancelled
ORD004442,CUST01430,DC023,EMP0495,2025-09-28,Fulfilled
ORD004443,CUST03511,DC007,EMP0624,2021-05-27,Fulfilled
ORD004444,CUST00387,DC008,EMP0132,2022-03-18,Pending
ORD004445,CUST00052,DC024,EMP0231,2024-07-13,Fulfilled
ORD004446,CUST00548,DC015,EMP0709,2023-08-02,Fulfilled
ORD004447,CUST00525,DC010,EMP0412,2024-08-02,Fulfilled
ORD004448,CUST03183,DC019,EMP0784,2025-08-12,Fulfilled
ORD004449,CUST02293,DC010,EMP0579,2021-06-24,Cancelled
ORD004450,CUST00926,DC011,EMP0006,2025-10-12,Backordered
ORD004451,CUST00017,DC004,EMP0268,2023-01-22,Cancelled
ORD004452,CUST01795,DC007,EMP0360,2023-07-24,Pending
ORD004453,CUST03717,DC023,EMP0528,2025-11-14,Pending
ORD004454,CUST03308,DC024,EMP0616,2023-06-02,Pending
ORD004455,CUST00163,DC006,EMP0485,2024-07-09,Pending
ORD004456,CUST03643,DC012,EMP0761,2025-04-28,Fulfilled
ORD004457,CUST01849,DC023,EMP0171,2021-02-11,Fulfilled
ORD004458,CUST02154,DC007,EMP0324,2025-06-07,Backordered
ORD004459,CUST03014,DC014,EMP0490,2025-10-26,Fulfilled
ORD004460,CUST00976,DC022,EMP0506,2021-02-23,Pending
ORD004461,CUST02175,DC014,EMP0684,2023-01-25,Fulfilled
ORD004462,CUST03782,DC024,EMP0281,2024-04-20,Backordered
ORD004463,CUST00857,DC018,EMP0661,2025-08-05,Fulfilled
ORD004464,CUST03055,DC006,EMP0109,2022-01-16,Pending
ORD004465,CUST03317,DC009,EMP0770,2023-04-01,Cancelled
ORD004466,CUST00220,DC015,EMP0089,2025-10-12,Fulfilled
ORD004467,CUST01148,DC011,EMP0474,2023-04-17,Fulfilled
ORD004468,CUST01139,DC013,EMP0157,2021-11-15,Fulfilled
ORD004469,CUST03498,DC023,EMP0391,2024-09-19,Fulfilled
ORD004470,CUST00297,DC003,EMP0646,2023-01-07,Pending
ORD004471,CUST01301,DC022,EMP0608,2021-11-03,Cancelled
ORD004472,CUST03299,DC016,EMP0742,2023-06-28,Fulfilled
ORD004473,CUST02749,DC017,EMP0350,2023-06-07,Fulfilled
ORD004474,CUST02880,DC023,EMP0004,2024-11-13,Fulfilled
ORD004475,CUST00739,DC008,EMP0484,2021-03-06,Pending
ORD004476,CUST00873,DC014,EMP0030,2023-09-04,Pending
ORD004477,CUST00960,DC013,EMP0291,2021-05-20,Cancelled
ORD004478,CUST00729,DC008,EMP0435,2025-03-09,Cancelled
ORD004479,CUST01999,DC024,EMP0604,2024-05-20,Fulfilled
ORD004480,CUST01219,DC013,EMP0071,2021-09-14,Fulfilled
ORD004481,CUST03663,DC011,EMP0355,2025-03-10,Backordered
ORD004482,CUST02442,DC006,EMP0253,2023-05-01,Fulfilled
ORD004483,CUST00462,DC023,EMP0767,2025-09-02,Fulfilled
ORD004484,CUST00717,DC012,EMP0393,2025-07-12,Fulfilled
ORD004485,CUST02302,DC007,EMP0484,2025-02-08,Fulfilled
ORD004486,CUST02538,DC004,EMP0514,2022-05-13,Backordered
ORD004487,CUST02756,DC017,EMP0425,2025-12-05,Fulfilled
ORD004488,CUST01346,DC021,EMP0018,2024-10-23,Fulfilled
ORD004489,CUST02102,DC016,EMP0320,2022-09-22,Cancelled
ORD004490,CUST03976,DC001,EMP0756,2021-03-22,Backordered
ORD004491,CUST00242,DC017,EMP0708,2025-07-23,Fulfilled
ORD004492,CUST03006,DC019,EMP0428,2021-04-28,Pending
ORD004493,CUST00742,DC010,EMP0577,2022-07-21,Fulfilled
ORD004494,CUST00696,DC016,EMP0331,2024-01-17,Backordered
ORD004495,CUST03788,DC002,EMP0478,2022-03-21,Fulfilled
ORD004496,CUST02580,DC003,EMP0459,2022-09-09,Backordered
ORD004497,CUST03109,DC012,EMP0473,2021-08-06,Cancelled
ORD004498,CUST03245,DC024,EMP0409,2025-05-11,Pending
ORD004499,CUST03720,DC007,EMP0445,2021-12-04,Fulfilled
ORD004500,CUST00310,DC015,EMP0412,2025-01-17,Pending
ORD004501,CUST03679,DC006,EMP0457,2021-01-31,Backordered
ORD004502,CUST02630,DC002,EMP0261,2022-06-16,Cancelled
ORD004503,CUST03248,DC013,EMP0074,2024-09-21,Pending
ORD004504,CUST01094,DC015,EMP0697,2021-12-11,Backordered
ORD004505,CUST02258,DC020,EMP0125,2025-09-15,Pending
ORD004506,CUST00983,DC024,EMP0281,2022-12-19,Fulfilled
ORD004507,CUST02558,DC021,EMP0177,2025-09-23,Fulfilled
ORD004508,CUST00375,DC024,EMP0144,2021-01-06,Cancelled
ORD004509,CUST02399,DC021,EMP0359,2023-10-27,Fulfilled
ORD004510,CUST02152,DC004,EMP0472,2025-07-20,Pending
ORD004511,CUST00929,DC003,EMP0683,2024-11-13,Cancelled
ORD004512,CUST01163,DC002,EMP0260,2022-02-27,Fulfilled
ORD004513,CUST01922,DC009,EMP0380,2021-05-29,Backordered
ORD004514,CUST03291,DC002,EMP0149,2023-05-20,Pending
ORD004515,CUST00274,DC010,EMP0036,2025-09-30,Fulfilled
ORD004516,CUST03483,DC020,EMP0395,2025-01-18,Fulfilled
ORD004517,CUST02764,DC018,EMP0390,2023-06-24,Cancelled
ORD004518,CUST01845,DC004,EMP0259,2025-11-03,Pending
ORD004519,CUST03150,DC021,EMP0657,2023-04-25,Backordered
ORD004520,CUST00010,DC019,EMP0527,2025-05-14,Cancelled
ORD004521,CUST02758,DC001,EMP0031,2021-01-01,Fulfilled
ORD004522,CUST00161,DC007,EMP0298,2022-02-17,Fulfilled
ORD004523,CUST01465,DC016,EMP0345,2021-12-31,Fulfilled
ORD004524,CUST02291,DC021,EMP0738,2024-12-27,Backordered
ORD004525,CUST03616,DC020,EMP0053,2022-03-09,Backordered
ORD004526,CUST01256,DC001,EMP0325,2022-12-09,Pending
ORD004527,CUST01676,DC019,EMP0680,2021-12-14,Fulfilled
ORD004528,CUST02333,DC016,EMP0336,2021-07-27,Cancelled
ORD004529,CUST01430,DC010,EMP0461,2024-03-06,Backordered
ORD004530,CUST02366,DC009,EMP0095,2021-01-19,Pending
ORD004531,CUST00429,DC019,EMP0378,2022-04-03,Fulfilled
ORD004532,CUST01399,DC016,EMP0790,2022-05-18,Fulfilled
ORD004533,CUST00740,DC022,EMP0162,2023-04-13,Fulfilled
ORD004534,CUST03497,DC019,EMP0704,2022-05-03,Backordered
ORD004535,CUST03652,DC006,EMP0798,2022-06-17,Cancelled
ORD004536,CUST00523,DC016,EMP0428,2023-09-12,Backordered
ORD004537,CUST03028,DC010,EMP0036,2021-08-31,Fulfilled
ORD004538,CUST00074,DC024,EMP0511,2025-06-23,Backordered
ORD004539,CUST00481,DC021,EMP0025,2022-01-21,Fulfilled
ORD004540,CUST01548,DC016,EMP0501,2021-12-03,Pending
ORD004541,CUST02353,DC004,EMP0475,2022-05-06,Fulfilled
ORD004542,CUST02780,DC008,EMP0259,2022-08-16,Fulfilled
ORD004543,CUST02905,DC013,EMP0135,2021-03-10,Backordered
ORD004544,CUST02044,DC021,EMP0619,2022-05-30,Fulfilled
ORD004545,CUST02915,DC024,EMP0730,2023-09-08,Backordered
ORD004546,CUST02777,DC004,EMP0272,2025-12-12,Backordered
ORD004547,CUST02108,DC005,EMP0313,2023-11-28,Cancelled
ORD004548,CUST03424,DC011,EMP0445,2021-07-26,Pending
ORD004549,CUST03454,DC007,EMP0632,2022-08-29,Cancelled
ORD004550,CUST03813,DC012,EMP0614,2022-07-10,Fulfilled
ORD004551,CUST00302,DC013,EMP0089,2024-10-01,Fulfilled
ORD004552,CUST02108,DC020,EMP0451,2025-01-11,Backordered
ORD004553,CUST01351,DC011,EMP0115,2024-03-16,Fulfilled
ORD004554,CUST03818,DC001,EMP0750,2022-05-21,Backordered
ORD004555,CUST02579,DC007,EMP0505,2025-07-10,Fulfilled
ORD004556,CUST02272,DC020,EMP0197,2025-09-12,Pending
ORD004557,CUST01743,DC012,EMP0137,2023-03-25,Cancelled
ORD004558,CUST01015,DC001,EMP0456,2023-01-07,Fulfilled
ORD004559,CUST03019,DC010,EMP0048,2025-01-25,Fulfilled
ORD004560,CUST00779,DC013,EMP0434,2024-12-24,Fulfilled
ORD004561,CUST03725,DC014,EMP0584,2025-02-05,Backordered
ORD004562,CUST01640,DC014,EMP0771,2023-05-28,Backordered
ORD004563,CUST00191,DC005,EMP0589,2022-12-29,Fulfilled
ORD004564,CUST02074,DC019,EMP0233,2025-02-20,Cancelled
ORD004565,CUST01800,DC021,EMP0790,2022-06-18,Fulfilled
ORD004566,CUST03757,DC024,EMP0264,2021-12-04,Backordered
ORD004567,CUST01958,DC021,EMP0098,2021-04-06,Backordered
ORD004568,CUST01649,DC008,EMP0096,2025-08-29,Cancelled
ORD004569,CUST02171,DC011,EMP0077,2021-05-10,Pending
ORD004570,CUST00458,DC005,EMP0310,2021-11-14,Fulfilled
ORD004571,CUST02139,DC004,EMP0363,2024-07-23,Pending
ORD004572,CUST00769,DC005,EMP0275,2024-08-16,Backordered
ORD004573,CUST02625,DC007,EMP0702,2024-11-24,Fulfilled
ORD004574,CUST02424,DC009,EMP0191,2022-10-20,Pending
ORD004575,CUST02439,DC010,EMP0366,2024-01-24,Fulfilled
ORD004576,CUST02544,DC017,EMP0781,2024-04-18,Backordered
ORD004577,CUST01659,DC001,EMP0501,2025-04-20,Pending
ORD004578,CUST03065,DC001,EMP0611,2025-08-05,Fulfilled
ORD004579,CUST03182,DC018,EMP0333,2021-10-05,Fulfilled
ORD004580,CUST02503,DC001,EMP0577,2021-09-21,Backordered
ORD004581,CUST03441,DC015,EMP0117,2025-05-03,Backordered
ORD004582,CUST00868,DC018,EMP0558,2024-08-02,Fulfilled
ORD004583,CUST00779,DC022,EMP0264,2023-11-24,Cancelled
ORD004584,CUST02481,DC016,EMP0680,2022-08-31,Backordered
ORD004585,CUST03772,DC016,EMP0477,2025-01-21,Fulfilled
ORD004586,CUST01460,DC002,EMP0592,2022-10-02,Cancelled
ORD004587,CUST00590,DC013,EMP0079,2022-05-18,Pending
ORD004588,CUST01378,DC014,EMP0548,2022-06-27,Cancelled
ORD004589,CUST01252,DC013,EMP0563,2025-10-30,Pending
ORD004590,CUST03355,DC023,EMP0523,2023-08-11,Backordered
ORD004591,CUST01005,DC009,EMP0036,2025-01-24,Cancelled
ORD004592,CUST03092,DC023,EMP0627,2021-10-22,Cancelled
ORD004593,CUST03274,DC015,EMP0051,2024-08-30,Fulfilled
ORD004594,CUST01732,DC017,EMP0214,2024-07-30,Pending
ORD004595,CUST02789,DC012,EMP0598,2022-03-10,Pending
ORD004596,CUST01258,DC022,EMP0367,2021-06-23,Fulfilled
ORD004597,CUST01255,DC022,EMP0033,2024-07-27,Cancelled
ORD004598,CUST02284,DC022,EMP0404,2024-03-25,Backordered
ORD004599,CUST03057,DC009,EMP0455,2025-01-14,Backordered
ORD004600,CUST00052,DC015,EMP0729,2024-09-19,Fulfilled
ORD004601,CUST03141,DC015,EMP0768,2024-11-22,Fulfilled
ORD004602,CUST02056,DC015,EMP0355,2022-07-14,Fulfilled
ORD004603,CUST03071,DC006,EMP0579,2021-02-13,Fulfilled
ORD004604,CUST02461,DC014,EMP0336,2025-11-14,Cancelled
ORD004605,CUST01173,DC006,EMP0740,2021-03-10,Pending
ORD004606,CUST02101,DC011,EMP0086,2025-08-22,Pending
ORD004607,CUST01430,DC016,EMP0509,2022-02-08,Cancelled
ORD004608,CUST01896,DC020,EMP0108,2024-04-03,Cancelled
ORD004609,CUST00995,DC014,EMP0082,2024-01-12,Fulfilled
ORD004610,CUST01607,DC020,EMP0688,2024-10-05,Cancelled
ORD004611,CUST03259,DC024,EMP0136,2024-01-25,Fulfilled
ORD004612,CUST03766,DC020,EMP0591,2021-09-08,Backordered
ORD004613,CUST03117,DC006,EMP0284,2023-11-26,Backordered
ORD004614,CUST02664,DC018,EMP0758,2023-06-22,Backordered
ORD004615,CUST02199,DC008,EMP0057,2021-03-11,Fulfilled
ORD004616,CUST03414,DC012,EMP0247,2023-09-07,Pending
ORD004617,CUST00359,DC010,EMP0172,2025-11-03,Pending
ORD004618,CUST03408,DC002,EMP0749,2024-05-02,Fulfilled
ORD004619,CUST03633,DC009,EMP0281,2023-03-12,Fulfilled
ORD004620,CUST01867,DC018,EMP0535,2025-07-28,Pending
ORD004621,CUST02769,DC019,EMP0132,2022-06-07,Fulfilled
ORD004622,CUST03845,DC015,EMP0752,2023-09-22,Fulfilled
ORD004623,CUST00550,DC007,EMP0439,2024-10-19,Fulfilled
ORD004624,CUST01474,DC002,EMP0527,2023-05-17,Fulfilled
ORD004625,CUST03998,DC003,EMP0509,2022-12-08,Cancelled
ORD004626,CUST02908,DC005,EMP0658,2024-05-23,Fulfilled
ORD004627,CUST01987,DC021,EMP0479,2024-10-09,Cancelled
ORD004628,CUST03736,DC015,EMP0258,2024-02-02,Fulfilled
ORD004629,CUST02933,DC006,EMP0222,2025-12-28,Cancelled
ORD004630,CUST00274,DC009,EMP0058,2021-09-06,Backordered
ORD004631,CUST03986,DC008,EMP0100,2023-09-19,Fulfilled
ORD004632,CUST02823,DC022,EMP0604,2024-12-11,Pending
ORD004633,CUST03085,DC014,EMP0761,2022-12-19,Fulfilled
ORD004634,CUST03355,DC016,EMP0017,2023-04-04,Fulfilled
ORD004635,CUST03775,DC014,EMP0605,2025-03-06,Pending
ORD004636,CUST01721,DC007,EMP0303,2025-11-21,Pending
ORD004637,CUST01029,DC015,EMP0730,2022-11-15,Fulfilled
ORD004638,CUST00853,DC002,EMP0197,28/9/2021,Fulfilled
ORD004639,CUST00917,DC018,EMP0568,2024-06-06,Fulfilled
ORD004640,CUST01989,DC014,EMP0527,2023-05-23,Fulfilled
ORD004641,CUST01056,DC015,EMP0691,2022-02-19,Fulfilled
ORD004642,CUST03585,DC008,EMP0251,2025-07-02,Fulfilled
ORD004643,CUST03613,DC018,EMP0059,2023-06-18,Fulfilled
ORD004644,CUST02295,DC018,EMP0518,2021-01-22,Pending
ORD004645,CUST00252,DC007,EMP0315,2024-12-21,Cancelled
ORD004646,CUST03819,DC002,EMP0744,2024-07-19,Pending
ORD004647,CUST03115,DC017,EMP0719,2022-02-03,Fulfilled
ORD004648,CUST00774,DC013,EMP0333,2022-12-16,Fulfilled
ORD004649,CUST01659,DC018,EMP0746,2024-04-27,Pending
ORD004650,CUST02055,DC022,EMP0198,2024-09-25,Cancelled
ORD004651,CUST01426,DC002,EMP0328,2021-01-30,Pending
ORD004652,CUST02084,DC014,EMP0421,2025-03-27,Pending
ORD004653,CUST01680,DC009,EMP0025,2023-01-23,Fulfilled
ORD004654,CUST02323,DC007,EMP0029,2025-12-05,Fulfilled
ORD004655,CUST03153,DC002,EMP0755,2025-12-13,Backordered
ORD004656,CUST03085,DC014,EMP0657,2025-02-06,Cancelled
ORD004657,CUST01099,DC020,EMP0281,2021-10-11,Cancelled
ORD004658,CUST01094,DC002,EMP0240,2024-12-02,Fulfilled
ORD004659,CUST01009,DC017,EMP0194,2024-08-10,Pending
ORD004660,CUST00684,DC018,EMP0275,2022-07-11,Cancelled
ORD004661,CUST01329,DC003,EMP0450,2025-08-16,Fulfilled
ORD004662,CUST01347,DC013,EMP0340,2023-05-28,Backordered
ORD004663,CUST01680,DC019,EMP0709,2022-06-02,Fulfilled
ORD004664,CUST01349,DC009,EMP0445,2023-03-07,Cancelled
ORD004665,CUST00248,DC012,EMP0169,2025-01-30,Pending
ORD004666,CUST02493,DC011,EMP0094,2025-04-13,Pending
ORD004667,CUST01179,DC019,EMP0372,2024-08-07,Backordered
ORD004668,CUST01551,DC003,EMP0395,2023-10-14,Fulfilled
ORD004669,CUST03017,DC006,EMP0649,2021-10-13,Pending
ORD004670,CUST00717,DC014,EMP0707,2022-06-04,Fulfilled
ORD004671,CUST03830,DC019,EMP0697,2021-05-25,Pending
ORD004672,CUST00387,DC023,EMP0762,2021-10-12,Pending
ORD004673,CUST03658,DC008,EMP0322,2023-05-01,Fulfilled
ORD004674,CUST02368,DC004,EMP0767,2022-11-10,Pending
ORD004675,CUST02595,DC016,EMP0419,2023-10-29,Fulfilled
ORD004676,CUST00741,DC018,EMP0231,2022-09-05,Fulfilled
ORD004677,CUST03031,DC022,EMP0680,2025-02-14,Fulfilled
ORD004678,CUST00664,DC016,EMP0758,2023-06-14,Pending
ORD004679,CUST00358,DC019,EMP0085,2021-07-12,Backordered
ORD004680,CUST03524,DC001,EMP0763,2021-11-11,Fulfilled
ORD004681,CUST01224,DC001,EMP0619,2022-12-25,Backordered
ORD004682,CUST02084,DC006,EMP0210,2025-09-27,Fulfilled
ORD004683,CUST03165,DC003,EMP0213,2021-05-14,Fulfilled
ORD004684,CUST01509,DC024,EMP0341,2023-05-14,Cancelled
ORD004685,CUST01805,DC018,EMP0789,2024-08-11,Fulfilled
ORD004686,CUST03052,DC003,EMP0658,2023-11-08,Fulfilled
ORD004687,CUST00411,DC010,EMP0736,2023-09-05,Cancelled
ORD004688,CUST00114,DC020,EMP0014,2023-09-03,Backordered
ORD004689,CUST03276,DC024,EMP0172,2022-12-15,Pending
ORD004690,CUST02441,DC013,EMP0339,2021-04-20,Pending
ORD004691,CUST01991,DC008,EMP0218,2021-11-05,Fulfilled
ORD004692,CUST02385,DC023,EMP0487,2021-12-13,Cancelled
ORD004693,CUST00387,DC004,EMP0250,2025-04-08,Cancelled
ORD004694,CUST00933,DC013,EMP0360,2022-05-20,Cancelled
ORD004695,CUST03762,DC005,EMP0461,2022-07-22,Fulfilled
ORD004696,CUST00321,DC014,EMP0310,2024-02-17,Pending
ORD004697,CUST01783,DC004,EMP0263,2023-03-29,Backordered
ORD004698,CUST00364,DC008,EMP0502,2021-04-23,Fulfilled
ORD004699,CUST03837,DC018,EMP0512,2023-01-10,Pending
ORD004700,CUST02035,DC004,EMP0313,2025-12-04,Fulfilled
ORD004701,CUST01835,DC012,EMP0307,2025-01-22,Cancelled
ORD004702,CUST03349,DC020,EMP0463,2022-10-13,Cancelled
ORD004703,CUST03897,DC023,EMP0305,2022-11-17,Pending
ORD004704,CUST01812,DC004,EMP0186,2023-02-10,Fulfilled
ORD004705,CUST00960,DC010,EMP0521,2022-07-02,Fulfilled
ORD004706,CUST00113,DC023,EMP0790,2021-10-29,Cancelled
ORD004707,CUST02716,DC014,EMP0018,2024-07-12,Pending
ORD004708,CUST01054,DC023,EMP0695,2023-10-31,Cancelled
ORD004709,CUST00801,DC019,EMP0190,2024-03-01,Fulfilled
ORD004710,CUST02684,DC017,EMP0070,2024-09-14,Backordered
ORD004711,CUST02571,DC014,EMP0163,2022-01-20,Backordered
ORD004712,CUST02235,DC005,EMP0519,2022-03-20,Pending
ORD004713,CUST02213,DC024,EMP0509,2023-09-27,Fulfilled
ORD004714,CUST03604,DC001,EMP0237,2022-10-08,Pending
ORD004715,CUST01015,DC008,EMP0593,2022-06-13,Fulfilled
ORD004716,CUST02662,DC007,EMP0601,2025-08-09,Cancelled
ORD004717,CUST00928,DC001,EMP0269,2023-04-11,Pending
ORD004718,CUST00429,DC020,EMP0516,2022-08-18,Cancelled
ORD004719,CUST03880,DC013,EMP0415,2025-12-21,Backordered
ORD004720,CUST00837,DC013,EMP0487,2023-12-18,Backordered
ORD004721,CUST00994,DC022,EMP0698,2022-02-17,Fulfilled
ORD004722,CUST02432,DC009,EMP0397,2025-11-25,Fulfilled
ORD004723,CUST03283,DC022,EMP0501,2021-09-29,Fulfilled
ORD004724,CUST01702,DC016,EMP0036,2024-08-02,Fulfilled
ORD004725,CUST02192,DC007,EMP0299,2022-02-06,Fulfilled
ORD004726,CUST03059,DC001,EMP0445,2025-04-26,Fulfilled
ORD004727,CUST01015,DC011,EMP0758,2025-05-24,Pending
ORD004728,CUST02946,DC003,EMP0396,2022-07-01,Fulfilled
ORD004729,CUST02548,DC001,EMP0445,2021-04-16,Fulfilled
ORD004730,CUST03861,DC004,EMP0574,2021-12-14,Fulfilled
ORD004731,CUST02709,DC005,EMP0447,2022-03-13,Fulfilled
ORD004732,CUST03477,DC008,EMP0522,2021-06-22,Cancelled
ORD004733,CUST01673,DC006,EMP0617,2024-10-29,Backordered
ORD004734,CUST02603,DC014,EMP0176,2023-02-12,Fulfilled
ORD004735,CUST02340,DC004,EMP0655,2021-08-29,Pending
ORD004736,CUST01811,DC012,EMP0383,2023-05-11,Cancelled
ORD004737,CUST01935,DC021,EMP0213,2022-02-04,Fulfilled
ORD004738,CUST02445,DC024,EMP0724,2023-09-04,Pending
ORD004739,CUST03583,DC024,EMP0243,2024-10-08,Pending
ORD004740,CUST02903,DC020,EMP0245,2023-12-29,Cancelled
ORD004741,CUST03473,DC011,EMP0797,2025-05-07,Backordered
ORD004742,CUST03574,DC015,EMP0580,2022-06-07,Cancelled
ORD004743,CUST00809,DC018,EMP0431,2024-03-29,Cancelled
ORD004744,CUST03441,DC022,EMP0037,2022-02-26,Cancelled
ORD004745,CUST03027,DC009,EMP0466,2023-01-26,Cancelled
ORD004746,CUST03417,DC012,EMP0630,2024-03-22,Fulfilled
ORD004747,CUST00567,DC004,EMP0128,2025-05-23,Backordered
ORD004748,CUST03075,DC017,EMP0355,2022-12-05,Cancelled
ORD004749,CUST03598,DC017,EMP0028,2023-09-20,Fulfilled
ORD004750,CUST03489,DC018,EMP0763,2025-12-10,Cancelled
ORD004751,CUST02627,DC024,EMP0779,21/4/2024,Fulfilled
ORD004752,CUST02155,DC003,EMP0546,2021-07-18,Fulfilled
ORD004753,CUST01879,DC021,EMP0140,2021-03-15,Cancelled
ORD004754,CUST03623,DC007,EMP0068,2023-12-30,Fulfilled
ORD004755,CUST03628,DC016,EMP0688,2021-03-15,Backordered
ORD004756,CUST03312,DC016,EMP0254,2025-12-02,Fulfilled
ORD004757,CUST00825,DC019,EMP0776,2025-08-14,Cancelled
ORD004758,CUST01826,DC004,EMP0287,2025-08-23,Cancelled
ORD004759,CUST01617,DC003,EMP0604,2024-08-12,Fulfilled
ORD004760,CUST03022,DC023,EMP0185,2025-04-13,Fulfilled
ORD004761,CUST00658,DC012,EMP0305,2022-02-11,Cancelled
ORD004762,CUST00496,DC008,EMP0505,2025-08-03,Backordered
ORD004763,CUST02899,DC016,EMP0448,2023-09-21,Fulfilled
ORD004764,CUST00394,DC022,EMP0325,2025-09-07,Fulfilled
ORD004765,CUST03302,DC013,EMP0374,2023-04-15,Backordered
ORD004766,CUST00969,DC001,EMP0444,2025-02-19,Fulfilled
ORD004767,CUST00855,DC008,EMP0571,2025-07-21,Fulfilled
ORD004768,CUST01163,DC024,EMP0405,2024-12-21,Fulfilled
ORD004769,CUST03045,DC010,EMP0454,2023-12-05,Fulfilled
ORD004770,CUST00136,DC013,EMP0701,2022-09-27,Fulfilled
ORD004771,CUST02750,DC007,EMP0458,2024-05-11,Cancelled
ORD004772,CUST02809,DC010,EMP0054,2022-11-06,Pending
ORD004773,CUST03560,DC016,EMP0493,2024-09-10,Fulfilled
ORD004774,CUST03952,DC002,EMP0518,2025-12-14,Cancelled
ORD004775,CUST01248,DC004,EMP0533,2024-11-16,Cancelled
ORD004776,CUST03597,DC014,EMP0594,2022-07-22,Backordered
ORD004777,CUST02021,DC004,EMP0211,2022-07-03,Pending
ORD004778,CUST02119,DC014,EMP0264,2024-09-01,Fulfilled
ORD004779,CUST02296,DC004,EMP0151,2023-04-25,Backordered
ORD004780,CUST01980,DC007,EMP0688,2021-06-16,Fulfilled
ORD004781,CUST00672,DC022,EMP0766,2022-10-14,Fulfilled
ORD004782,CUST00748,DC016,EMP0572,2023-04-27,Fulfilled
ORD004783,CUST00515,DC008,EMP0283,2025-06-11,Backordered
ORD004784,CUST02608,DC020,EMP0169,2025-08-07,Pending
ORD004785,CUST02657,DC020,EMP0425,2023-02-27,Fulfilled
ORD004786,CUST00052,DC003,EMP0539,2022-05-18,Pending
ORD004787,CUST01990,DC007,EMP0032,2024-07-29,Fulfilled
ORD004788,CUST02500,DC024,EMP0505,2024-09-29,Fulfilled
ORD004789,CUST00873,DC021,EMP0661,2022-06-26,Pending
ORD004790,CUST03039,DC004,EMP0456,2024-03-02,Cancelled
ORD004791,CUST00351,DC005,EMP0059,2024-10-06,Pending
ORD004792,CUST01208,DC010,EMP0415,2022-09-20,Fulfilled
ORD004793,CUST00870,DC022,EMP0621,2021-05-19,Fulfilled
ORD004794,CUST03885,DC013,EMP0629,2023-05-07,Fulfilled
ORD004795,CUST02925,DC014,EMP0796,2022-09-15,Fulfilled
ORD004796,CUST01458,DC023,EMP0473,2025-06-19,Fulfilled
ORD004797,CUST03658,DC006,EMP0777,2023-07-19,Backordered
ORD004798,CUST00819,DC004,EMP0679,2023-05-01,Fulfilled
ORD004799,CUST00828,DC008,EMP0654,2022-07-14,Fulfilled
ORD004800,CUST00046,DC021,EMP0110,2021-11-09,Pending
ORD004801,CUST00601,DC013,EMP0348,2023-02-23,Backordered
ORD004802,CUST00879,DC014,EMP0554,2021-02-27,Backordered
ORD004803,CUST03265,DC019,EMP0461,2023-04-09,Fulfilled
ORD004804,CUST01895,DC006,EMP0252,2024-10-21,Fulfilled
ORD004805,CUST00152,DC015,EMP0189,2021-08-10,Fulfilled
ORD004806,CUST03868,DC016,EMP0191,2021-11-05,Pending
ORD004807,CUST03158,DC022,EMP0610,2021-03-20,Fulfilled
ORD004808,CUST02001,DC003,EMP0414,2023-08-03,Fulfilled
ORD004809,CUST01135,DC008,EMP0258,2022-12-16,Cancelled
ORD004810,CUST01257,DC023,EMP0536,2024-10-11,Fulfilled
ORD004811,CUST02108,DC003,EMP0572,2025-12-17,Fulfilled
ORD004812,CUST01982,DC015,EMP0036,2025-09-10,Pending
ORD004813,CUST00764,DC020,EMP0740,2022-01-30,Pending
ORD004814,CUST00546,DC007,EMP0358,2022-01-28,Fulfilled
ORD004815,CUST00639,DC024,EMP0235,2025-05-14,Backordered
ORD004816,CUST03237,DC010,EMP0302,2022-10-20,Fulfilled
ORD004817,CUST00046,DC017,EMP0706,2022-08-12,Fulfilled
ORD004818,CUST00821,DC004,EMP0445,2023-11-24,Fulfilled
ORD004819,CUST01568,DC018,EMP0544,2024-10-18,Backordered
ORD004820,CUST01940,DC001,EMP0526,2021-12-26,Backordered
ORD004821,CUST02660,DC012,EMP0043,2025-08-01,Fulfilled
ORD004822,CUST02959,DC008,EMP0433,2025-02-08,Fulfilled
ORD004823,CUST00186,DC018,EMP0229,2023-03-06,Fulfilled
ORD004824,CUST02888,DC016,EMP0278,2025-02-09,Fulfilled
ORD004825,CUST01986,DC009,EMP0292,2025-07-01,Cancelled
ORD004826,CUST02254,DC018,EMP0122,2024-05-02,Backordered
ORD004827,CUST02834,DC018,EMP0242,2024-02-20,Cancelled
ORD004828,CUST02919,DC010,EMP0173,2025-10-16,Fulfilled
ORD004829,CUST01526,DC024,EMP0021,2025-02-13,Fulfilled
ORD004830,CUST03974,DC011,EMP0372,2024-02-22,Pending
ORD004831,CUST00415,DC001,EMP0567,2023-05-27,Cancelled
ORD004832,CUST02119,DC008,EMP0266,2025-08-01,Fulfilled
ORD004833,CUST00003,DC013,EMP0620,2024-05-23,Fulfilled
ORD004834,CUST02689,DC013,EMP0766,2022-12-31,Fulfilled
ORD004835,CUST00627,DC011,EMP0187,2022-10-18,Fulfilled
ORD004836,CUST02246,DC024,EMP0191,2024-03-28,Fulfilled
ORD004837,CUST00215,DC011,EMP0658,2024-11-15,Pending
ORD004838,CUST01396,DC002,EMP0439,2021-10-02,Fulfilled
ORD004839,CUST02585,DC013,EMP0053,2022-02-02,Fulfilled
ORD004840,CUST03590,DC024,EMP0392,2021-09-12,Backordered
ORD004841,CUST01963,DC007,EMP0680,2022-02-28,Fulfilled
ORD004842,CUST01200,DC006,EMP0623,2025-07-14,Fulfilled
ORD004843,CUST03966,DC023,EMP0261,2021-01-06,Pending
ORD004844,CUST02679,DC009,EMP0324,2024-06-13,Fulfilled
ORD004845,CUST02063,DC001,EMP0557,2023-06-07,Pending
ORD004846,CUST03750,DC008,EMP0043,2025-09-18,Cancelled
ORD004847,CUST02349,DC021,EMP0335,2021-04-06,Fulfilled
ORD004848,CUST00776,DC004,EMP0261,2023-02-22,Backordered
ORD004849,CUST03768,DC003,EMP0372,2023-04-26,Backordered
ORD004850,CUST01532,DC011,EMP0105,2022-12-11,Backordered
ORD004851,CUST02037,DC011,EMP0502,2023-03-14,Fulfilled
ORD004852,CUST01093,DC024,EMP0782,2023-06-14,Cancelled
ORD004853,CUST03176,DC009,EMP0167,2021-05-02,Backordered
ORD004854,CUST00476,DC001,EMP0020,2025-09-16,Fulfilled
ORD004855,CUST03530,DC005,EMP0127,2023-05-27,Cancelled
ORD004856,CUST00863,DC012,EMP0540,2021-12-19,Pending
ORD004857,CUST03003,DC018,EMP0456,2022-05-05,Fulfilled
ORD004858,CUST02637,DC009,EMP0723,2021-06-26,Cancelled
ORD004859,CUST01238,DC009,EMP0581,2021-05-04,Fulfilled
ORD004860,CUST01552,DC013,EMP0284,2023-04-22,Fulfilled
ORD004861,CUST03826,DC005,EMP0712,2024-09-16,Backordered
ORD004862,CUST02470,DC004,EMP0319,2025-10-04,Cancelled
ORD004863,CUST00044,DC009,EMP0045,2024-10-27,Fulfilled
ORD004864,CUST01986,DC008,EMP0213,2021-11-08,Fulfilled
ORD004865,CUST02924,DC023,EMP0372,2021-04-07,Backordered
ORD004866,CUST01478,DC007,EMP0793,2022-01-21,Fulfilled
ORD004867,CUST01954,DC014,EMP0177,2025-09-29,Fulfilled
ORD004868,CUST02135,DC017,EMP0156,2021-11-11,Cancelled
ORD004869,CUST02676,DC002,EMP0476,2023-02-11,Fulfilled
ORD004870,CUST01933,DC020,EMP0674,2025-08-21,Pending
ORD004871,CUST03970,DC024,EMP0627,2024-05-14,Fulfilled
ORD004872,CUST02477,DC012,EMP0707,2023-03-15,Fulfilled
ORD004873,CUST00939,DC019,EMP0306,2025-06-17,Fulfilled
ORD004874,CUST01252,DC008,EMP0279,2024-05-02,Pending
ORD004875,CUST03211,DC018,EMP0484,2023-07-31,Pending
ORD004876,CUST02727,DC012,EMP0188,2021-05-18,Pending
ORD004877,CUST00912,DC002,EMP0668,2022-02-08,Pending
ORD004878,CUST03567,DC016,EMP0451,2021-10-11,Backordered
ORD004879,CUST00360,DC003,EMP0646,2023-08-02,Backordered
ORD004880,CUST02429,DC009,EMP0498,2023-03-30,Fulfilled
ORD004881,CUST01775,DC016,EMP0230,2021-12-12,Fulfilled
ORD004882,CUST03039,DC007,EMP0249,2023-08-22,Fulfilled
ORD004883,CUST00114,DC016,EMP0264,2025-12-11,Fulfilled
ORD004884,CUST01746,DC017,EMP0256,2021-01-14,Pending
ORD004885,CUST00179,DC006,EMP0679,2021-10-24,Fulfilled
ORD004886,CUST00093,DC019,EMP0013,2022-03-29,Pending
ORD004887,CUST00649,DC001,EMP0516,2021-08-15,Cancelled
ORD004888,CUST00253,DC013,EMP0775,2022-03-09,Pending
ORD004889,CUST03487,DC008,EMP0236,2024-10-05,Fulfilled
ORD004890,CUST03720,DC013,EMP0541,2022-02-16,Backordered
ORD004891,CUST00173,DC021,EMP0140,2022-02-12,Fulfilled
ORD004892,CUST02863,DC018,EMP0443,2024-12-03,Pending
ORD004893,CUST00897,DC014,EMP0301,2021-10-12,Fulfilled
ORD004894,CUST02968,DC013,EMP0504,2021-02-18,Cancelled
ORD004895,CUST03774,DC020,EMP0767,2025-03-11,Cancelled
ORD004896,CUST01853,DC011,EMP0327,2024-12-01,Fulfilled
ORD004897,CUST02736,DC020,EMP0016,2024-11-20,Pending
ORD004898,CUST02601,DC014,EMP0225,2025-05-02,Fulfilled
ORD004899,CUST01782,DC012,EMP0144,2024-11-13,Fulfilled
ORD004900,CUST00800,DC012,EMP0609,2023-03-17,Fulfilled
ORD004901,CUST00543,DC001,EMP0476,2022-07-15,Pending
ORD004902,CUST01613,DC013,EMP0075,2025-12-05,Fulfilled
ORD004903,CUST03510,DC014,EMP0668,2021-05-02,Fulfilled
ORD004904,CUST01801,DC016,EMP0199,2023-02-28,Cancelled
ORD004905,CUST01142,DC005,EMP0799,2024-02-02,Pending
ORD004906,CUST02456,DC007,EMP0064,2024-01-07,Backordered
ORD004907,CUST03924,DC020,EMP0024,2021-10-24,Backordered
ORD004908,CUST01204,DC022,EMP0208,2023-02-07,Fulfilled
ORD004909,CUST02993,DC012,EMP0713,2024-02-23,Cancelled
ORD004910,CUST00866,DC018,EMP0039,2022-07-07,Fulfilled
ORD004911,CUST01270,DC004,EMP0727,2025-11-09,Backordered
ORD004912,CUST00136,DC007,EMP0342,2025-08-17,Fulfilled
ORD004913,CUST01320,DC021,EMP0645,2022-01-06,Backordered
ORD004914,CUST01470,DC022,EMP0640,2024-02-19,Fulfilled
ORD004915,CUST00291,DC007,EMP0129,2025-08-17,Fulfilled
ORD004916,CUST00884,DC019,EMP0563,2023-09-21,Fulfilled
ORD004917,CUST03660,DC016,EMP0671,2024-07-03,Backordered
ORD004918,CUST02580,DC023,EMP0369,2023-04-22,Fulfilled
ORD004919,CUST02845,DC022,EMP0566,2021-12-23,Fulfilled
ORD004920,CUST01842,DC020,EMP0617,2021-12-17,Pending
ORD004921,CUST00741,DC012,EMP0310,2023-03-19,Backordered
ORD004922,CUST02644,DC001,EMP0119,2025-12-27,Fulfilled
ORD004923,CUST03045,DC003,EMP0468,2022-04-11,Backordered
ORD004924,CUST03725,DC016,EMP0030,2023-10-27,Cancelled
ORD004925,CUST01904,DC024,EMP0451,2024-10-15,Pending
ORD004926,CUST03231,DC001,EMP0467,2022-05-19,Cancelled
ORD004927,CUST01567,DC011,EMP0601,2021-02-25,Fulfilled
ORD004928,CUST02170,DC003,EMP0309,2024-07-10,Fulfilled
ORD004929,CUST03708,DC022,EMP0744,2022-10-11,Fulfilled
ORD004930,CUST02921,DC007,EMP0355,2024-11-27,Fulfilled
ORD004931,CUST01402,DC012,EMP0152,2021-06-14,Fulfilled
ORD004932,CUST01976,DC015,EMP0612,2025-02-02,Fulfilled
ORD004933,CUST02574,DC023,EMP0325,2024-01-16,Fulfilled
ORD004934,CUST03370,DC005,EMP0167,2024-03-20,Pending
ORD004935,CUST03895,DC021,EMP0531,2023-01-18,Backordered
ORD004936,CUST00966,DC022,EMP0516,2024-08-23,Fulfilled
ORD004937,CUST03976,DC020,EMP0196,2022-08-07,Cancelled
ORD004938,CUST01421,DC011,EMP0462,2025-05-19,Cancelled
ORD004939,CUST00232,DC011,EMP0194,2024-10-12,Pending
ORD004940,CUST03264,DC018,EMP0778,2025-02-03,Fulfilled
ORD004941,CUST03330,DC006,EMP0157,2025-10-01,Cancelled
ORD004942,CUST02602,DC020,EMP0223,2023-01-19,Backordered
ORD004943,CUST01113,DC014,EMP0063,2023-06-02,Pending
ORD004944,CUST00465,DC010,EMP0091,2025-09-28,Fulfilled
ORD004945,CUST01094,DC018,EMP0517,2025-07-08,Cancelled
ORD004946,CUST01406,DC015,EMP0066,2023-03-30,Pending
ORD004947,CUST01127,DC024,EMP0682,2023-10-29,Cancelled
ORD004948,CUST01624,DC008,EMP0002,2024-04-27,Fulfilled
ORD004949,CUST02800,DC022,EMP0084,2025-03-08,Pending
ORD004950,CUST03865,DC008,EMP0646,2024-07-21,Fulfilled
ORD004951,CUST00595,DC021,EMP0390,2025-06-27,Backordered
ORD004952,CUST00754,DC016,EMP0207,18/6/2023,Fulfilled
ORD004953,CUST00128,DC017,EMP0373,2022-08-22,Fulfilled
ORD004954,CUST01405,DC003,EMP0467,2023-11-18,Pending
ORD004955,CUST02866,DC003,EMP0673,2022-11-28,Pending
ORD004956,CUST00127,DC005,EMP0497,2021-06-09,Pending
ORD004957,CUST03666,DC018,EMP0521,2024-03-31,Fulfilled
ORD004958,CUST02561,DC019,EMP0444,2022-03-27,Fulfilled
ORD004959,CUST03272,DC017,EMP0088,2024-11-03,Pending
ORD004960,CUST02996,DC005,EMP0798,2024-01-31,Pending
ORD004961,CUST02478,DC014,EMP0718,2023-07-20,Fulfilled
ORD004962,CUST00037,DC022,EMP0504,2025-02-05,Cancelled
ORD004963,CUST00068,DC020,EMP0199,2023-10-04,Fulfilled
ORD004964,CUST02253,DC003,EMP0692,2021-08-20,Fulfilled
ORD004965,CUST03108,DC020,EMP0482,2025-05-21,Fulfilled
ORD004966,CUST02023,DC023,EMP0291,2021-07-12,Fulfilled
ORD004967,CUST02556,DC015,EMP0189,2022-05-16,Backordered
ORD004968,CUST01010,DC009,EMP0178,2022-01-16,Fulfilled
ORD004969,CUST01308,DC010,EMP0223,2025-07-11,Fulfilled
ORD004970,CUST01870,DC005,EMP0685,2025-08-02,Cancelled
ORD004971,CUST00859,DC014,EMP0359,2021-10-15,Pending
ORD004972,CUST02467,DC017,EMP0603,2025-05-03,Pending
ORD004973,CUST01383,DC014,EMP0744,2024-02-21,Fulfilled
ORD004974,CUST01749,DC002,EMP0258,2021-11-12,Pending
ORD004975,CUST01481,DC024,EMP0284,2021-11-09,Fulfilled
ORD004976,CUST01044,DC018,EMP0444,2021-07-13,Fulfilled
ORD004977,CUST00386,DC008,EMP0755,2023-06-20,Cancelled
ORD004978,CUST01359,DC007,EMP0423,2021-02-21,Fulfilled
ORD004979,CUST03874,DC016,EMP0085,2023-06-17,Fulfilled
ORD004980,CUST03963,DC017,EMP0672,2022-02-26,Fulfilled
ORD004981,CUST01594,DC021,EMP0601,2024-03-08,Fulfilled
ORD004982,CUST03500,DC013,EMP0613,2024-08-11,Cancelled
ORD004983,CUST03573,DC010,EMP0009,2021-11-15,Backordered
ORD004984,CUST00209,DC024,EMP0454,2025-12-29,Pending
ORD004985,CUST01454,DC013,EMP0082,2025-10-15,Backordered
ORD004986,CUST01854,DC024,EMP0775,2025-10-09,Backordered
ORD004987,CUST02833,DC009,EMP0627,2023-09-08,Fulfilled
ORD004988,CUST03491,DC004,EMP0371,2025-04-08,Fulfilled
ORD004989,CUST00118,DC004,EMP0364,2024-06-28,Pending
ORD004990,CUST01639,DC010,EMP0234,2022-01-28,Backordered
ORD004991,CUST02647,DC016,EMP0048,2021-02-27,Backordered
ORD004992,CUST02541,DC006,EMP0773,2025-07-14,Fulfilled
ORD004993,CUST02621,DC012,EMP0042,2021-01-06,Pending
ORD004994,CUST01598,DC003,EMP0008,2025-06-06,Fulfilled
ORD004995,CUST02825,DC014,EMP0370,2025-10-02,Backordered
ORD004996,CUST02542,DC007,EMP0588,2025-07-08,Cancelled
ORD004997,CUST03221,DC012,EMP0007,2021-04-16,Fulfilled
ORD004998,CUST00358,DC017,EMP0328,2021-12-08,Fulfilled
ORD004999,CUST01021,DC021,EMP0396,2021-04-22,Pending
ORD005000,CUST03079,DC008,EMP0212,2022-11-18,Pending
ORD005001,CUST00996,DC014,EMP0581,2022-08-20,Fulfilled
ORD005002,CUST01832,DC012,EMP0289,2021-01-06,Fulfilled
ORD005003,CUST00680,DC008,EMP0305,2022-12-12,Cancelled
ORD005004,CUST00999,DC023,EMP0757,2025-10-28,Fulfilled
ORD005005,CUST01329,DC022,EMP0401,2021-06-18,Fulfilled
ORD005006,CUST03547,DC022,EMP0737,2025-04-01,Cancelled
ORD005007,CUST01775,DC001,EMP0030,2022-11-15,Cancelled
ORD005008,CUST02529,DC011,EMP0018,2023-12-25,Fulfilled
ORD005009,CUST02244,DC001,EMP0688,2025-12-19,Fulfilled
ORD005010,CUST03108,DC012,EMP0120,2021-01-19,Backordered
ORD005011,CUST02339,DC007,EMP0087,2021-06-13,Fulfilled
ORD005012,CUST00061,DC010,EMP0116,2022-10-11,Fulfilled
ORD005013,CUST02883,DC005,EMP0141,2023-11-01,Fulfilled
ORD005014,CUST01469,DC015,EMP0724,2023-10-31,Fulfilled
ORD005015,CUST02305,DC018,EMP0653,2021-12-10,Backordered
ORD005016,CUST00479,DC020,EMP0786,2025-08-19,Pending
ORD005017,CUST01409,DC005,EMP0523,2021-02-27,Backordered
ORD005018,CUST03395,DC022,EMP0386,2024-12-15,Fulfilled
ORD005019,CUST02122,DC003,EMP0715,2024-08-07,Fulfilled
ORD005020,CUST01708,DC013,EMP0419,2025-03-09,Cancelled
ORD005021,CUST00136,DC002,EMP0632,2024-02-11,Backordered
ORD005022,CUST00636,DC009,EMP0378,2023-07-27,Cancelled
ORD005023,CUST03672,DC011,EMP0149,2023-02-02,Fulfilled
ORD005024,CUST03525,DC005,EMP0108,2025-10-04,Fulfilled
ORD005025,CUST02794,DC007,EMP0110,2023-04-10,Backordered
ORD005026,CUST02727,DC001,EMP0275,2022-06-20,Pending
ORD005027,CUST03293,DC009,EMP0497,2023-10-26,Pending
ORD005028,CUST03409,DC014,EMP0166,2022-10-29,Fulfilled
ORD005029,CUST00717,DC024,EMP0166,2022-08-13,Cancelled
ORD005030,CUST01870,DC004,EMP0005,2021-10-25,Cancelled
ORD005031,CUST01663,DC015,EMP0324,2023-09-15,Fulfilled
ORD005032,CUST02123,DC008,EMP0099,2024-07-08,Cancelled
ORD005033,CUST00430,DC006,EMP0197,2025-09-04,Cancelled
ORD005034,CUST01015,DC006,EMP0220,2024-05-18,Backordered
ORD005035,CUST00374,DC022,EMP0120,2022-11-16,Pending
ORD005036,CUST02510,DC017,EMP0650,2022-10-29,Backordered
ORD005037,CUST01766,DC001,EMP0567,2025-04-02,Fulfilled
ORD005038,CUST02463,DC010,EMP0414,2023-08-29,Backordered
ORD005039,CUST00925,DC002,EMP0207,2021-08-13,Fulfilled
ORD005040,CUST00598,DC021,EMP0181,2023-02-24,Fulfilled
ORD005041,CUST03944,DC013,EMP0270,2021-01-28,Fulfilled
ORD005042,CUST00101,DC022,EMP0647,2024-10-12,Fulfilled
ORD005043,CUST01921,DC013,EMP0013,2023-12-28,Backordered
ORD005044,CUST03739,DC006,EMP0761,2024-07-25,Fulfilled
ORD005045,CUST02820,DC008,EMP0052,2022-04-30,Pending
ORD005046,CUST00357,DC012,EMP0110,2024-09-22,Fulfilled
ORD005047,CUST00911,DC007,EMP0491,2024-06-03,Fulfilled
ORD005048,CUST00853,DC008,EMP0547,2021-06-15,Fulfilled
ORD005049,CUST02505,DC015,EMP0357,2024-03-25,Cancelled
ORD005050,CUST02865,DC007,EMP0519,2021-11-10,Fulfilled
ORD005051,CUST00529,DC012,EMP0459,2021-09-05,Fulfilled
ORD005052,CUST03673,DC011,EMP0197,2021-03-18,Cancelled
ORD005053,CUST00034,DC022,EMP0175,2024-08-13,Cancelled
ORD005054,CUST01782,DC013,EMP0340,2021-05-11,Fulfilled
ORD005055,CUST01978,DC007,EMP0046,2025-08-28,Pending
ORD005056,CUST02263,DC018,EMP0073,2022-02-07,Fulfilled
ORD005057,CUST03967,DC005,EMP0015,2024-10-07,Fulfilled
ORD005058,CUST02581,DC024,EMP0194,2021-01-22,Fulfilled
ORD005059,CUST03689,DC008,EMP0088,2023-11-22,Fulfilled
ORD005060,CUST00770,DC020,EMP0474,2025-11-21,Fulfilled
ORD005061,CUST03287,DC023,EMP0773,2025-08-01,Fulfilled
ORD005062,CUST02873,DC010,EMP0434,2023-06-11,Backordered
ORD005063,CUST02005,DC023,EMP0076,2022-08-30,Fulfilled
ORD005064,CUST01870,DC005,EMP0020,2025-07-08,Fulfilled
ORD005065,CUST02068,DC008,EMP0283,2022-01-07,Backordered
ORD005066,CUST03249,DC013,EMP0641,2021-01-04,Fulfilled
ORD005067,CUST03069,DC009,EMP0717,2023-03-07,Fulfilled
ORD005068,CUST00825,DC002,EMP0407,2022-01-17,Fulfilled
ORD005069,CUST03000,DC017,EMP0486,2022-10-16,Fulfilled
ORD005070,CUST02583,DC003,EMP0690,2024-08-11,Fulfilled
ORD005071,CUST00725,DC016,EMP0043,2022-12-05,Backordered
ORD005072,CUST00573,DC005,EMP0400,2021-07-21,Backordered
ORD005073,CUST02837,DC004,EMP0295,2023-05-08,Fulfilled
ORD005074,CUST02255,DC014,EMP0279,2022-10-03,Fulfilled
ORD005075,CUST03465,DC017,EMP0188,2025-03-03,Fulfilled
ORD005076,CUST02854,DC018,EMP0309,2025-11-28,Pending
ORD005077,CUST03623,DC007,EMP0236,2025-08-22,Pending
ORD005078,CUST03913,DC007,EMP0478,2023-07-02,Fulfilled
ORD005079,CUST02046,DC009,EMP0477,2022-09-27,Pending
ORD005080,CUST00048,DC005,EMP0198,2022-09-01,Fulfilled
ORD005081,CUST03969,DC012,EMP0663,2025-08-19,Fulfilled
ORD005082,CUST00469,DC006,EMP0316,2021-09-20,Cancelled
ORD005083,CUST01365,DC021,EMP0612,2022-03-11,Pending
ORD005084,CUST00244,DC022,EMP0423,18/5/2021,Fulfilled
ORD005085,CUST00203,DC008,EMP0237,2022-07-30,Pending
ORD005086,CUST02914,DC004,EMP0140,2024-04-28,Backordered
ORD005087,CUST01832,DC019,EMP0108,2025-07-08,Fulfilled
ORD005088,CUST00769,DC007,EMP0100,2024-07-25,Pending
ORD005089,CUST03177,DC012,EMP0727,2024-12-27,Cancelled
ORD005090,CUST01618,DC006,EMP0035,2021-01-19,Fulfilled
ORD005091,CUST03900,DC024,EMP0538,2024-03-15,Backordered
ORD005092,CUST01361,DC003,EMP0304,2024-03-23,Fulfilled
ORD005093,CUST03884,DC012,EMP0715,2023-04-04,Fulfilled
ORD005094,CUST03771,DC016,EMP0701,2025-02-17,Fulfilled
ORD005095,CUST01128,DC018,EMP0125,2025-06-16,Backordered
ORD005096,CUST03958,DC002,EMP0687,2023-02-11,Pending
ORD005097,CUST03059,DC003,EMP0364,2021-12-05,Fulfilled
ORD005098,CUST03821,DC014,EMP0184,2024-04-20,Fulfilled
ORD005099,CUST02687,DC020,EMP0205,2022-07-10,Fulfilled
ORD005100,CUST01758,DC024,EMP0293,2024-10-04,Pending
ORD005101,CUST00046,DC005,EMP0484,2021-06-06,Fulfilled
ORD005102,CUST00849,DC022,EMP0767,2024-06-08,Backordered
ORD005103,CUST00418,DC004,EMP0483,2022-07-13,Fulfilled
ORD005104,CUST02512,DC009,EMP0037,2022-08-18,Fulfilled
ORD005105,CUST00349,DC014,EMP0042,2023-02-19,Cancelled
ORD005106,CUST00480,DC004,EMP0030,2024-06-21,Backordered
ORD005107,CUST00096,DC003,EMP0148,2024-12-13,Cancelled
ORD005108,CUST02660,DC015,EMP0040,2022-03-16,Backordered
ORD005109,CUST03902,DC006,EMP0033,2023-04-16,Backordered
ORD005110,CUST03335,DC008,EMP0373,2024-01-03,Backordered
ORD005111,CUST01222,DC008,EMP0727,2021-04-22,Backordered
ORD005112,CUST00217,DC002,EMP0343,2022-12-11,Fulfilled
ORD005113,CUST01593,DC011,EMP0539,2021-05-19,Pending
ORD005114,CUST00487,DC005,EMP0048,2025-05-22,Fulfilled
ORD005115,CUST00602,DC022,EMP0210,2021-09-24,Pending
ORD005116,CUST02983,DC008,EMP0156,2021-06-14,Fulfilled
ORD005117,CUST01572,DC013,EMP0705,2025-08-03,Fulfilled
ORD005118,CUST02533,DC013,EMP0249,2021-10-12,Fulfilled
ORD005119,CUST01614,DC019,EMP0487,2023-01-19,Backordered
ORD005120,CUST02855,DC003,EMP0426,2023-08-23,Pending
ORD005121,CUST00534,DC003,EMP0278,2024-02-17,Pending
ORD005122,CUST03012,DC010,EMP0734,2023-08-14,Fulfilled
ORD005123,CUST00692,DC013,EMP0126,2021-03-14,Fulfilled
ORD005124,CUST01709,DC004,EMP0566,2023-12-04,Fulfilled
ORD005125,CUST03442,DC008,EMP0313,2025-02-18,Fulfilled
ORD005126,CUST01646,DC021,EMP0096,2023-10-16,Pending
ORD005127,CUST02243,DC018,EMP0800,2024-03-24,Pending
ORD005128,CUST01208,DC009,EMP0600,2025-09-03,Cancelled
ORD005129,CUST00892,DC015,EMP0570,2023-09-08,Fulfilled
ORD005130,CUST01442,DC023,EMP0607,2023-04-11,Fulfilled
ORD005131,CUST02476,DC020,EMP0400,2023-09-08,Fulfilled
ORD005132,CUST01991,DC020,EMP0177,2021-05-22,Fulfilled
ORD005133,CUST02216,DC017,EMP0521,2024-12-20,Fulfilled
ORD005134,CUST00748,DC022,EMP0642,2024-10-05,Pending
ORD005135,CUST01675,DC007,EMP0545,2021-12-02,Cancelled
ORD005136,CUST01870,DC008,EMP0131,2021-12-03,Backordered
ORD005137,CUST02154,DC015,EMP0244,2025-03-22,Fulfilled
ORD005138,CUST02630,DC010,EMP0317,2021-12-21,Fulfilled
ORD005139,CUST03665,DC014,EMP0307,2025-12-06,Pending
ORD005140,CUST02341,DC009,EMP0059,2023-10-27,Pending
ORD005141,CUST00899,DC002,EMP0345,2024-03-22,Pending
ORD005142,CUST00953,DC018,EMP0565,2022-09-26,Fulfilled
ORD005143,CUST01167,DC023,EMP0385,2022-03-02,Fulfilled
ORD005144,CUST01648,DC009,EMP0278,2024-12-22,Pending
ORD005145,CUST03177,DC006,EMP0175,2025-04-24,Fulfilled
ORD005146,CUST03344,DC021,EMP0193,2025-02-04,Fulfilled
ORD005147,CUST00025,DC021,EMP0343,2021-01-04,Fulfilled
ORD005148,CUST02518,DC009,EMP0542,2025-02-14,Cancelled
ORD005149,CUST01349,DC001,EMP0305,2022-01-23,Fulfilled
ORD005150,CUST02658,DC010,EMP0051,2023-06-11,Fulfilled
ORD005151,CUST01799,DC002,EMP0219,2021-11-23,Fulfilled
ORD005152,CUST00819,DC014,EMP0646,2021-01-13,Backordered
ORD005153,CUST00921,DC013,EMP0144,2021-06-06,Cancelled
ORD005154,CUST00963,DC017,EMP0282,2024-01-14,Backordered
ORD005155,CUST01207,DC018,EMP0085,2022-01-17,Fulfilled
ORD005156,CUST02480,DC012,EMP0277,2024-02-26,Fulfilled
ORD005157,CUST03575,DC005,EMP0424,2023-02-01,Fulfilled
ORD005158,CUST02362,DC023,EMP0524,2023-11-09,Cancelled
ORD005159,CUST00175,DC002,EMP0033,2022-12-25,Cancelled
ORD005160,CUST02982,DC020,EMP0500,2021-07-20,Pending
ORD005161,CUST01216,DC004,EMP0053,2024-05-03,Fulfilled
ORD005162,CUST00415,DC019,EMP0506,2022-01-21,Fulfilled
ORD005163,CUST03048,DC015,EMP0671,2021-08-27,Cancelled
ORD005164,CUST00580,DC005,EMP0240,2025-03-10,Fulfilled
ORD005165,CUST03424,DC016,EMP0422,2022-08-31,Fulfilled
ORD005166,CUST01556,DC016,EMP0321,2023-08-09,Fulfilled
ORD005167,CUST02609,DC013,EMP0204,2024-11-15,Pending
ORD005168,CUST02393,DC009,EMP0295,2021-01-17,Pending
ORD005169,CUST00214,DC016,EMP0416,2022-06-22,Fulfilled
ORD005170,CUST00480,DC002,EMP0387,2022-08-13,Fulfilled
ORD005171,CUST02101,DC021,EMP0320,2021-04-05,Backordered
ORD005172,CUST00581,DC005,EMP0038,2021-10-11,Fulfilled
ORD005173,CUST02215,DC016,EMP0702,2025-02-10,Pending
ORD005174,CUST02789,DC018,EMP0747,2022-03-02,Cancelled
ORD005175,CUST00270,DC017,EMP0315,2025-02-03,Fulfilled
ORD005176,CUST00567,DC008,EMP0593,2021-10-19,Cancelled
ORD005177,CUST01226,DC024,EMP0374,2021-10-05,Fulfilled
ORD005178,CUST03744,DC010,EMP0755,2025-02-28,Fulfilled
ORD005179,CUST01212,DC002,EMP0170,2022-04-26,Fulfilled
ORD005180,CUST03643,DC013,EMP0509,2023-03-16,Fulfilled
ORD005181,CUST01733,DC015,EMP0546,2021-08-05,Fulfilled
ORD005182,CUST01258,DC007,EMP0507,2021-02-27,Fulfilled
ORD005183,CUST00979,DC003,EMP0764,2022-08-08,Backordered
ORD005184,CUST01061,DC005,EMP0230,2023-01-16,Fulfilled
ORD005185,CUST00036,DC004,EMP0733,2023-11-18,Cancelled
ORD005186,CUST00094,DC011,EMP0754,2023-10-09,Fulfilled
ORD005187,CUST00959,DC022,EMP0095,2022-12-26,Cancelled
ORD005188,CUST00175,DC015,EMP0615,2023-07-20,Backordered
ORD005189,CUST02262,DC023,EMP0109,2022-06-22,Fulfilled
ORD005190,CUST02123,DC006,EMP0595,2024-05-19,Fulfilled
ORD005191,CUST00027,DC024,EMP0528,2024-07-11,Fulfilled
ORD005192,CUST02581,DC004,EMP0355,2022-07-05,Cancelled
ORD005193,CUST02162,DC011,EMP0055,2022-04-04,Cancelled
ORD005194,CUST02143,DC003,EMP0288,2021-05-25,Backordered
ORD005195,CUST01701,DC009,EMP0660,2024-03-07,Fulfilled
ORD005196,CUST01866,DC004,EMP0748,2025-02-06,Cancelled
ORD005197,CUST02994,DC009,EMP0236,2023-08-21,Fulfilled
ORD005198,CUST03260,DC009,EMP0073,2022-03-02,Backordered
ORD005199,CUST00729,DC021,EMP0759,2023-11-01,Backordered
ORD005200,CUST03818,DC009,EMP0547,2021-07-30,Backordered
ORD005201,CUST00113,DC005,EMP0172,2022-05-28,Fulfilled
ORD005202,CUST02056,DC008,EMP0061,2024-08-10,Fulfilled
ORD005203,CUST00584,DC001,EMP0755,2024-08-10,Pending
ORD005204,CUST02156,DC015,EMP0316,2021-12-14,Backordered
ORD005205,CUST03786,DC010,EMP0195,2024-06-14,Cancelled
ORD005206,CUST03473,DC005,EMP0121,2023-03-11,Fulfilled
ORD005207,CUST02622,DC009,EMP0082,2023-12-29,Cancelled
ORD005208,CUST00164,DC024,EMP0490,2025-10-18,Pending
ORD005209,CUST00207,DC019,EMP0569,2024-02-25,Fulfilled
ORD005210,CUST02128,DC012,EMP0309,2024-03-27,Pending
ORD005211,CUST00846,DC006,EMP0199,2025-05-09,Fulfilled
ORD005212,CUST00511,DC007,EMP0517,2022-11-14,Pending
ORD005213,CUST01799,DC011,EMP0659,2021-08-29,Fulfilled
ORD005214,CUST01886,DC007,EMP0662,2021-05-13,Cancelled
ORD005215,CUST03801,DC006,EMP0411,2022-06-13,Fulfilled
ORD005216,CUST02582,DC021,EMP0434,2024-08-13,Fulfilled
ORD005217,CUST03662,DC010,EMP0758,2024-03-14,Cancelled
ORD005218,CUST00674,DC001,EMP0790,2023-02-07,Fulfilled
ORD005219,CUST02988,DC023,EMP0655,2023-07-22,Cancelled
ORD005220,CUST01177,DC024,EMP0075,2022-12-04,Fulfilled
ORD005221,CUST02925,DC009,EMP0500,2022-08-11,Fulfilled
ORD005222,CUST00222,DC001,EMP0704,2022-03-09,Backordered
ORD005223,CUST01381,DC023,EMP0017,2025-10-04,Fulfilled
ORD005224,CUST00787,DC011,EMP0196,2022-10-30,Fulfilled
ORD005225,CUST02506,DC005,EMP0598,2022-05-31,Fulfilled
ORD005226,CUST01924,DC020,EMP0471,2024-09-15,Backordered
ORD005227,CUST00547,DC018,EMP0779,2021-08-21,Fulfilled
ORD005228,CUST01044,DC005,EMP0761,2022-03-16,Backordered
ORD005229,CUST01511,DC013,EMP0134,2021-12-08,Pending
ORD005230,CUST02972,DC016,EMP0486,2025-01-01,Pending
ORD005231,CUST02940,DC014,EMP0233,2023-03-16,Pending
ORD005232,CUST00613,DC004,EMP0104,2024-09-14,Backordered
ORD005233,CUST03002,DC024,EMP0286,2022-09-14,Pending
ORD005234,CUST02761,DC019,EMP0392,2025-02-15,Pending
ORD005235,CUST00165,DC001,EMP0008,2023-06-07,Fulfilled
ORD005236,CUST02185,DC024,EMP0193,2024-12-06,Cancelled
ORD005237,CUST01774,DC022,EMP0405,2022-01-28,Pending
ORD005238,CUST03125,DC005,EMP0402,2023-03-22,Cancelled
ORD005239,CUST03955,DC011,EMP0711,2024-06-11,Cancelled
ORD005240,CUST02878,DC007,EMP0643,2025-09-28,Fulfilled
ORD005241,CUST00188,DC007,EMP0339,2025-11-27,Cancelled
ORD005242,CUST01466,DC007,EMP0512,2022-07-11,Cancelled
ORD005243,CUST03923,DC008,EMP0293,2023-09-11,Fulfilled
ORD005244,CUST01034,DC016,EMP0086,2021-01-21,Cancelled
ORD005245,CUST02330,DC004,EMP0143,2021-10-11,Fulfilled
ORD005246,CUST03345,DC023,EMP0355,2025-08-28,Cancelled
ORD005247,CUST02019,DC001,EMP0260,2024-01-01,Fulfilled
ORD005248,CUST00077,DC023,EMP0272,2024-01-15,Pending
ORD005249,CUST03521,DC024,EMP0583,2023-11-26,Fulfilled
ORD005250,CUST02374,DC017,EMP0547,2025-07-17,Pending
ORD005251,CUST01767,DC016,EMP0783,2022-10-29,Fulfilled
ORD005252,CUST01112,DC021,EMP0380,2025-03-08,Backordered
ORD005253,CUST00175,DC024,EMP0718,2022-05-29,Backordered
ORD005254,CUST01343,DC023,EMP0176,2023-08-06,Backordered
ORD005255,CUST01748,DC020,EMP0239,2025-11-23,Cancelled
ORD005256,CUST00067,DC005,EMP0008,2022-11-07,Fulfilled
ORD005257,CUST01395,DC013,EMP0284,2024-04-24,Backordered
ORD005258,CUST01210,DC022,EMP0347,2021-11-25,Fulfilled
ORD005259,CUST01142,DC015,EMP0390,2022-01-20,Fulfilled
ORD005260,CUST00028,DC001,EMP0111,2022-08-26,Cancelled
ORD005261,CUST02102,DC001,EMP0095,2025-05-15,Fulfilled
ORD005262,CUST02190,DC022,EMP0178,2021-09-07,Fulfilled
ORD005263,CUST02265,DC017,EMP0001,2025-10-27,Pending
ORD005264,CUST00626,DC006,EMP0306,2025-11-05,Cancelled
ORD005265,CUST01622,DC019,EMP0324,2021-01-26,Fulfilled
ORD005266,CUST00649,DC006,EMP0230,2024-07-19,Fulfilled
ORD005267,CUST03775,DC024,EMP0322,2021-12-23,Cancelled
ORD005268,CUST00902,DC016,EMP0018,2022-03-26,Cancelled
ORD005269,CUST00243,DC002,EMP0215,2025-07-13,Fulfilled
ORD005270,CUST02585,DC006,EMP0474,2022-07-24,Fulfilled
ORD005271,CUST01617,DC013,EMP0242,2021-07-18,Fulfilled
ORD005272,CUST01139,DC003,EMP0515,2025-12-12,Fulfilled
ORD005273,CUST03668,DC009,EMP0495,2025-04-22,Backordered
ORD005274,CUST02296,DC024,EMP0317,2025-03-10,Fulfilled
ORD005275,CUST00565,DC008,EMP0367,2022-12-31,Fulfilled
ORD005276,CUST02054,DC001,EMP0733,2025-01-24,Fulfilled
ORD005277,CUST00532,DC024,EMP0264,2021-05-31,Fulfilled
ORD005278,CUST01932,DC002,EMP0082,2023-12-20,Cancelled
ORD005279,CUST00450,DC010,EMP0032,2022-02-25,Cancelled
ORD005280,CUST02495,DC024,EMP0083,2022-05-29,Cancelled
ORD005281,CUST00874,DC016,EMP0173,2022-01-25,Cancelled
ORD005282,CUST01231,DC012,EMP0695,2023-07-04,Fulfilled
ORD005283,CUST00068,DC023,EMP0667,2022-12-10,Fulfilled
ORD005284,CUST03344,DC019,EMP0305,2025-03-21,Backordered
ORD005285,CUST01096,DC021,EMP0503,2021-03-14,Fulfilled
ORD005286,CUST03330,DC003,EMP0076,2021-01-17,Fulfilled
ORD005287,CUST00505,DC009,EMP0272,2022-10-11,Backordered
ORD005288,CUST02864,DC019,EMP0533,2024-08-02,Pending
ORD005289,CUST02027,DC018,EMP0576,2025-12-29,Fulfilled
ORD005290,CUST00483,DC005,EMP0462,2021-03-02,Cancelled
ORD005291,CUST02187,DC014,EMP0270,2023-09-11,Fulfilled
ORD005292,CUST01989,DC018,EMP0534,2023-03-31,Fulfilled
ORD005293,CUST03316,DC022,EMP0119,2023-01-27,Cancelled
ORD005294,CUST01812,DC002,EMP0088,2025-12-02,Fulfilled
ORD005295,CUST03860,DC001,EMP0684,2023-02-01,Backordered
ORD005296,CUST00143,DC014,EMP0166,2025-05-23,Pending
ORD005297,CUST03855,DC019,EMP0486,2021-12-15,Fulfilled
ORD005298,CUST03154,DC023,EMP0538,2023-09-13,Fulfilled
ORD005299,CUST00791,DC010,EMP0186,2021-12-11,Fulfilled
ORD005300,CUST02844,DC007,EMP0037,2021-10-20,Backordered
ORD005301,CUST03744,DC021,EMP0058,2023-08-02,Backordered
ORD005302,CUST01582,DC018,EMP0771,2022-01-09,Fulfilled
ORD005303,CUST00823,DC009,EMP0132,2022-04-27,Pending
ORD005304,CUST03867,DC023,EMP0230,2022-06-02,Pending
ORD005305,CUST03355,DC005,EMP0775,2025-01-13,Cancelled
ORD005306,CUST03624,DC006,EMP0495,2023-12-12,Pending
ORD005307,CUST00588,DC020,EMP0283,2023-05-22,Cancelled
ORD005308,CUST02595,DC006,EMP0272,2023-09-14,Pending
ORD005309,CUST00776,DC010,EMP0747,2024-03-15,Backordered
ORD005310,CUST00161,DC016,EMP0352,2024-06-29,Fulfilled
ORD005311,CUST01804,DC016,EMP0351,2021-12-10,Cancelled
ORD005312,CUST02173,DC015,EMP0125,2025-10-19,Backordered
ORD005313,CUST01381,DC008,EMP0691,2023-03-26,Fulfilled
ORD005314,CUST02466,DC016,EMP0055,2023-08-07,Cancelled
ORD005315,CUST01208,DC024,EMP0050,2024-01-10,Fulfilled
ORD005316,CUST03582,DC012,EMP0444,2023-05-31,Backordered
ORD005317,CUST02217,DC021,EMP0248,2022-10-02,Pending
ORD005318,CUST01961,DC019,EMP0135,2025-03-01,Fulfilled
ORD005319,CUST02552,DC024,EMP0302,2024-01-21,Pending
ORD005320,CUST02828,DC005,EMP0724,2021-08-07,Fulfilled
ORD005321,CUST01370,DC016,EMP0585,2023-08-30,Cancelled
ORD005322,CUST00635,DC014,EMP0437,2024-01-12,Pending
ORD005323,CUST00365,DC021,EMP0230,2021-05-08,Fulfilled
ORD005324,CUST01424,DC008,EMP0031,2025-07-20,Backordered
ORD005325,CUST01770,DC012,EMP0703,2025-10-25,Cancelled
ORD005326,CUST02120,DC006,EMP0572,2023-07-02,Fulfilled
ORD005327,CUST03438,DC022,EMP0614,2022-12-28,Fulfilled
ORD005328,CUST00303,DC021,EMP0390,2023-10-20,Fulfilled
ORD005329,CUST00944,DC008,EMP0562,2021-05-10,Pending
ORD005330,CUST00811,DC004,EMP0526,2023-06-07,Cancelled
ORD005331,CUST01171,DC004,EMP0199,2022-04-16,Pending
ORD005332,CUST03386,DC002,EMP0576,2025-09-14,Pending
ORD005333,CUST01295,DC022,EMP0706,2023-08-28,Fulfilled
ORD005334,CUST01939,DC010,EMP0487,2022-03-27,Cancelled
ORD005335,CUST02687,DC024,EMP0593,2024-09-23,Fulfilled
ORD005336,CUST03476,DC011,EMP0372,2025-03-17,Fulfilled
ORD005337,CUST01515,DC005,EMP0647,2024-04-10,Fulfilled
ORD005338,CUST00986,DC018,EMP0003,2024-11-03,Backordered
ORD005339,CUST01675,DC008,EMP0265,2023-02-04,Backordered
ORD005340,CUST02854,DC008,EMP0549,2025-06-02,Fulfilled
ORD005341,CUST02972,DC017,EMP0141,2024-02-16,Cancelled
ORD005342,CUST02208,DC012,EMP0312,2023-08-26,Fulfilled
ORD005343,CUST00074,DC010,EMP0112,2022-10-12,Cancelled
ORD005344,CUST01992,DC021,EMP0616,2025-04-09,Fulfilled
ORD005345,CUST01147,DC017,EMP0054,2025-05-24,Fulfilled
ORD005346,CUST01639,DC015,EMP0673,2025-05-09,Backordered
ORD005347,CUST03627,DC009,EMP0726,2022-01-02,Backordered
ORD005348,CUST03858,DC020,EMP0132,2022-04-10,Cancelled
ORD005349,CUST00030,DC011,EMP0616,2021-10-02,Pending
ORD005350,CUST03603,DC024,EMP0304,2024-01-22,Cancelled
ORD005351,CUST03767,DC019,EMP0302,2024-11-16,Cancelled
ORD005352,CUST03613,DC007,EMP0272,2022-06-13,Fulfilled
ORD005353,CUST03489,DC016,EMP0638,2025-10-25,Pending
ORD005354,CUST01985,DC017,EMP0155,2024-03-05,Pending
ORD005355,CUST01212,DC011,EMP0532,2021-11-15,Backordered
ORD005356,CUST00144,DC019,EMP0120,2022-08-30,Pending
ORD005357,CUST01106,DC016,EMP0180,2021-08-14,Fulfilled
ORD005358,CUST03690,DC020,EMP0203,2025-04-29,Fulfilled
ORD005359,CUST02414,DC024,EMP0570,2024-07-09,Fulfilled
ORD005360,CUST00827,DC008,EMP0419,2022-10-19,Cancelled
ORD005361,CUST02007,DC015,EMP0333,2023-05-31,Fulfilled
ORD005362,CUST03005,DC016,EMP0672,2025-02-10,Fulfilled
ORD005363,CUST03596,DC006,EMP0727,2025-03-21,Fulfilled
ORD005364,CUST01078,DC019,EMP0048,2023-01-25,Fulfilled
ORD005365,CUST03284,DC024,EMP0558,2025-01-05,Cancelled
ORD005366,CUST02971,DC013,EMP0164,2025-03-10,Fulfilled
ORD005367,CUST02541,DC013,EMP0506,2022-02-07,Fulfilled
ORD005368,CUST02759,DC021,EMP0108,2022-06-09,Backordered
ORD005369,CUST01542,DC015,EMP0074,2022-07-03,Fulfilled
ORD005370,CUST03802,DC014,EMP0306,2021-05-20,Backordered
ORD005371,CUST00861,DC012,EMP0146,2023-09-16,Cancelled
ORD005372,CUST00062,DC003,EMP0231,2025-08-20,Backordered
ORD005373,CUST00930,DC024,EMP0395,2025-03-11,Pending
ORD005374,CUST01411,DC019,EMP0293,2022-08-15,Fulfilled
ORD005375,CUST01234,DC001,EMP0111,2021-01-10,Backordered
ORD005376,CUST03580,DC015,EMP0383,2023-05-01,Fulfilled
ORD005377,CUST00957,DC010,EMP0592,2021-01-11,Fulfilled
ORD005378,CUST03619,DC003,EMP0797,2024-11-04,Fulfilled
ORD005379,CUST02344,DC006,EMP0413,2024-05-29,Fulfilled
ORD005380,CUST02592,DC009,EMP0098,15/2/2024,Cancelled
ORD005381,CUST03348,DC016,EMP0159,2023-02-08,Backordered
ORD005382,CUST00073,DC011,EMP0708,2022-03-24,Fulfilled
ORD005383,CUST01480,DC018,EMP0679,2023-05-26,Cancelled
ORD005384,CUST03201,DC010,EMP0659,2023-06-24,Pending
ORD005385,CUST02049,DC011,EMP0088,2023-06-04,Backordered
ORD005386,CUST02431,DC018,EMP0446,2021-10-29,Pending
ORD005387,CUST00320,DC004,EMP0641,2022-03-24,Cancelled
ORD005388,CUST02634,DC019,EMP0776,2021-11-23,Fulfilled
ORD005389,CUST00023,DC023,EMP0282,2023-11-09,Cancelled
ORD005390,CUST00835,DC015,EMP0424,2024-07-02,Pending
ORD005391,CUST02070,DC014,EMP0238,2021-01-10,Fulfilled
ORD005392,CUST03033,DC016,EMP0338,2023-03-16,Cancelled
ORD005393,CUST00506,DC019,EMP0504,2022-03-25,Fulfilled
ORD005394,CUST00629,DC016,EMP0101,2023-02-25,Fulfilled
ORD005395,CUST03506,DC021,EMP0503,2024-07-13,Fulfilled
ORD005396,CUST00992,DC001,EMP0309,2024-01-28,Pending
ORD005397,CUST01882,DC017,EMP0149,2025-10-30,Cancelled
ORD005398,CUST00856,DC016,EMP0643,2022-11-18,Fulfilled
ORD005399,CUST02598,DC004,EMP0795,2023-12-19,Cancelled
ORD005400,CUST01641,DC006,EMP0245,2024-11-22,Backordered
ORD005401,CUST02681,DC024,EMP0773,2021-01-20,Pending
ORD005402,CUST02903,DC014,EMP0435,2022-06-10,Pending
ORD005403,CUST02505,DC008,EMP0283,2021-07-27,Fulfilled
ORD005404,CUST03869,DC018,EMP0427,2024-05-22,Cancelled
ORD005405,CUST02553,DC022,EMP0186,2021-09-28,Fulfilled
ORD005406,CUST00541,DC006,EMP0710,2022-04-09,Fulfilled
ORD005407,CUST01306,DC005,EMP0213,2021-06-08,Fulfilled
ORD005408,CUST02009,DC017,EMP0073,2025-01-27,Cancelled
ORD005409,CUST03474,DC018,EMP0063,2021-08-20,Fulfilled
ORD005410,CUST02850,DC010,EMP0787,24/1/2023,Fulfilled
ORD005411,CUST02760,DC020,EMP0631,2023-10-11,Fulfilled
ORD005412,CUST03883,DC004,EMP0751,2022-06-19,Pending
ORD005413,CUST02403,DC002,EMP0357,2024-11-22,Fulfilled
ORD005414,CUST00067,DC010,EMP0032,2023-10-25,Fulfilled
ORD005415,CUST03403,DC012,EMP0153,2022-01-07,Fulfilled
ORD005416,CUST03826,DC002,EMP0414,2023-03-11,Fulfilled
ORD005417,CUST02061,DC018,EMP0521,2023-04-17,Fulfilled
ORD005418,CUST02878,DC012,EMP0540,2022-08-29,Cancelled
ORD005419,CUST02942,DC020,EMP0421,2023-06-06,Cancelled
ORD005420,CUST03069,DC013,EMP0485,2022-10-09,Fulfilled
ORD005421,CUST00824,DC015,EMP0411,2024-09-05,Fulfilled
ORD005422,CUST03940,DC016,EMP0526,2025-02-21,Fulfilled
ORD005423,CUST00954,DC020,EMP0016,2022-04-13,Pending
ORD005424,CUST02120,DC013,EMP0585,2021-11-29,Fulfilled
ORD005425,CUST01357,DC001,EMP0427,2025-12-12,Backordered
ORD005426,CUST00880,DC012,EMP0513,2024-01-04,Pending
ORD005427,CUST01622,DC007,EMP0109,2023-02-27,Fulfilled
ORD005428,CUST02494,DC018,EMP0705,2024-09-07,Fulfilled
ORD005429,CUST00210,DC012,EMP0255,2024-08-17,Pending
ORD005430,CUST02836,DC009,EMP0085,2021-03-10,Fulfilled
ORD005431,CUST00366,DC006,EMP0792,2023-03-28,Backordered
ORD005432,CUST00587,DC002,EMP0414,2022-11-18,Fulfilled
ORD005433,CUST02442,DC020,EMP0229,2023-07-09,Backordered
ORD005434,CUST03926,DC023,EMP0182,2021-09-13,Fulfilled
ORD005435,CUST03727,DC024,EMP0554,2023-10-27,Fulfilled
ORD005436,CUST03364,DC016,EMP0716,2022-11-27,Fulfilled
ORD005437,CUST00186,DC012,EMP0431,2023-04-04,Pending
ORD005438,CUST01912,DC015,EMP0086,2022-05-10,Cancelled
ORD005439,CUST03700,DC006,EMP0662,2024-01-10,Fulfilled
ORD005440,CUST03474,DC011,EMP0126,2021-02-27,Backordered
ORD005441,CUST00665,DC005,EMP0009,2022-04-28,Fulfilled
ORD005442,CUST01034,DC022,EMP0756,2024-03-28,Fulfilled
ORD005443,CUST03085,DC023,EMP0107,2023-09-03,Fulfilled
ORD005444,CUST01048,DC023,EMP0190,2024-08-27,Fulfilled
ORD005445,CUST00093,DC006,EMP0043,2025-09-03,Fulfilled
ORD005446,CUST00240,DC024,EMP0133,2024-12-02,Backordered
ORD005447,CUST01009,DC023,EMP0267,2023-10-24,Pending
ORD005448,CUST02816,DC022,EMP0382,2022-01-21,Pending
ORD005449,CUST02786,DC021,EMP0505,2025-08-23,Fulfilled
ORD005450,CUST02568,DC015,EMP0184,2022-01-21,Backordered
ORD005451,CUST03722,DC010,EMP0066,2022-10-15,Fulfilled
ORD005452,CUST01325,DC024,EMP0180,2025-06-08,Fulfilled
ORD005453,CUST00488,DC024,EMP0712,2025-02-16,Cancelled
ORD005454,CUST01803,DC023,EMP0195,2025-08-04,Pending
ORD005455,CUST01517,DC009,EMP0004,2023-04-01,Backordered
ORD005456,CUST02152,DC002,EMP0044,2025-12-31,Fulfilled
ORD005457,CUST02097,DC013,EMP0785,2022-02-08,Pending
ORD005458,CUST02141,DC010,EMP0087,2025-10-15,Backordered
ORD005459,CUST03957,DC024,EMP0029,2023-05-31,Cancelled
ORD005460,CUST03881,DC002,EMP0638,2021-03-23,Cancelled
ORD005461,CUST01134,DC017,EMP0785,2025-03-28,Pending
ORD005462,CUST03086,DC021,EMP0607,2024-10-27,Pending
ORD005463,CUST01299,DC014,EMP0352,2025-04-23,Pending
ORD005464,CUST00981,DC007,EMP0047,2023-03-22,Cancelled
ORD005465,CUST00672,DC011,EMP0262,2021-01-20,Fulfilled
ORD005466,CUST03524,DC013,EMP0460,2021-07-28,Cancelled
ORD005467,CUST01285,DC004,EMP0758,2023-08-04,Fulfilled
ORD005468,CUST01629,DC009,EMP0406,2025-01-29,Fulfilled
ORD005469,CUST02922,DC022,EMP0073,2022-08-10,Fulfilled
ORD005470,CUST02066,DC002,EMP0076,2025-04-05,Backordered
ORD005471,CUST01425,DC010,EMP0444,2022-08-11,Pending
ORD005472,CUST01740,DC010,EMP0550,2022-01-01,Pending
ORD005473,CUST03844,DC021,EMP0006,2022-02-13,Fulfilled
ORD005474,CUST00261,DC023,EMP0632,2025-04-06,Cancelled
ORD005475,CUST02564,DC013,EMP0398,2023-01-15,Cancelled
ORD005476,CUST02437,DC011,EMP0367,2023-09-01,Pending
ORD005477,CUST00085,DC014,EMP0288,2025-04-20,Backordered
ORD005478,CUST03677,DC004,EMP0796,2021-10-11,Pending
ORD005479,CUST02982,DC017,EMP0539,2022-12-14,Fulfilled
ORD005480,CUST02245,DC004,EMP0739,2024-12-14,Fulfilled
ORD005481,CUST03643,DC004,EMP0656,2022-12-21,Fulfilled
ORD005482,CUST02535,DC017,EMP0601,2022-04-12,Fulfilled
ORD005483,CUST02029,DC002,EMP0588,2025-03-24,Fulfilled
ORD005484,CUST01557,DC018,EMP0316,2021-05-19,Pending
ORD005485,CUST00290,DC012,EMP0495,2024-10-19,Pending
ORD005486,CUST01471,DC014,EMP0081,2022-05-02,Cancelled
ORD005487,CUST02787,DC002,EMP0442,2025-03-23,Backordered
ORD005488,CUST00776,DC013,EMP0015,2024-01-13,Fulfilled
ORD005489,CUST01753,DC017,EMP0792,2021-11-08,Fulfilled
ORD005490,CUST01063,DC003,EMP0242,2021-07-13,Pending
ORD005491,CUST03087,DC021,EMP0601,2023-01-24,Fulfilled
ORD005492,CUST03001,DC005,EMP0437,2024-08-11,Fulfilled
ORD005493,CUST00170,DC015,EMP0597,2022-06-25,Backordered
ORD005494,CUST03819,DC001,EMP0648,2025-09-08,Fulfilled
ORD005495,CUST01346,DC022,EMP0061,2021-07-15,Pending
ORD005496,CUST00698,DC014,EMP0279,2024-06-05,Fulfilled
ORD005497,CUST01835,DC003,EMP0179,2024-10-26,Fulfilled
ORD005498,CUST02565,DC017,EMP0473,2025-08-04,Fulfilled
ORD005499,CUST03259,DC015,EMP0027,2025-08-25,Cancelled
ORD005500,CUST03915,DC024,EMP0114,2023-07-28,Fulfilled
ORD005501,CUST00805,DC024,EMP0309,2025-10-22,Pending
ORD005502,CUST03861,DC007,EMP0316,2021-07-15,Backordered
ORD005503,CUST02823,DC018,EMP0795,2021-03-15,Pending
ORD005504,CUST02686,DC015,EMP0647,2022-12-29,Backordered
ORD005505,CUST02560,DC012,EMP0355,2022-08-13,Fulfilled
ORD005506,CUST02039,DC014,EMP0716,2025-06-28,Fulfilled
ORD005507,CUST03616,DC002,EMP0756,2021-01-11,Fulfilled
ORD005508,CUST00401,DC010,EMP0161,2024-06-01,Fulfilled
ORD005509,CUST01145,DC015,EMP0087,2024-07-09,Cancelled
ORD005510,CUST03535,DC002,EMP0350,2024-11-29,Fulfilled
ORD005511,CUST03176,DC015,EMP0635,2021-09-04,Backordered
ORD005512,CUST03776,DC003,EMP0664,2021-12-30,Fulfilled
ORD005513,CUST02423,DC018,EMP0490,2021-03-27,Fulfilled
ORD005514,CUST00567,DC014,EMP0118,2023-11-21,Cancelled
ORD005515,CUST00023,DC011,EMP0149,2024-05-07,Cancelled
ORD005516,CUST03655,DC018,EMP0753,2025-09-15,Cancelled
ORD005517,CUST01887,DC003,EMP0012,2023-11-23,Cancelled
ORD005518,CUST02907,DC013,EMP0191,2022-11-28,Fulfilled
ORD005519,CUST01618,DC012,EMP0783,2022-09-03,Backordered
ORD005520,CUST02790,DC013,EMP0636,2022-01-15,Fulfilled
ORD005521,CUST01794,DC016,EMP0477,2021-06-04,Cancelled
ORD005522,CUST00954,DC001,EMP0764,2021-06-27,Fulfilled
ORD005523,CUST00723,DC014,EMP0518,2021-07-04,Fulfilled
ORD005524,CUST00882,DC023,EMP0789,2021-11-25,Cancelled
ORD005525,CUST01786,DC014,EMP0696,2025-04-12,Fulfilled
ORD005526,CUST02088,DC016,EMP0772,2024-10-05,Backordered
ORD005527,CUST02577,DC020,EMP0663,2024-04-13,Fulfilled
ORD005528,CUST00403,DC004,EMP0030,2022-05-12,Cancelled
ORD005529,CUST00846,DC013,EMP0404,2021-01-11,Fulfilled
ORD005530,CUST03291,DC016,EMP0318,2021-01-13,Backordered
ORD005531,CUST03036,DC018,EMP0245,2024-09-18,Pending
ORD005532,CUST01851,DC008,EMP0127,2025-11-15,Pending
ORD005533,CUST02228,DC015,EMP0551,2024-02-27,Fulfilled
ORD005534,CUST03408,DC007,EMP0190,2021-08-04,Cancelled
ORD005535,CUST03709,DC022,EMP0361,2025-09-19,Backordered
ORD005536,CUST00306,DC002,EMP0435,2022-01-16,Fulfilled
ORD005537,CUST03523,DC005,EMP0394,2025-07-08,Fulfilled
ORD005538,CUST02750,DC020,EMP0174,2023-10-23,Fulfilled
ORD005539,CUST03383,DC022,EMP0412,2021-10-31,Fulfilled
ORD005540,CUST03831,DC020,EMP0659,2022-08-26,Pending
ORD005541,CUST03763,DC005,EMP0314,2025-08-07,Cancelled
ORD005542,CUST01762,DC020,EMP0781,2021-04-24,Fulfilled
ORD005543,CUST00195,DC021,EMP0222,2021-10-17,Backordered
ORD005544,CUST01239,DC004,EMP0238,2022-11-24,Fulfilled
ORD005545,CUST01454,DC001,EMP0220,2023-11-17,Pending
ORD005546,CUST00044,DC007,EMP0330,2025-03-31,Cancelled
ORD005547,CUST03117,DC012,EMP0734,2021-08-06,Fulfilled
ORD005548,CUST02924,DC001,EMP0280,2022-06-20,Fulfilled
ORD005549,CUST00845,DC016,EMP0405,2024-07-29,Backordered
ORD005550,CUST03661,DC014,EMP0486,2021-05-05,Fulfilled
ORD005551,CUST00025,DC013,EMP0413,2022-03-13,Fulfilled
ORD005552,CUST03758,DC006,EMP0095,2023-05-12,Fulfilled
ORD005553,CUST01910,DC003,EMP0405,2022-01-21,Fulfilled
ORD005554,CUST03630,DC009,EMP0576,2021-11-16,Backordered
ORD005555,CUST00811,DC012,EMP0473,2024-11-15,Pending
ORD005556,CUST00386,DC014,EMP0755,2021-05-23,Fulfilled
ORD005557,CUST03679,DC009,EMP0103,2023-07-14,Cancelled
ORD005558,CUST03180,DC003,EMP0658,2023-05-18,Fulfilled
ORD005559,CUST01793,DC024,EMP0209,2024-02-05,Backordered
ORD005560,CUST03381,DC014,EMP0006,2025-08-14,Fulfilled
ORD005561,CUST01494,DC016,EMP0374,2023-06-29,Fulfilled
ORD005562,CUST00968,DC001,EMP0677,2024-08-08,Pending
ORD005563,CUST00262,DC004,EMP0041,2025-04-05,Cancelled
ORD005564,CUST02166,DC012,EMP0143,2022-01-20,Pending
ORD005565,CUST00586,DC018,EMP0189,2024-09-28,Cancelled
ORD005566,CUST03229,DC011,EMP0514,2023-09-28,Fulfilled
ORD005567,CUST01360,DC004,EMP0746,2025-07-11,Backordered
ORD005568,CUST02948,DC009,EMP0290,2021-12-02,Cancelled
ORD005569,CUST02072,DC016,EMP0060,2024-11-10,Backordered
ORD005570,CUST00875,DC009,EMP0414,2024-04-24,Fulfilled
ORD005571,CUST03004,DC009,EMP0520,2024-08-03,Backordered
ORD005572,CUST02437,DC001,EMP0610,2023-06-12,Pending
ORD005573,CUST00999,DC013,EMP0412,2024-09-23,Fulfilled
ORD005574,CUST03013,DC023,EMP0018,2023-07-12,Fulfilled
ORD005575,CUST02237,DC015,EMP0455,2023-07-15,Backordered
ORD005576,CUST00767,DC015,EMP0523,2021-05-12,Fulfilled
ORD005577,CUST03814,DC004,EMP0395,2022-02-10,Backordered
ORD005578,CUST00428,DC007,EMP0611,2024-02-17,Fulfilled
ORD005579,CUST00472,DC022,EMP0454,2025-06-27,Fulfilled
ORD005580,CUST01571,DC011,EMP0467,2023-05-18,Fulfilled
ORD005581,CUST02894,DC003,EMP0647,2023-07-12,Fulfilled
ORD005582,CUST00190,DC017,EMP0072,2025-03-30,Backordered
ORD005583,CUST01161,DC004,EMP0155,2021-12-24,Cancelled
ORD005584,CUST00019,DC004,EMP0741,2023-05-21,Fulfilled
ORD005585,CUST03095,DC012,EMP0791,2024-01-03,Pending
ORD005586,CUST00409,DC019,EMP0782,2023-12-12,Cancelled
ORD005587,CUST02010,DC015,EMP0437,2024-01-04,Cancelled
ORD005588,CUST01852,DC003,EMP0581,2023-04-26,Fulfilled
ORD005589,CUST03784,DC016,EMP0094,2025-04-06,Fulfilled
ORD005590,CUST02346,DC008,EMP0484,2024-11-20,Fulfilled
ORD005591,CUST00436,DC003,EMP0118,2024-05-21,Fulfilled
ORD005592,CUST03257,DC016,EMP0490,2022-02-09,Fulfilled
ORD005593,CUST03627,DC006,EMP0572,2023-05-09,Fulfilled
ORD005594,CUST00432,DC013,EMP0677,2023-03-21,Fulfilled
ORD005595,CUST03211,DC024,EMP0516,2024-12-22,Fulfilled
ORD005596,CUST03533,DC014,EMP0503,2024-03-23,Fulfilled
ORD005597,CUST03361,DC016,EMP0191,2024-11-05,Cancelled
ORD005598,CUST03628,DC009,EMP0017,2023-01-05,Fulfilled
ORD005599,CUST02349,DC023,EMP0602,2022-09-03,Cancelled
ORD005600,CUST02773,DC004,EMP0445,2024-05-27,Fulfilled
ORD005601,CUST03783,DC020,EMP0243,2021-11-11,Fulfilled
ORD005602,CUST03242,DC022,EMP0103,2022-04-07,Fulfilled
ORD005603,CUST00017,DC010,EMP0662,2025-02-07,Pending
ORD005604,CUST03670,DC012,EMP0785,2021-08-09,Fulfilled
ORD005605,CUST00764,DC001,EMP0436,2021-10-21,Pending
ORD005606,CUST03767,DC011,EMP0377,2021-06-02,Pending
ORD005607,CUST00059,DC009,EMP0681,2022-11-28,Pending
ORD005608,CUST01494,DC011,EMP0038,2023-02-25,Pending
ORD005609,CUST01407,DC023,EMP0474,2021-04-18,Pending
ORD005610,CUST01161,DC016,EMP0314,2024-08-01,Fulfilled
ORD005611,CUST00520,DC019,EMP0012,2024-06-09,Pending
ORD005612,CUST00331,DC023,EMP0307,2023-09-13,Backordered
ORD005613,CUST00648,DC007,EMP0332,2023-06-15,Backordered
ORD005614,CUST02896,DC017,EMP0162,2025-05-18,Fulfilled
ORD005615,CUST01107,DC018,EMP0564,2021-12-16,Fulfilled
ORD005616,CUST00485,DC020,EMP0787,2023-12-31,Backordered
ORD005617,CUST03660,DC006,EMP0455,2025-11-13,Fulfilled
ORD005618,CUST00963,DC003,EMP0356,2025-11-03,Pending
ORD005619,CUST01976,DC017,EMP0561,2023-06-08,Fulfilled
ORD005620,CUST00319,DC008,EMP0365,2023-01-08,Pending
ORD005621,CUST02418,DC005,EMP0228,2022-12-22,Backordered
ORD005622,CUST02428,DC010,EMP0046,2024-06-18,Fulfilled
ORD005623,CUST03152,DC023,EMP0737,2024-06-04,Cancelled
ORD005624,CUST01897,DC017,EMP0322,2025-12-10,Fulfilled
ORD005625,CUST01487,DC008,EMP0688,2024-09-17,Cancelled
ORD005626,CUST00734,DC017,EMP0221,2022-10-03,Pending
ORD005627,CUST02633,DC015,EMP0022,2022-05-29,Cancelled
ORD005628,CUST01694,DC008,EMP0432,2025-07-27,Pending
ORD005629,CUST01042,DC007,EMP0193,2024-03-26,Backordered
ORD005630,CUST01403,DC024,EMP0391,2024-03-06,Fulfilled
ORD005631,CUST00305,DC010,EMP0300,2022-04-12,Fulfilled
ORD005632,CUST03833,DC003,EMP0475,2023-12-28,Fulfilled
ORD005633,CUST00242,DC007,EMP0752,2023-11-23,Pending
ORD005634,CUST01961,DC017,EMP0113,2021-09-29,Fulfilled
ORD005635,CUST02795,DC014,EMP0303,2022-03-14,Pending
ORD005636,CUST03555,DC024,EMP0093,2024-05-14,Pending
ORD005637,CUST02067,DC009,EMP0716,2025-09-26,Backordered
ORD005638,CUST03881,DC014,EMP0137,2023-03-03,Pending
ORD005639,CUST02927,DC024,EMP0217,2025-08-02,Fulfilled
ORD005640,CUST03694,DC013,EMP0038,2023-04-05,Pending
ORD005641,CUST02464,DC009,EMP0745,2022-11-29,Fulfilled
ORD005642,CUST03304,DC005,EMP0360,2022-06-27,Fulfilled
ORD005643,CUST03366,DC024,EMP0512,2024-08-02,Cancelled
ORD005644,CUST03090,DC011,EMP0253,22/2/2021,Cancelled
ORD005645,CUST03934,DC022,EMP0089,2024-09-08,Fulfilled
ORD005646,CUST03755,DC021,EMP0561,2023-09-04,Fulfilled
ORD005647,CUST01878,DC010,EMP0319,2021-02-17,Backordered
ORD005648,CUST02056,DC007,EMP0049,2024-05-28,Fulfilled
ORD005649,CUST03586,DC022,EMP0140,2021-07-18,Pending
ORD005650,CUST03763,DC018,EMP0449,2022-01-23,Backordered
ORD005651,CUST00359,DC012,EMP0615,2024-01-05,Cancelled
ORD005652,CUST01543,DC020,EMP0481,2021-08-31,Fulfilled
ORD005653,CUST03586,DC021,EMP0384,2021-10-03,Fulfilled
ORD005654,CUST03519,DC009,EMP0088,2023-03-27,Pending
ORD005655,CUST03851,DC018,EMP0014,2022-06-02,Pending
ORD005656,CUST00341,DC014,EMP0735,2022-02-01,Backordered
ORD005657,CUST02467,DC022,EMP0374,2025-03-24,Fulfilled
ORD005658,CUST00947,DC014,EMP0125,2022-11-29,Fulfilled
ORD005659,CUST02180,DC015,EMP0310,2022-05-20,Fulfilled
ORD005660,CUST01056,DC010,EMP0356,2023-03-11,Backordered
ORD005661,CUST00119,DC005,EMP0058,2024-06-11,Fulfilled
ORD005662,CUST01002,DC004,EMP0433,2022-03-02,Backordered
ORD005663,CUST03374,DC015,EMP0585,2021-04-16,Pending
ORD005664,CUST02105,DC019,EMP0068,2023-01-30,Pending
ORD005665,CUST01492,DC022,EMP0082,2023-03-14,Backordered
ORD005666,CUST01959,DC009,EMP0589,2021-07-24,Fulfilled
ORD005667,CUST02113,DC007,EMP0474,2025-10-28,Cancelled
ORD005668,CUST01939,DC022,EMP0029,2022-12-07,Cancelled
ORD005669,CUST01970,DC002,EMP0449,2022-06-15,Pending
ORD005670,CUST03462,DC002,EMP0026,2025-01-08,Fulfilled
ORD005671,CUST01443,DC022,EMP0159,2025-07-08,Pending
ORD005672,CUST01532,DC019,EMP0714,2024-06-20,Fulfilled
ORD005673,CUST03008,DC010,EMP0669,2022-04-20,Fulfilled
ORD005674,CUST03167,DC010,EMP0313,2023-08-15,Fulfilled
ORD005675,CUST02619,DC006,EMP0022,2025-07-24,Backordered
ORD005676,CUST00128,DC003,EMP0529,2022-06-19,Cancelled
ORD005677,CUST02897,DC010,EMP0192,2023-04-03,Fulfilled
ORD005678,CUST01750,DC001,EMP0353,2024-04-17,Backordered
ORD005679,CUST03529,DC022,EMP0711,2025-09-17,Backordered
ORD005680,CUST03465,DC006,EMP0308,2025-08-04,Cancelled
ORD005681,CUST01323,DC010,EMP0528,2023-10-04,Cancelled
ORD005682,CUST02122,DC015,EMP0116,2022-08-16,Fulfilled
ORD005683,CUST03877,DC010,EMP0162,2025-05-29,Pending
ORD005684,CUST01096,DC007,EMP0489,2021-10-31,Fulfilled
ORD005685,CUST02089,DC006,EMP0570,2021-03-05,Pending
ORD005686,CUST02792,DC003,EMP0566,2022-05-13,Fulfilled
ORD005687,CUST00019,DC004,EMP0332,2024-04-09,Fulfilled
ORD005688,CUST03272,DC001,EMP0072,2025-08-11,Fulfilled
ORD005689,CUST01357,DC005,EMP0706,2021-07-30,Fulfilled
ORD005690,CUST00241,DC007,EMP0044,2024-11-20,Backordered
ORD005691,CUST02975,DC013,EMP0645,2021-04-13,Pending
ORD005692,CUST01033,DC023,EMP0103,2025-08-23,Fulfilled
ORD005693,CUST00390,DC022,EMP0206,2025-06-13,Fulfilled
ORD005694,CUST02504,DC010,EMP0724,2024-05-09,Backordered
ORD005695,CUST01590,DC016,EMP0652,2025-12-12,Backordered
ORD005696,CUST02166,DC003,EMP0068,2023-02-18,Fulfilled
ORD005697,CUST00296,DC009,EMP0350,2022-08-16,Pending
ORD005698,CUST02401,DC002,EMP0423,2022-09-17,Backordered
ORD005699,CUST00822,DC012,EMP0752,2023-06-10,Backordered
ORD005700,CUST00343,DC010,EMP0743,2021-06-23,Fulfilled
ORD005701,CUST00210,DC017,EMP0312,2024-05-13,Fulfilled
ORD005702,CUST02546,DC008,EMP0066,2022-03-15,Cancelled
ORD005703,CUST01293,DC012,EMP0451,2024-04-02,Pending
ORD005704,CUST02448,DC023,EMP0312,2024-08-28,Fulfilled
ORD005705,CUST00906,DC005,EMP0251,2022-11-01,Fulfilled
ORD005706,CUST01874,DC020,EMP0124,2022-02-04,Fulfilled
ORD005707,CUST03386,DC002,EMP0645,2022-12-03,Backordered
ORD005708,CUST03939,DC005,EMP0439,2024-09-27,Fulfilled
ORD005709,CUST02665,DC006,EMP0413,2024-01-11,Cancelled
ORD005710,CUST01021,DC022,EMP0122,2021-07-30,Fulfilled
ORD005711,CUST00892,DC001,EMP0771,2022-06-08,Fulfilled
ORD005712,CUST02869,DC021,EMP0392,2024-03-29,Pending
ORD005713,CUST01218,DC021,EMP0289,2024-10-18,Fulfilled
ORD005714,CUST00770,DC005,EMP0179,2024-12-17,Fulfilled
ORD005715,CUST03387,DC016,EMP0073,2025-12-20,Fulfilled
ORD005716,CUST01557,DC012,EMP0574,2022-12-23,Fulfilled
ORD005717,CUST01157,DC017,EMP0532,2024-01-19,Fulfilled
ORD005718,CUST00251,DC014,EMP0737,2024-05-26,Fulfilled
ORD005719,CUST02959,DC005,EMP0773,2024-04-10,Fulfilled
ORD005720,CUST01628,DC010,EMP0532,2021-12-04,Pending
ORD005721,CUST03128,DC014,EMP0268,2024-11-09,Fulfilled
ORD005722,CUST03872,DC009,EMP0100,2021-06-13,Cancelled
ORD005723,CUST02157,DC021,EMP0497,2024-07-04,Fulfilled
ORD005724,CUST03718,DC004,EMP0567,2023-04-09,Fulfilled
ORD005725,CUST01030,DC008,EMP0296,2022-01-10,Fulfilled
ORD005726,CUST00590,DC010,EMP0234,2025-06-17,Pending
ORD005727,CUST00021,DC003,EMP0501,2023-11-11,Fulfilled
ORD005728,CUST00844,DC018,EMP0474,2024-02-04,Cancelled
ORD005729,CUST03085,DC001,EMP0040,2023-08-21,Backordered
ORD005730,CUST02226,DC011,EMP0200,2021-01-19,Backordered
ORD005731,CUST01456,DC015,EMP0367,2023-09-03,Backordered
ORD005732,CUST02520,DC012,EMP0284,2023-04-08,Pending
ORD005733,CUST02671,DC024,EMP0546,2023-04-07,Fulfilled
ORD005734,CUST03627,DC010,EMP0793,2024-07-29,Pending
ORD005735,CUST03889,DC004,EMP0055,2021-08-30,Fulfilled
ORD005736,CUST00348,DC010,EMP0304,2022-12-28,Cancelled
ORD005737,CUST03520,DC003,EMP0231,2022-09-01,Fulfilled
ORD005738,CUST02473,DC015,EMP0659,2023-05-22,Backordered
ORD005739,CUST02551,DC008,EMP0177,2024-09-29,Fulfilled
ORD005740,CUST01662,DC009,EMP0185,2023-11-18,Fulfilled
ORD005741,CUST01343,DC015,EMP0038,2024-08-21,Backordered
ORD005742,CUST02478,DC010,EMP0226,2022-05-10,Pending
ORD005743,CUST00418,DC003,EMP0130,2022-10-13,Pending
ORD005744,CUST01837,DC007,EMP0071,2022-09-18,Pending
ORD005745,CUST00097,DC013,EMP0142,2022-08-13,Fulfilled
ORD005746,CUST02040,DC008,EMP0769,2024-10-29,Cancelled
ORD005747,CUST02218,DC012,EMP0345,2021-06-26,Fulfilled
ORD005748,CUST01269,DC012,EMP0461,2025-04-05,Pending
ORD005749,CUST00696,DC013,EMP0096,2023-01-08,Fulfilled
ORD005750,CUST00165,DC015,EMP0614,2022-01-09,Fulfilled
ORD005751,CUST03828,DC016,EMP0228,2025-12-02,Fulfilled
ORD005752,CUST00153,DC015,EMP0020,2025-01-06,Fulfilled
ORD005753,CUST00713,DC001,EMP0712,2025-06-13,Pending
ORD005754,CUST00934,DC010,EMP0648,2025-06-20,Pending
ORD005755,CUST00172,DC016,EMP0024,2025-07-31,Cancelled
ORD005756,CUST02648,DC011,EMP0102,2025-06-16,Fulfilled
ORD005757,CUST00330,DC006,EMP0089,2024-08-01,Fulfilled
ORD005758,CUST01289,DC011,EMP0214,2021-09-08,Fulfilled
ORD005759,CUST00484,DC012,EMP0247,2023-02-12,Cancelled
ORD005760,CUST00167,DC017,EMP0207,2025-08-30,Fulfilled
ORD005761,CUST00660,DC007,EMP0451,2025-07-14,Backordered
ORD005762,CUST02474,DC014,EMP0313,2023-09-08,Fulfilled
ORD005763,CUST02788,DC021,EMP0095,2024-06-29,Backordered
ORD005764,CUST02947,DC021,EMP0130,2024-04-16,Pending
ORD005765,CUST03596,DC004,EMP0498,2025-05-24,Fulfilled
ORD005766,CUST01156,DC017,EMP0007,2023-01-17,Cancelled
ORD005767,CUST02430,DC008,EMP0125,2024-07-03,Fulfilled
ORD005768,CUST01963,DC013,EMP0030,2021-05-02,Backordered
ORD005769,CUST00093,DC010,EMP0777,2021-03-23,Fulfilled
ORD005770,CUST01488,DC023,EMP0186,2023-12-10,Cancelled
ORD005771,CUST01088,DC004,EMP0214,2021-06-28,Backordered
ORD005772,CUST03544,DC016,EMP0026,2024-10-24,Cancelled
ORD005773,CUST01796,DC019,EMP0568,2021-08-01,Fulfilled
ORD005774,CUST00532,DC007,EMP0774,2022-01-21,Fulfilled
ORD005775,CUST02559,DC007,EMP0522,2021-04-09,Cancelled
ORD005776,CUST03738,DC003,EMP0186,2024-02-15,Fulfilled
ORD005777,CUST03785,DC011,EMP0705,2023-03-09,Fulfilled
ORD005778,CUST01998,DC005,EMP0594,2024-04-07,Fulfilled
ORD005779,CUST00751,DC022,EMP0195,2025-08-21,Cancelled
ORD005780,CUST03511,DC006,EMP0638,2024-04-25,Fulfilled
ORD005781,CUST02393,DC017,EMP0560,2023-06-02,Pending
ORD005782,CUST00297,DC021,EMP0289,2025-03-15,Fulfilled
ORD005783,CUST01793,DC009,EMP0774,2024-05-24,Cancelled
ORD005784,CUST00675,DC008,EMP0469,2025-03-04,Pending
ORD005785,CUST03849,DC001,EMP0094,2025-04-29,Fulfilled
ORD005786,CUST01078,DC008,EMP0791,2022-05-15,Cancelled
ORD005787,CUST00062,DC009,EMP0548,2025-01-06,Pending
ORD005788,CUST03252,DC005,EMP0610,2024-11-05,Backordered
ORD005789,CUST00442,DC024,EMP0151,2022-03-05,Cancelled
ORD005790,CUST01572,DC018,EMP0218,2025-04-16,Fulfilled
ORD005791,CUST00023,DC021,EMP0261,2025-07-25,Backordered
ORD005792,CUST01514,DC014,EMP0250,2021-11-22,Fulfilled
ORD005793,CUST00263,DC006,EMP0123,2025-05-17,Pending
ORD005794,CUST02397,DC001,EMP0601,2024-12-13,Cancelled
ORD005795,CUST02380,DC022,EMP0400,2022-02-07,Backordered
ORD005796,CUST03626,DC013,EMP0710,2021-03-02,Backordered
ORD005797,CUST02247,DC015,EMP0021,2021-11-11,Pending
ORD005798,CUST00710,DC011,EMP0591,2023-03-17,Pending
ORD005799,CUST03692,DC004,EMP0287,2022-01-03,Pending
ORD005800,CUST03525,DC023,EMP0291,2021-06-13,Fulfilled
ORD005801,CUST01184,DC021,EMP0524,2024-05-20,Pending
ORD005802,CUST03606,DC013,EMP0740,2022-11-24,Fulfilled
ORD005803,CUST00841,DC007,EMP0256,2023-03-25,Cancelled
ORD005804,CUST02804,DC008,EMP0207,2024-12-02,Cancelled
ORD005805,CUST03215,DC022,EMP0307,2021-12-24,Fulfilled
ORD005806,CUST02493,DC024,EMP0197,2025-12-19,Fulfilled
ORD005807,CUST03946,DC005,EMP0566,2025-05-19,Fulfilled
ORD005808,CUST03697,DC004,EMP0326,2024-09-14,Backordered
ORD005809,CUST01790,DC016,EMP0363,2021-04-11,Fulfilled
ORD005810,CUST03456,DC004,EMP0736,2021-02-09,Pending
ORD005811,CUST00978,DC021,EMP0148,2021-03-21,Fulfilled
ORD005812,CUST01645,DC011,EMP0263,2025-02-17,Cancelled
ORD005813,CUST02905,DC013,EMP0608,2023-12-23,Fulfilled
ORD005814,CUST00687,DC016,EMP0165,2021-12-07,Fulfilled
ORD005815,CUST02725,DC003,EMP0300,2023-12-12,Fulfilled
ORD005816,CUST03779,DC012,EMP0343,2022-07-23,Fulfilled
ORD005817,CUST03434,DC024,EMP0372,2022-07-21,Pending
ORD005818,CUST00200,DC001,EMP0569,2021-11-03,Fulfilled
ORD005819,CUST03940,DC022,EMP0528,2021-02-06,Fulfilled
ORD005820,CUST02559,DC012,EMP0284,2024-01-03,Fulfilled
ORD005821,CUST00874,DC003,EMP0334,2022-01-09,Cancelled
ORD005822,CUST00794,DC022,EMP0136,2023-12-03,Fulfilled
ORD005823,CUST01058,DC019,EMP0452,2024-02-02,Pending
ORD005824,CUST01628,DC003,EMP0425,2023-05-09,Fulfilled
ORD005825,CUST00130,DC015,EMP0636,2025-10-21,Backordered
ORD005826,CUST03923,DC001,EMP0631,2022-12-06,Fulfilled
ORD005827,CUST03762,DC020,EMP0601,2022-06-15,Pending
ORD005828,CUST03001,DC012,EMP0416,2024-06-13,Fulfilled
ORD005829,CUST03523,DC011,EMP0482,2024-03-11,Backordered
ORD005830,CUST03160,DC016,EMP0532,2025-12-08,Cancelled
ORD005831,CUST03975,DC001,EMP0794,2022-07-01,Pending
ORD005832,CUST01638,DC022,EMP0797,2024-11-18,Backordered
ORD005833,CUST01282,DC009,EMP0232,2023-04-09,Fulfilled
ORD005834,CUST03498,DC017,EMP0040,2022-01-24,Fulfilled
ORD005835,CUST00874,DC005,EMP0385,2022-06-22,Cancelled
ORD005836,CUST00766,DC016,EMP0419,2024-02-10,Fulfilled
ORD005837,CUST01438,DC001,EMP0795,2025-08-02,Cancelled
ORD005838,CUST00207,DC002,EMP0171,2022-12-29,Cancelled
ORD005839,CUST00217,DC016,EMP0458,2024-06-21,Cancelled
ORD005840,CUST03736,DC018,EMP0054,2021-10-12,Backordered
ORD005841,CUST02048,DC008,EMP0382,2021-10-26,Pending
ORD005842,CUST00580,DC017,EMP0037,2022-09-04,Fulfilled
ORD005843,CUST02140,DC017,EMP0446,2025-09-17,Fulfilled
ORD005844,CUST03463,DC007,EMP0004,2021-03-07,Fulfilled
ORD005845,CUST00966,DC016,EMP0085,2024-07-07,Fulfilled
ORD005846,CUST00978,DC016,EMP0623,2023-12-30,Fulfilled
ORD005847,CUST03963,DC007,EMP0742,2023-09-30,Fulfilled
ORD005848,CUST01888,DC021,EMP0608,2025-05-27,Fulfilled
ORD005849,CUST02239,DC019,EMP0292,2024-11-09,Backordered
ORD005850,CUST01064,DC008,EMP0474,2021-07-06,Cancelled
ORD005851,CUST01031,DC019,EMP0284,2023-11-03,Fulfilled
ORD005852,CUST00574,DC005,EMP0522,2024-04-29,Cancelled
ORD005853,CUST03693,DC011,EMP0756,2024-09-30,Fulfilled
ORD005854,CUST03781,DC009,EMP0750,2023-09-11,Fulfilled
ORD005855,CUST01691,DC023,EMP0759,2021-04-16,Cancelled
ORD005856,CUST01898,DC002,EMP0233,2022-04-30,Cancelled
ORD005857,CUST02928,DC018,EMP0505,2023-03-01,Pending
ORD005858,CUST00715,DC005,EMP0199,2021-07-20,Cancelled
ORD005859,CUST03749,DC006,EMP0038,2021-10-12,Fulfilled
ORD005860,CUST03774,DC012,EMP0024,2023-08-14,Fulfilled
ORD005861,CUST02959,DC016,EMP0058,2025-06-29,Pending
ORD005862,CUST01747,DC002,EMP0484,2025-09-22,Cancelled
ORD005863,CUST03902,DC006,EMP0631,2021-03-17,Pending
ORD005864,CUST03645,DC003,EMP0165,2024-02-09,Backordered
ORD005865,CUST01636,DC001,EMP0315,2021-06-13,Cancelled
ORD005866,CUST00510,DC018,EMP0665,2021-03-21,Fulfilled
ORD005867,CUST01714,DC011,EMP0054,18/4/2025,Cancelled
ORD005868,CUST00270,DC012,EMP0389,2025-09-30,Fulfilled
ORD005869,CUST01266,DC007,EMP0286,2025-10-29,Fulfilled
ORD005870,CUST02719,DC004,EMP0213,2025-07-18,Fulfilled
ORD005871,CUST02417,DC012,EMP0721,2022-02-01,Cancelled
ORD005872,CUST03396,DC016,EMP0767,2021-10-29,Pending
ORD005873,CUST00400,DC014,EMP0156,2024-01-28,Cancelled
ORD005874,CUST03608,DC023,EMP0221,2023-10-29,Fulfilled
ORD005875,CUST01973,DC003,EMP0275,19/12/2022,Fulfilled
ORD005876,CUST01221,DC016,EMP0124,2025-04-09,Fulfilled
ORD005877,CUST00397,DC015,EMP0235,2022-11-24,Fulfilled
ORD005878,CUST03276,DC005,EMP0318,2023-10-04,Fulfilled
ORD005879,CUST02470,DC007,EMP0468,2025-03-31,Fulfilled
ORD005880,CUST02957,DC007,EMP0080,2021-05-17,Fulfilled
ORD005881,CUST01435,DC014,EMP0048,2024-07-31,Cancelled
ORD005882,CUST00349,DC016,EMP0406,2024-04-12,Backordered
ORD005883,CUST02546,DC010,EMP0071,2024-08-20,Pending
ORD005884,CUST02203,DC005,EMP0238,2023-01-27,Fulfilled
ORD005885,CUST03861,DC014,EMP0277,2023-12-31,Fulfilled
ORD005886,CUST00735,DC014,EMP0029,2025-08-03,Pending
ORD005887,CUST00182,DC009,EMP0487,2024-01-27,Fulfilled
ORD005888,CUST02387,DC021,EMP0295,2023-04-23,Pending
ORD005889,CUST00248,DC012,EMP0295,2024-02-22,Backordered
ORD005890,CUST00940,DC011,EMP0723,2023-03-29,Fulfilled
ORD005891,CUST01003,DC002,EMP0321,2022-10-29,Cancelled
ORD005892,CUST00992,DC016,EMP0476,2023-06-01,Fulfilled
ORD005893,CUST02435,DC021,EMP0166,2025-03-08,Cancelled
ORD005894,CUST02748,DC010,EMP0446,2021-05-14,Pending
ORD005895,CUST01423,DC003,EMP0145,2023-12-13,Pending
ORD005896,CUST02412,DC001,EMP0748,2022-04-09,Backordered
ORD005897,CUST02411,DC021,EMP0263,2023-06-01,Backordered
ORD005898,CUST00791,DC016,EMP0258,2023-12-18,Fulfilled
ORD005899,CUST02819,DC011,EMP0177,2023-01-17,Cancelled
ORD005900,CUST01112,DC023,EMP0033,2025-10-01,Fulfilled
ORD005901,CUST03952,DC008,EMP0647,2025-07-26,Fulfilled
ORD005902,CUST03532,DC010,EMP0328,2022-06-30,Cancelled
ORD005903,CUST03795,DC024,EMP0254,2023-12-28,Fulfilled
ORD005904,CUST01626,DC002,EMP0512,2023-03-12,Cancelled
ORD005905,CUST01609,DC015,EMP0197,2023-05-27,Cancelled
ORD005906,CUST03753,DC014,EMP0734,2023-12-29,Backordered
ORD005907,CUST01849,DC004,EMP0618,2023-03-02,Backordered
ORD005908,CUST03899,DC004,EMP0740,2023-07-24,Fulfilled
ORD005909,CUST02675,DC005,EMP0238,2024-05-27,Fulfilled
ORD005910,CUST01687,DC016,EMP0485,2025-01-10,Fulfilled
ORD005911,CUST01967,DC022,EMP0412,2021-11-28,Fulfilled
ORD005912,CUST00655,DC007,EMP0172,2022-04-02,Backordered
ORD005913,CUST00027,DC015,EMP0346,2025-12-18,Pending
ORD005914,CUST00480,DC018,EMP0576,2023-12-20,Cancelled
ORD005915,CUST01321,DC016,EMP0457,2022-12-27,Fulfilled
ORD005916,CUST01578,DC023,EMP0619,2023-06-25,Backordered
ORD005917,CUST00156,DC004,EMP0427,2024-06-30,Fulfilled
ORD005918,CUST02504,DC021,EMP0551,2021-02-20,Fulfilled
ORD005919,CUST03643,DC005,EMP0297,2024-05-07,Fulfilled
ORD005920,CUST03777,DC001,EMP0316,2021-04-06,Cancelled
ORD005921,CUST03521,DC021,EMP0754,2023-09-22,Cancelled
ORD005922,CUST01782,DC023,EMP0102,2022-04-15,Fulfilled
ORD005923,CUST00675,DC015,EMP0656,2021-11-30,Backordered
ORD005924,CUST01655,DC003,EMP0444,2021-12-30,Fulfilled
ORD005925,CUST03122,DC010,EMP0227,2022-03-16,Fulfilled
ORD005926,CUST02938,DC013,EMP0674,2021-05-06,Fulfilled
ORD005927,CUST03327,DC003,EMP0379,2021-03-01,Fulfilled
ORD005928,CUST01786,DC001,EMP0486,2023-03-27,Cancelled
ORD005929,CUST02198,DC021,EMP0397,2024-09-13,Fulfilled
ORD005930,CUST02415,DC017,EMP0230,2021-04-07,Pending
ORD005931,CUST01246,DC024,EMP0096,2024-09-02,Fulfilled
ORD005932,CUST03305,DC016,EMP0736,2021-02-03,Fulfilled
ORD005933,CUST01970,DC008,EMP0551,2023-03-14,Fulfilled
ORD005934,CUST01508,DC003,EMP0458,2023-07-28,Fulfilled
ORD005935,CUST00700,DC006,EMP0318,2023-01-04,Fulfilled
ORD005936,CUST02732,DC019,EMP0119,2025-03-11,Fulfilled
ORD005937,CUST03218,DC001,EMP0644,2024-03-15,Fulfilled
ORD005938,CUST03393,DC001,EMP0291,2024-03-20,Fulfilled
ORD005939,CUST01189,DC009,EMP0108,2025-02-04,Fulfilled
ORD005940,CUST03804,DC015,EMP0434,2025-05-25,Fulfilled
ORD005941,CUST00236,DC018,EMP0788,2022-12-05,Pending
ORD005942,CUST00130,DC002,EMP0401,2024-07-23,Pending
ORD005943,CUST02082,DC022,EMP0661,2024-11-13,Fulfilled
ORD005944,CUST03629,DC024,EMP0231,2022-03-08,Pending
ORD005945,CUST00582,DC001,EMP0416,2024-05-20,Fulfilled
ORD005946,CUST03319,DC013,EMP0600,2023-09-04,Pending
ORD005947,CUST02448,DC002,EMP0059,2021-11-15,Fulfilled
ORD005948,CUST02617,DC018,EMP0682,2024-10-13,Fulfilled
ORD005949,CUST02128,DC005,EMP0255,2021-11-14,Pending
ORD005950,CUST02401,DC004,EMP0414,2022-04-21,Fulfilled
ORD005951,CUST03142,DC018,EMP0521,2025-12-25,Cancelled
ORD005952,CUST02106,DC015,EMP0020,2024-08-01,Pending
ORD005953,CUST02060,DC007,EMP0464,2023-03-27,Fulfilled
ORD005954,CUST01356,DC009,EMP0530,2025-12-25,Backordered
ORD005955,CUST01595,DC013,EMP0586,2025-07-08,Fulfilled
ORD005956,CUST03256,DC011,EMP0316,2022-10-05,Backordered
ORD005957,CUST01315,DC012,EMP0694,2025-06-02,Fulfilled
ORD005958,CUST02831,DC017,EMP0351,2025-06-10,Fulfilled
ORD005959,CUST03488,DC022,EMP0572,2022-02-14,Pending
ORD005960,CUST02601,DC016,EMP0383,2022-10-23,Fulfilled
ORD005961,CUST02270,DC008,EMP0271,2021-02-28,Cancelled
ORD005962,CUST01403,DC018,EMP0215,2024-11-19,Pending
ORD005963,CUST00203,DC011,EMP0378,2023-04-03,Fulfilled
ORD005964,CUST02979,DC017,EMP0164,2023-06-23,Cancelled
ORD005965,CUST03695,DC011,EMP0584,2021-07-28,Pending
ORD005966,CUST00413,DC014,EMP0129,2025-03-02,Fulfilled
ORD005967,CUST01995,DC009,EMP0152,2022-08-16,Fulfilled
ORD005968,CUST03430,DC017,EMP0595,2023-09-04,Cancelled
ORD005969,CUST03935,DC024,EMP0271,2024-08-23,Cancelled
ORD005970,CUST01351,DC006,EMP0291,2025-10-04,Pending
ORD005971,CUST01540,DC019,EMP0393,2021-11-27,Backordered
ORD005972,CUST03393,DC006,EMP0199,2021-07-26,Cancelled
ORD005973,CUST01364,DC002,EMP0530,2021-01-28,Backordered
ORD005974,CUST00914,DC011,EMP0018,2022-05-26,Fulfilled
ORD005975,CUST03133,DC022,EMP0366,2023-12-09,Fulfilled
ORD005976,CUST03933,DC022,EMP0567,2024-07-12,Cancelled
ORD005977,CUST01393,DC004,EMP0070,2022-01-29,Backordered
ORD005978,CUST03466,DC021,EMP0363,2022-02-21,Cancelled
ORD005979,CUST01828,DC023,EMP0371,2022-02-05,Cancelled
ORD005980,CUST01424,DC013,EMP0553,2024-02-08,Fulfilled
ORD005981,CUST00360,DC024,EMP0619,2024-10-23,Fulfilled
ORD005982,CUST01422,DC012,EMP0667,2025-07-09,Fulfilled
ORD005983,CUST03325,DC006,EMP0635,2025-02-22,Backordered
ORD005984,CUST02188,DC006,EMP0204,2023-07-18,Pending
ORD005985,CUST00287,DC008,EMP0081,2024-02-10,Fulfilled
ORD005986,CUST00012,DC009,EMP0175,2021-09-26,Cancelled
ORD005987,CUST03699,DC008,EMP0750,2025-03-31,Pending
ORD005988,CUST01068,DC022,EMP0677,2023-12-16,Fulfilled
ORD005989,CUST00109,DC002,EMP0015,2024-06-04,Fulfilled
ORD005990,CUST03469,DC007,EMP0152,2024-07-17,Cancelled
ORD005991,CUST01549,DC019,EMP0573,2025-11-20,Fulfilled
ORD005992,CUST03394,DC024,EMP0316,2024-11-19,Backordered
ORD005993,CUST00640,DC011,EMP0190,2023-05-28,Fulfilled
ORD005994,CUST03633,DC012,EMP0105,2024-07-20,Fulfilled
ORD005995,CUST01563,DC024,EMP0340,2025-03-09,Fulfilled
ORD005996,CUST02516,DC007,EMP0552,2021-06-26,Backordered
ORD005997,CUST00110,DC010,EMP0457,2022-06-10,Backordered
ORD005998,CUST02907,DC012,EMP0092,2023-07-15,Backordered
ORD005999,CUST01691,DC013,EMP0185,2022-10-03,Fulfilled
ORD006000,CUST00627,DC012,EMP0225,2025-11-18,Fulfilled
