order_item_id,order_id,product_id,quantity,unit_price
OI0000001,ORD000001,PRD0050,35,176.43
OI0000002,ORD000002,PRD0106,29,22.39
OI0000003,ORD000002,PRD0139,16,18.24
OI0000004,ORD000002,PRD0054,34,58.91
OI0000005,ORD000003,PRD0015,7,31.62
OI0000006,ORD000003,PRD0014,12,23.8
OI0000007,ORD000003,PRD0086,39,218.7
OI0000008,ORD000004,PRD0135,36,148.62
OI0000009,ORD000004,PRD0036,9,191.05
OI0000010,ORD000004,PRD0060,4,47.82
OI0000011,ORD000004,PRD0149,36,233.51
OI0000012,ORD000005,PRD0026,25,173.51
OI0000013,ORD000005,PRD0099,34,16.05
OI0000014,ORD000005,PRD0137,12,60.23
OI0000015,ORD000005,PRD0050,10,176.43
OI0000016,ORD000005,PRD0055,11,122.67
OI0000017,ORD000006,PRD0075,19,173.74
OI0000018,ORD000006,PRD0149,16,233.51
OI0000019,ORD000006,PRD0065,5,120.88
OI0000020,ORD000006,PRD0112,30,160.95
OI0000021,ORD000007,PRD0109,27,119.42
OI0000022,ORD000007,PRD0026,17,173.51
OI0000023,ORD000007,PRD0013,20,202.19
OI0000024,ORD000007,PRD0107,34,140.4
OI0000025,ORD000008,PRD0118,26,113.75
OI0000026,ORD000009,PRD0136,38,5.82
OI0000027,ORD000009,PRD0059,30,201.86
OI0000028,ORD000009,PRD0001,5,115.82
OI0000029,ORD000010,PRD0118,7,113.75
OI0000030,ORD000011,PRD0078,15,105.62
OI0000031,ORD000011,PRD0135,21,148.62
OI0000032,ORD000011,PRD0144,28,190.91
OI0000033,ORD000011,PRD0140,19,180.3
OI0000034,ORD000011,PRD0085,34,63.68
OI0000035,ORD000012,PRD0024,34,87.52
OI0000036,ORD000012,PRD0006,28,140.22
OI0000037,ORD000013,PRD999,19,203.77
OI0000038,ORD000013,PRD0117,32,90.73
OI0000039,ORD000013,PRD0004,23,27.44
OI0000040,ORD000013,PRD0110,7,237.89
OI0000041,ORD000014,PRD0096,8,78.52
OI0000042,ORD000015,PRD0026,11,173.51
OI0000043,ORD000015,PRD0017,23,191.07
OI0000044,ORD000016,PRD0125,31,149.25
OI0000045,ORD000016,PRD0066,31,106.81
OI0000046,ORD000017,PRD0112,31,160.95
OI0000047,ORD000017,PRD0107,-2,140.4
OI0000048,ORD000017,PRD0033,3,49.71
OI0000049,ORD000018,PRD0122,30,18.49
OI0000050,ORD000018,PRD0040,36,179.3
OI0000051,ORD000019,PRD0031,25,30.67
OI0000052,ORD000019,PRD0012,32,114.28
OI0000053,ORD000019,PRD0132,38,115.18
OI0000054,ORD000020,PRD0085,32,63.68
OI0000055,ORD000020,PRD0058,19,182.31
OI0000056,ORD000021,PRD0115,31,102.09
OI0000057,ORD000021,PRD0052,17,207.39
OI0000058,ORD000022,PRD0052,14,207.39
OI0000059,ORD000022,PRD0069,33,54.19
OI0000060,ORD000022,PRD0002,2,172.3
OI0000061,ORD000023,PRD0053,36,122.42
OI0000062,ORD000023,PRD0022,20,35.83
OI0000063,ORD000023,PRD0047,9,157.02
OI0000064,ORD000023,PRD0052,15,207.39
OI0000065,ORD000023,PRD0058,18,182.31
OI0000066,ORD000024,PRD0067,23,172.46
OI0000067,ORD000024,PRD0089,4,150.86
OI0000068,ORD000025,PRD0125,14,149.25
OI0000069,ORD000025,PRD0045,9,7.03
OI0000070,ORD000025,PRD0014,29,23.8
OI0000071,ORD000026,PRD0111,21,83.5
OI0000072,ORD000026,PRD0074,20,95.86
OI0000073,ORD000026,PRD0101,12,119.36
OI0000074,ORD000026,PRD0050,26,176.43
OI0000075,ORD000027,PRD0089,16,150.86
OI0000076,ORD000027,PRD0046,39,105.44
OI0000077,ORD000027,PRD0027,12,38.21
OI0000078,ORD000027,PRD0014,11,23.8
OI0000079,ORD000027,PRD0104,18,165.96
OI0000080,ORD000028,PRD0101,27,119.36
OI0000081,ORD000029,PRD0114,37,122.24
OI0000082,ORD000029,PRD0016,35,191.36
OI0000083,ORD000029,PRD0092,21,57.63
OI0000084,ORD000029,PRD0109,7,119.42
OI0000085,ORD000029,PRD0013,34,202.19
OI0000086,ORD000030,PRD0014,8,23.8
OI0000087,ORD000030,PRD0148,11,127.25
OI0000088,ORD000030,PRD0150,40,124.38
OI0000089,ORD000031,PRD0118,35,113.75
OI0000090,ORD000032,PRD0131,24,31.12
OI0000091,ORD000032,PRD0145,19,92.02
OI0000092,ORD000032,PRD0136,37,5.82
OI0000093,ORD000032,PRD0147,25,123.59
OI0000094,ORD000032,PRD0049,18,178.36
OI0000095,ORD000033,PRD0145,39,92.02
OI0000096,ORD000033,PRD0092,19,57.63
OI0000097,ORD000033,PRD0095,12,72.24
OI0000098,ORD000034,PRD0024,28,87.52
OI0000099,ORD000034,PRD0063,20,139.58
OI0000100,ORD000034,PRD0141,30,106.53
OI0000101,ORD000034,PRD0118,13,113.75
OI0000102,ORD000034,PRD0117,21,90.73
OI0000103,ORD000035,PRD0070,25,225.75
OI0000104,ORD000035,PRD0103,32,124.22
OI0000105,ORD000035,PRD0056,27,107.05
OI0000106,ORD000036,PRD0145,27,92.02
OI0000107,ORD000036,PRD0052,21,207.39
OI0000108,ORD000037,PRD0077,9,121.36
OI0000109,ORD000037,PRD0149,13,233.51
OI0000110,ORD000037,PRD0021,15,92.86
OI0000111,ORD000037,PRD0038,5,222.91
OI0000112,ORD000037,PRD0012,3,114.28
OI0000113,ORD000038,PRD0036,21,191.05
OI0000114,ORD000038,PRD0110,27,237.89
OI0000115,ORD000038,PRD0135,31,148.62
OI0000116,ORD000038,PRD0068,10,29.13
OI0000117,ORD000038,PRD0141,36,106.53
OI0000118,ORD000039,PRD0012,26,114.28
OI0000119,ORD000039,PRD0003,25,72.4
OI0000120,ORD000039,PRD0144,18,190.91
OI0000121,ORD000039,PRD0093,39,66.58
OI0000122,ORD000040,PRD0043,16,154.31
OI0000123,ORD000040,PRD0018,6,211.58
OI0000124,ORD000040,PRD0115,31,102.09
OI0000125,ORD000040,PRD0140,4,180.3
OI0000126,ORD000040,PRD0077,35,121.36
OI0000127,ORD000041,PRD0050,35,176.43
OI0000128,ORD000041,PRD0102,6,215.21
OI0000129,ORD000041,PRD0098,18,38.66
OI0000130,ORD000042,PRD0007,37,82.58
OI0000131,ORD000042,PRD0053,21,122.42
OI0000132,ORD000043,PRD0148,10,127.25
OI0000133,ORD000043,PRD0085,40,63.68
OI0000134,ORD000043,PRD0060,37,47.82
OI0000135,ORD000043,PRD0140,39,180.3
OI0000136,ORD000044,PRD0026,22,173.51
OI0000137,ORD000044,PRD0122,19,18.49
OI0000138,ORD000044,PRD0149,6,233.51
OI0000139,ORD000045,PRD0022,40,35.83
OI0000140,ORD000045,PRD0115,34,102.09
OI0000141,ORD000045,PRD0143,9,205.5
OI0000142,ORD000046,PRD0106,12,22.39
OI0000143,ORD000046,PRD0009,1,38.6
OI0000144,ORD000046,PRD0052,8,207.39
OI0000145,ORD000046,PRD0077,11,121.36
OI0000146,ORD000047,PRD0029,6,203.27
OI0000147,ORD000048,PRD0001,24,115.82
OI0000148,ORD000048,PRD0013,37,202.19
OI0000149,ORD000048,PRD0031,31,30.67
OI0000150,ORD000048,PRD0140,34,180.3
OI0000151,ORD000048,PRD0149,34,233.51
OI0000152,ORD000049,PRD0020,12,7.41
OI0000153,ORD000049,PRD0116,14,227.68
OI0000154,ORD000049,PRD0017,31,191.07
OI0000155,ORD000049,PRD0047,33,157.02
OI0000156,ORD000050,PRD0127,24,116.1
OI0000157,ORD000050,PRD0057,30,163.07
OI0000158,ORD000050,PRD0116,13,227.68
OI0000159,ORD000050,PRD0086,17,218.7
OI0000160,ORD000050,PRD0072,2,230.67
OI0000161,ORD000051,PRD0026,1,173.51
OI0000162,ORD000051,PRD0107,35,140.4
OI0000163,ORD000051,PRD0029,22,203.27
OI0000164,ORD000051,PRD0050,21,176.43
OI0000165,ORD000051,PRD0061,21,123.38
OI0000166,ORD000052,PRD0016,30,191.36
OI0000167,ORD000052,PRD0134,34,26.01
OI0000168,ORD000052,PRD0105,33,220.36
OI0000169,ORD000052,PRD0127,22,116.1
OI0000170,ORD000052,PRD0075,25,173.74
OI0000171,ORD000053,PRD0069,39,54.19
OI0000172,ORD000053,PRD0035,30,236.05
OI0000173,ORD000054,PRD0134,-31,26.01
OI0000174,ORD000054,PRD0135,8,148.62
OI0000175,ORD000054,PRD0078,13,105.62
OI0000176,ORD000054,PRD0108,27,29.96
OI0000177,ORD000055,PRD0129,35,171.21
OI0000178,ORD000056,PRD0104,17,165.96
OI0000179,ORD000056,PRD0003,4,72.4
OI0000180,ORD000056,PRD9999,35,130.95
OI0000181,ORD000056,PRD0041,35,74.92
OI0000182,ORD000056,PRD0095,29,72.24
OI0000183,ORD000057,PRD0006,7,140.22
OI0000184,ORD000058,PRD0064,4,230.86
OI0000185,ORD000058,PRD0105,38,220.36
OI0000186,ORD000059,PRD0032,26,206.97
OI0000187,ORD000059,PRD0003,40,72.4
OI0000188,ORD000060,PRD0037,16,226.8
OI0000189,ORD000060,PRD0146,8,116.28
OI0000190,ORD000061,PRD0016,12,191.36
OI0000191,ORD000061,PRD0042,37,34.49
OI0000192,ORD000061,PRD0119,16,39.29
OI0000193,ORD000061,PRD0011,26,190.23
OI0000194,ORD000061,PRD0102,10,215.21
OI0000195,ORD000062,PRD0070,35,225.75
OI0000196,ORD000062,PRD0028,40,98.85
OI0000197,ORD000062,PRD0052,33,207.39
OI0000198,ORD000062,PRD0101,3,119.36
OI0000199,ORD000062,PRD0104,37,165.96
OI0000200,ORD000063,PRD0110,22,237.89
OI0000201,ORD000063,PRD0046,35,105.44
OI0000202,ORD000064,PRD0091,40,175.98
OI0000203,ORD000065,PRD0104,23,165.96
OI0000204,ORD000065,PRD0150,19,124.38
OI0000205,ORD000065,PRD0043,40,154.31
OI0000206,ORD000065,PRD0050,-22,176.43
OI0000207,ORD000066,PRD0058,39,182.31
OI0000208,ORD000066,PRD0111,7,83.5
OI0000209,ORD000066,PRD0118,12,113.75
OI0000210,ORD000066,PRD0123,5,236.61
OI0000211,ORD000067,PRD0097,28,166.76
OI0000212,ORD000067,PRD0137,7,60.23
OI0000213,ORD000067,PRD0073,24,68.46
OI0000214,ORD000068,PRD0129,9,171.21
OI0000215,ORD000068,PRD0036,7,191.05
OI0000216,ORD000068,PRD0045,13,7.03
OI0000217,ORD000068,PRD0108,26,29.96
OI0000218,ORD000068,PRD0030,24,101.78
OI0000219,ORD000069,PRD0025,14,79.83
OI0000220,ORD000069,PRD0041,17,74.92
OI0000221,ORD000069,PRD0077,14,121.36
OI0000222,ORD000069,PRD0110,35,237.89
OI0000223,ORD000070,PRD0104,23,165.96
OI0000224,ORD000071,PRD0130,17,40.15
OI0000225,ORD000071,PRD0031,20,30.67
OI0000226,ORD000071,PRD0017,33,191.07
OI0000227,ORD000071,PRD0076,14,28.95
OI0000228,ORD000072,PRD0143,3,205.5
OI0000229,ORD000072,PRD0041,11,74.92
OI0000230,ORD000072,PRD0040,-7,179.3
OI0000231,ORD000072,PRD0126,20,35.6
OI0000232,ORD000073,PRD0023,4,138.23
OI0000233,ORD000073,PRD0009,8,38.6
OI0000234,ORD000074,PRD0069,24,54.19
OI0000235,ORD000075,PRD0046,22,105.44
OI0000236,ORD000076,PRD0133,18,216.9
OI0000237,ORD000076,PRD0008,12,87.17
OI0000238,ORD000077,PRD0140,15,180.3
OI0000239,ORD000077,PRD0148,22,127.25
OI0000240,ORD000078,PRD0050,37,176.43
OI0000241,ORD000078,PRD0149,4,233.51
OI0000242,ORD000078,PRD0071,4,189.96
OI0000243,ORD000079,PRD0028,9,98.85
OI0000244,ORD000079,PRD0141,21,106.53
OI0000245,ORD000079,PRD0001,12,115.82
OI0000246,ORD000079,PRD0077,21,121.36
OI0000247,ORD000080,PRD0051,40,24.49
OI0000248,ORD000080,PRD0075,16,173.74
OI0000249,ORD000080,PRD0109,36,119.42
OI0000250,ORD000081,PRD0095,11,72.24
OI0000251,ORD000081,PRD0035,3,236.05
OI0000252,ORD000081,PRD0050,20,176.43
OI0000253,ORD000081,PRD0043,30,154.31
OI0000254,ORD000082,PRD0067,22,172.46
OI0000255,ORD000082,PRD0075,24,173.74
OI0000256,ORD000083,PRD0122,20,18.49
OI0000257,ORD000084,PRD0107,19,140.4
OI0000258,ORD000084,PRD0048,26,221.86
OI0000259,ORD000084,PRD0015,39,31.62
OI0000260,ORD000084,PRD0001,34,115.82
OI0000261,ORD000084,PRD0090,5,72.4
OI0000262,ORD000085,PRD0083,35,19.93
OI0000263,ORD000086,PRD0045,28,7.03
OI0000264,ORD000087,PRD0046,9,105.44
OI0000265,ORD000087,PRD0148,27,127.25
OI0000266,ORD000088,PRD0149,37,233.51
OI0000267,ORD000088,PRD0087,22,40.72
OI0000268,ORD000088,PRD9999,29,213.52
OI0000269,ORD000089,PRD0084,9,40.42
OI0000270,ORD000089,PRD0140,17,180.3
OI0000271,ORD000089,PRD0123,28,236.61
OI0000272,ORD000090,PRD0068,15,29.13
OI0000273,ORD000091,PRD0105,34,220.36
OI0000274,ORD000091,PRD0072,19,230.67
OI0000275,ORD000092,PRD0118,8,113.75
OI0000276,ORD000092,PRD0084,21,40.42
OI0000277,ORD000092,PRD0140,1,180.3
OI0000278,ORD000092,PRD0109,24,119.42
OI0000279,ORD000093,PRD0001,38,115.82
OI0000280,ORD000094,PRD0140,27,180.3
OI0000281,ORD000094,PRD0101,20,119.36
OI0000282,ORD000094,PRD0134,33,26.01
OI0000283,ORD000094,PRD0037,5,226.8
OI0000284,ORD000095,PRD0083,29,19.93
OI0000285,ORD000095,PRD0065,2,120.88
OI0000286,ORD000095,PRD0041,26,74.92
OI0000287,ORD000095,PRD0102,40,215.21
OI0000288,ORD000096,PRD0133,21,216.9
OI0000289,ORD000096,PRD0047,23,157.02
OI0000290,ORD000097,PRD0149,21,233.51
OI0000291,ORD000097,PRD0116,39,227.68
OI0000292,ORD000097,PRD0146,34,116.28
OI0000293,ORD000097,PRD0144,16,190.91
OI0000294,ORD000098,PRD0044,19,142.63
OI0000295,ORD000098,PRD0044,33,142.63
OI0000296,ORD000099,PRD0063,13,139.58
OI0000297,ORD000099,PRD0059,29,201.86
OI0000298,ORD000099,PRD0045,31,7.03
OI0000299,ORD000100,PRD0124,30,45.26
OI0000300,ORD000101,PRD0048,4,221.86
OI0000301,ORD000101,PRD0048,34,221.86
OI0000302,ORD000101,PRD0115,37,102.09
OI0000303,ORD000101,PRD0006,2,140.22
OI0000304,ORD000101,PRD0040,28,179.3
OI0000305,ORD000102,PRD0063,12,139.58
OI0000306,ORD000102,PRD0133,18,216.9
OI0000307,ORD000103,PRD0062,32,239.86
OI0000308,ORD000104,PRD0057,21,163.07
OI0000309,ORD000104,PRD0053,35,122.42
OI0000310,ORD000105,PRD0032,2,206.97
OI0000311,ORD000105,PRD0025,22,79.83
OI0000312,ORD000106,PRD0072,38,230.67
OI0000313,ORD000107,PRD0124,3,45.26
OI0000314,ORD000107,PRD0013,2,202.19
OI0000315,ORD000107,PRD0002,2,172.3
OI0000316,ORD000107,PRD0141,2,106.53
OI0000317,ORD000108,PRD0044,25,142.63
OI0000318,ORD000108,PRD0081,27,47.37
OI0000319,ORD000108,PRD0073,10,68.46
OI0000320,ORD000108,PRD9999,24,131.76
OI0000321,ORD000108,PRD0121,5,231.51
OI0000322,ORD000109,PRD0070,31,225.75
OI0000323,ORD000109,PRD0046,7,105.44
OI0000324,ORD000109,PRD0018,34,211.58
OI0000325,ORD000110,PRD0119,7,39.29
OI0000326,ORD000110,PRD0060,7,47.82
OI0000327,ORD000110,PRD0043,30,154.31
OI0000328,ORD000111,PRD0075,4,173.74
OI0000329,ORD000112,PRD0101,30,119.36
OI0000330,ORD000112,PRD0022,24,35.83
OI0000331,ORD000112,PRD0076,31,28.95
OI0000332,ORD000112,PRD0103,7,124.22
OI0000333,ORD000112,PRD0075,16,173.74
OI0000334,ORD000113,PRD0033,23,49.71
OI0000335,ORD000113,PRD0129,18,171.21
OI0000336,ORD000113,PRD0022,33,35.83
OI0000337,ORD000113,PRD0018,12,211.58
OI0000338,ORD000114,PRD0052,6,207.39
OI0000339,ORD000114,PRD0001,3,115.82
OI0000340,ORD000114,PRD0136,11,5.82
OI0000341,ORD000114,PRD0023,40,138.23
OI0000342,ORD000114,PRD0061,4,123.38
OI0000343,ORD000115,PRD0042,30,34.49
OI0000344,ORD000115,PRD0090,3,72.4
OI0000345,ORD000115,PRD0111,33,83.5
OI0000346,ORD000116,PRD0143,10,205.5
OI0000347,ORD000117,PRD0100,17,36.13
OI0000348,ORD000117,PRD0011,29,190.23
OI0000349,ORD000117,PRD0095,26,72.24
OI0000350,ORD000117,PRD0033,38,49.71
OI0000351,ORD000118,PRD0025,13,79.83
OI0000352,ORD000118,PRD0139,38,18.24
OI0000353,ORD000118,PRD0135,20,148.62
OI0000354,ORD000119,PRD0011,31,190.23
OI0000355,ORD000119,PRD0005,12,143.43
OI0000356,ORD000119,PRD0008,7,87.17
OI0000357,ORD000119,PRD0066,31,106.81
OI0000358,ORD000120,PRD0090,30,72.4
OI0000359,ORD000120,PRD0012,21,114.28
OI0000360,ORD000120,PRD0138,8,105.95
OI0000361,ORD000120,PRD0108,38,29.96
OI0000362,ORD000120,PRD0141,29,106.53
OI0000363,ORD000121,PRD0123,5,236.61
OI0000364,ORD000121,PRD0006,9,140.22
OI0000365,ORD000121,PRD0113,30,176.91
OI0000366,ORD000122,PRD0035,37,236.05
OI0000367,ORD000122,PRD0133,35,216.9
OI0000368,ORD000122,PRD0056,37,107.05
OI0000369,ORD000123,PRD0145,39,92.02
OI0000370,ORD000123,PRD0101,16,119.36
OI0000371,ORD000124,PRD0026,4,173.51
OI0000372,ORD000124,PRD0072,17,230.67
OI0000373,ORD000125,PRD0006,27,140.22
OI0000374,ORD000125,PRD0070,35,225.75
OI0000375,ORD000125,PRD0034,6,69.78
OI0000376,ORD000125,PRD0100,16,36.13
OI0000377,ORD000125,PRD0122,6,18.49
OI0000378,ORD000126,PRD0099,16,16.05
OI0000379,ORD000126,PRD0121,14,231.51
OI0000380,ORD000127,PRD0088,28,54.55
OI0000381,ORD000127,PRD0100,25,36.13
OI0000382,ORD000128,PRD0092,26,57.63
OI0000383,ORD000128,PRD0101,27,119.36
OI0000384,ORD000128,PRD0016,21,191.36
OI0000385,ORD000129,PRD0003,14,72.4
OI0000386,ORD000129,PRD0005,39,143.43
OI0000387,ORD000129,PRD0138,40,105.95
OI0000388,ORD000129,PRD0030,22,101.78
OI0000389,ORD000129,PRD0068,9,29.13
OI0000390,ORD000130,PRD0032,33,206.97
OI0000391,ORD000131,PRD0047,38,157.02
OI0000392,ORD000131,PRD0045,1,7.03
OI0000393,ORD000131,PRD0033,12,49.71
OI0000394,ORD000131,PRD0021,27,92.86
OI0000395,ORD000132,PRD0125,36,149.25
OI0000396,ORD000132,PRD0060,15,47.82
OI0000397,ORD000132,PRD0047,2,157.02
OI0000398,ORD000132,PRD0085,15,63.68
OI0000399,ORD000132,PRD0081,-19,47.37
OI0000400,ORD000133,PRD0106,22,22.39
OI0000401,ORD000133,PRD0011,32,190.23
OI0000402,ORD000133,PRD0134,6,26.01
OI0000403,ORD000133,PRD0074,27,95.86
OI0000404,ORD000134,PRD0142,22,15.65
OI0000405,ORD000134,PRD0147,15,123.59
OI0000406,ORD000134,PRD0126,22,35.6
OI0000407,ORD000135,PRD0004,38,27.44
OI0000408,ORD000136,PRD0144,35,190.91
OI0000409,ORD000137,PRD0071,13,189.96
OI0000410,ORD000138,PRD0123,6,236.61
OI0000411,ORD000138,PRD0062,37,239.86
OI0000412,ORD000139,PRD0105,32,220.36
OI0000413,ORD000139,PRD0068,28,29.13
OI0000414,ORD000139,PRD0047,28,157.02
OI0000415,ORD000139,PRD0031,13,30.67
OI0000416,ORD000139,PRD0142,31,15.65
OI0000417,ORD000140,PRD999,21,76.42
OI0000418,ORD000140,PRD0014,8,23.8
OI0000419,ORD000140,PRD0106,19,22.39
OI0000420,ORD000140,PRD0032,12,206.97
OI0000421,ORD000141,PRD0058,6,182.31
OI0000422,ORD000141,PRD0013,26,202.19
OI0000423,ORD000142,PRD0081,8,47.37
OI0000424,ORD000142,PRD0004,38,27.44
OI0000425,ORD000142,PRD0018,34,211.58
OI0000426,ORD000142,PRD0011,4,190.23
OI0000427,ORD000142,PRD0063,9,139.58
OI0000428,ORD000143,PRD0027,10,38.21
OI0000429,ORD000143,PRD0066,30,106.81
OI0000430,ORD000144,PRD0119,-1,39.29
OI0000431,ORD000144,PRD0027,33,38.21
OI0000432,ORD000145,PRD0094,2,30.93
OI0000433,ORD000145,PRD0008,15,87.17
OI0000434,ORD000146,PRD0094,24,30.93
OI0000435,ORD000146,PRD0046,19,105.44
OI0000436,ORD000146,PRD0079,7,153.34
OI0000437,ORD000147,PRD0065,3,120.88
OI0000438,ORD000148,PRD0013,19,202.19
OI0000439,ORD000149,PRD0100,28,36.13
OI0000440,ORD000149,PRD0143,18,205.5
OI0000441,ORD000149,PRD0057,31,163.07
OI0000442,ORD000150,PRD0039,24,41.02
OI0000443,ORD000151,PRD0041,35,74.92
OI0000444,ORD000151,PRD0028,18,98.85
OI0000445,ORD000151,PRD0054,20,58.91
OI0000446,ORD000152,PRD0026,40,173.51
OI0000447,ORD000153,PRD0109,36,119.42
OI0000448,ORD000153,PRD0100,32,36.13
OI0000449,ORD000153,PRD0116,40,227.68
OI0000450,ORD000153,PRD0148,12,127.25
OI0000451,ORD000153,PRD0027,35,38.21
OI0000452,ORD000154,PRD0112,38,160.95
OI0000453,ORD000154,PRD0031,29,30.67
OI0000454,ORD000155,PRD0029,31,203.27
OI0000455,ORD000155,PRD0009,13,38.6
OI0000456,ORD000156,PRD0107,1,140.4
OI0000457,ORD000156,PRD0129,28,171.21
OI0000458,ORD000156,PRD0062,23,239.86
OI0000459,ORD000157,PRD0108,10,29.96
OI0000460,ORD000157,PRD0023,26,138.23
OI0000461,ORD000158,PRD0026,38,173.51
OI0000462,ORD000158,PRD0036,36,191.05
OI0000463,ORD000159,PRD0057,39,163.07
OI0000464,ORD000159,PRD0063,24,139.58
OI0000465,ORD000159,PRD0049,28,178.36
OI0000466,ORD000160,PRD0139,8,18.24
OI0000467,ORD000160,PRD0002,39,172.3
OI0000468,ORD000160,PRD0131,25,31.12
OI0000469,ORD000160,PRD0003,36,72.4
OI0000470,ORD000161,PRD0047,17,157.02
OI0000471,ORD000161,PRD0150,4,124.38
OI0000472,ORD000162,PRD0147,27,123.59
OI0000473,ORD000162,PRD0046,15,105.44
OI0000474,ORD000162,PRD0047,22,157.02
OI0000475,ORD000162,PRD0130,14,40.15
OI0000476,ORD000163,PRD0073,15,68.46
OI0000477,ORD000164,PRD0146,39,116.28
OI0000478,ORD000164,PRD0012,27,114.28
OI0000479,ORD000164,PRD0121,20,231.51
OI0000480,ORD000164,PRD0011,40,190.23
OI0000481,ORD000165,PRD0022,28,35.83
OI0000482,ORD000165,PRD0115,15,102.09
OI0000483,ORD000165,PRD0150,14,124.38
OI0000484,ORD000165,PRD0033,27,49.71
OI0000485,ORD000166,PRD0025,12,79.83
OI0000486,ORD000166,PRD0120,33,91.06
OI0000487,ORD000167,PRD0010,5,6.66
OI0000488,ORD000167,PRD0113,14,176.91
OI0000489,ORD000167,PRD0038,15,222.91
OI0000490,ORD000167,PRD0025,11,79.83
OI0000491,ORD000167,PRD0127,35,116.1
OI0000492,ORD000168,PRD0102,36,215.21
OI0000493,ORD000169,PRD0037,29,226.8
OI0000494,ORD000169,PRD0021,15,92.86
OI0000495,ORD000169,PRD0046,36,105.44
OI0000496,ORD000169,PRD0073,35,68.46
OI0000497,ORD000169,PRD0023,37,138.23
OI0000498,ORD000170,PRD0020,6,7.41
OI0000499,ORD000170,PRD0127,33,116.1
OI0000500,ORD000170,PRD0003,7,72.4
OI0000501,ORD000170,PRD0003,10,72.4
OI0000502,ORD000170,PRD0069,36,54.19
OI0000503,ORD000171,PRD0031,17,30.67
OI0000504,ORD000171,PRD0039,26,41.02
OI0000505,ORD000171,PRD0071,35,189.96
OI0000506,ORD000172,PRD0127,39,116.1
OI0000507,ORD000172,PRD0057,24,163.07
OI0000508,ORD000173,PRD0022,36,35.83
OI0000509,ORD000173,PRD0021,5,92.86
OI0000510,ORD000174,PRD0099,40,16.05
OI0000511,ORD000174,PRD0007,37,82.58
OI0000512,ORD000174,PRD0090,5,72.4
OI0000513,ORD000174,PRD0077,2,121.36
OI0000514,ORD000175,PRD0041,32,74.92
OI0000515,ORD000175,PRD0101,28,119.36
OI0000516,ORD000175,PRD0074,23,95.86
OI0000517,ORD000175,PRD0009,1,38.6
OI0000518,ORD000175,PRD0057,8,163.07
OI0000519,ORD000176,PRD0028,25,98.85
OI0000520,ORD000176,PRD0067,13,172.46
OI0000521,ORD000176,PRD0141,20,106.53
OI0000522,ORD000177,PRD0015,36,31.62
OI0000523,ORD000177,PRD0081,1,47.37
OI0000524,ORD000177,PRD0051,31,24.49
OI0000525,ORD000177,PRD0102,37,215.21
OI0000526,ORD000178,PRD0003,17,72.4
OI0000527,ORD000178,PRD0138,22,105.95
OI0000528,ORD000178,PRD0028,33,98.85
OI0000529,ORD000178,PRD0107,31,140.4
OI0000530,ORD000178,PRD0144,7,190.91
OI0000531,ORD000179,PRD0056,9,107.05
OI0000532,ORD000179,PRD0019,9,188.65
OI0000533,ORD000179,PRD0012,30,114.28
OI0000534,ORD000180,PRD0093,30,66.58
OI0000535,ORD000180,PRD0018,12,211.58
OI0000536,ORD000180,PRD0085,33,63.68
OI0000537,ORD000180,PRD0147,33,123.59
OI0000538,ORD000181,PRD0105,7,220.36
OI0000539,ORD000181,PRD0044,22,142.63
OI0000540,ORD000181,PRD0113,9,176.91
OI0000541,ORD000181,PRD0033,10,49.71
OI0000542,ORD000182,PRD0044,29,142.63
OI0000543,ORD000182,PRD0087,17,40.72
OI0000544,ORD000182,PRD0049,8,178.36
OI0000545,ORD000182,PRD0110,10,237.89
OI0000546,ORD000183,PRD0105,14,220.36
OI0000547,ORD000183,PRD0088,1,54.55
OI0000548,ORD000183,PRD0070,7,225.75
OI0000549,ORD000183,PRD0077,26,121.36
OI0000550,ORD000183,PRD0066,26,106.81
OI0000551,ORD000184,PRD0037,6,226.8
OI0000552,ORD000184,PRD0054,-33,58.91
OI0000553,ORD000184,PRD0115,14,102.09
OI0000554,ORD000184,PRD0083,7,19.93
OI0000555,ORD000185,PRD0118,18,113.75
OI0000556,ORD000185,PRD0096,3,78.52
OI0000557,ORD000186,PRD0048,6,221.86
OI0000558,ORD000186,PRD0146,29,116.28
OI0000559,ORD000186,PRD0018,18,211.58
OI0000560,ORD000187,PRD0093,29,66.58
OI0000561,ORD000187,PRD9999,9,27.35
OI0000562,ORD000187,PRD0060,4,47.82
OI0000563,ORD000187,PRD0043,38,154.31
OI0000564,ORD000188,PRD0136,3,5.82
OI0000565,ORD000188,PRD0132,9,115.18
OI0000566,ORD000188,PRD0085,2,63.68
OI0000567,ORD000188,PRD0024,33,87.52
OI0000568,ORD000188,PRD0095,40,72.24
OI0000569,ORD000189,PRD0107,5,140.4
OI0000570,ORD000189,PRD0112,34,160.95
OI0000571,ORD000189,PRD9999,25,136.53
OI0000572,ORD000190,PRD0005,1,143.43
OI0000573,ORD000190,PRD0061,19,123.38
OI0000574,ORD000190,PRD0112,9,160.95
OI0000575,ORD000190,PRD0071,19,189.96
OI0000576,ORD000191,PRD0038,4,222.91
OI0000577,ORD000191,PRD999,34,98.33
OI0000578,ORD000191,PRD0009,30,38.6
OI0000579,ORD000191,PRD0091,3,175.98
OI0000580,ORD000192,PRD0062,14,239.86
OI0000581,ORD000192,PRD0096,7,78.52
OI0000582,ORD000192,PRD0144,2,190.91
OI0000583,ORD000192,PRD0053,5,122.42
OI0000584,ORD000192,PRD0039,9,41.02
OI0000585,ORD000193,PRD0029,39,203.27
OI0000586,ORD000193,PRD0073,9,68.46
OI0000587,ORD000193,PRD0039,18,41.02
OI0000588,ORD000193,PRD0101,13,119.36
OI0000589,ORD000193,PRD0113,31,176.91
OI0000590,ORD000194,PRD0032,4,206.97
OI0000591,ORD000194,PRD0031,-34,30.67
OI0000592,ORD000194,PRD0060,21,47.82
OI0000593,ORD000195,PRD0047,18,157.02
OI0000594,ORD000195,PRD0137,16,60.23
OI0000595,ORD000196,PRD0082,26,109.81
OI0000596,ORD000196,PRD0052,37,207.39
OI0000597,ORD000197,PRD0126,9,35.6
OI0000598,ORD000197,PRD0069,6,54.19
OI0000599,ORD000197,PRD0103,10,124.22
OI0000600,ORD000197,PRD0131,29,31.12
OI0000601,ORD000197,PRD0052,23,207.39
OI0000602,ORD000198,PRD0106,16,22.39
OI0000603,ORD000198,PRD9999,8,39.3
OI0000604,ORD000199,PRD0017,38,191.07
OI0000605,ORD000199,PRD0109,13,119.42
OI0000606,ORD000200,PRD0055,34,122.67
OI0000607,ORD000200,PRD0115,16,102.09
OI0000608,ORD000200,PRD0054,19,58.91
OI0000609,ORD000200,PRD0039,35,41.02
OI0000610,ORD000201,PRD0104,17,165.96
OI0000611,ORD000201,PRD0056,10,107.05
OI0000612,ORD000201,PRD0118,14,113.75
OI0000613,ORD000201,PRD0116,38,227.68
OI0000614,ORD000202,PRD0086,12,218.7
OI0000615,ORD000202,PRD0130,39,40.15
OI0000616,ORD000203,PRD0093,21,66.58
OI0000617,ORD000203,PRD0150,11,124.38
OI0000618,ORD000203,PRD0053,16,122.42
OI0000619,ORD000203,PRD0117,40,90.73
OI0000620,ORD000203,PRD0035,36,236.05
OI0000621,ORD000204,PRD0143,31,205.5
OI0000622,ORD000204,PRD0031,26,30.67
OI0000623,ORD000204,PRD0055,2,122.67
OI0000624,ORD000205,PRD0060,24,47.82
OI0000625,ORD000205,PRD0115,6,102.09
OI0000626,ORD000205,PRD0032,40,206.97
OI0000627,ORD000205,PRD0110,17,237.89
OI0000628,ORD000205,PRD0073,24,68.46
OI0000629,ORD000206,PRD0039,35,41.02
OI0000630,ORD000206,PRD0058,24,182.31
OI0000631,ORD000206,PRD0136,17,5.82
OI0000632,ORD000207,PRD0072,8,230.67
OI0000633,ORD000208,PRD000,17,207.85
OI0000634,ORD000208,PRD0079,23,153.34
OI0000635,ORD000208,PRD0092,15,57.63
OI0000636,ORD000208,PRD0081,28,47.37
OI0000637,ORD000209,PRD0038,28,222.91
OI0000638,ORD000209,PRD0091,27,175.98
OI0000639,ORD000209,PRD0138,22,105.95
OI0000640,ORD000210,PRD0085,26,63.68
OI0000641,ORD000210,PRD0002,36,172.3
OI0000642,ORD000210,PRD0142,33,15.65
OI0000643,ORD000210,PRD0129,33,171.21
OI0000644,ORD000211,PRD0102,5,215.21
OI0000645,ORD000211,PRD0069,16,54.19
OI0000646,ORD000211,PRD000,9,80.02
OI0000647,ORD000212,PRD0131,32,31.12
OI0000648,ORD000212,PRD0069,37,54.19
OI0000649,ORD000212,PRD0066,35,106.81
OI0000650,ORD000213,PRD0132,5,115.18
OI0000651,ORD000213,PRD0069,38,54.19
OI0000652,ORD000213,PRD0091,38,175.98
OI0000653,ORD000213,PRD0089,39,150.86
OI0000654,ORD000214,PRD0112,6,160.95
OI0000655,ORD000215,PRD0057,15,163.07
OI0000656,ORD000215,PRD0027,12,38.21
OI0000657,ORD000216,PRD0021,4,92.86
OI0000658,ORD000216,PRD0147,5,123.59
OI0000659,ORD000216,PRD0134,17,26.01
OI0000660,ORD000216,PRD0035,20,236.05
OI0000661,ORD000216,PRD0097,24,166.76
OI0000662,ORD000217,PRD0102,11,215.21
OI0000663,ORD000217,PRD0054,1,58.91
OI0000664,ORD000218,PRD0089,6,150.86
OI0000665,ORD000218,PRD0127,1,116.1
OI0000666,ORD000219,PRD0078,26,105.62
OI0000667,ORD000219,PRD0011,35,190.23
OI0000668,ORD000220,PRD0133,37,216.9
OI0000669,ORD000221,PRD0049,13,178.36
OI0000670,ORD000222,PRD0119,21,39.29
OI0000671,ORD000222,PRD0093,30,66.58
OI0000672,ORD000222,PRD0054,6,58.91
OI0000673,ORD000223,PRD0118,4,113.75
OI0000674,ORD000224,PRD0072,3,230.67
OI0000675,ORD000224,PRD0001,12,115.82
OI0000676,ORD000224,PRD0023,38,138.23
OI0000677,ORD000225,PRD0100,10,36.13
OI0000678,ORD000226,PRD0053,33,122.42
OI0000679,ORD000226,PRD0003,24,72.4
OI0000680,ORD000226,PRD0011,29,190.23
OI0000681,ORD000227,PRD0022,3,35.83
OI0000682,ORD000227,PRD0029,6,203.27
OI0000683,ORD000227,PRD0117,28,90.73
OI0000684,ORD000227,PRD0104,30,165.96
OI0000685,ORD000228,PRD0052,23,207.39
OI0000686,ORD000228,PRD0093,35,66.58
OI0000687,ORD000229,PRD0069,35,54.19
OI0000688,ORD000229,PRD0086,3,218.7
OI0000689,ORD000230,PRD0058,1,182.31
OI0000690,ORD000230,PRD0113,15,176.91
OI0000691,ORD000230,PRD0007,29,82.58
OI0000692,ORD000230,PRD0071,25,189.96
OI0000693,ORD000231,PRD0126,8,35.6
OI0000694,ORD000232,PRD0101,14,119.36
OI0000695,ORD000232,PRD0129,24,171.21
OI0000696,ORD000232,PRD0090,37,72.4
OI0000697,ORD000232,PRD0134,8,26.01
OI0000698,ORD000232,PRD0110,8,237.89
OI0000699,ORD000233,PRD0055,14,122.67
OI0000700,ORD000233,PRD0030,37,101.78
OI0000701,ORD000234,PRD0002,31,172.3
OI0000702,ORD000234,PRD0134,7,26.01
OI0000703,ORD000234,PRD0125,24,149.25
OI0000704,ORD000234,PRD0028,-40,98.85
OI0000705,ORD000235,PRD0056,8,107.05
OI0000706,ORD000236,PRD0051,37,24.49
OI0000707,ORD000236,PRD0124,9,45.26
OI0000708,ORD000236,PRD0032,31,206.97
OI0000709,ORD000236,PRD0015,36,31.62
OI0000710,ORD000236,PRD0134,36,26.01
OI0000711,ORD000237,PRD0015,4,31.62
OI0000712,ORD000237,PRD0061,33,123.38
OI0000713,ORD000238,PRD0042,24,34.49
OI0000714,ORD000238,PRD0118,17,113.75
OI0000715,ORD000238,PRD0037,28,226.8
OI0000716,ORD000239,PRD0012,32,114.28
OI0000717,ORD000239,PRD0138,32,105.95
OI0000718,ORD000239,PRD0018,7,211.58
OI0000719,ORD000239,PRD0031,16,30.67
OI0000720,ORD000239,PRD0115,1,102.09
OI0000721,ORD000240,PRD0122,-33,18.49
OI0000722,ORD000240,PRD0047,-19,157.02
OI0000723,ORD000240,PRD0149,31,233.51
OI0000724,ORD000240,PRD0048,34,221.86
OI0000725,ORD000240,PRD0127,22,116.1
OI0000726,ORD000241,PRD999,18,147.65
OI0000727,ORD000242,PRD0004,35,27.44
OI0000728,ORD000242,PRD0100,2,36.13
OI0000729,ORD000242,PRD0054,33,58.91
OI0000730,ORD000242,PRD0115,3,102.09
OI0000731,ORD000243,PRD0087,10,40.72
OI0000732,ORD000243,PRD0132,7,115.18
OI0000733,ORD000243,PRD0079,40,153.34
OI0000734,ORD000243,PRD0012,6,114.28
OI0000735,ORD000243,PRD0115,6,102.09
OI0000736,ORD000244,PRD0108,29,29.96
OI0000737,ORD000244,PRD0140,8,180.3
OI0000738,ORD000244,PRD0049,6,178.36
OI0000739,ORD000244,PRD0147,14,123.59
OI0000740,ORD000244,PRD0019,1,188.65
OI0000741,ORD000245,PRD0124,20,45.26
OI0000742,ORD000245,PRD0085,32,63.68
OI0000743,ORD000246,PRD0001,5,115.82
OI0000744,ORD000246,PRD0047,36,157.02
OI0000745,ORD000246,PRD0036,40,191.05
OI0000746,ORD000246,PRD0011,15,190.23
OI0000747,ORD000247,PRD0007,39,82.58
OI0000748,ORD000247,PRD0129,28,171.21
OI0000749,ORD000247,PRD0063,26,139.58
OI0000750,ORD000247,PRD0144,36,190.91
OI0000751,ORD000248,PRD0067,3,172.46
OI0000752,ORD000248,PRD0138,27,105.95
OI0000753,ORD000248,PRD0137,39,60.23
OI0000754,ORD000248,PRD0145,10,92.02
OI0000755,ORD000248,PRD0131,9,31.12
OI0000756,ORD000249,PRD0087,39,40.72
OI0000757,ORD000249,PRD0002,7,172.3
OI0000758,ORD000250,PRD0109,26,119.42
OI0000759,ORD000250,PRD0145,29,92.02
OI0000760,ORD000250,PRD0004,21,27.44
OI0000761,ORD000250,PRD0024,22,87.52
OI0000762,ORD000251,PRD0026,9,173.51
OI0000763,ORD000251,PRD0125,31,149.25
OI0000764,ORD000251,PRD0002,8,172.3
OI0000765,ORD000252,PRD0106,37,22.39
OI0000766,ORD000252,PRD0010,29,6.66
OI0000767,ORD000252,PRD0043,13,154.31
OI0000768,ORD000253,PRD0010,37,6.66
OI0000769,ORD000253,PRD0036,18,191.05
OI0000770,ORD000254,PRD0053,31,122.42
OI0000771,ORD000254,PRD0122,3,18.49
OI0000772,ORD000254,PRD0084,24,40.42
OI0000773,ORD000254,PRD0083,13,19.93
OI0000774,ORD000254,PRD0026,15,173.51
OI0000775,ORD000255,PRD0112,29,160.95
OI0000776,ORD000255,PRD0033,2,49.71
OI0000777,ORD000255,PRD000,11,67.35
OI0000778,ORD000255,PRD0025,25,79.83
OI0000779,ORD000255,PRD0108,37,29.96
OI0000780,ORD000256,PRD0082,14,109.81
OI0000781,ORD000256,PRD0048,-14,221.86
OI0000782,ORD000256,PRD0075,27,173.74
OI0000783,ORD000256,PRD0017,25,191.07
OI0000784,ORD000257,PRD0138,35,105.95
OI0000785,ORD000258,PRD0030,15,101.78
OI0000786,ORD000258,PRD0108,10,29.96
OI0000787,ORD000258,PRD0133,13,216.9
OI0000788,ORD000258,PRD0087,12,40.72
OI0000789,ORD000259,PRD0095,17,72.24
OI0000790,ORD000259,PRD0092,9,57.63
OI0000791,ORD000259,PRD0100,25,36.13
OI0000792,ORD000259,PRD0048,16,221.86
OI0000793,ORD000259,PRD0124,18,45.26
OI0000794,ORD000260,PRD0069,34,54.19
OI0000795,ORD000261,PRD0111,30,83.5
OI0000796,ORD000261,PRD0065,19,120.88
OI0000797,ORD000262,PRD0114,36,122.24
OI0000798,ORD000262,PRD0038,26,222.91
OI0000799,ORD000262,PRD0094,11,30.93
OI0000800,ORD000262,PRD0029,13,203.27
OI0000801,ORD000263,PRD0058,15,182.31
OI0000802,ORD000263,PRD0116,16,227.68
OI0000803,ORD000264,PRD0023,38,138.23
OI0000804,ORD000264,PRD0080,15,78.97
OI0000805,ORD000265,PRD0030,31,101.78
OI0000806,ORD000265,PRD0137,35,60.23
OI0000807,ORD000265,PRD0014,7,23.8
OI0000808,ORD000265,PRD0095,10,72.24
OI0000809,ORD000265,PRD0100,16,36.13
OI0000810,ORD000266,PRD0009,31,38.6
OI0000811,ORD000266,PRD0109,1,119.42
OI0000812,ORD000266,PRD0107,35,140.4
OI0000813,ORD000267,PRD0071,39,189.96
OI0000814,ORD000268,PRD0012,18,114.28
OI0000815,ORD000269,PRD0050,27,176.43
OI0000816,ORD000269,PRD0064,27,230.86
OI0000817,ORD000269,PRD0005,22,143.43
OI0000818,ORD000269,PRD0095,6,72.24
OI0000819,ORD000269,PRD0016,30,191.36
OI0000820,ORD000270,PRD0091,22,175.98
OI0000821,ORD000270,PRD0146,3,116.28
OI0000822,ORD000270,PRD0086,16,218.7
OI0000823,ORD000270,PRD0101,8,119.36
OI0000824,ORD000270,PRD0047,22,157.02
OI0000825,ORD000271,PRD0030,37,101.78
OI0000826,ORD000271,PRD0039,9,41.02
OI0000827,ORD000271,PRD0049,18,178.36
OI0000828,ORD000271,PRD0005,4,143.43
OI0000829,ORD000271,PRD0054,1,58.91
OI0000830,ORD000272,PRD0058,33,182.31
OI0000831,ORD000273,PRD0149,11,233.51
OI0000832,ORD000273,PRD0034,34,69.78
OI0000833,ORD000273,PRD0141,7,106.53
OI0000834,ORD000273,PRD0100,4,36.13
OI0000835,ORD000273,PRD0140,39,180.3
OI0000836,ORD000274,PRD0146,9,116.28
OI0000837,ORD000274,PRD0094,9,30.93
OI0000838,ORD000275,PRD0096,25,78.52
OI0000839,ORD000275,PRD0067,30,172.46
OI0000840,ORD000275,PRD0128,35,123.35
OI0000841,ORD000275,PRD0066,11,106.81
OI0000842,ORD000275,PRD000,36,184.89
OI0000843,ORD000276,PRD0150,2,124.38
OI0000844,ORD000276,PRD0028,34,98.85
OI0000845,ORD000276,PRD0093,7,66.58
OI0000846,ORD000276,PRD0093,17,66.58
OI0000847,ORD000276,PRD0057,15,163.07
OI0000848,ORD000277,PRD0102,2,215.21
OI0000849,ORD000277,PRD0053,-7,122.42
OI0000850,ORD000277,PRD0032,6,206.97
OI0000851,ORD000277,PRD0082,13,109.81
OI0000852,ORD000277,PRD0021,12,92.86
OI0000853,ORD000278,PRD0009,33,38.6
OI0000854,ORD000278,PRD0079,23,153.34
OI0000855,ORD000278,PRD999,3,136.08
OI0000856,ORD000278,PRD0096,18,78.52
OI0000857,ORD000278,PRD0120,1,91.06
OI0000858,ORD000279,PRD0127,36,116.1
OI0000859,ORD000279,PRD0139,2,18.24
OI0000860,ORD000279,PRD0058,33,182.31
OI0000861,ORD000279,PRD0015,16,31.62
OI0000862,ORD000279,PRD0060,31,47.82
OI0000863,ORD000280,PRD0145,3,92.02
OI0000864,ORD000280,PRD0060,11,47.82
OI0000865,ORD000281,PRD0055,3,122.67
OI0000866,ORD000281,PRD0018,3,211.58
OI0000867,ORD000281,PRD0029,19,203.27
OI0000868,ORD000282,PRD0041,13,74.92
OI0000869,ORD000282,PRD0141,25,106.53
OI0000870,ORD000282,PRD0006,25,140.22
OI0000871,ORD000283,PRD0038,24,222.91
OI0000872,ORD000283,PRD0020,19,7.41
OI0000873,ORD000284,PRD0007,11,82.58
OI0000874,ORD000284,PRD0145,23,92.02
OI0000875,ORD000285,PRD0035,35,236.05
OI0000876,ORD000285,PRD0007,11,82.58
OI0000877,ORD000285,PRD0102,29,215.21
OI0000878,ORD000285,PRD0105,33,220.36
OI0000879,ORD000286,PRD0134,39,26.01
OI0000880,ORD000287,PRD0102,18,215.21
OI0000881,ORD000287,PRD0021,33,92.86
OI0000882,ORD000288,PRD0053,5,122.42
OI0000883,ORD000289,PRD0040,40,179.3
OI0000884,ORD000289,PRD0020,31,7.41
OI0000885,ORD000290,PRD0081,22,47.37
OI0000886,ORD000290,PRD0028,16,98.85
OI0000887,ORD000290,PRD0026,18,173.51
OI0000888,ORD000290,PRD0024,13,87.52
OI0000889,ORD000291,PRD0065,23,120.88
OI0000890,ORD000291,PRD0134,10,26.01
OI0000891,ORD000291,PRD0015,32,31.62
OI0000892,ORD000292,PRD0058,12,182.31
OI0000893,ORD000292,PRD0040,9,179.3
OI0000894,ORD000293,PRD0136,30,5.82
OI0000895,ORD000293,PRD0042,21,34.49
OI0000896,ORD000294,PRD0113,38,176.91
OI0000897,ORD000294,PRD0055,24,122.67
OI0000898,ORD000294,PRD0092,36,57.63
OI0000899,ORD000295,PRD0084,30,40.42
OI0000900,ORD000295,PRD0112,8,160.95
OI0000901,ORD000295,PRD0113,30,176.91
OI0000902,ORD000296,PRD0061,18,123.38
OI0000903,ORD000296,PRD0114,11,122.24
OI0000904,ORD000296,PRD999,28,62.95
OI0000905,ORD000296,PRD0143,26,205.5
OI0000906,ORD000297,PRD0035,29,236.05
OI0000907,ORD000298,PRD0024,16,87.52
OI0000908,ORD000298,PRD0007,33,82.58
OI0000909,ORD000298,PRD0067,3,172.46
OI0000910,ORD000298,PRD0013,26,202.19
OI0000911,ORD000298,PRD0106,13,22.39
OI0000912,ORD000299,PRD0048,1,221.86
OI0000913,ORD000299,PRD0029,17,203.27
OI0000914,ORD000299,PRD0110,22,237.89
OI0000915,ORD000300,PRD0081,32,47.37
OI0000916,ORD000300,PRD0051,36,24.49
OI0000917,ORD000301,PRD0073,8,68.46
OI0000918,ORD000302,PRD0105,23,220.36
OI0000919,ORD000302,PRD0019,40,188.65
OI0000920,ORD000303,PRD0065,19,120.88
OI0000921,ORD000303,PRD0139,24,18.24
OI0000922,ORD000304,PRD0132,15,115.18
OI0000923,ORD000304,PRD0140,11,180.3
OI0000924,ORD000304,PRD0142,8,15.65
OI0000925,ORD000304,PRD0076,40,28.95
OI0000926,ORD000304,PRD0002,10,172.3
OI0000927,ORD000305,PRD0085,27,63.68
OI0000928,ORD000306,PRD0096,5,78.52
OI0000929,ORD000306,PRD0051,17,24.49
OI0000930,ORD000306,PRD0067,13,172.46
OI0000931,ORD000306,PRD0019,32,188.65
OI0000932,ORD000306,PRD0087,12,40.72
OI0000933,ORD000307,PRD0005,6,143.43
OI0000934,ORD000307,PRD0099,36,16.05
OI0000935,ORD000307,PRD0053,10,122.42
OI0000936,ORD000307,PRD0018,30,211.58
OI0000937,ORD000308,PRD0033,10,49.71
OI0000938,ORD000308,PRD0145,9,92.02
OI0000939,ORD000308,PRD0010,3,6.66
OI0000940,ORD000308,PRD0025,39,79.83
OI0000941,ORD000308,PRD0041,28,74.92
OI0000942,ORD000309,PRD0017,20,191.07
OI0000943,ORD000309,PRD0110,7,237.89
OI0000944,ORD000309,PRD0123,10,236.61
OI0000945,ORD000310,PRD0061,36,123.38
OI0000946,ORD000310,PRD0045,25,7.03
OI0000947,ORD000310,PRD0015,3,31.62
OI0000948,ORD000311,PRD0021,29,92.86
OI0000949,ORD000311,PRD0121,24,231.51
OI0000950,ORD000311,PRD0064,26,230.86
OI0000951,ORD000311,PRD0003,13,72.4
OI0000952,ORD000312,PRD0024,15,87.52
OI0000953,ORD000313,PRD0107,26,140.4
OI0000954,ORD000314,PRD999,31,161.91
OI0000955,ORD000314,PRD0062,26,239.86
OI0000956,ORD000314,PRD0127,31,116.1
OI0000957,ORD000314,PRD0112,18,160.95
OI0000958,ORD000314,PRD0146,4,116.28
OI0000959,ORD000315,PRD0034,39,69.78
OI0000960,ORD000316,PRD0062,15,239.86
OI0000961,ORD000316,PRD0098,8,38.66
OI0000962,ORD000316,PRD0001,35,115.82
OI0000963,ORD000316,PRD0067,4,172.46
OI0000964,ORD000317,PRD0090,6,72.4
OI0000965,ORD000317,PRD0142,16,15.65
OI0000966,ORD000317,PRD0141,24,106.53
OI0000967,ORD000318,PRD0107,23,140.4
OI0000968,ORD000318,PRD0086,36,218.7
OI0000969,ORD000318,PRD0135,28,148.62
OI0000970,ORD000318,PRD0088,25,54.55
OI0000971,ORD000318,PRD0133,14,216.9
OI0000972,ORD000319,PRD0094,26,30.93
OI0000973,ORD000319,PRD0056,31,107.05
OI0000974,ORD000319,PRD0139,4,18.24
OI0000975,ORD000319,PRD0129,3,171.21
OI0000976,ORD000319,PRD0106,28,22.39
OI0000977,ORD000320,PRD0131,15,31.12
OI0000978,ORD000321,PRD0051,34,24.49
OI0000979,ORD000321,PRD0072,34,230.67
OI0000980,ORD000322,PRD0044,22,142.63
OI0000981,ORD000322,PRD0074,23,95.86
OI0000982,ORD000323,PRD0019,14,188.65
OI0000983,ORD000323,PRD0048,4,221.86
OI0000984,ORD000323,PRD0139,9,18.24
OI0000985,ORD000324,PRD0142,20,15.65
OI0000986,ORD000325,PRD0024,13,87.52
OI0000987,ORD000325,PRD0024,37,87.52
OI0000988,ORD000325,PRD0006,30,140.22
OI0000989,ORD000325,PRD0124,36,45.26
OI0000990,ORD000325,PRD0038,34,222.91
OI0000991,ORD000326,PRD0032,22,206.97
OI0000992,ORD000326,PRD0103,36,124.22
OI0000993,ORD000326,PRD0024,32,87.52
OI0000994,ORD000326,PRD0108,3,29.96
OI0000995,ORD000327,PRD0082,39,109.81
OI0000996,ORD000328,PRD0042,15,34.49
OI0000997,ORD000328,PRD9999,28,71.59
OI0000998,ORD000328,PRD0098,7,38.66
OI0000999,ORD000328,PRD0138,11,105.95
OI0001000,ORD000328,PRD0054,36,58.91
OI0001001,ORD000329,PRD0145,31,92.02
OI0001002,ORD000329,PRD0071,6,189.96
OI0001003,ORD000330,PRD0020,32,7.41
OI0001004,ORD000330,PRD000,7,80.61
OI0001005,ORD000330,PRD0073,33,68.46
OI0001006,ORD000330,PRD0035,8,236.05
OI0001007,ORD000331,PRD0071,14,189.96
OI0001008,ORD000331,PRD0016,28,191.36
OI0001009,ORD000331,PRD0128,18,123.35
OI0001010,ORD000331,PRD0024,39,87.52
OI0001011,ORD000331,PRD0008,32,87.17
OI0001012,ORD000332,PRD0091,27,175.98
OI0001013,ORD000333,PRD0141,23,106.53
OI0001014,ORD000334,PRD0106,35,22.39
OI0001015,ORD000334,PRD0005,36,143.43
OI0001016,ORD000335,PRD0035,14,236.05
OI0001017,ORD000335,PRD0062,33,239.86
OI0001018,ORD000335,PRD0097,14,166.76
OI0001019,ORD000336,PRD0112,22,160.95
OI0001020,ORD000336,PRD0148,14,127.25
OI0001021,ORD000337,PRD0054,3,58.91
OI0001022,ORD000338,PRD0019,15,188.65
OI0001023,ORD000339,PRD0003,4,72.4
OI0001024,ORD000339,PRD0024,24,87.52
OI0001025,ORD000339,PRD0110,4,237.89
OI0001026,ORD000339,PRD0018,22,211.58
OI0001027,ORD000340,PRD0064,6,230.86
OI0001028,ORD000341,PRD0065,30,120.88
OI0001029,ORD000341,PRD0023,14,138.23
OI0001030,ORD000341,PRD0131,6,31.12
OI0001031,ORD000342,PRD0139,27,18.24
OI0001032,ORD000342,PRD0138,1,105.95
OI0001033,ORD000342,PRD0133,22,216.9
OI0001034,ORD000342,PRD0067,23,172.46
OI0001035,ORD000342,PRD0147,38,123.59
OI0001036,ORD000343,PRD0062,36,239.86
OI0001037,ORD000343,PRD0047,23,157.02
OI0001038,ORD000343,PRD0139,27,18.24
OI0001039,ORD000344,PRD0124,29,45.26
OI0001040,ORD000345,PRD0082,25,109.81
OI0001041,ORD000345,PRD0065,9,120.88
OI0001042,ORD000345,PRD0007,-38,82.58
OI0001043,ORD000346,PRD0075,19,173.74
OI0001044,ORD000346,PRD0016,24,191.36
OI0001045,ORD000346,PRD0090,5,72.4
OI0001046,ORD000346,PRD0029,32,203.27
OI0001047,ORD000346,PRD0036,15,191.05
OI0001048,ORD000347,PRD0006,3,140.22
OI0001049,ORD000348,PRD0094,9,30.93
OI0001050,ORD000349,PRD0125,4,149.25
OI0001051,ORD000349,PRD0136,23,5.82
OI0001052,ORD000349,PRD0125,31,149.25
OI0001053,ORD000349,PRD0069,33,54.19
OI0001054,ORD000349,PRD0037,25,226.8
OI0001055,ORD000350,PRD0143,38,205.5
OI0001056,ORD000351,PRD0122,32,18.49
OI0001057,ORD000351,PRD0055,36,122.67
OI0001058,ORD000351,PRD0108,20,29.96
OI0001059,ORD000352,PRD0070,40,225.75
OI0001060,ORD000352,PRD0122,8,18.49
OI0001061,ORD000352,PRD9999,18,8.35
OI0001062,ORD000352,PRD0078,10,105.62
OI0001063,ORD000352,PRD0057,8,163.07
OI0001064,ORD000353,PRD0145,4,92.02
OI0001065,ORD000353,PRD0001,29,115.82
OI0001066,ORD000353,PRD0001,17,115.82
OI0001067,ORD000354,PRD0141,19,106.53
OI0001068,ORD000355,PRD0137,40,60.23
OI0001069,ORD000356,PRD0061,27,123.38
OI0001070,ORD000356,PRD0104,20,165.96
OI0001071,ORD000356,PRD0077,37,121.36
OI0001072,ORD000356,PRD0117,38,90.73
OI0001073,ORD000357,PRD0077,30,121.36
OI0001074,ORD000357,PRD0014,27,23.8
OI0001075,ORD000358,PRD0043,16,154.31
OI0001076,ORD000358,PRD0104,28,165.96
OI0001077,ORD000359,PRD0021,12,92.86
OI0001078,ORD000359,PRD0145,20,92.02
OI0001079,ORD000359,PRD0014,31,23.8
OI0001080,ORD000360,PRD0001,9,115.82
OI0001081,ORD000360,PRD0093,39,66.58
OI0001082,ORD000360,PRD0021,9,92.86
OI0001083,ORD000360,PRD0016,1,191.36
OI0001084,ORD000360,PRD0055,3,122.67
OI0001085,ORD000361,PRD0106,11,22.39
OI0001086,ORD000361,PRD0028,9,98.85
OI0001087,ORD000361,PRD0080,14,78.97
OI0001088,ORD000361,PRD0134,12,26.01
OI0001089,ORD000362,PRD0027,15,38.21
OI0001090,ORD000362,PRD0130,29,40.15
OI0001091,ORD000362,PRD0093,20,66.58
OI0001092,ORD000363,PRD0063,34,139.58
OI0001093,ORD000363,PRD0023,26,138.23
OI0001094,ORD000364,PRD0079,11,153.34
OI0001095,ORD000364,PRD0085,6,63.68
OI0001096,ORD000364,PRD0025,10,79.83
OI0001097,ORD000365,PRD0102,23,215.21
OI0001098,ORD000365,PRD0111,36,83.5
OI0001099,ORD000365,PRD0029,13,203.27
OI0001100,ORD000366,PRD0041,25,74.92
OI0001101,ORD000366,PRD0091,40,175.98
OI0001102,ORD000366,PRD0075,13,173.74
OI0001103,ORD000367,PRD0138,2,105.95
OI0001104,ORD000367,PRD0128,29,123.35
OI0001105,ORD000367,PRD0104,40,165.96
OI0001106,ORD000367,PRD0058,19,182.31
OI0001107,ORD000368,PRD0046,37,105.44
OI0001108,ORD000369,PRD0035,37,236.05
OI0001109,ORD000369,PRD0135,19,148.62
OI0001110,ORD000369,PRD0099,25,16.05
OI0001111,ORD000369,PRD0038,33,222.91
OI0001112,ORD000370,PRD0149,14,233.51
OI0001113,ORD000371,PRD0037,28,226.8
OI0001114,ORD000371,PRD0056,10,107.05
OI0001115,ORD000372,PRD0144,33,190.91
OI0001116,ORD000373,PRD0088,10,54.55
OI0001117,ORD000373,PRD0042,34,34.49
OI0001118,ORD000374,PRD0110,19,237.89
OI0001119,ORD000374,PRD0109,22,119.42
OI0001120,ORD000374,PRD0147,14,123.59
OI0001121,ORD000374,PRD0135,22,148.62
OI0001122,ORD000374,PRD0113,8,176.91
OI0001123,ORD000375,PRD0028,7,98.85
OI0001124,ORD000375,PRD0044,13,142.63
OI0001125,ORD000376,PRD0010,33,6.66
OI0001126,ORD000376,PRD0064,17,230.86
OI0001127,ORD000376,PRD0027,26,38.21
OI0001128,ORD000377,PRD0120,15,91.06
OI0001129,ORD000377,PRD0134,13,26.01
OI0001130,ORD000377,PRD0089,28,150.86
OI0001131,ORD000378,PRD0124,1,45.26
OI0001132,ORD000378,PRD0041,11,74.92
OI0001133,ORD000378,PRD0147,20,123.59
OI0001134,ORD000378,PRD0098,24,38.66
OI0001135,ORD000378,PRD0133,35,216.9
OI0001136,ORD000379,PRD0069,24,54.19
OI0001137,ORD000379,PRD0053,26,122.42
OI0001138,ORD000379,PRD0043,36,154.31
OI0001139,ORD000380,PRD0022,17,35.83
OI0001140,ORD000380,PRD9999,32,128.88
OI0001141,ORD000381,PRD0011,30,190.23
OI0001142,ORD000381,PRD0133,39,216.9
OI0001143,ORD000381,PRD0098,12,38.66
OI0001144,ORD000382,PRD0150,40,124.38
OI0001145,ORD000383,PRD0014,17,23.8
OI0001146,ORD000384,PRD0105,35,220.36
OI0001147,ORD000385,PRD0041,7,74.92
OI0001148,ORD000385,PRD0031,12,30.67
OI0001149,ORD000385,PRD0046,10,105.44
OI0001150,ORD000385,PRD0029,38,203.27
OI0001151,ORD000385,PRD0106,-17,22.39
OI0001152,ORD000386,PRD0044,27,142.63
OI0001153,ORD000386,PRD0012,37,114.28
OI0001154,ORD000386,PRD0133,34,216.9
OI0001155,ORD000386,PRD0130,20,40.15
OI0001156,ORD000386,PRD0127,10,116.1
OI0001157,ORD000387,PRD0125,20,149.25
OI0001158,ORD000387,PRD0020,12,7.41
OI0001159,ORD000387,PRD0017,1,191.07
OI0001160,ORD000387,PRD000,35,84.47
OI0001161,ORD000387,PRD0072,1,230.67
OI0001162,ORD000388,PRD0071,10,189.96
OI0001163,ORD000388,PRD0021,15,92.86
OI0001164,ORD000388,PRD0083,39,19.93
OI0001165,ORD000388,PRD0020,11,7.41
OI0001166,ORD000389,PRD0076,24,28.95
OI0001167,ORD000389,PRD0112,5,160.95
OI0001168,ORD000389,PRD0008,34,87.17
OI0001169,ORD000389,PRD0001,36,115.82
OI0001170,ORD000390,PRD0050,19,176.43
OI0001171,ORD000390,PRD0076,31,28.95
OI0001172,ORD000391,PRD0148,40,127.25
OI0001173,ORD000391,PRD0085,13,63.68
OI0001174,ORD000392,PRD0106,6,22.39
OI0001175,ORD000392,PRD0042,12,34.49
OI0001176,ORD000392,PRD0133,14,216.9
OI0001177,ORD000393,PRD0019,28,188.65
OI0001178,ORD000393,PRD0019,9,188.65
OI0001179,ORD000393,PRD0030,1,101.78
OI0001180,ORD000394,PRD0124,22,45.26
OI0001181,ORD000395,PRD0091,8,175.98
OI0001182,ORD000395,PRD0110,5,237.89
OI0001183,ORD000396,PRD0139,-7,18.24
OI0001184,ORD000396,PRD0110,32,237.89
OI0001185,ORD000397,PRD0020,9,7.41
OI0001186,ORD000397,PRD0078,25,105.62
OI0001187,ORD000398,PRD0140,8,180.3
OI0001188,ORD000398,PRD9999,7,211.2
OI0001189,ORD000398,PRD0118,2,113.75
OI0001190,ORD000398,PRD0059,28,201.86
OI0001191,ORD000399,PRD0135,35,148.62
OI0001192,ORD000400,PRD0124,26,45.26
OI0001193,ORD000400,PRD0085,28,63.68
OI0001194,ORD000400,PRD0060,39,47.82
OI0001195,ORD000400,PRD0075,-22,173.74
OI0001196,ORD000401,PRD0088,13,54.55
OI0001197,ORD000401,PRD0144,17,190.91
OI0001198,ORD000401,PRD0099,13,16.05
OI0001199,ORD000401,PRD0063,37,139.58
OI0001200,ORD000402,PRD0129,13,171.21
OI0001201,ORD000402,PRD0080,37,78.97
OI0001202,ORD000402,PRD0109,29,119.42
OI0001203,ORD000403,PRD0042,7,34.49
OI0001204,ORD000404,PRD0053,37,122.42
OI0001205,ORD000404,PRD0098,10,38.66
OI0001206,ORD000404,PRD0142,1,15.65
OI0001207,ORD000404,PRD0006,26,140.22
OI0001208,ORD000405,PRD0017,32,191.07
OI0001209,ORD000405,PRD0006,14,140.22
OI0001210,ORD000406,PRD0093,5,66.58
OI0001211,ORD000407,PRD0110,35,237.89
OI0001212,ORD000407,PRD0098,32,38.66
OI0001213,ORD000407,PRD0033,23,49.71
OI0001214,ORD000407,PRD0043,40,154.31
OI0001215,ORD000407,PRD0035,16,236.05
OI0001216,ORD000408,PRD0011,-26,190.23
OI0001217,ORD000409,PRD0075,39,173.74
OI0001218,ORD000409,PRD0142,14,15.65
OI0001219,ORD000409,PRD0032,34,206.97
OI0001220,ORD000409,PRD0035,4,236.05
OI0001221,ORD000409,PRD0008,30,87.17
OI0001222,ORD000410,PRD0137,20,60.23
OI0001223,ORD000410,PRD0006,28,140.22
OI0001224,ORD000410,PRD0070,2,225.75
OI0001225,ORD000411,PRD0007,40,82.58
OI0001226,ORD000411,PRD0053,1,122.42
OI0001227,ORD000411,PRD0106,15,22.39
OI0001228,ORD000411,PRD0004,40,27.44
OI0001229,ORD000411,PRD0040,24,179.3
OI0001230,ORD000412,PRD0043,30,154.31
OI0001231,ORD000412,PRD0032,10,206.97
OI0001232,ORD000413,PRD0123,8,236.61
OI0001233,ORD000414,PRD0066,6,106.81
OI0001234,ORD000414,PRD0129,4,171.21
OI0001235,ORD000414,PRD0037,20,226.8
OI0001236,ORD000414,PRD0075,26,173.74
OI0001237,ORD000415,PRD0128,7,123.35
OI0001238,ORD000415,PRD0107,8,140.4
OI0001239,ORD000415,PRD0107,29,140.4
OI0001240,ORD000415,PRD0026,14,173.51
OI0001241,ORD000416,PRD0110,32,237.89
OI0001242,ORD000416,PRD0130,6,40.15
OI0001243,ORD000416,PRD0147,19,123.59
OI0001244,ORD000417,PRD0089,19,150.86
OI0001245,ORD000417,PRD0039,22,41.02
OI0001246,ORD000417,PRD0080,5,78.97
OI0001247,ORD000417,PRD0036,18,191.05
OI0001248,ORD000417,PRD0069,37,54.19
OI0001249,ORD000418,PRD0036,14,191.05
OI0001250,ORD000418,PRD0074,5,95.86
OI0001251,ORD000418,PRD0089,8,150.86
OI0001252,ORD000418,PRD0098,14,38.66
OI0001253,ORD000419,PRD0122,36,18.49
OI0001254,ORD000420,PRD0113,34,176.91
OI0001255,ORD000420,PRD0090,15,72.4
OI0001256,ORD000420,PRD0125,2,149.25
OI0001257,ORD000420,PRD0060,13,47.82
OI0001258,ORD000421,PRD0107,30,140.4
OI0001259,ORD000422,PRD0061,28,123.38
OI0001260,ORD000422,PRD0079,2,153.34
OI0001261,ORD000422,PRD0142,14,15.65
OI0001262,ORD000422,PRD0027,27,38.21
OI0001263,ORD000423,PRD0142,13,15.65
OI0001264,ORD000423,PRD0005,40,143.43
OI0001265,ORD000424,PRD0068,23,29.13
OI0001266,ORD000424,PRD0034,27,69.78
OI0001267,ORD000424,PRD0071,6,189.96
OI0001268,ORD000424,PRD0111,13,83.5
OI0001269,ORD000425,PRD0084,10,40.42
OI0001270,ORD000425,PRD0108,10,29.96
OI0001271,ORD000426,PRD0063,26,139.58
OI0001272,ORD000426,PRD0056,16,107.05
OI0001273,ORD000427,PRD0103,24,124.22
OI0001274,ORD000427,PRD0048,8,221.86
OI0001275,ORD000428,PRD0042,8,34.49
OI0001276,ORD000428,PRD0146,23,116.28
OI0001277,ORD000429,PRD0059,37,201.86
OI0001278,ORD000429,PRD0057,14,163.07
OI0001279,ORD000429,PRD0105,17,220.36
OI0001280,ORD000430,PRD0004,2,27.44
OI0001281,ORD000430,PRD0055,23,122.67
OI0001282,ORD000431,PRD0033,30,49.71
OI0001283,ORD000431,PRD0087,5,40.72
OI0001284,ORD000431,PRD0120,4,91.06
OI0001285,ORD000431,PRD0044,16,142.63
OI0001286,ORD000432,PRD0124,13,45.26
OI0001287,ORD000433,PRD0121,31,231.51
OI0001288,ORD000433,PRD0093,30,66.58
OI0001289,ORD000433,PRD0029,34,203.27
OI0001290,ORD000434,PRD0127,36,116.1
OI0001291,ORD000434,PRD0105,22,220.36
OI0001292,ORD000434,PRD9999,33,87.76
OI0001293,ORD000434,PRD0016,38,191.36
OI0001294,ORD000435,PRD0027,7,38.21
OI0001295,ORD000435,PRD0119,27,39.29
OI0001296,ORD000436,PRD0088,17,54.55
OI0001297,ORD000436,PRD0127,30,116.1
OI0001298,ORD000436,PRD0048,6,221.86
OI0001299,ORD000436,PRD0053,35,122.42
OI0001300,ORD000436,PRD0087,6,40.72
OI0001301,ORD000437,PRD0119,7,39.29
OI0001302,ORD000437,PRD0054,9,58.91
OI0001303,ORD000438,PRD0026,20,173.51
OI0001304,ORD000438,PRD0037,18,226.8
OI0001305,ORD000438,PRD0002,19,172.3
OI0001306,ORD000438,PRD0075,7,173.74
OI0001307,ORD000438,PRD0008,2,87.17
OI0001308,ORD000439,PRD0110,33,237.89
OI0001309,ORD000439,PRD0079,20,153.34
OI0001310,ORD000439,PRD9999,32,173.44
OI0001311,ORD000439,PRD0034,6,69.78
OI0001312,ORD000440,PRD0135,30,148.62
OI0001313,ORD000440,PRD0104,22,165.96
OI0001314,ORD000440,PRD0091,40,175.98
OI0001315,ORD000440,PRD0144,19,190.91
OI0001316,ORD000441,PRD0095,25,72.24
OI0001317,ORD000441,PRD0077,30,121.36
OI0001318,ORD000441,PRD0094,37,30.93
OI0001319,ORD000441,PRD0060,21,47.82
OI0001320,ORD000442,PRD0003,26,72.4
OI0001321,ORD000442,PRD0086,37,218.7
OI0001322,ORD000442,PRD0038,6,222.91
OI0001323,ORD000443,PRD0130,28,40.15
OI0001324,ORD000443,PRD0024,32,87.52
OI0001325,ORD000443,PRD0037,30,226.8
OI0001326,ORD000444,PRD0091,7,175.98
OI0001327,ORD000444,PRD0106,12,22.39
OI0001328,ORD000444,PRD0108,12,29.96
OI0001329,ORD000444,PRD0085,35,63.68
OI0001330,ORD000444,PRD0127,20,116.1
OI0001331,ORD000445,PRD0066,19,106.81
OI0001332,ORD000445,PRD0019,14,188.65
OI0001333,ORD000445,PRD0025,1,79.83
OI0001334,ORD000445,PRD0004,31,27.44
OI0001335,ORD000446,PRD0059,5,201.86
OI0001336,ORD000446,PRD0107,30,140.4
OI0001337,ORD000446,PRD0019,15,188.65
OI0001338,ORD000446,PRD0015,17,31.62
OI0001339,ORD000447,PRD9999,25,94.79
OI0001340,ORD000447,PRD0103,27,124.22
OI0001341,ORD000447,PRD0094,25,30.93
OI0001342,ORD000447,PRD0148,26,127.25
OI0001343,ORD000448,PRD0125,10,149.25
OI0001344,ORD000448,PRD0024,23,87.52
OI0001345,ORD000448,PRD0099,36,16.05
OI0001346,ORD000449,PRD0033,35,49.71
OI0001347,ORD000450,PRD0015,11,31.62
OI0001348,ORD000450,PRD0039,33,41.02
OI0001349,ORD000450,PRD0135,9,148.62
OI0001350,ORD000451,PRD0069,10,54.19
OI0001351,ORD000452,PRD0125,17,149.25
OI0001352,ORD000453,PRD0081,15,47.37
OI0001353,ORD000453,PRD0146,22,116.28
OI0001354,ORD000453,PRD0048,22,221.86
OI0001355,ORD000454,PRD0126,1,35.6
OI0001356,ORD000454,PRD0119,26,39.29
OI0001357,ORD000454,PRD0097,7,166.76
OI0001358,ORD000454,PRD0095,5,72.24
OI0001359,ORD000454,PRD0123,10,236.61
OI0001360,ORD000455,PRD0082,34,109.81
OI0001361,ORD000456,PRD999,14,138.3
OI0001362,ORD000456,PRD0113,26,176.91
OI0001363,ORD000457,PRD0077,24,121.36
OI0001364,ORD000458,PRD0147,5,123.59
OI0001365,ORD000459,PRD0054,34,58.91
OI0001366,ORD000459,PRD0142,29,15.65
OI0001367,ORD000459,PRD0089,23,150.86
OI0001368,ORD000459,PRD0088,35,54.55
OI0001369,ORD000459,PRD0020,38,7.41
OI0001370,ORD000460,PRD0027,6,38.21
OI0001371,ORD000460,PRD0004,20,27.44
OI0001372,ORD000460,PRD0098,5,38.66
OI0001373,ORD000460,PRD0115,35,102.09
OI0001374,ORD000460,PRD0045,7,7.03
OI0001375,ORD000461,PRD0061,15,123.38
OI0001376,ORD000461,PRD0023,8,138.23
OI0001377,ORD000461,PRD0108,8,29.96
OI0001378,ORD000461,PRD0111,25,83.5
OI0001379,ORD000462,PRD0121,7,231.51
OI0001380,ORD000463,PRD0144,10,190.91
OI0001381,ORD000463,PRD0132,15,115.18
OI0001382,ORD000463,PRD0084,20,40.42
OI0001383,ORD000463,PRD0022,37,35.83
OI0001384,ORD000463,PRD0063,20,139.58
OI0001385,ORD000464,PRD0078,34,105.62
OI0001386,ORD000464,PRD0140,33,180.3
OI0001387,ORD000464,PRD0099,15,16.05
OI0001388,ORD000464,PRD0020,14,7.41
OI0001389,ORD000465,PRD0052,7,207.39
OI0001390,ORD000465,PRD0051,21,24.49
OI0001391,ORD000465,PRD0108,15,29.96
OI0001392,ORD000465,PRD0066,31,106.81
OI0001393,ORD000466,PRD0069,17,54.19
OI0001394,ORD000466,PRD0063,27,139.58
OI0001395,ORD000466,PRD0099,7,16.05
OI0001396,ORD000466,PRD0128,26,123.35
OI0001397,ORD000466,PRD0083,12,19.93
OI0001398,ORD000467,PRD0003,32,72.4
OI0001399,ORD000467,PRD0120,1,91.06
OI0001400,ORD000468,PRD0061,33,123.38
OI0001401,ORD000469,PRD0122,13,18.49
OI0001402,ORD000469,PRD9999,39,15.21
OI0001403,ORD000469,PRD0105,1,220.36
OI0001404,ORD000469,PRD0022,38,35.83
OI0001405,ORD000469,PRD0142,24,15.65
OI0001406,ORD000470,PRD0100,26,36.13
OI0001407,ORD000470,PRD0147,22,123.59
OI0001408,ORD000470,PRD0144,22,190.91
OI0001409,ORD000470,PRD0036,30,191.05
OI0001410,ORD000471,PRD0118,29,113.75
OI0001411,ORD000471,PRD0057,11,163.07
OI0001412,ORD000472,PRD0103,12,124.22
OI0001413,ORD000472,PRD0072,25,230.67
OI0001414,ORD000472,PRD0100,-22,36.13
OI0001415,ORD000472,PRD0138,12,105.95
OI0001416,ORD000472,PRD0102,40,215.21
OI0001417,ORD000473,PRD0108,21,29.96
OI0001418,ORD000473,PRD0145,27,92.02
OI0001419,ORD000473,PRD0053,23,122.42
OI0001420,ORD000473,PRD0065,36,120.88
OI0001421,ORD000474,PRD0043,15,154.31
OI0001422,ORD000474,PRD0116,6,227.68
OI0001423,ORD000474,PRD0002,15,172.3
OI0001424,ORD000474,PRD0126,6,35.6
OI0001425,ORD000474,PRD0106,25,22.39
OI0001426,ORD000475,PRD0073,25,68.46
OI0001427,ORD000476,PRD0108,8,29.96
OI0001428,ORD000477,PRD0009,15,38.6
OI0001429,ORD000477,PRD0057,4,163.07
OI0001430,ORD000477,PRD0054,5,58.91
OI0001431,ORD000477,PRD0065,13,120.88
OI0001432,ORD000477,PRD0095,35,72.24
OI0001433,ORD000478,PRD0037,12,226.8
OI0001434,ORD000478,PRD0018,8,211.58
OI0001435,ORD000478,PRD0137,18,60.23
OI0001436,ORD000479,PRD0093,10,66.58
OI0001437,ORD000480,PRD0074,28,95.86
OI0001438,ORD000480,PRD0032,33,206.97
OI0001439,ORD000480,PRD0066,9,106.81
OI0001440,ORD000481,PRD0056,29,107.05
OI0001441,ORD000481,PRD0119,16,39.29
OI0001442,ORD000481,PRD0091,11,175.98
OI0001443,ORD000482,PRD0105,23,220.36
OI0001444,ORD000482,PRD0030,35,101.78
OI0001445,ORD000482,PRD0075,29,173.74
OI0001446,ORD000483,PRD0057,34,163.07
OI0001447,ORD000483,PRD0115,28,102.09
OI0001448,ORD000484,PRD0133,4,216.9
OI0001449,ORD000484,PRD0055,10,122.67
OI0001450,ORD000485,PRD0117,1,90.73
OI0001451,ORD000485,PRD0093,37,66.58
OI0001452,ORD000485,PRD0100,19,36.13
OI0001453,ORD000486,PRD0139,4,18.24
OI0001454,ORD000486,PRD0014,2,23.8
OI0001455,ORD000487,PRD0018,21,211.58
OI0001456,ORD000487,PRD0025,40,79.83
OI0001457,ORD000487,PRD0143,7,205.5
OI0001458,ORD000487,PRD0032,2,206.97
OI0001459,ORD000487,PRD0082,34,109.81
OI0001460,ORD000488,PRD0026,36,173.51
OI0001461,ORD000488,PRD0111,30,83.5
OI0001462,ORD000489,PRD0124,11,45.26
OI0001463,ORD000489,PRD0130,10,40.15
OI0001464,ORD000490,PRD0085,15,63.68
OI0001465,ORD000491,PRD0057,31,163.07
OI0001466,ORD000491,PRD0051,15,24.49
OI0001467,ORD000491,PRD0106,22,22.39
OI0001468,ORD000491,PRD0095,11,72.24
OI0001469,ORD000491,PRD0063,37,139.58
OI0001470,ORD000492,PRD0086,-33,218.7
OI0001471,ORD000493,PRD0041,35,74.92
OI0001472,ORD000493,PRD0013,21,202.19
OI0001473,ORD000493,PRD0093,21,66.58
OI0001474,ORD000493,PRD0017,9,191.07
OI0001475,ORD000494,PRD0103,38,124.22
OI0001476,ORD000494,PRD0011,11,190.23
OI0001477,ORD000495,PRD0058,6,182.31
OI0001478,ORD000495,PRD0009,6,38.6
OI0001479,ORD000496,PRD0065,8,120.88
OI0001480,ORD000496,PRD0071,33,189.96
OI0001481,ORD000496,PRD0034,33,69.78
OI0001482,ORD000496,PRD0073,9,68.46
OI0001483,ORD000497,PRD0129,19,171.21
OI0001484,ORD000497,PRD0065,10,120.88
OI0001485,ORD000497,PRD0139,14,18.24
OI0001486,ORD000497,PRD0141,19,106.53
OI0001487,ORD000497,PRD0068,12,29.13
OI0001488,ORD000498,PRD0095,17,72.24
OI0001489,ORD000498,PRD0023,39,138.23
OI0001490,ORD000498,PRD0076,24,28.95
OI0001491,ORD000499,PRD0037,26,226.8
OI0001492,ORD000499,PRD0037,34,226.8
OI0001493,ORD000500,PRD0052,23,207.39
OI0001494,ORD000500,PRD0096,8,78.52
OI0001495,ORD000500,PRD0121,5,231.51
OI0001496,ORD000500,PRD0037,26,226.8
OI0001497,ORD000500,PRD0121,39,231.51
OI0001498,ORD000501,PRD0027,36,38.21
OI0001499,ORD000501,PRD0125,16,149.25
OI0001500,ORD000502,PRD0130,18,40.15
OI0001501,ORD000502,PRD0058,25,182.31
OI0001502,ORD000502,PRD0104,3,165.96
OI0001503,ORD000503,PRD0002,37,172.3
OI0001504,ORD000503,PRD0047,10,157.02
OI0001505,ORD000503,PRD0033,37,49.71
OI0001506,ORD000503,PRD0029,22,203.27
OI0001507,ORD000504,PRD0020,32,7.41
OI0001508,ORD000504,PRD0141,36,106.53
OI0001509,ORD000504,PRD0107,-1,140.4
OI0001510,ORD000505,PRD0110,8,237.89
OI0001511,ORD000505,PRD0110,7,237.89
OI0001512,ORD000506,PRD0078,18,105.62
OI0001513,ORD000506,PRD0052,34,207.39
OI0001514,ORD000506,PRD0014,17,23.8
OI0001515,ORD000507,PRD0015,34,31.62
OI0001516,ORD000508,PRD0132,14,115.18
OI0001517,ORD000508,PRD0056,28,107.05
OI0001518,ORD000508,PRD0031,15,30.67
OI0001519,ORD000508,PRD0134,4,26.01
OI0001520,ORD000509,PRD0107,15,140.4
OI0001521,ORD000510,PRD0089,13,150.86
OI0001522,ORD000510,PRD0128,-27,123.35
OI0001523,ORD000510,PRD0023,24,138.23
OI0001524,ORD000510,PRD0065,13,120.88
OI0001525,ORD000511,PRD0072,8,230.67
OI0001526,ORD000511,PRD0083,27,19.93
OI0001527,ORD000511,PRD0141,4,106.53
OI0001528,ORD000511,PRD0018,23,211.58
OI0001529,ORD000511,PRD0103,22,124.22
OI0001530,ORD000512,PRD0021,30,92.86
OI0001531,ORD000512,PRD0093,7,66.58
OI0001532,ORD000512,PRD0026,11,173.51
OI0001533,ORD000512,PRD0104,22,165.96
OI0001534,ORD000513,PRD0106,4,22.39
OI0001535,ORD000513,PRD0050,4,176.43
OI0001536,ORD000513,PRD0005,13,143.43
OI0001537,ORD000513,PRD0017,1,191.07
OI0001538,ORD000514,PRD0136,38,5.82
OI0001539,ORD000514,PRD0147,11,123.59
OI0001540,ORD000514,PRD0125,23,149.25
OI0001541,ORD000514,PRD0098,1,38.66
OI0001542,ORD000515,PRD9999,22,24.67
OI0001543,ORD000515,PRD0148,22,127.25
OI0001544,ORD000516,PRD0150,10,124.38
OI0001545,ORD000516,PRD0050,12,176.43
OI0001546,ORD000516,PRD0042,12,34.49
OI0001547,ORD000516,PRD0029,17,203.27
OI0001548,ORD000517,PRD0068,26,29.13
OI0001549,ORD000517,PRD0007,33,82.58
OI0001550,ORD000517,PRD0058,25,182.31
OI0001551,ORD000517,PRD0078,13,105.62
OI0001552,ORD000517,PRD0034,29,69.78
OI0001553,ORD000518,PRD0140,14,180.3
OI0001554,ORD000518,PRD0059,2,201.86
OI0001555,ORD000519,PRD0075,4,173.74
OI0001556,ORD000520,PRD0109,9,119.42
OI0001557,ORD000520,PRD0065,17,120.88
OI0001558,ORD000520,PRD0084,13,40.42
OI0001559,ORD000520,PRD0090,40,72.4
OI0001560,ORD000520,PRD0022,33,35.83
OI0001561,ORD000521,PRD0080,17,78.97
OI0001562,ORD000521,PRD0096,39,78.52
OI0001563,ORD000521,PRD0033,31,49.71
OI0001564,ORD000522,PRD0090,37,72.4
OI0001565,ORD000522,PRD0003,33,72.4
OI0001566,ORD000522,PRD0077,18,121.36
OI0001567,ORD000523,PRD0080,2,78.97
OI0001568,ORD000524,PRD0034,23,69.78
OI0001569,ORD000524,PRD0062,2,239.86
OI0001570,ORD000525,PRD0054,30,58.91
OI0001571,ORD000526,PRD0083,22,19.93
OI0001572,ORD000526,PRD0059,10,201.86
OI0001573,ORD000526,PRD0058,30,182.31
OI0001574,ORD000526,PRD0119,21,39.29
OI0001575,ORD000526,PRD0150,40,124.38
OI0001576,ORD000527,PRD0092,33,57.63
OI0001577,ORD000527,PRD0109,14,119.42
OI0001578,ORD000528,PRD0150,24,124.38
OI0001579,ORD000528,PRD0089,6,150.86
OI0001580,ORD000528,PRD999,36,38.19
OI0001581,ORD000528,PRD0113,40,176.91
OI0001582,ORD000529,PRD0138,14,105.95
OI0001583,ORD000529,PRD0099,36,16.05
OI0001584,ORD000529,PRD0048,18,221.86
OI0001585,ORD000529,PRD0116,15,227.68
OI0001586,ORD000530,PRD0108,3,29.96
OI0001587,ORD000530,PRD0142,12,15.65
OI0001588,ORD000530,PRD0030,27,101.78
OI0001589,ORD000530,PRD0042,23,34.49
OI0001590,ORD000531,PRD0059,20,201.86
OI0001591,ORD000531,PRD0024,26,87.52
OI0001592,ORD000531,PRD0127,11,116.1
OI0001593,ORD000531,PRD0021,33,92.86
OI0001594,ORD000532,PRD0135,2,148.62
OI0001595,ORD000532,PRD0032,29,206.97
OI0001596,ORD000533,PRD0003,25,72.4
OI0001597,ORD000533,PRD0113,39,176.91
OI0001598,ORD000533,PRD0065,11,120.88
OI0001599,ORD000533,PRD9999,9,145.85
OI0001600,ORD000534,PRD0097,6,166.76
OI0001601,ORD000535,PRD0032,31,206.97
OI0001602,ORD000536,PRD0081,11,47.37
OI0001603,ORD000536,PRD0004,40,27.44
OI0001604,ORD000536,PRD0010,20,6.66
OI0001605,ORD000536,PRD0112,19,160.95
OI0001606,ORD000536,PRD0116,40,227.68
OI0001607,ORD000537,PRD0033,38,49.71
OI0001608,ORD000537,PRD0005,28,143.43
OI0001609,ORD000537,PRD0053,6,122.42
OI0001610,ORD000537,PRD0023,16,138.23
OI0001611,ORD000537,PRD0062,34,239.86
OI0001612,ORD000538,PRD0028,11,98.85
OI0001613,ORD000538,PRD0116,22,227.68
OI0001614,ORD000538,PRD0059,7,201.86
OI0001615,ORD000538,PRD0089,22,150.86
OI0001616,ORD000539,PRD0148,30,127.25
OI0001617,ORD000540,PRD0045,29,7.03
OI0001618,ORD000540,PRD000,23,155.07
OI0001619,ORD000541,PRD0149,32,233.51
OI0001620,ORD000541,PRD0109,10,119.42
OI0001621,ORD000541,PRD0025,13,79.83
OI0001622,ORD000541,PRD0122,10,18.49
OI0001623,ORD000541,PRD0140,13,180.3
OI0001624,ORD000542,PRD0009,19,38.6
OI0001625,ORD000542,PRD0128,19,123.35
OI0001626,ORD000542,PRD0065,31,120.88
OI0001627,ORD000542,PRD0078,30,105.62
OI0001628,ORD000542,PRD0077,39,121.36
OI0001629,ORD000543,PRD0112,39,160.95
OI0001630,ORD000543,PRD0059,36,201.86
OI0001631,ORD000544,PRD0128,-4,123.35
OI0001632,ORD000545,PRD0119,26,39.29
OI0001633,ORD000546,PRD0071,34,189.96
OI0001634,ORD000546,PRD0081,37,47.37
OI0001635,ORD000547,PRD0146,7,116.28
OI0001636,ORD000547,PRD9999,37,210.33
OI0001637,ORD000547,PRD0085,37,63.68
OI0001638,ORD000548,PRD0121,33,231.51
OI0001639,ORD000549,PRD0045,39,7.03
OI0001640,ORD000550,PRD0123,18,236.61
OI0001641,ORD000550,PRD0005,30,143.43
OI0001642,ORD000550,PRD0136,20,5.82
OI0001643,ORD000551,PRD0048,14,221.86
OI0001644,ORD000551,PRD0005,17,143.43
OI0001645,ORD000551,PRD0096,8,78.52
OI0001646,ORD000552,PRD0010,39,6.66
OI0001647,ORD000552,PRD0034,10,69.78
OI0001648,ORD000552,PRD0146,8,116.28
OI0001649,ORD000553,PRD0105,23,220.36
OI0001650,ORD000554,PRD0007,20,82.58
OI0001651,ORD000554,PRD0088,30,54.55
OI0001652,ORD000554,PRD0049,15,178.36
OI0001653,ORD000554,PRD0005,4,143.43
OI0001654,ORD000554,PRD0087,28,40.72
OI0001655,ORD000555,PRD0127,23,116.1
OI0001656,ORD000555,PRD0056,2,107.05
OI0001657,ORD000555,PRD0045,29,7.03
OI0001658,ORD000555,PRD0149,29,233.51
OI0001659,ORD000556,PRD0079,16,153.34
OI0001660,ORD000556,PRD0107,36,140.4
OI0001661,ORD000556,PRD0011,34,190.23
OI0001662,ORD000556,PRD0081,35,47.37
OI0001663,ORD000556,PRD0119,14,39.29
OI0001664,ORD000557,PRD0030,12,101.78
OI0001665,ORD000557,PRD0038,-6,222.91
OI0001666,ORD000557,PRD0072,39,230.67
OI0001667,ORD000558,PRD0139,32,18.24
OI0001668,ORD000558,PRD0068,38,29.13
OI0001669,ORD000558,PRD0002,35,172.3
OI0001670,ORD000558,PRD0098,36,38.66
OI0001671,ORD000559,PRD0119,17,39.29
OI0001672,ORD000559,PRD0108,31,29.96
OI0001673,ORD000559,PRD0083,24,19.93
OI0001674,ORD000559,PRD0136,39,5.82
OI0001675,ORD000560,PRD0124,15,45.26
OI0001676,ORD000560,PRD0105,30,220.36
OI0001677,ORD000560,PRD0127,22,116.1
OI0001678,ORD000561,PRD0069,25,54.19
OI0001679,ORD000561,PRD0086,31,218.7
OI0001680,ORD000561,PRD0054,7,58.91
OI0001681,ORD000561,PRD0059,12,201.86
OI0001682,ORD000561,PRD0018,31,211.58
OI0001683,ORD000562,PRD0142,11,15.65
OI0001684,ORD000563,PRD0112,37,160.95
OI0001685,ORD000563,PRD0077,6,121.36
OI0001686,ORD000563,PRD0003,31,72.4
OI0001687,ORD000563,PRD0056,38,107.05
OI0001688,ORD000564,PRD0126,33,35.6
OI0001689,ORD000564,PRD0062,26,239.86
OI0001690,ORD000564,PRD0017,16,191.07
OI0001691,ORD000564,PRD0095,3,72.24
OI0001692,ORD000565,PRD0020,35,7.41
OI0001693,ORD000565,PRD0057,35,163.07
OI0001694,ORD000566,PRD0110,34,237.89
OI0001695,ORD000566,PRD0044,2,142.63
OI0001696,ORD000566,PRD0080,11,78.97
OI0001697,ORD000566,PRD0031,36,30.67
OI0001698,ORD000567,PRD0030,26,101.78
OI0001699,ORD000568,PRD0112,20,160.95
OI0001700,ORD000568,PRD0003,16,72.4
OI0001701,ORD000568,PRD0039,10,41.02
OI0001702,ORD000568,PRD0116,11,227.68
OI0001703,ORD000568,PRD0147,1,123.59
OI0001704,ORD000569,PRD0125,3,149.25
OI0001705,ORD000569,PRD000,40,191.1
OI0001706,ORD000570,PRD0064,17,230.86
OI0001707,ORD000571,PRD0064,14,230.86
OI0001708,ORD000571,PRD0129,10,171.21
OI0001709,ORD000572,PRD0047,14,157.02
OI0001710,ORD000573,PRD0140,1,180.3
OI0001711,ORD000573,PRD0100,39,36.13
OI0001712,ORD000574,PRD0150,8,124.38
OI0001713,ORD000574,PRD0098,20,38.66
OI0001714,ORD000575,PRD0130,11,40.15
OI0001715,ORD000575,PRD0023,3,138.23
OI0001716,ORD000576,PRD0061,6,123.38
OI0001717,ORD000576,PRD0084,16,40.42
OI0001718,ORD000577,PRD0113,33,176.91
OI0001719,ORD000577,PRD0102,8,215.21
OI0001720,ORD000577,PRD0076,38,28.95
OI0001721,ORD000578,PRD0012,28,114.28
OI0001722,ORD000578,PRD0091,17,175.98
OI0001723,ORD000578,PRD0030,31,101.78
OI0001724,ORD000578,PRD0033,6,49.71
OI0001725,ORD000579,PRD0032,37,206.97
OI0001726,ORD000580,PRD0056,19,107.05
OI0001727,ORD000580,PRD0059,8,201.86
OI0001728,ORD000581,PRD0001,34,115.82
OI0001729,ORD000582,PRD0041,16,74.92
OI0001730,ORD000582,PRD0041,4,74.92
OI0001731,ORD000583,PRD0059,23,201.86
OI0001732,ORD000583,PRD0037,24,226.8
OI0001733,ORD000583,PRD0072,2,230.67
OI0001734,ORD000583,PRD0126,8,35.6
OI0001735,ORD000583,PRD0102,10,215.21
OI0001736,ORD000584,PRD0093,18,66.58
OI0001737,ORD000584,PRD0111,14,83.5
OI0001738,ORD000584,PRD0090,7,72.4
OI0001739,ORD000585,PRD0125,27,149.25
OI0001740,ORD000585,PRD0071,30,189.96
OI0001741,ORD000585,PRD0013,26,202.19
OI0001742,ORD000585,PRD0096,5,78.52
OI0001743,ORD000585,PRD0008,40,87.17
OI0001744,ORD000586,PRD0137,33,60.23
OI0001745,ORD000586,PRD0019,2,188.65
OI0001746,ORD000586,PRD0139,34,18.24
OI0001747,ORD000587,PRD0082,25,109.81
OI0001748,ORD000588,PRD0069,21,54.19
OI0001749,ORD000588,PRD0081,2,47.37
OI0001750,ORD000589,PRD0026,20,173.51
OI0001751,ORD000589,PRD0141,28,106.53
OI0001752,ORD000590,PRD0048,24,221.86
OI0001753,ORD000591,PRD0038,30,222.91
OI0001754,ORD000591,PRD0078,-19,105.62
OI0001755,ORD000591,PRD0030,7,101.78
OI0001756,ORD000592,PRD0031,38,30.67
OI0001757,ORD000592,PRD0039,-3,41.02
OI0001758,ORD000592,PRD0030,37,101.78
OI0001759,ORD000592,PRD0131,21,31.12
OI0001760,ORD000592,PRD0136,13,5.82
OI0001761,ORD000593,PRD0121,8,231.51
OI0001762,ORD000593,PRD0113,26,176.91
OI0001763,ORD000593,PRD0009,28,38.6
OI0001764,ORD000593,PRD0088,13,54.55
OI0001765,ORD000594,PRD0103,5,124.22
OI0001766,ORD000594,PRD0104,10,165.96
OI0001767,ORD000594,PRD0105,38,220.36
OI0001768,ORD000594,PRD0121,30,231.51
OI0001769,ORD000594,PRD0038,2,222.91
OI0001770,ORD000595,PRD0107,21,140.4
OI0001771,ORD000595,PRD0071,26,189.96
OI0001772,ORD000595,PRD0027,16,38.21
OI0001773,ORD000595,PRD0041,10,74.92
OI0001774,ORD000596,PRD0005,9,143.43
OI0001775,ORD000597,PRD0010,4,6.66
OI0001776,ORD000597,PRD0130,34,40.15
OI0001777,ORD000598,PRD0010,10,6.66
OI0001778,ORD000598,PRD0002,37,172.3
OI0001779,ORD000598,PRD0139,32,18.24
OI0001780,ORD000598,PRD0100,24,36.13
OI0001781,ORD000598,PRD0143,36,205.5
OI0001782,ORD000599,PRD0015,28,31.62
OI0001783,ORD000599,PRD0110,19,237.89
OI0001784,ORD000599,PRD0139,10,18.24
OI0001785,ORD000599,PRD0127,38,116.1
OI0001786,ORD000599,PRD0026,29,173.51
OI0001787,ORD000600,PRD0094,14,30.93
OI0001788,ORD000600,PRD0094,33,30.93
OI0001789,ORD000600,PRD0059,14,201.86
OI0001790,ORD000601,PRD0095,29,72.24
OI0001791,ORD000601,PRD0037,27,226.8
OI0001792,ORD000601,PRD0079,34,153.34
OI0001793,ORD000602,PRD0038,40,222.91
OI0001794,ORD000602,PRD0071,32,189.96
OI0001795,ORD000602,PRD0062,35,239.86
OI0001796,ORD000602,PRD0148,28,127.25
OI0001797,ORD000603,PRD0058,19,182.31
OI0001798,ORD000604,PRD0048,17,221.86
OI0001799,ORD000604,PRD0089,40,150.86
OI0001800,ORD000604,PRD0078,27,105.62
OI0001801,ORD000605,PRD0058,38,182.31
OI0001802,ORD000605,PRD0027,5,38.21
OI0001803,ORD000605,PRD0087,36,40.72
OI0001804,ORD000605,PRD0106,23,22.39
OI0001805,ORD000606,PRD0117,3,90.73
OI0001806,ORD000607,PRD0133,24,216.9
OI0001807,ORD000608,PRD0119,18,39.29
OI0001808,ORD000608,PRD0075,35,173.74
OI0001809,ORD000608,PRD0143,13,205.5
OI0001810,ORD000609,PRD0065,5,120.88
OI0001811,ORD000609,PRD0115,25,102.09
OI0001812,ORD000609,PRD0149,40,233.51
OI0001813,ORD000609,PRD0102,27,215.21
OI0001814,ORD000610,PRD0139,16,18.24
OI0001815,ORD000610,PRD0113,18,176.91
OI0001816,ORD000610,PRD0079,13,153.34
OI0001817,ORD000610,PRD0105,2,220.36
OI0001818,ORD000610,PRD0107,32,140.4
OI0001819,ORD000611,PRD999,3,32.18
OI0001820,ORD000611,PRD0100,16,36.13
OI0001821,ORD000611,PRD0006,24,140.22
OI0001822,ORD000611,PRD0147,13,123.59
OI0001823,ORD000612,PRD0001,14,115.82
OI0001824,ORD000612,PRD0093,34,66.58
OI0001825,ORD000612,PRD0086,7,218.7
OI0001826,ORD000613,PRD0059,11,201.86
OI0001827,ORD000614,PRD0051,9,24.49
OI0001828,ORD000614,PRD0012,31,114.28
OI0001829,ORD000614,PRD0072,22,230.67
OI0001830,ORD000615,PRD0046,14,105.44
OI0001831,ORD000615,PRD0007,39,82.58
OI0001832,ORD000615,PRD0139,1,18.24
OI0001833,ORD000615,PRD0027,1,38.21
OI0001834,ORD000615,PRD0085,21,63.68
OI0001835,ORD000616,PRD0084,37,40.42
OI0001836,ORD000616,PRD0055,30,122.67
OI0001837,ORD000616,PRD0070,1,225.75
OI0001838,ORD000616,PRD0092,39,57.63
OI0001839,ORD000616,PRD0004,25,27.44
OI0001840,ORD000617,PRD0150,16,124.38
OI0001841,ORD000617,PRD0115,22,102.09
OI0001842,ORD000617,PRD0096,4,78.52
OI0001843,ORD000618,PRD0116,8,227.68
OI0001844,ORD000618,PRD0123,5,236.61
OI0001845,ORD000619,PRD0082,5,109.81
OI0001846,ORD000619,PRD0024,15,87.52
OI0001847,ORD000619,PRD0104,35,165.96
OI0001848,ORD000619,PRD0051,38,24.49
OI0001849,ORD000619,PRD0003,17,72.4
OI0001850,ORD000620,PRD0096,25,78.52
OI0001851,ORD000620,PRD0043,30,154.31
OI0001852,ORD000620,PRD0064,33,230.86
OI0001853,ORD000620,PRD0041,35,74.92
OI0001854,ORD000621,PRD0133,18,216.9
OI0001855,ORD000621,PRD0097,6,166.76
OI0001856,ORD000621,PRD0086,1,218.7
OI0001857,ORD000621,PRD0052,27,207.39
OI0001858,ORD000622,PRD0030,11,101.78
OI0001859,ORD000622,PRD0125,28,149.25
OI0001860,ORD000622,PRD0046,34,105.44
OI0001861,ORD000622,PRD0118,30,113.75
OI0001862,ORD000622,PRD0037,9,226.8
OI0001863,ORD000623,PRD0021,12,92.86
OI0001864,ORD000623,PRD0063,37,139.58
OI0001865,ORD000623,PRD0029,14,203.27
OI0001866,ORD000624,PRD0072,26,230.67
OI0001867,ORD000625,PRD0110,31,237.89
OI0001868,ORD000625,PRD0004,14,27.44
OI0001869,ORD000625,PRD0107,26,140.4
OI0001870,ORD000626,PRD0034,11,69.78
OI0001871,ORD000626,PRD0032,20,206.97
OI0001872,ORD000626,PRD0043,39,154.31
OI0001873,ORD000627,PRD0094,25,30.93
OI0001874,ORD000627,PRD0021,40,92.86
OI0001875,ORD000627,PRD0138,30,105.95
OI0001876,ORD000627,PRD0053,13,122.42
OI0001877,ORD000628,PRD0129,26,171.21
OI0001878,ORD000629,PRD0090,40,72.4
OI0001879,ORD000629,PRD0104,29,165.96
OI0001880,ORD000630,PRD0078,9,105.62
OI0001881,ORD000630,PRD0057,4,163.07
OI0001882,ORD000630,PRD0070,9,225.75
OI0001883,ORD000630,PRD0051,17,24.49
OI0001884,ORD000631,PRD0022,2,35.83
OI0001885,ORD000631,PRD0022,2,35.83
OI0001886,ORD000632,PRD0029,25,203.27
OI0001887,ORD000632,PRD0086,23,218.7
OI0001888,ORD000632,PRD0074,11,95.86
OI0001889,ORD000633,PRD0108,18,29.96
OI0001890,ORD000633,PRD0031,27,30.67
OI0001891,ORD000633,PRD0110,2,237.89
OI0001892,ORD000633,PRD000,-24,24.37
OI0001893,ORD000633,PRD0058,34,182.31
OI0001894,ORD000634,PRD0075,11,173.74
OI0001895,ORD000634,PRD0129,9,171.21
OI0001896,ORD000634,PRD0064,2,230.86
OI0001897,ORD000634,PRD0074,10,95.86
OI0001898,ORD000634,PRD0021,1,92.86
OI0001899,ORD000635,PRD0009,25,38.6
OI0001900,ORD000635,PRD0009,15,38.6
OI0001901,ORD000635,PRD0085,40,63.68
OI0001902,ORD000636,PRD0138,19,105.95
OI0001903,ORD000637,PRD0081,21,47.37
OI0001904,ORD000637,PRD0063,23,139.58
OI0001905,ORD000637,PRD0005,4,143.43
OI0001906,ORD000637,PRD0105,6,220.36
OI0001907,ORD000638,PRD0118,14,113.75
OI0001908,ORD000638,PRD0035,19,236.05
OI0001909,ORD000638,PRD0064,35,230.86
OI0001910,ORD000638,PRD0043,-23,154.31
OI0001911,ORD000639,PRD0003,20,72.4
OI0001912,ORD000640,PRD0021,18,92.86
OI0001913,ORD000640,PRD0127,33,116.1
OI0001914,ORD000640,PRD0041,4,74.92
OI0001915,ORD000640,PRD0093,2,66.58
OI0001916,ORD000641,PRD0035,26,236.05
OI0001917,ORD000642,PRD0082,21,109.81
OI0001918,ORD000642,PRD0058,5,182.31
OI0001919,ORD000643,PRD999,31,114.43
OI0001920,ORD000643,PRD0099,14,16.05
OI0001921,ORD000643,PRD0047,25,157.02
OI0001922,ORD000644,PRD0117,16,90.73
OI0001923,ORD000644,PRD0101,33,119.36
OI0001924,ORD000644,PRD0104,9,165.96
OI0001925,ORD000644,PRD0017,34,191.07
OI0001926,ORD000644,PRD0075,1,173.74
OI0001927,ORD000645,PRD0041,19,74.92
OI0001928,ORD000646,PRD0026,39,173.51
OI0001929,ORD000646,PRD0141,8,106.53
OI0001930,ORD000647,PRD0014,10,23.8
OI0001931,ORD000647,PRD0121,38,231.51
OI0001932,ORD000647,PRD0032,17,206.97
OI0001933,ORD000648,PRD0119,31,39.29
OI0001934,ORD000648,PRD0096,31,78.52
OI0001935,ORD000648,PRD0062,6,239.86
OI0001936,ORD000649,PRD0048,40,221.86
OI0001937,ORD000649,PRD0045,16,7.03
OI0001938,ORD000649,PRD0092,9,57.63
OI0001939,ORD000649,PRD0139,5,18.24
OI0001940,ORD000649,PRD0122,22,18.49
OI0001941,ORD000650,PRD0005,33,143.43
OI0001942,ORD000650,PRD0124,16,45.26
OI0001943,ORD000650,PRD0134,9,26.01
OI0001944,ORD000651,PRD0112,31,160.95
OI0001945,ORD000651,PRD0129,5,171.21
OI0001946,ORD000651,PRD0069,3,54.19
OI0001947,ORD000652,PRD0119,12,39.29
OI0001948,ORD000652,PRD0074,10,95.86
OI0001949,ORD000653,PRD0130,2,40.15
OI0001950,ORD000653,PRD0010,17,6.66
OI0001951,ORD000653,PRD0149,30,233.51
OI0001952,ORD000653,PRD0082,30,109.81
OI0001953,ORD000654,PRD0020,1,7.41
OI0001954,ORD000655,PRD0140,5,180.3
OI0001955,ORD000655,PRD0099,21,16.05
OI0001956,ORD000655,PRD999,25,176.99
OI0001957,ORD000655,PRD0061,31,123.38
OI0001958,ORD000655,PRD0026,12,173.51
OI0001959,ORD000656,PRD0038,21,222.91
OI0001960,ORD000656,PRD0021,32,92.86
OI0001961,ORD000656,PRD0127,20,116.1
OI0001962,ORD000656,PRD0133,15,216.9
OI0001963,ORD000656,PRD0130,6,40.15
OI0001964,ORD000657,PRD0036,27,191.05
OI0001965,ORD000657,PRD0065,39,120.88
OI0001966,ORD000657,PRD0141,40,106.53
OI0001967,ORD000658,PRD0074,17,95.86
OI0001968,ORD000658,PRD0094,40,30.93
OI0001969,ORD000658,PRD0021,20,92.86
OI0001970,ORD000658,PRD0120,35,91.06
OI0001971,ORD000659,PRD0111,37,83.5
OI0001972,ORD000660,PRD0003,23,72.4
OI0001973,ORD000660,PRD0094,35,30.93
OI0001974,ORD000661,PRD0120,31,91.06
OI0001975,ORD000661,PRD0132,9,115.18
OI0001976,ORD000662,PRD0009,11,38.6
OI0001977,ORD000662,PRD0006,7,140.22
OI0001978,ORD000663,PRD0133,29,216.9
OI0001979,ORD000663,PRD0139,3,18.24
OI0001980,ORD000663,PRD0147,9,123.59
OI0001981,ORD000663,PRD0139,8,18.24
OI0001982,ORD000663,PRD0079,10,153.34
OI0001983,ORD000664,PRD0020,12,7.41
OI0001984,ORD000664,PRD0104,14,165.96
OI0001985,ORD000665,PRD0093,39,66.58
OI0001986,ORD000665,PRD0101,14,119.36
OI0001987,ORD000665,PRD0104,5,165.96
OI0001988,ORD000665,PRD0147,6,123.59
OI0001989,ORD000665,PRD0132,13,115.18
OI0001990,ORD000666,PRD0134,10,26.01
OI0001991,ORD000666,PRD0134,14,26.01
OI0001992,ORD000667,PRD0150,34,124.38
OI0001993,ORD000667,PRD0069,17,54.19
OI0001994,ORD000667,PRD0053,20,122.42
OI0001995,ORD000667,PRD0137,28,60.23
OI0001996,ORD000667,PRD0142,15,15.65
OI0001997,ORD000668,PRD0044,37,142.63
OI0001998,ORD000668,PRD0126,8,35.6
OI0001999,ORD000668,PRD0067,33,172.46
OI0002000,ORD000668,PRD0080,34,78.97
OI0002001,ORD000668,PRD0045,14,7.03
OI0002002,ORD000669,PRD0056,35,107.05
OI0002003,ORD000669,PRD0124,4,45.26
OI0002004,ORD000670,PRD0006,17,140.22
OI0002005,ORD000670,PRD0015,22,31.62
OI0002006,ORD000671,PRD0022,27,35.83
OI0002007,ORD000671,PRD0117,16,90.73
OI0002008,ORD000671,PRD0108,36,29.96
OI0002009,ORD000671,PRD0128,4,123.35
OI0002010,ORD000672,PRD0008,2,87.17
OI0002011,ORD000672,PRD0091,10,175.98
OI0002012,ORD000672,PRD0026,18,173.51
OI0002013,ORD000672,PRD0143,6,205.5
OI0002014,ORD000673,PRD0145,9,92.02
OI0002015,ORD000673,PRD0044,11,142.63
OI0002016,ORD000673,PRD0113,11,176.91
OI0002017,ORD000673,PRD0061,9,123.38
OI0002018,ORD000673,PRD0044,29,142.63
OI0002019,ORD000674,PRD0089,14,150.86
OI0002020,ORD000674,PRD0093,22,66.58
OI0002021,ORD000674,PRD0015,12,31.62
OI0002022,ORD000674,PRD0082,3,109.81
OI0002023,ORD000675,PRD0002,-5,172.3
OI0002024,ORD000675,PRD0150,28,124.38
OI0002025,ORD000676,PRD0013,28,202.19
OI0002026,ORD000676,PRD0045,37,7.03
OI0002027,ORD000676,PRD0113,14,176.91
OI0002028,ORD000676,PRD0013,14,202.19
OI0002029,ORD000677,PRD0147,23,123.59
OI0002030,ORD000678,PRD0106,29,22.39
OI0002031,ORD000679,PRD0095,32,72.24
OI0002032,ORD000679,PRD0062,11,239.86
OI0002033,ORD000679,PRD0049,9,178.36
OI0002034,ORD000679,PRD0114,16,122.24
OI0002035,ORD000680,PRD0104,28,165.96
OI0002036,ORD000681,PRD0044,25,142.63
OI0002037,ORD000681,PRD0030,4,101.78
OI0002038,ORD000681,PRD0083,20,19.93
OI0002039,ORD000681,PRD0072,18,230.67
OI0002040,ORD000681,PRD0050,29,176.43
OI0002041,ORD000682,PRD0101,36,119.36
OI0002042,ORD000682,PRD0127,8,116.1
OI0002043,ORD000682,PRD0101,24,119.36
OI0002044,ORD000682,PRD0090,15,72.4
OI0002045,ORD000683,PRD0012,38,114.28
OI0002046,ORD000683,PRD0031,15,30.67
OI0002047,ORD000683,PRD0126,1,35.6
OI0002048,ORD000684,PRD0056,3,107.05
OI0002049,ORD000684,PRD0012,29,114.28
OI0002050,ORD000684,PRD0079,30,153.34
OI0002051,ORD000684,PRD0120,2,91.06
OI0002052,ORD000684,PRD0108,24,29.96
OI0002053,ORD000685,PRD0065,25,120.88
OI0002054,ORD000685,PRD0053,1,122.42
OI0002055,ORD000686,PRD0050,14,176.43
OI0002056,ORD000686,PRD000,18,214.89
OI0002057,ORD000687,PRD0146,8,116.28
OI0002058,ORD000687,PRD0066,29,106.81
OI0002059,ORD000688,PRD0148,12,127.25
OI0002060,ORD000688,PRD0063,12,139.58
OI0002061,ORD000688,PRD0140,17,180.3
OI0002062,ORD000688,PRD0093,31,66.58
OI0002063,ORD000689,PRD0079,11,153.34
OI0002064,ORD000689,PRD0096,36,78.52
OI0002065,ORD000689,PRD0046,33,105.44
OI0002066,ORD000689,PRD0037,17,226.8
OI0002067,ORD000689,PRD0089,26,150.86
OI0002068,ORD000690,PRD0141,19,106.53
OI0002069,ORD000690,PRD0139,1,18.24
OI0002070,ORD000690,PRD0111,27,83.5
OI0002071,ORD000690,PRD0130,14,40.15
OI0002072,ORD000691,PRD0052,11,207.39
OI0002073,ORD000691,PRD0094,2,30.93
OI0002074,ORD000691,PRD0094,19,30.93
OI0002075,ORD000692,PRD0118,4,113.75
OI0002076,ORD000692,PRD0029,9,203.27
OI0002077,ORD000693,PRD0147,31,123.59
OI0002078,ORD000693,PRD0014,25,23.8
OI0002079,ORD000693,PRD999,4,116.23
OI0002080,ORD000693,PRD0071,16,189.96
OI0002081,ORD000693,PRD0150,3,124.38
OI0002082,ORD000694,PRD0030,7,101.78
OI0002083,ORD000694,PRD0148,31,127.25
OI0002084,ORD000694,PRD0120,9,91.06
OI0002085,ORD000694,PRD0028,22,98.85
OI0002086,ORD000694,PRD0017,21,191.07
OI0002087,ORD000695,PRD0074,27,95.86
OI0002088,ORD000696,PRD0051,3,24.49
OI0002089,ORD000696,PRD0135,15,148.62
OI0002090,ORD000696,PRD0108,35,29.96
OI0002091,ORD000696,PRD0061,27,123.38
OI0002092,ORD000696,PRD0008,14,87.17
OI0002093,ORD000697,PRD0024,28,87.52
OI0002094,ORD000697,PRD0087,37,40.72
OI0002095,ORD000697,PRD0101,10,119.36
OI0002096,ORD000697,PRD0141,32,106.53
OI0002097,ORD000698,PRD0137,2,60.23
OI0002098,ORD000699,PRD0085,12,63.68
OI0002099,ORD000700,PRD0136,19,5.82
OI0002100,ORD000700,PRD0025,31,79.83
OI0002101,ORD000700,PRD0133,2,216.9
OI0002102,ORD000701,PRD0065,5,120.88
OI0002103,ORD000701,PRD0117,24,90.73
OI0002104,ORD000701,PRD0087,28,40.72
OI0002105,ORD000701,PRD0036,6,191.05
OI0002106,ORD000702,PRD0073,34,68.46
OI0002107,ORD000702,PRD0019,2,188.65
OI0002108,ORD000702,PRD0005,33,143.43
OI0002109,ORD000702,PRD0094,36,30.93
OI0002110,ORD000703,PRD0094,33,30.93
OI0002111,ORD000703,PRD0101,13,119.36
OI0002112,ORD000704,PRD0102,23,215.21
OI0002113,ORD000704,PRD0029,1,203.27
OI0002114,ORD000704,PRD0102,40,215.21
OI0002115,ORD000705,PRD0080,10,78.97
OI0002116,ORD000705,PRD0046,6,105.44
OI0002117,ORD000705,PRD0122,40,18.49
OI0002118,ORD000705,PRD0123,4,236.61
OI0002119,ORD000706,PRD0084,13,40.42
OI0002120,ORD000706,PRD0042,10,34.49
OI0002121,ORD000706,PRD0105,15,220.36
OI0002122,ORD000706,PRD0117,10,90.73
OI0002123,ORD000707,PRD0030,33,101.78
OI0002124,ORD000707,PRD0127,40,116.1
OI0002125,ORD000708,PRD0145,33,92.02
OI0002126,ORD000708,PRD0001,6,115.82
OI0002127,ORD000709,PRD0094,28,30.93
OI0002128,ORD000709,PRD0115,5,102.09
OI0002129,ORD000709,PRD0031,35,30.67
OI0002130,ORD000710,PRD0136,13,5.82
OI0002131,ORD000710,PRD0031,18,30.67
OI0002132,ORD000710,PRD0131,40,31.12
OI0002133,ORD000711,PRD0090,32,72.4
OI0002134,ORD000712,PRD0141,26,106.53
OI0002135,ORD000713,PRD0006,30,140.22
OI0002136,ORD000713,PRD0051,28,24.49
OI0002137,ORD000713,PRD0052,10,207.39
OI0002138,ORD000713,PRD0078,23,105.62
OI0002139,ORD000713,PRD0146,6,116.28
OI0002140,ORD000714,PRD0084,5,40.42
OI0002141,ORD000714,PRD0107,2,140.4
OI0002142,ORD000714,PRD0120,28,91.06
OI0002143,ORD000714,PRD0007,15,82.58
OI0002144,ORD000715,PRD0019,34,188.65
OI0002145,ORD000715,PRD0127,3,116.1
OI0002146,ORD000715,PRD0087,18,40.72
OI0002147,ORD000715,PRD0032,16,206.97
OI0002148,ORD000716,PRD0149,31,233.51
OI0002149,ORD000716,PRD0145,38,92.02
OI0002150,ORD000716,PRD0129,20,171.21
OI0002151,ORD000717,PRD0045,22,7.03
OI0002152,ORD000717,PRD0046,12,105.44
OI0002153,ORD000717,PRD0051,9,24.49
OI0002154,ORD000717,PRD0121,35,231.51
OI0002155,ORD000718,PRD0109,9,119.42
OI0002156,ORD000719,PRD0060,37,47.82
OI0002157,ORD000719,PRD0130,16,40.15
OI0002158,ORD000719,PRD0038,15,222.91
OI0002159,ORD000719,PRD0106,25,22.39
OI0002160,ORD000719,PRD0015,30,31.62
OI0002161,ORD000720,PRD0065,14,120.88
OI0002162,ORD000720,PRD0036,1,191.05
OI0002163,ORD000720,PRD0018,4,211.58
OI0002164,ORD000721,PRD0127,35,116.1
OI0002165,ORD000721,PRD0081,30,47.37
OI0002166,ORD000721,PRD0123,22,236.61
OI0002167,ORD000721,PRD0132,5,115.18
OI0002168,ORD000721,PRD0088,3,54.55
OI0002169,ORD000722,PRD0075,18,173.74
OI0002170,ORD000722,PRD0041,32,74.92
OI0002171,ORD000723,PRD0116,4,227.68
OI0002172,ORD000723,PRD0022,27,35.83
OI0002173,ORD000723,PRD0137,18,60.23
OI0002174,ORD000724,PRD0076,23,28.95
OI0002175,ORD000724,PRD0006,38,140.22
OI0002176,ORD000724,PRD0056,2,107.05
OI0002177,ORD000724,PRD0087,37,40.72
OI0002178,ORD000725,PRD0022,5,35.83
OI0002179,ORD000725,PRD0040,19,179.3
OI0002180,ORD000725,PRD0034,18,69.78
OI0002181,ORD000726,PRD0075,40,173.74
OI0002182,ORD000727,PRD0065,5,120.88
OI0002183,ORD000727,PRD0093,6,66.58
OI0002184,ORD000727,PRD000,6,223.19
OI0002185,ORD000727,PRD0021,27,92.86
OI0002186,ORD000727,PRD0135,31,148.62
OI0002187,ORD000728,PRD0127,36,116.1
OI0002188,ORD000728,PRD0075,35,173.74
OI0002189,ORD000729,PRD0026,25,173.51
OI0002190,ORD000729,PRD0116,15,227.68
OI0002191,ORD000729,PRD0024,37,87.52
OI0002192,ORD000729,PRD0062,33,239.86
OI0002193,ORD000730,PRD0044,28,142.63
OI0002194,ORD000730,PRD0105,14,220.36
OI0002195,ORD000730,PRD0102,3,215.21
OI0002196,ORD000730,PRD0031,31,30.67
OI0002197,ORD000730,PRD0108,1,29.96
OI0002198,ORD000731,PRD0061,9,123.38
OI0002199,ORD000731,PRD0047,34,157.02
OI0002200,ORD000731,PRD0003,38,72.4
OI0002201,ORD000732,PRD0079,38,153.34
OI0002202,ORD000732,PRD0002,22,172.3
OI0002203,ORD000732,PRD0121,4,231.51
OI0002204,ORD000732,PRD0018,39,211.58
OI0002205,ORD000732,PRD0092,34,57.63
OI0002206,ORD000733,PRD0067,21,172.46
OI0002207,ORD000733,PRD0125,22,149.25
OI0002208,ORD000733,PRD0136,12,5.82
OI0002209,ORD000734,PRD0073,14,68.46
OI0002210,ORD000734,PRD0005,12,143.43
OI0002211,ORD000734,PRD0106,31,22.39
OI0002212,ORD000734,PRD0025,38,79.83
OI0002213,ORD000734,PRD0030,9,101.78
OI0002214,ORD000735,PRD0087,16,40.72
OI0002215,ORD000735,PRD0084,14,40.42
OI0002216,ORD000735,PRD0044,31,142.63
OI0002217,ORD000735,PRD0089,33,150.86
OI0002218,ORD000735,PRD0054,16,58.91
OI0002219,ORD000736,PRD0150,24,124.38
OI0002220,ORD000736,PRD0032,37,206.97
OI0002221,ORD000736,PRD0076,34,28.95
OI0002222,ORD000736,PRD0031,21,30.67
OI0002223,ORD000737,PRD0132,6,115.18
OI0002224,ORD000737,PRD0096,36,78.52
OI0002225,ORD000737,PRD0117,23,90.73
OI0002226,ORD000737,PRD0002,31,172.3
OI0002227,ORD000738,PRD0128,22,123.35
OI0002228,ORD000738,PRD0049,1,178.36
OI0002229,ORD000739,PRD0137,33,60.23
OI0002230,ORD000739,PRD0024,12,87.52
OI0002231,ORD000739,PRD0007,40,82.58
OI0002232,ORD000740,PRD0103,34,124.22
OI0002233,ORD000740,PRD0076,30,28.95
OI0002234,ORD000741,PRD0049,7,178.36
OI0002235,ORD000741,PRD0075,31,173.74
OI0002236,ORD000741,PRD0112,34,160.95
OI0002237,ORD000741,PRD0033,27,49.71
OI0002238,ORD000741,PRD0001,30,115.82
OI0002239,ORD000742,PRD0077,34,121.36
OI0002240,ORD000743,PRD0083,7,19.93
OI0002241,ORD000744,PRD0141,16,106.53
OI0002242,ORD000744,PRD0098,40,38.66
OI0002243,ORD000744,PRD0001,16,115.82
OI0002244,ORD000744,PRD0014,6,23.8
OI0002245,ORD000745,PRD0002,15,172.3
OI0002246,ORD000746,PRD0041,27,74.92
OI0002247,ORD000746,PRD0103,10,124.22
OI0002248,ORD000747,PRD0074,4,95.86
OI0002249,ORD000748,PRD0113,19,176.91
OI0002250,ORD000748,PRD0002,21,172.3
OI0002251,ORD000748,PRD0063,32,139.58
OI0002252,ORD000748,PRD0128,3,123.35
OI0002253,ORD000748,PRD0112,23,160.95
OI0002254,ORD000749,PRD000,14,218.42
OI0002255,ORD000749,PRD0080,26,78.97
OI0002256,ORD000750,PRD0078,32,105.62
OI0002257,ORD000751,PRD0001,19,115.82
OI0002258,ORD000751,PRD0064,13,230.86
OI0002259,ORD000751,PRD0038,5,222.91
OI0002260,ORD000752,PRD0103,20,124.22
OI0002261,ORD000752,PRD0036,-12,191.05
OI0002262,ORD000753,PRD0073,15,68.46
OI0002263,ORD000753,PRD0087,17,40.72
OI0002264,ORD000753,PRD0099,3,16.05
OI0002265,ORD000754,PRD0061,21,123.38
OI0002266,ORD000755,PRD0068,36,29.13
OI0002267,ORD000755,PRD0025,21,79.83
OI0002268,ORD000755,PRD0034,31,69.78
OI0002269,ORD000756,PRD0044,38,142.63
OI0002270,ORD000757,PRD0138,7,105.95
OI0002271,ORD000758,PRD0139,7,18.24
OI0002272,ORD000758,PRD0058,37,182.31
OI0002273,ORD000758,PRD0148,35,127.25
OI0002274,ORD000759,PRD0092,19,57.63
OI0002275,ORD000759,PRD0077,17,121.36
OI0002276,ORD000760,PRD0076,31,28.95
OI0002277,ORD000760,PRD0111,6,83.5
OI0002278,ORD000760,PRD0085,34,63.68
OI0002279,ORD000760,PRD0062,20,239.86
OI0002280,ORD000760,PRD0090,6,72.4
OI0002281,ORD000761,PRD0114,39,122.24
OI0002282,ORD000761,PRD0086,3,218.7
OI0002283,ORD000761,PRD0016,6,191.36
OI0002284,ORD000762,PRD0036,35,191.05
OI0002285,ORD000762,PRD0038,20,222.91
OI0002286,ORD000762,PRD0127,25,116.1
OI0002287,ORD000763,PRD0135,31,148.62
OI0002288,ORD000763,PRD0003,19,72.4
OI0002289,ORD000763,PRD0065,31,120.88
OI0002290,ORD000763,PRD0108,37,29.96
OI0002291,ORD000764,PRD0103,35,124.22
OI0002292,ORD000764,PRD0043,34,154.31
OI0002293,ORD000765,PRD0050,12,176.43
OI0002294,ORD000765,PRD0123,3,236.61
OI0002295,ORD000765,PRD0092,33,57.63
OI0002296,ORD000765,PRD0094,12,30.93
OI0002297,ORD000765,PRD0090,40,72.4
OI0002298,ORD000766,PRD0092,21,57.63
OI0002299,ORD000766,PRD0091,14,175.98
OI0002300,ORD000766,PRD0123,1,236.61
OI0002301,ORD000766,PRD0016,15,191.36
OI0002302,ORD000767,PRD0149,18,233.51
OI0002303,ORD000768,PRD0073,22,68.46
OI0002304,ORD000769,PRD0116,2,227.68
OI0002305,ORD000769,PRD0044,3,142.63
OI0002306,ORD000769,PRD0144,3,190.91
OI0002307,ORD000769,PRD0055,26,122.67
OI0002308,ORD000769,PRD0032,15,206.97
OI0002309,ORD000770,PRD0117,5,90.73
OI0002310,ORD000771,PRD0019,23,188.65
OI0002311,ORD000771,PRD0090,25,72.4
OI0002312,ORD000771,PRD0085,9,63.68
OI0002313,ORD000771,PRD0145,3,92.02
OI0002314,ORD000771,PRD0125,24,149.25
OI0002315,ORD000772,PRD0147,19,123.59
OI0002316,ORD000772,PRD0112,15,160.95
OI0002317,ORD000772,PRD0114,38,122.24
OI0002318,ORD000773,PRD0089,26,150.86
OI0002319,ORD000773,PRD0014,30,23.8
OI0002320,ORD000774,PRD0105,17,220.36
OI0002321,ORD000774,PRD0043,7,154.31
OI0002322,ORD000774,PRD0015,26,31.62
OI0002323,ORD000774,PRD0119,40,39.29
OI0002324,ORD000775,PRD0014,17,23.8
OI0002325,ORD000775,PRD0126,34,35.6
OI0002326,ORD000775,PRD0132,29,115.18
OI0002327,ORD000775,PRD0139,27,18.24
OI0002328,ORD000776,PRD0047,14,157.02
OI0002329,ORD000776,PRD0009,27,38.6
OI0002330,ORD000776,PRD0131,39,31.12
OI0002331,ORD000777,PRD0026,10,173.51
OI0002332,ORD000777,PRD0100,9,36.13
OI0002333,ORD000778,PRD0111,39,83.5
OI0002334,ORD000779,PRD0105,32,220.36
OI0002335,ORD000779,PRD0146,5,116.28
OI0002336,ORD000780,PRD0068,26,29.13
OI0002337,ORD000781,PRD0025,6,79.83
OI0002338,ORD000781,PRD0115,16,102.09
OI0002339,ORD000781,PRD0118,32,113.75
OI0002340,ORD000781,PRD0117,28,90.73
OI0002341,ORD000781,PRD0106,10,22.39
OI0002342,ORD000782,PRD0037,17,226.8
OI0002343,ORD000782,PRD0027,25,38.21
OI0002344,ORD000782,PRD0102,27,215.21
OI0002345,ORD000782,PRD0058,40,182.31
OI0002346,ORD000782,PRD0119,26,39.29
OI0002347,ORD000783,PRD0047,39,157.02
OI0002348,ORD000783,PRD0099,29,16.05
OI0002349,ORD000783,PRD0064,35,230.86
OI0002350,ORD000783,PRD0077,3,121.36
OI0002351,ORD000783,PRD0142,28,15.65
OI0002352,ORD000784,PRD0004,26,27.44
OI0002353,ORD000784,PRD0144,37,190.91
OI0002354,ORD000784,PRD0069,38,54.19
OI0002355,ORD000785,PRD0001,12,115.82
OI0002356,ORD000785,PRD0053,30,122.42
OI0002357,ORD000785,PRD0109,7,119.42
OI0002358,ORD000786,PRD0135,9,148.62
OI0002359,ORD000786,PRD0055,11,122.67
OI0002360,ORD000786,PRD0042,26,34.49
OI0002361,ORD000786,PRD0048,3,221.86
OI0002362,ORD000786,PRD0013,29,202.19
OI0002363,ORD000787,PRD0116,9,227.68
OI0002364,ORD000787,PRD0079,23,153.34
OI0002365,ORD000787,PRD0109,13,119.42
OI0002366,ORD000787,PRD0058,3,182.31
OI0002367,ORD000788,PRD0021,18,92.86
OI0002368,ORD000789,PRD0087,16,40.72
OI0002369,ORD000789,PRD0094,1,30.93
OI0002370,ORD000790,PRD0001,16,115.82
OI0002371,ORD000791,PRD0061,15,123.38
OI0002372,ORD000791,PRD0068,21,29.13
OI0002373,ORD000791,PRD0055,14,122.67
OI0002374,ORD000792,PRD0001,35,115.82
OI0002375,ORD000792,PRD0037,38,226.8
OI0002376,ORD000792,PRD0090,9,72.4
OI0002377,ORD000792,PRD0147,26,123.59
OI0002378,ORD000792,PRD0046,6,105.44
OI0002379,ORD000793,PRD0001,36,115.82
OI0002380,ORD000793,PRD0040,26,179.3
OI0002381,ORD000794,PRD999,28,192.8
OI0002382,ORD000794,PRD0139,31,18.24
OI0002383,ORD000794,PRD0110,6,237.89
OI0002384,ORD000795,PRD0080,13,78.97
OI0002385,ORD000795,PRD0090,17,72.4
OI0002386,ORD000795,PRD0032,20,206.97
OI0002387,ORD000795,PRD0035,22,236.05
OI0002388,ORD000795,PRD0060,24,47.82
OI0002389,ORD000796,PRD0045,28,7.03
OI0002390,ORD000797,PRD0062,25,239.86
OI0002391,ORD000797,PRD0117,31,90.73
OI0002392,ORD000797,PRD0061,2,123.38
OI0002393,ORD000797,PRD0127,8,116.1
OI0002394,ORD000797,PRD0140,16,180.3
OI0002395,ORD000798,PRD0003,29,72.4
OI0002396,ORD000798,PRD0106,2,22.39
OI0002397,ORD000798,PRD0119,-26,39.29
OI0002398,ORD000798,PRD0109,7,119.42
OI0002399,ORD000799,PRD0140,26,180.3
OI0002400,ORD000799,PRD0087,27,40.72
OI0002401,ORD000799,PRD0091,21,175.98
OI0002402,ORD000799,PRD0049,2,178.36
OI0002403,ORD000800,PRD0008,31,87.17
OI0002404,ORD000800,PRD0098,30,38.66
OI0002405,ORD000800,PRD0086,4,218.7
OI0002406,ORD000800,PRD0143,15,205.5
OI0002407,ORD000800,PRD0038,38,222.91
OI0002408,ORD000801,PRD0069,30,54.19
OI0002409,ORD000801,PRD0059,38,201.86
OI0002410,ORD000801,PRD0124,32,45.26
OI0002411,ORD000801,PRD0056,34,107.05
OI0002412,ORD000802,PRD0074,19,95.86
OI0002413,ORD000802,PRD0060,17,47.82
OI0002414,ORD000803,PRD0105,11,220.36
OI0002415,ORD000803,PRD0105,24,220.36
OI0002416,ORD000803,PRD0082,-19,109.81
OI0002417,ORD000804,PRD0012,39,114.28
OI0002418,ORD000804,PRD999,2,38.85
OI0002419,ORD000804,PRD0073,9,68.46
OI0002420,ORD000804,PRD0003,27,72.4
OI0002421,ORD000805,PRD0058,13,182.31
OI0002422,ORD000805,PRD0032,1,206.97
OI0002423,ORD000805,PRD0101,21,119.36
OI0002424,ORD000805,PRD0017,7,191.07
OI0002425,ORD000805,PRD0004,19,27.44
OI0002426,ORD000806,PRD0019,18,188.65
OI0002427,ORD000806,PRD0127,38,116.1
OI0002428,ORD000807,PRD0058,40,182.31
OI0002429,ORD000807,PRD0095,13,72.24
OI0002430,ORD000808,PRD0025,38,79.83
OI0002431,ORD000808,PRD0050,27,176.43
OI0002432,ORD000808,PRD0030,4,101.78
OI0002433,ORD000808,PRD0134,40,26.01
OI0002434,ORD000808,PRD0017,28,191.07
OI0002435,ORD000809,PRD0029,31,203.27
OI0002436,ORD000809,PRD0043,13,154.31
OI0002437,ORD000810,PRD0140,34,180.3
OI0002438,ORD000811,PRD0038,30,222.91
OI0002439,ORD000812,PRD0035,31,236.05
OI0002440,ORD000812,PRD0101,3,119.36
OI0002441,ORD000812,PRD0132,26,115.18
OI0002442,ORD000813,PRD0035,24,236.05
OI0002443,ORD000813,PRD0009,14,38.6
OI0002444,ORD000813,PRD0056,22,107.05
OI0002445,ORD000814,PRD0061,19,123.38
OI0002446,ORD000814,PRD0140,33,180.3
OI0002447,ORD000814,PRD0013,32,202.19
OI0002448,ORD000814,PRD0048,5,221.86
OI0002449,ORD000814,PRD0027,17,38.21
OI0002450,ORD000815,PRD0140,10,180.3
OI0002451,ORD000816,PRD0011,17,190.23
OI0002452,ORD000816,PRD0018,37,211.58
OI0002453,ORD000816,PRD0083,20,19.93
OI0002454,ORD000816,PRD0061,39,123.38
OI0002455,ORD000816,PRD0098,6,38.66
OI0002456,ORD000817,PRD0132,33,115.18
OI0002457,ORD000817,PRD0071,15,189.96
OI0002458,ORD000817,PRD0041,13,74.92
OI0002459,ORD000817,PRD0022,13,35.83
OI0002460,ORD000817,PRD0104,26,165.96
OI0002461,ORD000818,PRD0086,40,218.7
OI0002462,ORD000818,PRD0116,31,227.68
OI0002463,ORD000818,PRD0049,4,178.36
OI0002464,ORD000819,PRD0020,1,7.41
OI0002465,ORD000819,PRD0123,7,236.61
OI0002466,ORD000819,PRD0125,11,149.25
OI0002467,ORD000819,PRD0062,9,239.86
OI0002468,ORD000820,PRD0125,9,149.25
OI0002469,ORD000820,PRD0101,35,119.36
OI0002470,ORD000820,PRD0102,3,215.21
OI0002471,ORD000821,PRD0009,6,38.6
OI0002472,ORD000821,PRD0083,14,19.93
OI0002473,ORD000821,PRD0029,40,203.27
OI0002474,ORD000822,PRD0079,32,153.34
OI0002475,ORD000822,PRD0104,16,165.96
OI0002476,ORD000822,PRD0032,29,206.97
OI0002477,ORD000822,PRD0086,35,218.7
OI0002478,ORD000822,PRD0002,1,172.3
OI0002479,ORD000823,PRD0042,26,34.49
OI0002480,ORD000823,PRD0067,8,172.46
OI0002481,ORD000823,PRD0056,28,107.05
OI0002482,ORD000823,PRD0022,10,35.83
OI0002483,ORD000824,PRD0096,39,78.52
OI0002484,ORD000824,PRD0052,10,207.39
OI0002485,ORD000824,PRD0081,38,47.37
OI0002486,ORD000824,PRD0017,11,191.07
OI0002487,ORD000825,PRD0106,38,22.39
OI0002488,ORD000826,PRD0143,22,205.5
OI0002489,ORD000827,PRD0114,28,122.24
OI0002490,ORD000828,PRD0103,31,124.22
OI0002491,ORD000828,PRD0148,27,127.25
OI0002492,ORD000828,PRD0013,20,202.19
OI0002493,ORD000829,PRD0024,22,87.52
OI0002494,ORD000829,PRD0059,26,201.86
OI0002495,ORD000829,PRD0029,22,203.27
OI0002496,ORD000829,PRD0039,28,41.02
OI0002497,ORD000830,PRD0040,12,179.3
OI0002498,ORD000830,PRD0002,3,172.3
OI0002499,ORD000831,PRD0027,31,38.21
OI0002500,ORD000831,PRD0050,-10,176.43
OI0002501,ORD000831,PRD0018,38,211.58
OI0002502,ORD000832,PRD0098,32,38.66
OI0002503,ORD000832,PRD0102,26,215.21
OI0002504,ORD000832,PRD0101,13,119.36
OI0002505,ORD000833,PRD0079,22,153.34
OI0002506,ORD000833,PRD0067,8,172.46
OI0002507,ORD000833,PRD0118,-15,113.75
OI0002508,ORD000833,PRD0021,32,92.86
OI0002509,ORD000834,PRD0101,16,119.36
OI0002510,ORD000834,PRD9999,-3,170.67
OI0002511,ORD000834,PRD0099,24,16.05
OI0002512,ORD000835,PRD0145,4,92.02
OI0002513,ORD000836,PRD0083,40,19.93
OI0002514,ORD000836,PRD0092,23,57.63
OI0002515,ORD000836,PRD0047,7,157.02
OI0002516,ORD000837,PRD0005,2,143.43
OI0002517,ORD000837,PRD0130,9,40.15
OI0002518,ORD000837,PRD0055,-38,122.67
OI0002519,ORD000837,PRD999,28,100.48
OI0002520,ORD000838,PRD0044,5,142.63
OI0002521,ORD000838,PRD0119,28,39.29
OI0002522,ORD000838,PRD0054,3,58.91
OI0002523,ORD000839,PRD0060,18,47.82
OI0002524,ORD000839,PRD0112,21,160.95
OI0002525,ORD000839,PRD0041,3,74.92
OI0002526,ORD000839,PRD0090,28,72.4
OI0002527,ORD000840,PRD0099,24,16.05
OI0002528,ORD000840,PRD0011,18,190.23
OI0002529,ORD000841,PRD0027,22,38.21
OI0002530,ORD000841,PRD0147,9,123.59
OI0002531,ORD000841,PRD0109,35,119.42
OI0002532,ORD000842,PRD0048,17,221.86
OI0002533,ORD000842,PRD0081,26,47.37
OI0002534,ORD000842,PRD0111,21,83.5
OI0002535,ORD000842,PRD0017,20,191.07
OI0002536,ORD000843,PRD0049,12,178.36
OI0002537,ORD000843,PRD0071,22,189.96
OI0002538,ORD000843,PRD0002,25,172.3
OI0002539,ORD000843,PRD0104,32,165.96
OI0002540,ORD000844,PRD000,30,190.83
OI0002541,ORD000844,PRD0109,26,119.42
OI0002542,ORD000844,PRD0039,28,41.02
OI0002543,ORD000845,PRD0087,6,40.72
OI0002544,ORD000845,PRD0083,9,19.93
OI0002545,ORD000845,PRD0099,28,16.05
OI0002546,ORD000845,PRD0046,10,105.44
OI0002547,ORD000845,PRD0112,27,160.95
OI0002548,ORD000846,PRD0109,17,119.42
OI0002549,ORD000846,PRD0013,11,202.19
OI0002550,ORD000846,PRD0033,6,49.71
OI0002551,ORD000846,PRD0023,12,138.23
OI0002552,ORD000846,PRD0067,30,172.46
OI0002553,ORD000847,PRD0051,15,24.49
OI0002554,ORD000847,PRD0139,9,18.24
OI0002555,ORD000848,PRD0147,21,123.59
OI0002556,ORD000848,PRD0104,4,165.96
OI0002557,ORD000848,PRD0150,7,124.38
OI0002558,ORD000848,PRD0013,10,202.19
OI0002559,ORD000848,PRD0039,14,41.02
OI0002560,ORD000849,PRD0048,33,221.86
OI0002561,ORD000849,PRD0145,40,92.02
OI0002562,ORD000849,PRD0135,7,148.62
OI0002563,ORD000849,PRD0059,15,201.86
OI0002564,ORD000849,PRD0087,32,40.72
OI0002565,ORD000850,PRD0061,11,123.38
OI0002566,ORD000850,PRD0119,35,39.29
OI0002567,ORD000850,PRD0021,35,92.86
OI0002568,ORD000850,PRD0077,34,121.36
OI0002569,ORD000851,PRD0057,7,163.07
OI0002570,ORD000851,PRD0140,39,180.3
OI0002571,ORD000851,PRD0116,27,227.68
OI0002572,ORD000851,PRD0032,3,206.97
OI0002573,ORD000851,PRD0008,16,87.17
OI0002574,ORD000852,PRD0009,3,38.6
OI0002575,ORD000852,PRD0148,35,127.25
OI0002576,ORD000852,PRD0061,23,123.38
OI0002577,ORD000853,PRD0144,17,190.91
OI0002578,ORD000853,PRD0140,40,180.3
OI0002579,ORD000853,PRD0134,27,26.01
OI0002580,ORD000854,PRD0114,40,122.24
OI0002581,ORD000854,PRD0069,24,54.19
OI0002582,ORD000854,PRD0104,26,165.96
OI0002583,ORD000854,PRD0111,17,83.5
OI0002584,ORD000854,PRD0123,18,236.61
OI0002585,ORD000855,PRD0107,4,140.4
OI0002586,ORD000856,PRD0128,21,123.35
OI0002587,ORD000857,PRD0064,35,230.86
OI0002588,ORD000857,PRD0015,21,31.62
OI0002589,ORD000858,PRD0068,35,29.13
OI0002590,ORD000858,PRD0128,35,123.35
OI0002591,ORD000858,PRD0142,25,15.65
OI0002592,ORD000858,PRD0010,22,6.66
OI0002593,ORD000858,PRD0076,35,28.95
OI0002594,ORD000859,PRD0019,8,188.65
OI0002595,ORD000859,PRD0059,16,201.86
OI0002596,ORD000859,PRD0145,38,92.02
OI0002597,ORD000860,PRD0036,18,191.05
OI0002598,ORD000860,PRD0042,16,34.49
OI0002599,ORD000860,PRD0021,5,92.86
OI0002600,ORD000860,PRD0005,9,143.43
OI0002601,ORD000861,PRD0075,25,173.74
OI0002602,ORD000862,PRD0065,3,120.88
OI0002603,ORD000862,PRD0025,8,79.83
OI0002604,ORD000862,PRD0012,32,114.28
OI0002605,ORD000863,PRD0069,29,54.19
OI0002606,ORD000863,PRD0074,37,95.86
OI0002607,ORD000863,PRD0075,25,173.74
OI0002608,ORD000863,PRD0143,2,205.5
OI0002609,ORD000864,PRD0053,31,122.42
OI0002610,ORD000865,PRD0067,13,172.46
OI0002611,ORD000865,PRD0015,38,31.62
OI0002612,ORD000865,PRD0087,20,40.72
OI0002613,ORD000865,PRD0083,38,19.93
OI0002614,ORD000865,PRD0150,9,124.38
OI0002615,ORD000866,PRD0034,9,69.78
OI0002616,ORD000866,PRD0121,17,231.51
OI0002617,ORD000866,PRD0067,36,172.46
OI0002618,ORD000866,PRD0081,3,47.37
OI0002619,ORD000866,PRD0146,20,116.28
OI0002620,ORD000867,PRD0089,31,150.86
OI0002621,ORD000867,PRD0150,23,124.38
OI0002622,ORD000867,PRD0101,23,119.36
OI0002623,ORD000868,PRD0136,3,5.82
OI0002624,ORD000869,PRD0025,21,79.83
OI0002625,ORD000869,PRD0049,26,178.36
OI0002626,ORD000869,PRD0107,31,140.4
OI0002627,ORD000870,PRD0032,38,206.97
OI0002628,ORD000870,PRD0091,40,175.98
OI0002629,ORD000870,PRD0130,5,40.15
OI0002630,ORD000870,PRD0044,9,142.63
OI0002631,ORD000871,PRD0127,24,116.1
OI0002632,ORD000872,PRD0019,39,188.65
OI0002633,ORD000872,PRD0107,1,140.4
OI0002634,ORD000873,PRD0064,12,230.86
OI0002635,ORD000873,PRD0134,25,26.01
OI0002636,ORD000874,PRD0114,5,122.24
OI0002637,ORD000874,PRD0006,21,140.22
OI0002638,ORD000874,PRD0040,16,179.3
OI0002639,ORD000874,PRD0041,39,74.92
OI0002640,ORD000874,PRD0137,26,60.23
OI0002641,ORD000875,PRD0059,8,201.86
OI0002642,ORD000876,PRD0019,19,188.65
OI0002643,ORD000876,PRD0138,29,105.95
OI0002644,ORD000876,PRD0029,21,203.27
OI0002645,ORD000876,PRD0149,12,233.51
OI0002646,ORD000877,PRD0014,12,23.8
OI0002647,ORD000877,PRD0118,6,113.75
OI0002648,ORD000877,PRD0029,19,203.27
OI0002649,ORD000878,PRD0125,13,149.25
OI0002650,ORD000878,PRD0013,11,202.19
OI0002651,ORD000878,PRD0001,9,115.82
OI0002652,ORD000879,PRD0089,30,150.86
OI0002653,ORD000879,PRD0072,35,230.67
OI0002654,ORD000880,PRD0027,40,38.21
OI0002655,ORD000880,PRD0025,2,79.83
OI0002656,ORD000880,PRD0069,-21,54.19
OI0002657,ORD000880,PRD0020,22,7.41
OI0002658,ORD000881,PRD0146,7,116.28
OI0002659,ORD000881,PRD0107,7,140.4
OI0002660,ORD000882,PRD0132,9,115.18
OI0002661,ORD000882,PRD0121,30,231.51
OI0002662,ORD000882,PRD0027,3,38.21
OI0002663,ORD000883,PRD0088,34,54.55
OI0002664,ORD000883,PRD0072,8,230.67
OI0002665,ORD000884,PRD0018,37,211.58
OI0002666,ORD000884,PRD0046,6,105.44
OI0002667,ORD000884,PRD0136,22,5.82
OI0002668,ORD000885,PRD0059,5,201.86
OI0002669,ORD000886,PRD0055,13,122.67
OI0002670,ORD000887,PRD0057,22,163.07
OI0002671,ORD000887,PRD0096,24,78.52
OI0002672,ORD000887,PRD0060,26,47.82
OI0002673,ORD000887,PRD0018,14,211.58
OI0002674,ORD000887,PRD0029,21,203.27
OI0002675,ORD000888,PRD0116,6,227.68
OI0002676,ORD000888,PRD0009,36,38.6
OI0002677,ORD000888,PRD0115,27,102.09
OI0002678,ORD000888,PRD0028,31,98.85
OI0002679,ORD000888,PRD0102,20,215.21
OI0002680,ORD000889,PRD0001,14,115.82
OI0002681,ORD000889,PRD0119,10,39.29
OI0002682,ORD000889,PRD0120,40,91.06
OI0002683,ORD000889,PRD0097,1,166.76
OI0002684,ORD000889,PRD000,33,71.1
OI0002685,ORD000890,PRD0041,-12,74.92
OI0002686,ORD000890,PRD0120,33,91.06
OI0002687,ORD000890,PRD0073,35,68.46
OI0002688,ORD000890,PRD0014,4,23.8
OI0002689,ORD000891,PRD0103,17,124.22
OI0002690,ORD000891,PRD0141,3,106.53
OI0002691,ORD000891,PRD0008,7,87.17
OI0002692,ORD000891,PRD0149,27,233.51
OI0002693,ORD000891,PRD0088,30,54.55
OI0002694,ORD000892,PRD0058,18,182.31
OI0002695,ORD000892,PRD0057,40,163.07
OI0002696,ORD000893,PRD0071,23,189.96
OI0002697,ORD000894,PRD0084,40,40.42
OI0002698,ORD000895,PRD0140,39,180.3
OI0002699,ORD000896,PRD0096,14,78.52
OI0002700,ORD000896,PRD0037,38,226.8
OI0002701,ORD000896,PRD0021,8,92.86
OI0002702,ORD000896,PRD0117,32,90.73
OI0002703,ORD000896,PRD0083,7,19.93
OI0002704,ORD000897,PRD0124,40,45.26
OI0002705,ORD000897,PRD0068,14,29.13
OI0002706,ORD000897,PRD0144,12,190.91
OI0002707,ORD000898,PRD0029,37,203.27
OI0002708,ORD000899,PRD0093,1,66.58
OI0002709,ORD000899,PRD0101,17,119.36
OI0002710,ORD000900,PRD0080,8,78.97
OI0002711,ORD000900,PRD0009,11,38.6
OI0002712,ORD000901,PRD0125,22,149.25
OI0002713,ORD000902,PRD0038,1,222.91
OI0002714,ORD000903,PRD0101,4,119.36
OI0002715,ORD000903,PRD0110,14,237.89
OI0002716,ORD000903,PRD0146,9,116.28
OI0002717,ORD000903,PRD0044,35,142.63
OI0002718,ORD000903,PRD0063,14,139.58
OI0002719,ORD000904,PRD0011,36,190.23
OI0002720,ORD000904,PRD0095,36,72.24
OI0002721,ORD000905,PRD0060,35,47.82
OI0002722,ORD000905,PRD0015,9,31.62
OI0002723,ORD000905,PRD0109,8,119.42
OI0002724,ORD000905,PRD0120,25,91.06
OI0002725,ORD000906,PRD0122,22,18.49
OI0002726,ORD000906,PRD0021,39,92.86
OI0002727,ORD000906,PRD0133,6,216.9
OI0002728,ORD000906,PRD0088,4,54.55
OI0002729,ORD000907,PRD0020,4,7.41
OI0002730,ORD000908,PRD0063,8,139.58
OI0002731,ORD000908,PRD0150,32,124.38
OI0002732,ORD000908,PRD0097,14,166.76
OI0002733,ORD000908,PRD0005,13,143.43
OI0002734,ORD000909,PRD0130,20,40.15
OI0002735,ORD000909,PRD0068,29,29.13
OI0002736,ORD000909,PRD0133,33,216.9
OI0002737,ORD000909,PRD0083,14,19.93
OI0002738,ORD000909,PRD0134,12,26.01
OI0002739,ORD000910,PRD0123,24,236.61
OI0002740,ORD000911,PRD0093,14,66.58
OI0002741,ORD000911,PRD0027,21,38.21
OI0002742,ORD000911,PRD0055,3,122.67
OI0002743,ORD000911,PRD0078,28,105.62
OI0002744,ORD000912,PRD0142,37,15.65
OI0002745,ORD000912,PRD0108,10,29.96
OI0002746,ORD000912,PRD0068,15,29.13
OI0002747,ORD000913,PRD0107,5,140.4
OI0002748,ORD000913,PRD0029,1,203.27
OI0002749,ORD000913,PRD0150,21,124.38
OI0002750,ORD000913,PRD0050,21,176.43
OI0002751,ORD000913,PRD0107,1,140.4
OI0002752,ORD000914,PRD0132,23,115.18
OI0002753,ORD000914,PRD0073,-16,68.46
OI0002754,ORD000914,PRD0054,36,58.91
OI0002755,ORD000915,PRD0079,34,153.34
OI0002756,ORD000915,PRD0028,19,98.85
OI0002757,ORD000915,PRD0035,9,236.05
OI0002758,ORD000916,PRD0009,37,38.6
OI0002759,ORD000917,PRD0055,30,122.67
OI0002760,ORD000918,PRD0018,6,211.58
OI0002761,ORD000919,PRD0093,16,66.58
OI0002762,ORD000920,PRD0127,18,116.1
OI0002763,ORD000920,PRD0111,9,83.5
OI0002764,ORD000920,PRD0093,34,66.58
OI0002765,ORD000920,PRD0010,18,6.66
OI0002766,ORD000920,PRD0068,36,29.13
OI0002767,ORD000921,PRD0011,37,190.23
OI0002768,ORD000921,PRD9999,29,221.86
OI0002769,ORD000922,PRD0025,33,79.83
OI0002770,ORD000922,PRD0034,19,69.78
OI0002771,ORD000922,PRD0144,19,190.91
OI0002772,ORD000923,PRD0008,30,87.17
OI0002773,ORD000923,PRD0128,18,123.35
OI0002774,ORD000924,PRD0070,19,225.75
OI0002775,ORD000925,PRD0022,4,35.83
OI0002776,ORD000925,PRD0057,32,163.07
OI0002777,ORD000926,PRD0117,6,90.73
OI0002778,ORD000926,PRD0040,5,179.3
OI0002779,ORD000926,PRD0093,13,66.58
OI0002780,ORD000927,PRD0136,6,5.82
OI0002781,ORD000927,PRD0086,30,218.7
OI0002782,ORD000927,PRD0013,35,202.19
OI0002783,ORD000928,PRD0060,37,47.82
OI0002784,ORD000928,PRD0027,9,38.21
OI0002785,ORD000928,PRD0043,15,154.31
OI0002786,ORD000928,PRD0009,26,38.6
OI0002787,ORD000929,PRD0088,30,54.55
OI0002788,ORD000929,PRD0137,30,60.23
OI0002789,ORD000929,PRD0010,25,6.66
OI0002790,ORD000930,PRD0118,17,113.75
OI0002791,ORD000930,PRD0140,16,180.3
OI0002792,ORD000931,PRD0062,39,239.86
OI0002793,ORD000931,PRD0044,35,142.63
OI0002794,ORD000932,PRD0022,36,35.83
OI0002795,ORD000932,PRD0094,5,30.93
OI0002796,ORD000932,PRD0075,29,173.74
OI0002797,ORD000933,PRD0144,18,190.91
OI0002798,ORD000933,PRD0009,32,38.6
OI0002799,ORD000934,PRD0021,32,92.86
OI0002800,ORD000934,PRD0011,7,190.23
OI0002801,ORD000935,PRD0077,31,121.36
OI0002802,ORD000935,PRD0066,10,106.81
OI0002803,ORD000936,PRD0126,29,35.6
OI0002804,ORD000936,PRD0046,25,105.44
OI0002805,ORD000936,PRD0037,15,226.8
OI0002806,ORD000937,PRD0035,13,236.05
OI0002807,ORD000937,PRD0012,12,114.28
OI0002808,ORD000938,PRD0002,37,172.3
OI0002809,ORD000938,PRD0025,8,79.83
OI0002810,ORD000938,PRD0060,38,47.82
OI0002811,ORD000939,PRD0005,7,143.43
OI0002812,ORD000940,PRD0058,4,182.31
OI0002813,ORD000941,PRD0115,25,102.09
OI0002814,ORD000941,PRD0053,9,122.42
OI0002815,ORD000941,PRD0100,2,36.13
OI0002816,ORD000942,PRD0030,4,101.78
OI0002817,ORD000942,PRD0073,24,68.46
OI0002818,ORD000942,PRD0144,11,190.91
OI0002819,ORD000942,PRD0121,19,231.51
OI0002820,ORD000943,PRD0060,29,47.82
OI0002821,ORD000944,PRD0003,8,72.4
OI0002822,ORD000945,PRD0082,38,109.81
OI0002823,ORD000946,PRD0120,5,91.06
OI0002824,ORD000946,PRD0101,39,119.36
OI0002825,ORD000947,PRD0085,19,63.68
OI0002826,ORD000947,PRD0058,26,182.31
OI0002827,ORD000948,PRD0109,11,119.42
OI0002828,ORD000949,PRD0023,18,138.23
OI0002829,ORD000949,PRD0010,33,6.66
OI0002830,ORD000950,PRD0007,12,82.58
OI0002831,ORD000950,PRD0024,12,87.52
OI0002832,ORD000951,PRD0056,34,107.05
OI0002833,ORD000951,PRD0070,39,225.75
OI0002834,ORD000951,PRD0027,35,38.21
OI0002835,ORD000951,PRD0110,6,237.89
OI0002836,ORD000952,PRD0123,7,236.61
OI0002837,ORD000952,PRD0079,17,153.34
OI0002838,ORD000952,PRD0035,33,236.05
OI0002839,ORD000952,PRD0141,12,106.53
OI0002840,ORD000952,PRD0020,22,7.41
OI0002841,ORD000953,PRD0105,8,220.36
OI0002842,ORD000953,PRD0089,2,150.86
OI0002843,ORD000954,PRD0016,15,191.36
OI0002844,ORD000954,PRD0065,23,120.88
OI0002845,ORD000954,PRD0103,19,124.22
OI0002846,ORD000954,PRD0084,36,40.42
OI0002847,ORD000955,PRD0067,10,172.46
OI0002848,ORD000955,PRD0073,2,68.46
OI0002849,ORD000955,PRD0001,8,115.82
OI0002850,ORD000956,PRD0080,39,78.97
OI0002851,ORD000956,PRD0036,17,191.05
OI0002852,ORD000957,PRD0126,33,35.6
OI0002853,ORD000957,PRD0026,2,173.51
OI0002854,ORD000957,PRD0073,29,68.46
OI0002855,ORD000957,PRD0050,38,176.43
OI0002856,ORD000958,PRD0034,33,69.78
OI0002857,ORD000958,PRD0058,34,182.31
OI0002858,ORD000959,PRD0081,1,47.37
OI0002859,ORD000960,PRD0043,32,154.31
OI0002860,ORD000960,PRD0144,33,190.91
OI0002861,ORD000960,PRD999,29,30.81
OI0002862,ORD000960,PRD0099,16,16.05
OI0002863,ORD000961,PRD0003,3,72.4
OI0002864,ORD000961,PRD9999,38,25.22
OI0002865,ORD000961,PRD0049,27,178.36
OI0002866,ORD000961,PRD0029,16,203.27
OI0002867,ORD000961,PRD0127,13,116.1
OI0002868,ORD000962,PRD0080,17,78.97
OI0002869,ORD000962,PRD0068,14,29.13
OI0002870,ORD000963,PRD0122,34,18.49
OI0002871,ORD000963,PRD0018,1,211.58
OI0002872,ORD000963,PRD0089,28,150.86
OI0002873,ORD000963,PRD0107,17,140.4
OI0002874,ORD000963,PRD0105,27,220.36
OI0002875,ORD000964,PRD0094,18,30.93
OI0002876,ORD000964,PRD0125,8,149.25
OI0002877,ORD000964,PRD0003,8,72.4
OI0002878,ORD000965,PRD0026,12,173.51
OI0002879,ORD000966,PRD0098,22,38.66
OI0002880,ORD000966,PRD0052,35,207.39
OI0002881,ORD000966,PRD0117,12,90.73
OI0002882,ORD000967,PRD0121,34,231.51
OI0002883,ORD000967,PRD0040,16,179.3
OI0002884,ORD000967,PRD0097,7,166.76
OI0002885,ORD000967,PRD0058,15,182.31
OI0002886,ORD000967,PRD0103,15,124.22
OI0002887,ORD000968,PRD0011,18,190.23
OI0002888,ORD000969,PRD0025,38,79.83
OI0002889,ORD000969,PRD0004,34,27.44
OI0002890,ORD000969,PRD0099,20,16.05
OI0002891,ORD000969,PRD0044,7,142.63
OI0002892,ORD000970,PRD0057,4,163.07
OI0002893,ORD000970,PRD0014,25,23.8
OI0002894,ORD000971,PRD0129,4,171.21
OI0002895,ORD000971,PRD0122,23,18.49
OI0002896,ORD000971,PRD0024,15,87.52
OI0002897,ORD000971,PRD0148,3,127.25
OI0002898,ORD000972,PRD0016,27,191.36
OI0002899,ORD000972,PRD0078,38,105.62
OI0002900,ORD000972,PRD0093,21,66.58
OI0002901,ORD000973,PRD0087,39,40.72
OI0002902,ORD000973,PRD0102,40,215.21
OI0002903,ORD000973,PRD0042,23,34.49
OI0002904,ORD000973,PRD0097,13,166.76
OI0002905,ORD000973,PRD0149,28,233.51
OI0002906,ORD000974,PRD0137,4,60.23
OI0002907,ORD000974,PRD0008,23,87.17
OI0002908,ORD000974,PRD0079,37,153.34
OI0002909,ORD000974,PRD0118,37,113.75
OI0002910,ORD000975,PRD0131,3,31.12
OI0002911,ORD000976,PRD0070,36,225.75
OI0002912,ORD000976,PRD0118,27,113.75
OI0002913,ORD000977,PRD0059,11,201.86
OI0002914,ORD000977,PRD0055,14,122.67
OI0002915,ORD000977,PRD0032,27,206.97
OI0002916,ORD000977,PRD0006,31,140.22
OI0002917,ORD000978,PRD0123,29,236.61
OI0002918,ORD000979,PRD0041,7,74.92
OI0002919,ORD000979,PRD0052,18,207.39
OI0002920,ORD000979,PRD0009,14,38.6
OI0002921,ORD000979,PRD0095,6,72.24
OI0002922,ORD000979,PRD0029,6,203.27
OI0002923,ORD000980,PRD0058,7,182.31
OI0002924,ORD000980,PRD0028,1,98.85
OI0002925,ORD000980,PRD0122,39,18.49
OI0002926,ORD000980,PRD0119,3,39.29
OI0002927,ORD000981,PRD0054,6,58.91
OI0002928,ORD000981,PRD0106,5,22.39
OI0002929,ORD000981,PRD0147,4,123.59
OI0002930,ORD000981,PRD0006,8,140.22
OI0002931,ORD000982,PRD0011,25,190.23
OI0002932,ORD000982,PRD0066,21,106.81
OI0002933,ORD000982,PRD0097,9,166.76
OI0002934,ORD000983,PRD0008,36,87.17
OI0002935,ORD000983,PRD0019,21,188.65
OI0002936,ORD000983,PRD0141,2,106.53
OI0002937,ORD000984,PRD0007,38,82.58
OI0002938,ORD000984,PRD0036,-22,191.05
OI0002939,ORD000984,PRD0077,22,121.36
OI0002940,ORD000985,PRD0144,4,190.91
OI0002941,ORD000985,PRD0081,22,47.37
OI0002942,ORD000985,PRD0013,13,202.19
OI0002943,ORD000985,PRD0145,19,92.02
OI0002944,ORD000985,PRD0104,15,165.96
OI0002945,ORD000986,PRD0073,21,68.46
OI0002946,ORD000986,PRD0120,29,91.06
OI0002947,ORD000987,PRD0061,5,123.38
OI0002948,ORD000988,PRD0022,17,35.83
OI0002949,ORD000988,PRD0061,8,123.38
OI0002950,ORD000988,PRD0056,26,107.05
OI0002951,ORD000989,PRD0131,21,31.12
OI0002952,ORD000989,PRD0021,21,92.86
OI0002953,ORD000990,PRD0050,13,176.43
OI0002954,ORD000991,PRD0027,-36,38.21
OI0002955,ORD000991,PRD0051,13,24.49
OI0002956,ORD000991,PRD0021,15,92.86
OI0002957,ORD000991,PRD0078,2,105.62
OI0002958,ORD000992,PRD0109,20,119.42
OI0002959,ORD000992,PRD0024,29,87.52
OI0002960,ORD000992,PRD0003,34,72.4
OI0002961,ORD000992,PRD0084,32,40.42
OI0002962,ORD000992,PRD0127,30,116.1
OI0002963,ORD000993,PRD0002,-25,172.3
OI0002964,ORD000993,PRD0021,1,92.86
OI0002965,ORD000993,PRD0091,35,175.98
OI0002966,ORD000993,PRD999,21,170.8
OI0002967,ORD000994,PRD0037,31,226.8
OI0002968,ORD000994,PRD0011,14,190.23
OI0002969,ORD000995,PRD0136,33,5.82
OI0002970,ORD000995,PRD0068,30,29.13
OI0002971,ORD000995,PRD0095,31,72.24
OI0002972,ORD000996,PRD0044,-34,142.63
OI0002973,ORD000996,PRD0044,4,142.63
OI0002974,ORD000996,PRD0017,23,191.07
OI0002975,ORD000996,PRD0142,3,15.65
OI0002976,ORD000997,PRD0140,17,180.3
OI0002977,ORD000997,PRD0054,38,58.91
OI0002978,ORD000997,PRD0104,36,165.96
OI0002979,ORD000997,PRD0113,33,176.91
OI0002980,ORD000997,PRD000,19,46.38
OI0002981,ORD000998,PRD0128,20,123.35
OI0002982,ORD000998,PRD0102,18,215.21
OI0002983,ORD000998,PRD0125,13,149.25
OI0002984,ORD000999,PRD0097,25,166.76
OI0002985,ORD000999,PRD0093,35,66.58
OI0002986,ORD000999,PRD0002,24,172.3
OI0002987,ORD001000,PRD0149,13,233.51
OI0002988,ORD001000,PRD0091,40,175.98
OI0002989,ORD001000,PRD0040,32,179.3
OI0002990,ORD001000,PRD0078,29,105.62
OI0002991,ORD001000,PRD0050,19,176.43
OI0002992,ORD001001,PRD0106,24,22.39
OI0002993,ORD001001,PRD0150,20,124.38
OI0002994,ORD001002,PRD0017,29,191.07
OI0002995,ORD001002,PRD0097,6,166.76
OI0002996,ORD001003,PRD0073,28,68.46
OI0002997,ORD001003,PRD0079,22,153.34
OI0002998,ORD001003,PRD0117,2,90.73
OI0002999,ORD001003,PRD0035,8,236.05
OI0003000,ORD001003,PRD0057,12,163.07
OI0003001,ORD001004,PRD0117,2,90.73
OI0003002,ORD001004,PRD0128,26,123.35
OI0003003,ORD001004,PRD0134,6,26.01
OI0003004,ORD001004,PRD0149,36,233.51
OI0003005,ORD001005,PRD0015,27,31.62
OI0003006,ORD001005,PRD0112,29,160.95
OI0003007,ORD001005,PRD0106,11,22.39
OI0003008,ORD001005,PRD0115,6,102.09
OI0003009,ORD001005,PRD0012,9,114.28
OI0003010,ORD001006,PRD0004,24,27.44
OI0003011,ORD001006,PRD0071,39,189.96
OI0003012,ORD001006,PRD0138,37,105.95
OI0003013,ORD001007,PRD0022,24,35.83
OI0003014,ORD001007,PRD0030,23,101.78
OI0003015,ORD001008,PRD0124,1,45.26
OI0003016,ORD001008,PRD0146,2,116.28
OI0003017,ORD001008,PRD0106,20,22.39
OI0003018,ORD001008,PRD0006,19,140.22
OI0003019,ORD001009,PRD0071,30,189.96
OI0003020,ORD001009,PRD0034,-9,69.78
OI0003021,ORD001009,PRD0046,37,105.44
OI0003022,ORD001010,PRD0082,27,109.81
OI0003023,ORD001011,PRD0118,31,113.75
OI0003024,ORD001011,PRD0043,39,154.31
OI0003025,ORD001012,PRD0008,4,87.17
OI0003026,ORD001012,PRD0089,22,150.86
OI0003027,ORD001012,PRD0064,11,230.86
OI0003028,ORD001012,PRD0032,26,206.97
OI0003029,ORD001013,PRD0002,16,172.3
OI0003030,ORD001014,PRD0024,29,87.52
OI0003031,ORD001014,PRD0110,25,237.89
OI0003032,ORD001015,PRD0054,20,58.91
OI0003033,ORD001016,PRD0116,34,227.68
OI0003034,ORD001016,PRD0149,17,233.51
OI0003035,ORD001017,PRD0011,35,190.23
OI0003036,ORD001017,PRD0059,25,201.86
OI0003037,ORD001017,PRD0108,7,29.96
OI0003038,ORD001018,PRD0148,34,127.25
OI0003039,ORD001018,PRD0067,39,172.46
OI0003040,ORD001018,PRD0119,28,39.29
OI0003041,ORD001018,PRD0138,22,105.95
OI0003042,ORD001019,PRD0105,4,220.36
OI0003043,ORD001019,PRD0031,36,30.67
OI0003044,ORD001020,PRD0017,6,191.07
OI0003045,ORD001020,PRD0043,37,154.31
OI0003046,ORD001021,PRD0080,10,78.97
OI0003047,ORD001021,PRD0124,27,45.26
OI0003048,ORD001021,PRD0025,40,79.83
OI0003049,ORD001021,PRD0009,16,38.6
OI0003050,ORD001021,PRD0042,35,34.49
OI0003051,ORD001022,PRD0131,18,31.12
OI0003052,ORD001022,PRD0021,2,92.86
OI0003053,ORD001022,PRD0075,22,173.74
OI0003054,ORD001022,PRD0149,8,233.51
OI0003055,ORD001023,PRD0107,37,140.4
OI0003056,ORD001023,PRD0068,27,29.13
OI0003057,ORD001023,PRD0147,36,123.59
OI0003058,ORD001023,PRD0010,37,6.66
OI0003059,ORD001023,PRD0129,11,171.21
OI0003060,ORD001024,PRD0148,3,127.25
OI0003061,ORD001024,PRD0086,14,218.7
OI0003062,ORD001024,PRD0063,2,139.58
OI0003063,ORD001025,PRD0113,12,176.91
OI0003064,ORD001025,PRD0119,18,39.29
OI0003065,ORD001025,PRD0132,24,115.18
OI0003066,ORD001025,PRD0112,12,160.95
OI0003067,ORD001025,PRD0071,33,189.96
OI0003068,ORD001026,PRD0064,34,230.86
OI0003069,ORD001026,PRD0086,5,218.7
OI0003070,ORD001027,PRD0071,12,189.96
OI0003071,ORD001028,PRD0001,22,115.82
OI0003072,ORD001028,PRD0069,22,54.19
OI0003073,ORD001028,PRD0140,25,180.3
OI0003074,ORD001029,PRD0141,36,106.53
OI0003075,ORD001029,PRD0036,21,191.05
OI0003076,ORD001029,PRD0006,22,140.22
OI0003077,ORD001029,PRD0124,-40,45.26
OI0003078,ORD001029,PRD0080,40,78.97
OI0003079,ORD001030,PRD0149,33,233.51
OI0003080,ORD001031,PRD0009,23,38.6
OI0003081,ORD001031,PRD0143,32,205.5
OI0003082,ORD001032,PRD0050,24,176.43
OI0003083,ORD001032,PRD0094,37,30.93
OI0003084,ORD001033,PRD0125,23,149.25
OI0003085,ORD001033,PRD0067,7,172.46
OI0003086,ORD001033,PRD0097,2,166.76
OI0003087,ORD001033,PRD0075,15,173.74
OI0003088,ORD001033,PRD0040,40,179.3
OI0003089,ORD001034,PRD0104,5,165.96
OI0003090,ORD001035,PRD0046,32,105.44
OI0003091,ORD001036,PRD0045,1,7.03
OI0003092,ORD001036,PRD0066,2,106.81
OI0003093,ORD001036,PRD0106,23,22.39
OI0003094,ORD001036,PRD0140,3,180.3
OI0003095,ORD001037,PRD0130,29,40.15
OI0003096,ORD001037,PRD999,12,7.14
OI0003097,ORD001037,PRD0074,6,95.86
OI0003098,ORD001037,PRD0089,14,150.86
OI0003099,ORD001037,PRD0114,24,122.24
OI0003100,ORD001038,PRD0005,15,143.43
OI0003101,ORD001038,PRD0059,31,201.86
OI0003102,ORD001038,PRD0069,-25,54.19
OI0003103,ORD001039,PRD0114,21,122.24
OI0003104,ORD001039,PRD0073,21,68.46
OI0003105,ORD001040,PRD0111,38,83.5
OI0003106,ORD001040,PRD0081,36,47.37
OI0003107,ORD001040,PRD0108,23,29.96
OI0003108,ORD001040,PRD0125,5,149.25
OI0003109,ORD001041,PRD0130,32,40.15
OI0003110,ORD001042,PRD0088,24,54.55
OI0003111,ORD001042,PRD0025,9,79.83
OI0003112,ORD001042,PRD0036,11,191.05
OI0003113,ORD001042,PRD0006,34,140.22
OI0003114,ORD001042,PRD0089,19,150.86
OI0003115,ORD001043,PRD0056,19,107.05
OI0003116,ORD001043,PRD0086,2,218.7
OI0003117,ORD001044,PRD0089,5,150.86
OI0003118,ORD001044,PRD0126,14,35.6
OI0003119,ORD001045,PRD0100,13,36.13
OI0003120,ORD001046,PRD0139,31,18.24
OI0003121,ORD001046,PRD0011,32,190.23
OI0003122,ORD001047,PRD0055,8,122.67
OI0003123,ORD001048,PRD0016,18,191.36
OI0003124,ORD001048,PRD0089,27,150.86
OI0003125,ORD001048,PRD0074,6,95.86
OI0003126,ORD001048,PRD0091,19,175.98
OI0003127,ORD001048,PRD0068,32,29.13
OI0003128,ORD001049,PRD0090,2,72.4
OI0003129,ORD001049,PRD0133,31,216.9
OI0003130,ORD001050,PRD0036,33,191.05
OI0003131,ORD001051,PRD0045,30,7.03
OI0003132,ORD001051,PRD0119,10,39.29
OI0003133,ORD001052,PRD0129,12,171.21
OI0003134,ORD001052,PRD0017,7,191.07
OI0003135,ORD001053,PRD0125,28,149.25
OI0003136,ORD001053,PRD0045,11,7.03
OI0003137,ORD001053,PRD0006,8,140.22
OI0003138,ORD001053,PRD0006,36,140.22
OI0003139,ORD001053,PRD0003,37,72.4
OI0003140,ORD001054,PRD0084,15,40.42
OI0003141,ORD001054,PRD0071,32,189.96
OI0003142,ORD001055,PRD0137,14,60.23
OI0003143,ORD001055,PRD0050,2,176.43
OI0003144,ORD001055,PRD0076,16,28.95
OI0003145,ORD001055,PRD0081,9,47.37
OI0003146,ORD001055,PRD0043,38,154.31
OI0003147,ORD001056,PRD0057,10,163.07
OI0003148,ORD001056,PRD0132,22,115.18
OI0003149,ORD001056,PRD0061,16,123.38
OI0003150,ORD001056,PRD0056,37,107.05
OI0003151,ORD001056,PRD0052,31,207.39
OI0003152,ORD001057,PRD0082,16,109.81
OI0003153,ORD001057,PRD0136,14,5.82
OI0003154,ORD001057,PRD0130,13,40.15
OI0003155,ORD001058,PRD0106,7,22.39
OI0003156,ORD001058,PRD0001,16,115.82
OI0003157,ORD001058,PRD0061,4,123.38
OI0003158,ORD001059,PRD0042,28,34.49
OI0003159,ORD001059,PRD0065,-24,120.88
OI0003160,ORD001060,PRD0082,2,109.81
OI0003161,ORD001060,PRD0139,21,18.24
OI0003162,ORD001060,PRD0053,20,122.42
OI0003163,ORD001060,PRD0136,3,5.82
OI0003164,ORD001061,PRD0097,11,166.76
OI0003165,ORD001061,PRD0078,31,105.62
OI0003166,ORD001062,PRD0037,17,226.8
OI0003167,ORD001062,PRD0048,27,221.86
OI0003168,ORD001062,PRD0124,24,45.26
OI0003169,ORD001062,PRD0051,1,24.49
OI0003170,ORD001062,PRD0078,18,105.62
OI0003171,ORD001063,PRD0030,7,101.78
OI0003172,ORD001063,PRD0040,18,179.3
OI0003173,ORD001063,PRD0066,3,106.81
OI0003174,ORD001063,PRD0095,27,72.24
OI0003175,ORD001064,PRD0097,19,166.76
OI0003176,ORD001065,PRD9999,4,107.4
OI0003177,ORD001065,PRD0105,3,220.36
OI0003178,ORD001065,PRD0041,10,74.92
OI0003179,ORD001065,PRD0110,12,237.89
OI0003180,ORD001066,PRD0015,40,31.62
OI0003181,ORD001066,PRD0043,14,154.31
OI0003182,ORD001066,PRD0008,25,87.17
OI0003183,ORD001067,PRD0061,5,123.38
OI0003184,ORD001068,PRD0104,37,165.96
OI0003185,ORD001069,PRD0062,20,239.86
OI0003186,ORD001069,PRD0103,19,124.22
OI0003187,ORD001069,PRD0004,1,27.44
OI0003188,ORD001070,PRD0084,37,40.42
OI0003189,ORD001070,PRD0101,38,119.36
OI0003190,ORD001070,PRD0003,38,72.4
OI0003191,ORD001071,PRD0113,13,176.91
OI0003192,ORD001071,PRD0048,14,221.86
OI0003193,ORD001072,PRD0108,6,29.96
OI0003194,ORD001072,PRD0127,9,116.1
OI0003195,ORD001072,PRD0067,37,172.46
OI0003196,ORD001072,PRD0143,19,205.5
OI0003197,ORD001072,PRD0062,34,239.86
OI0003198,ORD001073,PRD0087,26,40.72
OI0003199,ORD001073,PRD0073,-16,68.46
OI0003200,ORD001074,PRD0051,25,24.49
OI0003201,ORD001075,PRD0025,12,79.83
OI0003202,ORD001075,PRD0121,29,231.51
OI0003203,ORD001075,PRD0012,14,114.28
OI0003204,ORD001076,PRD0124,21,45.26
OI0003205,ORD001076,PRD0022,10,35.83
OI0003206,ORD001076,PRD0021,17,92.86
OI0003207,ORD001077,PRD0045,12,7.03
OI0003208,ORD001078,PRD0020,22,7.41
OI0003209,ORD001078,PRD0089,16,150.86
OI0003210,ORD001078,PRD0063,10,139.58
OI0003211,ORD001079,PRD0048,35,221.86
OI0003212,ORD001079,PRD0059,15,201.86
OI0003213,ORD001079,PRD0040,-33,179.3
OI0003214,ORD001079,PRD0096,19,78.52
OI0003215,ORD001079,PRD0122,12,18.49
OI0003216,ORD001080,PRD999,16,200.38
OI0003217,ORD001080,PRD0029,16,203.27
OI0003218,ORD001080,PRD0103,26,124.22
OI0003219,ORD001080,PRD0059,10,201.86
OI0003220,ORD001081,PRD0146,24,116.28
OI0003221,ORD001081,PRD0123,29,236.61
OI0003222,ORD001081,PRD0112,6,160.95
OI0003223,ORD001082,PRD0030,24,101.78
OI0003224,ORD001083,PRD0126,10,35.6
OI0003225,ORD001084,PRD0119,8,39.29
OI0003226,ORD001084,PRD0144,7,190.91
OI0003227,ORD001084,PRD0131,40,31.12
OI0003228,ORD001085,PRD0005,29,143.43
OI0003229,ORD001086,PRD0026,25,173.51
OI0003230,ORD001086,PRD0071,20,189.96
OI0003231,ORD001086,PRD0005,36,143.43
OI0003232,ORD001086,PRD0002,34,172.3
OI0003233,ORD001086,PRD0036,28,191.05
OI0003234,ORD001087,PRD0145,10,92.02
OI0003235,ORD001087,PRD0062,37,239.86
OI0003236,ORD001087,PRD0004,1,27.44
OI0003237,ORD001087,PRD0061,5,123.38
OI0003238,ORD001088,PRD0011,20,190.23
OI0003239,ORD001088,PRD0052,12,207.39
OI0003240,ORD001089,PRD0102,16,215.21
OI0003241,ORD001089,PRD0148,10,127.25
OI0003242,ORD001090,PRD0067,9,172.46
OI0003243,ORD001090,PRD0017,11,191.07
OI0003244,ORD001090,PRD0024,30,87.52
OI0003245,ORD001090,PRD0008,13,87.17
OI0003246,ORD001091,PRD0066,22,106.81
OI0003247,ORD001091,PRD0054,31,58.91
OI0003248,ORD001091,PRD0150,30,124.38
OI0003249,ORD001091,PRD0138,9,105.95
OI0003250,ORD001091,PRD0026,39,173.51
OI0003251,ORD001092,PRD0120,35,91.06
OI0003252,ORD001092,PRD0143,8,205.5
OI0003253,ORD001093,PRD0133,36,216.9
OI0003254,ORD001093,PRD9999,31,148.19
OI0003255,ORD001094,PRD0058,26,182.31
OI0003256,ORD001094,PRD0108,24,29.96
OI0003257,ORD001094,PRD0072,8,230.67
OI0003258,ORD001094,PRD0044,30,142.63
OI0003259,ORD001094,PRD0023,37,138.23
OI0003260,ORD001095,PRD0028,37,98.85
OI0003261,ORD001095,PRD0139,29,18.24
OI0003262,ORD001095,PRD0058,29,182.31
OI0003263,ORD001095,PRD0004,37,27.44
OI0003264,ORD001095,PRD0011,24,190.23
OI0003265,ORD001096,PRD0003,30,72.4
OI0003266,ORD001096,PRD0018,35,211.58
OI0003267,ORD001096,PRD0115,33,102.09
OI0003268,ORD001097,PRD0028,10,98.85
OI0003269,ORD001098,PRD0117,8,90.73
OI0003270,ORD001098,PRD0059,2,201.86
OI0003271,ORD001098,PRD0010,18,6.66
OI0003272,ORD001098,PRD0106,26,22.39
OI0003273,ORD001098,PRD0064,40,230.86
OI0003274,ORD001099,PRD0124,-32,45.26
OI0003275,ORD001100,PRD0037,31,226.8
OI0003276,ORD001101,PRD0089,7,150.86
OI0003277,ORD001101,PRD0032,10,206.97
OI0003278,ORD001101,PRD0004,6,27.44
OI0003279,ORD001101,PRD0027,20,38.21
OI0003280,ORD001102,PRD0098,33,38.66
OI0003281,ORD001102,PRD0061,36,123.38
OI0003282,ORD001102,PRD0091,29,175.98
OI0003283,ORD001102,PRD0115,11,102.09
OI0003284,ORD001103,PRD0110,10,237.89
OI0003285,ORD001104,PRD0138,31,105.95
OI0003286,ORD001104,PRD0040,33,179.3
OI0003287,ORD001104,PRD0102,17,215.21
OI0003288,ORD001104,PRD0032,23,206.97
OI0003289,ORD001105,PRD0076,27,28.95
OI0003290,ORD001105,PRD0022,32,35.83
OI0003291,ORD001105,PRD0112,16,160.95
OI0003292,ORD001105,PRD0115,20,102.09
OI0003293,ORD001106,PRD0038,10,222.91
OI0003294,ORD001106,PRD0072,23,230.67
OI0003295,ORD001107,PRD0087,5,40.72
OI0003296,ORD001107,PRD0078,14,105.62
OI0003297,ORD001107,PRD0065,18,120.88
OI0003298,ORD001107,PRD0031,9,30.67
OI0003299,ORD001108,PRD0009,-9,38.6
OI0003300,ORD001108,PRD0101,20,119.36
OI0003301,ORD001108,PRD0003,6,72.4
OI0003302,ORD001108,PRD0109,17,119.42
OI0003303,ORD001108,PRD0007,-11,82.58
OI0003304,ORD001109,PRD0088,40,54.55
OI0003305,ORD001109,PRD0146,34,116.28
OI0003306,ORD001109,PRD0047,39,157.02
OI0003307,ORD001109,PRD0102,21,215.21
OI0003308,ORD001109,PRD0010,17,6.66
OI0003309,ORD001110,PRD0016,30,191.36
OI0003310,ORD001110,PRD0111,28,83.5
OI0003311,ORD001110,PRD0100,18,36.13
OI0003312,ORD001110,PRD0014,24,23.8
OI0003313,ORD001110,PRD000,2,69.97
OI0003314,ORD001111,PRD0144,26,190.91
OI0003315,ORD001112,PRD0073,24,68.46
OI0003316,ORD001112,PRD0092,17,57.63
OI0003317,ORD001113,PRD0007,27,82.58
OI0003318,ORD001113,PRD0024,26,87.52
OI0003319,ORD001113,PRD0045,34,7.03
OI0003320,ORD001113,PRD0088,14,54.55
OI0003321,ORD001114,PRD0105,7,220.36
OI0003322,ORD001114,PRD0097,39,166.76
OI0003323,ORD001115,PRD0033,33,49.71
OI0003324,ORD001115,PRD0114,23,122.24
OI0003325,ORD001115,PRD0111,23,83.5
OI0003326,ORD001115,PRD0046,38,105.44
OI0003327,ORD001116,PRD0036,40,191.05
OI0003328,ORD001116,PRD0003,9,72.4
OI0003329,ORD001116,PRD0001,26,115.82
OI0003330,ORD001116,PRD0105,19,220.36
OI0003331,ORD001116,PRD0053,6,122.42
OI0003332,ORD001117,PRD0052,10,207.39
OI0003333,ORD001117,PRD0038,5,222.91
OI0003334,ORD001117,PRD0083,6,19.93
OI0003335,ORD001117,PRD0146,18,116.28
OI0003336,ORD001117,PRD0036,34,191.05
OI0003337,ORD001118,PRD0011,27,190.23
OI0003338,ORD001119,PRD0044,4,142.63
OI0003339,ORD001119,PRD0122,31,18.49
OI0003340,ORD001120,PRD0068,16,29.13
OI0003341,ORD001121,PRD0071,23,189.96
OI0003342,ORD001121,PRD0059,18,201.86
OI0003343,ORD001121,PRD0014,-25,23.8
OI0003344,ORD001122,PRD0032,14,206.97
OI0003345,ORD001122,PRD0052,31,207.39
OI0003346,ORD001122,PRD0033,22,49.71
OI0003347,ORD001122,PRD0057,29,163.07
OI0003348,ORD001123,PRD0045,26,7.03
OI0003349,ORD001123,PRD0002,14,172.3
OI0003350,ORD001123,PRD0084,-6,40.42
OI0003351,ORD001124,PRD0126,27,35.6
OI0003352,ORD001125,PRD0005,30,143.43
OI0003353,ORD001126,PRD0070,9,225.75
OI0003354,ORD001126,PRD0053,1,122.42
OI0003355,ORD001126,PRD0021,9,92.86
OI0003356,ORD001126,PRD0023,12,138.23
OI0003357,ORD001127,PRD0096,18,78.52
OI0003358,ORD001127,PRD0104,38,165.96
OI0003359,ORD001127,PRD0129,17,171.21
OI0003360,ORD001128,PRD0055,30,122.67
OI0003361,ORD001128,PRD0114,28,122.24
OI0003362,ORD001128,PRD0090,28,72.4
OI0003363,ORD001128,PRD0076,32,28.95
OI0003364,ORD001128,PRD0006,4,140.22
OI0003365,ORD001129,PRD999,24,83.32
OI0003366,ORD001129,PRD0067,17,172.46
OI0003367,ORD001130,PRD0097,23,166.76
OI0003368,ORD001130,PRD0108,19,29.96
OI0003369,ORD001130,PRD0071,7,189.96
OI0003370,ORD001130,PRD0050,37,176.43
OI0003371,ORD001130,PRD0112,5,160.95
OI0003372,ORD001131,PRD0063,5,139.58
OI0003373,ORD001131,PRD0056,19,107.05
OI0003374,ORD001131,PRD0131,14,31.12
OI0003375,ORD001132,PRD0076,10,28.95
OI0003376,ORD001132,PRD0093,29,66.58
OI0003377,ORD001132,PRD0008,37,87.17
OI0003378,ORD001132,PRD0145,27,92.02
OI0003379,ORD001132,PRD0118,5,113.75
OI0003380,ORD001133,PRD0121,25,231.51
OI0003381,ORD001133,PRD0026,9,173.51
OI0003382,ORD001133,PRD0021,8,92.86
OI0003383,ORD001133,PRD0123,37,236.61
OI0003384,ORD001133,PRD0007,26,82.58
OI0003385,ORD001134,PRD0025,24,79.83
OI0003386,ORD001134,PRD0086,27,218.7
OI0003387,ORD001134,PRD0121,28,231.51
OI0003388,ORD001134,PRD0132,33,115.18
OI0003389,ORD001134,PRD0020,13,7.41
OI0003390,ORD001135,PRD0134,38,26.01
OI0003391,ORD001135,PRD0078,23,105.62
OI0003392,ORD001135,PRD0099,10,16.05
OI0003393,ORD001135,PRD0015,13,31.62
OI0003394,ORD001136,PRD0011,-5,190.23
OI0003395,ORD001137,PRD0046,23,105.44
OI0003396,ORD001137,PRD0107,13,140.4
OI0003397,ORD001138,PRD0127,27,116.1
OI0003398,ORD001138,PRD0118,8,113.75
OI0003399,ORD001139,PRD0129,36,171.21
OI0003400,ORD001139,PRD000,36,71.82
OI0003401,ORD001139,PRD0020,30,7.41
OI0003402,ORD001139,PRD0043,12,154.31
OI0003403,ORD001140,PRD0017,31,191.07
OI0003404,ORD001140,PRD0076,7,28.95
OI0003405,ORD001140,PRD0057,34,163.07
OI0003406,ORD001140,PRD0109,33,119.42
OI0003407,ORD001141,PRD0126,37,35.6
OI0003408,ORD001141,PRD0082,12,109.81
OI0003409,ORD001141,PRD0016,16,191.36
OI0003410,ORD001141,PRD0066,5,106.81
OI0003411,ORD001142,PRD0133,8,216.9
OI0003412,ORD001142,PRD0011,8,190.23
OI0003413,ORD001143,PRD0029,30,203.27
OI0003414,ORD001143,PRD0075,17,173.74
OI0003415,ORD001143,PRD0020,19,7.41
OI0003416,ORD001144,PRD0126,14,35.6
OI0003417,ORD001144,PRD0095,11,72.24
OI0003418,ORD001144,PRD0113,20,176.91
OI0003419,ORD001144,PRD0044,19,142.63
OI0003420,ORD001144,PRD0063,9,139.58
OI0003421,ORD001145,PRD0136,28,5.82
OI0003422,ORD001145,PRD0135,22,148.62
OI0003423,ORD001145,PRD0049,1,178.36
OI0003424,ORD001145,PRD0036,1,191.05
OI0003425,ORD001145,PRD0020,35,7.41
OI0003426,ORD001146,PRD0133,8,216.9
OI0003427,ORD001146,PRD0036,27,191.05
OI0003428,ORD001146,PRD0122,26,18.49
OI0003429,ORD001147,PRD0070,37,225.75
OI0003430,ORD001147,PRD0133,35,216.9
OI0003431,ORD001147,PRD0099,15,16.05
OI0003432,ORD001147,PRD0071,20,189.96
OI0003433,ORD001148,PRD0145,21,92.02
OI0003434,ORD001148,PRD0008,1,87.17
OI0003435,ORD001148,PRD0056,16,107.05
OI0003436,ORD001148,PRD0062,34,239.86
OI0003437,ORD001148,PRD0102,15,215.21
OI0003438,ORD001149,PRD0137,8,60.23
OI0003439,ORD001149,PRD0023,26,138.23
OI0003440,ORD001149,PRD0092,3,57.63
OI0003441,ORD001150,PRD0069,4,54.19
OI0003442,ORD001150,PRD0119,30,39.29
OI0003443,ORD001150,PRD0079,12,153.34
OI0003444,ORD001150,PRD0072,17,230.67
OI0003445,ORD001151,PRD0143,11,205.5
OI0003446,ORD001152,PRD0130,7,40.15
OI0003447,ORD001152,PRD0092,40,57.63
OI0003448,ORD001153,PRD0087,31,40.72
OI0003449,ORD001153,PRD0093,19,66.58
OI0003450,ORD001153,PRD0035,32,236.05
OI0003451,ORD001153,PRD0088,8,54.55
OI0003452,ORD001154,PRD0020,28,7.41
OI0003453,ORD001155,PRD0036,20,191.05
OI0003454,ORD001156,PRD0013,31,202.19
OI0003455,ORD001157,PRD0043,18,154.31
OI0003456,ORD001158,PRD0150,19,124.38
OI0003457,ORD001158,PRD0083,2,19.93
OI0003458,ORD001158,PRD0028,23,98.85
OI0003459,ORD001158,PRD0135,23,148.62
OI0003460,ORD001158,PRD0063,14,139.58
OI0003461,ORD001159,PRD0021,26,92.86
OI0003462,ORD001160,PRD0128,26,123.35
OI0003463,ORD001160,PRD0037,17,226.8
OI0003464,ORD001160,PRD0074,11,95.86
OI0003465,ORD001161,PRD0042,34,34.49
OI0003466,ORD001161,PRD0137,2,60.23
OI0003467,ORD001162,PRD0078,11,105.62
OI0003468,ORD001162,PRD0106,26,22.39
OI0003469,ORD001162,PRD0150,31,124.38
OI0003470,ORD001162,PRD0097,27,166.76
OI0003471,ORD001162,PRD0045,17,7.03
OI0003472,ORD001163,PRD0002,18,172.3
OI0003473,ORD001163,PRD0126,30,35.6
OI0003474,ORD001163,PRD0006,35,140.22
OI0003475,ORD001163,PRD0088,8,54.55
OI0003476,ORD001163,PRD0046,38,105.44
OI0003477,ORD001164,PRD0093,26,66.58
OI0003478,ORD001164,PRD0038,10,222.91
OI0003479,ORD001164,PRD0150,2,124.38
OI0003480,ORD001164,PRD0108,-28,29.96
OI0003481,ORD001164,PRD0070,1,225.75
OI0003482,ORD001165,PRD0110,12,237.89
OI0003483,ORD001165,PRD0025,8,79.83
OI0003484,ORD001165,PRD0044,9,142.63
OI0003485,ORD001166,PRD0038,38,222.91
OI0003486,ORD001167,PRD0142,38,15.65
OI0003487,ORD001167,PRD0123,27,236.61
OI0003488,ORD001167,PRD0012,29,114.28
OI0003489,ORD001168,PRD0109,34,119.42
OI0003490,ORD001168,PRD0099,15,16.05
OI0003491,ORD001168,PRD0087,9,40.72
OI0003492,ORD001169,PRD0045,20,7.03
OI0003493,ORD001169,PRD0018,30,211.58
OI0003494,ORD001169,PRD0010,21,6.66
OI0003495,ORD001170,PRD0108,8,29.96
OI0003496,ORD001170,PRD0046,1,105.44
OI0003497,ORD001171,PRD0025,20,79.83
OI0003498,ORD001171,PRD0099,31,16.05
OI0003499,ORD001171,PRD0036,27,191.05
OI0003500,ORD001171,PRD0029,28,203.27
OI0003501,ORD001172,PRD0058,10,182.31
OI0003502,ORD001173,PRD0051,23,24.49
OI0003503,ORD001173,PRD0018,18,211.58
OI0003504,ORD001173,PRD0026,20,173.51
OI0003505,ORD001174,PRD0133,1,216.9
OI0003506,ORD001174,PRD0072,5,230.67
OI0003507,ORD001174,PRD0060,15,47.82
OI0003508,ORD001174,PRD0069,36,54.19
OI0003509,ORD001174,PRD999,5,208.25
OI0003510,ORD001175,PRD0047,2,157.02
OI0003511,ORD001175,PRD0094,27,30.93
OI0003512,ORD001175,PRD0092,14,57.63
OI0003513,ORD001176,PRD0095,32,72.24
OI0003514,ORD001176,PRD999,20,178.71
OI0003515,ORD001177,PRD0140,10,180.3
OI0003516,ORD001177,PRD0097,35,166.76
OI0003517,ORD001178,PRD0035,7,236.05
OI0003518,ORD001179,PRD0147,15,123.59
OI0003519,ORD001179,PRD0038,32,222.91
OI0003520,ORD001180,PRD0025,1,79.83
OI0003521,ORD001180,PRD0064,20,230.86
OI0003522,ORD001181,PRD0147,38,123.59
OI0003523,ORD001181,PRD0111,30,83.5
OI0003524,ORD001182,PRD0108,36,29.96
OI0003525,ORD001182,PRD0088,40,54.55
OI0003526,ORD001182,PRD0040,12,179.3
OI0003527,ORD001183,PRD0104,2,165.96
OI0003528,ORD001183,PRD0032,35,206.97
OI0003529,ORD001183,PRD0047,12,157.02
OI0003530,ORD001183,PRD0033,18,49.71
OI0003531,ORD001183,PRD0046,19,105.44
OI0003532,ORD001184,PRD0067,25,172.46
OI0003533,ORD001185,PRD0122,21,18.49
OI0003534,ORD001185,PRD0105,5,220.36
OI0003535,ORD001185,PRD0063,27,139.58
OI0003536,ORD001185,PRD0022,32,35.83
OI0003537,ORD001186,PRD0056,20,107.05
OI0003538,ORD001186,PRD0039,36,41.02
OI0003539,ORD001186,PRD0146,21,116.28
OI0003540,ORD001186,PRD0037,36,226.8
OI0003541,ORD001187,PRD0113,38,176.91
OI0003542,ORD001187,PRD0058,1,182.31
OI0003543,ORD001187,PRD0116,28,227.68
OI0003544,ORD001187,PRD0033,10,49.71
OI0003545,ORD001188,PRD0073,10,68.46
OI0003546,ORD001188,PRD0076,27,28.95
OI0003547,ORD001189,PRD0020,6,7.41
OI0003548,ORD001190,PRD0084,2,40.42
OI0003549,ORD001190,PRD0056,23,107.05
OI0003550,ORD001191,PRD0089,40,150.86
OI0003551,ORD001191,PRD0045,30,7.03
OI0003552,ORD001191,PRD0105,29,220.36
OI0003553,ORD001192,PRD0138,27,105.95
OI0003554,ORD001192,PRD0078,12,105.62
OI0003555,ORD001192,PRD0016,9,191.36
OI0003556,ORD001192,PRD0124,6,45.26
OI0003557,ORD001193,PRD9999,22,25.17
OI0003558,ORD001193,PRD0063,6,139.58
OI0003559,ORD001194,PRD0018,14,211.58
OI0003560,ORD001194,PRD0092,13,57.63
OI0003561,ORD001195,PRD0134,18,26.01
OI0003562,ORD001196,PRD0074,32,95.86
OI0003563,ORD001196,PRD0089,-1,150.86
OI0003564,ORD001196,PRD0102,12,215.21
OI0003565,ORD001196,PRD0035,1,236.05
OI0003566,ORD001197,PRD0067,5,172.46
OI0003567,ORD001197,PRD0126,37,35.6
OI0003568,ORD001197,PRD0123,22,236.61
OI0003569,ORD001197,PRD0092,13,57.63
OI0003570,ORD001197,PRD0098,30,38.66
OI0003571,ORD001198,PRD0094,38,30.93
OI0003572,ORD001198,PRD0131,10,31.12
OI0003573,ORD001198,PRD0061,19,123.38
OI0003574,ORD001199,PRD0003,12,72.4
OI0003575,ORD001199,PRD0050,2,176.43
OI0003576,ORD001200,PRD0111,28,83.5
OI0003577,ORD001200,PRD0099,16,16.05
OI0003578,ORD001200,PRD0072,17,230.67
OI0003579,ORD001200,PRD0110,3,237.89
OI0003580,ORD001200,PRD0050,8,176.43
OI0003581,ORD001201,PRD0145,24,92.02
OI0003582,ORD001201,PRD0129,40,171.21
OI0003583,ORD001201,PRD0136,20,5.82
OI0003584,ORD001201,PRD0128,38,123.35
OI0003585,ORD001202,PRD0049,3,178.36
OI0003586,ORD001203,PRD0050,15,176.43
OI0003587,ORD001203,PRD0038,11,222.91
OI0003588,ORD001203,PRD0053,40,122.42
OI0003589,ORD001203,PRD0043,17,154.31
OI0003590,ORD001204,PRD0026,26,173.51
OI0003591,ORD001204,PRD0076,23,28.95
OI0003592,ORD001204,PRD0149,26,233.51
OI0003593,ORD001204,PRD0116,21,227.68
OI0003594,ORD001204,PRD0087,32,40.72
OI0003595,ORD001205,PRD0009,4,38.6
OI0003596,ORD001205,PRD0052,23,207.39
OI0003597,ORD001205,PRD0007,2,82.58
OI0003598,ORD001205,PRD0030,11,101.78
OI0003599,ORD001205,PRD0098,20,38.66
OI0003600,ORD001206,PRD0088,34,54.55
OI0003601,ORD001206,PRD0106,16,22.39
OI0003602,ORD001206,PRD0128,5,123.35
OI0003603,ORD001206,PRD0147,17,123.59
OI0003604,ORD001206,PRD0006,20,140.22
OI0003605,ORD001207,PRD0114,36,122.24
OI0003606,ORD001207,PRD0022,29,35.83
OI0003607,ORD001208,PRD0136,30,5.82
OI0003608,ORD001208,PRD0052,26,207.39
OI0003609,ORD001208,PRD0039,20,41.02
OI0003610,ORD001208,PRD0049,20,178.36
OI0003611,ORD001209,PRD0121,27,231.51
OI0003612,ORD001209,PRD0082,28,109.81
OI0003613,ORD001209,PRD0046,14,105.44
OI0003614,ORD001210,PRD0122,40,18.49
OI0003615,ORD001210,PRD0081,34,47.37
OI0003616,ORD001211,PRD0080,39,78.97
OI0003617,ORD001212,PRD0035,15,236.05
OI0003618,ORD001212,PRD0083,24,19.93
OI0003619,ORD001213,PRD0118,-25,113.75
OI0003620,ORD001213,PRD0044,5,142.63
OI0003621,ORD001213,PRD0146,33,116.28
OI0003622,ORD001213,PRD0033,6,49.71
OI0003623,ORD001214,PRD0128,27,123.35
OI0003624,ORD001214,PRD0131,36,31.12
OI0003625,ORD001214,PRD0057,29,163.07
OI0003626,ORD001215,PRD0028,34,98.85
OI0003627,ORD001215,PRD0002,22,172.3
OI0003628,ORD001215,PRD0130,5,40.15
OI0003629,ORD001215,PRD0057,33,163.07
OI0003630,ORD001216,PRD0081,15,47.37
OI0003631,ORD001216,PRD0021,28,92.86
OI0003632,ORD001217,PRD0065,1,120.88
OI0003633,ORD001218,PRD0079,23,153.34
OI0003634,ORD001218,PRD0074,33,95.86
OI0003635,ORD001219,PRD0102,7,215.21
OI0003636,ORD001219,PRD0098,32,38.66
OI0003637,ORD001219,PRD0066,23,106.81
OI0003638,ORD001219,PRD0070,39,225.75
OI0003639,ORD001220,PRD0117,31,90.73
OI0003640,ORD001220,PRD0088,18,54.55
OI0003641,ORD001220,PRD0069,9,54.19
OI0003642,ORD001221,PRD0035,36,236.05
OI0003643,ORD001221,PRD0040,27,179.3
OI0003644,ORD001221,PRD0063,28,139.58
OI0003645,ORD001221,PRD0075,9,173.74
OI0003646,ORD001221,PRD0127,5,116.1
OI0003647,ORD001222,PRD0049,23,178.36
OI0003648,ORD001223,PRD0132,17,115.18
OI0003649,ORD001223,PRD0119,7,39.29
OI0003650,ORD001223,PRD0097,10,166.76
OI0003651,ORD001223,PRD0038,22,222.91
OI0003652,ORD001223,PRD0111,38,83.5
OI0003653,ORD001224,PRD0139,24,18.24
OI0003654,ORD001224,PRD0145,15,92.02
OI0003655,ORD001224,PRD0048,30,221.86
OI0003656,ORD001225,PRD0035,30,236.05
OI0003657,ORD001225,PRD0013,21,202.19
OI0003658,ORD001225,PRD0145,39,92.02
OI0003659,ORD001225,PRD0109,6,119.42
OI0003660,ORD001225,PRD0013,23,202.19
OI0003661,ORD001226,PRD0062,32,239.86
OI0003662,ORD001227,PRD0069,15,54.19
OI0003663,ORD001227,PRD0065,15,120.88
OI0003664,ORD001227,PRD0017,10,191.07
OI0003665,ORD001227,PRD0150,2,124.38
OI0003666,ORD001227,PRD0140,15,180.3
OI0003667,ORD001228,PRD0146,30,116.28
OI0003668,ORD001228,PRD0051,23,24.49
OI0003669,ORD001228,PRD0019,30,188.65
OI0003670,ORD001229,PRD0053,38,122.42
OI0003671,ORD001230,PRD0121,9,231.51
OI0003672,ORD001230,PRD0140,28,180.3
OI0003673,ORD001230,PRD0057,28,163.07
OI0003674,ORD001230,PRD0066,1,106.81
OI0003675,ORD001231,PRD0065,2,120.88
OI0003676,ORD001231,PRD0067,6,172.46
OI0003677,ORD001231,PRD0025,22,79.83
OI0003678,ORD001232,PRD0142,20,15.65
OI0003679,ORD001232,PRD0080,8,78.97
OI0003680,ORD001233,PRD0065,6,120.88
OI0003681,ORD001233,PRD0123,18,236.61
OI0003682,ORD001233,PRD0071,12,189.96
OI0003683,ORD001233,PRD0121,16,231.51
OI0003684,ORD001233,PRD0114,29,122.24
OI0003685,ORD001234,PRD0008,40,87.17
OI0003686,ORD001234,PRD0114,8,122.24
OI0003687,ORD001235,PRD0076,31,28.95
OI0003688,ORD001235,PRD0094,3,30.93
OI0003689,ORD001235,PRD0014,9,23.8
OI0003690,ORD001235,PRD0108,11,29.96
OI0003691,ORD001235,PRD0120,4,91.06
OI0003692,ORD001236,PRD0086,17,218.7
OI0003693,ORD001236,PRD0092,24,57.63
OI0003694,ORD001236,PRD0053,13,122.42
OI0003695,ORD001237,PRD0133,40,216.9
OI0003696,ORD001237,PRD0138,32,105.95
OI0003697,ORD001238,PRD0063,22,139.58
OI0003698,ORD001238,PRD0138,20,105.95
OI0003699,ORD001238,PRD0142,9,15.65
OI0003700,ORD001239,PRD0033,12,49.71
OI0003701,ORD001239,PRD0023,24,138.23
OI0003702,ORD001239,PRD0026,12,173.51
OI0003703,ORD001239,PRD0007,31,82.58
OI0003704,ORD001240,PRD0027,19,38.21
OI0003705,ORD001240,PRD0130,7,40.15
OI0003706,ORD001240,PRD0021,36,92.86
OI0003707,ORD001241,PRD0102,7,215.21
OI0003708,ORD001241,PRD0002,35,172.3
OI0003709,ORD001241,PRD0017,3,191.07
OI0003710,ORD001241,PRD0076,14,28.95
OI0003711,ORD001241,PRD0090,4,72.4
OI0003712,ORD001242,PRD0015,30,31.62
OI0003713,ORD001242,PRD0079,33,153.34
OI0003714,ORD001242,PRD0003,7,72.4
OI0003715,ORD001242,PRD0114,22,122.24
OI0003716,ORD001242,PRD0080,25,78.97
OI0003717,ORD001243,PRD0114,26,122.24
OI0003718,ORD001243,PRD0026,33,173.51
OI0003719,ORD001244,PRD0059,25,201.86
OI0003720,ORD001244,PRD0048,31,221.86
OI0003721,ORD001244,PRD0067,34,172.46
OI0003722,ORD001244,PRD0079,19,153.34
OI0003723,ORD001245,PRD0094,23,30.93
OI0003724,ORD001245,PRD0054,23,58.91
OI0003725,ORD001246,PRD0073,14,68.46
OI0003726,ORD001246,PRD0004,40,27.44
OI0003727,ORD001246,PRD0063,16,139.58
OI0003728,ORD001247,PRD0050,34,176.43
OI0003729,ORD001247,PRD0022,7,35.83
OI0003730,ORD001247,PRD0024,22,87.52
OI0003731,ORD001247,PRD0072,30,230.67
OI0003732,ORD001248,PRD0127,-13,116.1
OI0003733,ORD001248,PRD0035,21,236.05
OI0003734,ORD001249,PRD0018,16,211.58
OI0003735,ORD001249,PRD0081,27,47.37
OI0003736,ORD001249,PRD0047,27,157.02
OI0003737,ORD001250,PRD0038,36,222.91
OI0003738,ORD001250,PRD0118,1,113.75
OI0003739,ORD001251,PRD0015,2,31.62
OI0003740,ORD001251,PRD0031,6,30.67
OI0003741,ORD001252,PRD0078,36,105.62
OI0003742,ORD001253,PRD0148,21,127.25
OI0003743,ORD001254,PRD0025,23,79.83
OI0003744,ORD001254,PRD0071,25,189.96
OI0003745,ORD001255,PRD0107,27,140.4
OI0003746,ORD001255,PRD0116,2,227.68
OI0003747,ORD001255,PRD0142,9,15.65
OI0003748,ORD001256,PRD0005,38,143.43
OI0003749,ORD001256,PRD0030,17,101.78
OI0003750,ORD001256,PRD0068,37,29.13
OI0003751,ORD001256,PRD0075,-18,173.74
OI0003752,ORD001256,PRD0098,13,38.66
OI0003753,ORD001257,PRD0143,27,205.5
OI0003754,ORD001257,PRD0064,19,230.86
OI0003755,ORD001257,PRD0014,36,23.8
OI0003756,ORD001257,PRD0067,7,172.46
OI0003757,ORD001257,PRD0115,26,102.09
OI0003758,ORD001258,PRD0053,40,122.42
OI0003759,ORD001259,PRD0009,32,38.6
OI0003760,ORD001260,PRD0066,25,106.81
OI0003761,ORD001260,PRD0121,10,231.51
OI0003762,ORD001261,PRD0045,27,7.03
OI0003763,ORD001261,PRD0134,25,26.01
OI0003764,ORD001262,PRD9999,33,212.29
OI0003765,ORD001262,PRD000,3,39.55
OI0003766,ORD001263,PRD0029,13,203.27
OI0003767,ORD001264,PRD0150,37,124.38
OI0003768,ORD001264,PRD0057,1,163.07
OI0003769,ORD001264,PRD0002,34,172.3
OI0003770,ORD001264,PRD0073,17,68.46
OI0003771,ORD001265,PRD0109,26,119.42
OI0003772,ORD001265,PRD0052,35,207.39
OI0003773,ORD001265,PRD0031,37,30.67
OI0003774,ORD001266,PRD0134,20,26.01
OI0003775,ORD001266,PRD0106,5,22.39
OI0003776,ORD001267,PRD0057,36,163.07
OI0003777,ORD001267,PRD0081,39,47.37
OI0003778,ORD001267,PRD0010,6,6.66
OI0003779,ORD001268,PRD0116,12,227.68
OI0003780,ORD001268,PRD0077,29,121.36
OI0003781,ORD001268,PRD0080,5,78.97
OI0003782,ORD001268,PRD0127,9,116.1
OI0003783,ORD001268,PRD0022,-15,35.83
OI0003784,ORD001269,PRD0101,27,119.36
OI0003785,ORD001269,PRD0143,8,205.5
OI0003786,ORD001269,PRD0108,31,29.96
OI0003787,ORD001269,PRD0140,35,180.3
OI0003788,ORD001270,PRD0021,28,92.86
OI0003789,ORD001270,PRD0135,30,148.62
OI0003790,ORD001271,PRD0087,20,40.72
OI0003791,ORD001271,PRD0134,5,26.01
OI0003792,ORD001271,PRD0141,12,106.53
OI0003793,ORD001271,PRD0075,14,173.74
OI0003794,ORD001271,PRD0081,38,47.37
OI0003795,ORD001272,PRD0009,34,38.6
OI0003796,ORD001273,PRD0082,21,109.81
OI0003797,ORD001273,PRD0059,37,201.86
OI0003798,ORD001273,PRD0131,15,31.12
OI0003799,ORD001273,PRD9999,13,173.62
OI0003800,ORD001274,PRD0099,7,16.05
OI0003801,ORD001274,PRD0146,6,116.28
OI0003802,ORD001275,PRD0091,14,175.98
OI0003803,ORD001275,PRD0130,38,40.15
OI0003804,ORD001275,PRD0060,1,47.82
OI0003805,ORD001275,PRD0108,18,29.96
OI0003806,ORD001276,PRD0048,32,221.86
OI0003807,ORD001277,PRD0117,23,90.73
OI0003808,ORD001278,PRD0132,22,115.18
OI0003809,ORD001279,PRD0003,12,72.4
OI0003810,ORD001280,PRD0028,10,98.85
OI0003811,ORD001280,PRD0019,27,188.65
OI0003812,ORD001280,PRD0105,8,220.36
OI0003813,ORD001280,PRD0014,31,23.8
OI0003814,ORD001280,PRD0027,38,38.21
OI0003815,ORD001281,PRD0138,28,105.95
OI0003816,ORD001281,PRD0066,24,106.81
OI0003817,ORD001281,PRD0084,21,40.42
OI0003818,ORD001281,PRD0117,28,90.73
OI0003819,ORD001281,PRD0075,39,173.74
OI0003820,ORD001282,PRD0150,15,124.38
OI0003821,ORD001282,PRD0126,11,35.6
OI0003822,ORD001282,PRD0136,33,5.82
OI0003823,ORD001282,PRD0076,16,28.95
OI0003824,ORD001282,PRD0128,6,123.35
OI0003825,ORD001283,PRD0086,28,218.7
OI0003826,ORD001283,PRD0124,30,45.26
OI0003827,ORD001283,PRD0106,6,22.39
OI0003828,ORD001283,PRD0056,24,107.05
OI0003829,ORD001283,PRD0101,32,119.36
OI0003830,ORD001284,PRD0037,34,226.8
OI0003831,ORD001284,PRD0084,12,40.42
OI0003832,ORD001285,PRD0132,31,115.18
OI0003833,ORD001285,PRD0039,25,41.02
OI0003834,ORD001285,PRD0078,32,105.62
OI0003835,ORD001285,PRD0124,39,45.26
OI0003836,ORD001285,PRD0032,7,206.97
OI0003837,ORD001286,PRD0059,7,201.86
OI0003838,ORD001286,PRD0127,4,116.1
OI0003839,ORD001286,PRD0075,37,173.74
OI0003840,ORD001286,PRD0123,35,236.61
OI0003841,ORD001287,PRD0132,6,115.18
OI0003842,ORD001288,PRD0007,28,82.58
OI0003843,ORD001289,PRD0137,5,60.23
OI0003844,ORD001289,PRD0115,9,102.09
OI0003845,ORD001289,PRD0125,23,149.25
OI0003846,ORD001290,PRD0074,24,95.86
OI0003847,ORD001290,PRD0092,12,57.63
OI0003848,ORD001290,PRD0017,9,191.07
OI0003849,ORD001290,PRD0052,24,207.39
OI0003850,ORD001291,PRD0021,21,92.86
OI0003851,ORD001291,PRD0043,16,154.31
OI0003852,ORD001291,PRD0062,31,239.86
OI0003853,ORD001292,PRD0118,3,113.75
OI0003854,ORD001292,PRD0010,2,6.66
OI0003855,ORD001293,PRD0141,24,106.53
OI0003856,ORD001293,PRD9999,15,164.29
OI0003857,ORD001293,PRD0055,11,122.67
OI0003858,ORD001294,PRD0110,-16,237.89
OI0003859,ORD001294,PRD0020,7,7.41
OI0003860,ORD001295,PRD0069,35,54.19
OI0003861,ORD001295,PRD0085,18,63.68
OI0003862,ORD001295,PRD0126,7,35.6
OI0003863,ORD001295,PRD0003,24,72.4
OI0003864,ORD001296,PRD0076,-8,28.95
OI0003865,ORD001296,PRD0003,37,72.4
OI0003866,ORD001296,PRD0004,27,27.44
OI0003867,ORD001296,PRD0098,4,38.66
OI0003868,ORD001297,PRD0100,9,36.13
OI0003869,ORD001297,PRD0016,16,191.36
OI0003870,ORD001298,PRD0014,12,23.8
OI0003871,ORD001298,PRD0100,18,36.13
OI0003872,ORD001298,PRD0135,32,148.62
OI0003873,ORD001298,PRD0094,28,30.93
OI0003874,ORD001298,PRD0144,14,190.91
OI0003875,ORD001299,PRD0068,25,29.13
OI0003876,ORD001299,PRD0098,35,38.66
OI0003877,ORD001299,PRD0100,14,36.13
OI0003878,ORD001299,PRD0031,17,30.67
OI0003879,ORD001299,PRD0075,30,173.74
OI0003880,ORD001300,PRD0073,30,68.46
OI0003881,ORD001300,PRD0117,4,90.73
OI0003882,ORD001301,PRD0073,18,68.46
OI0003883,ORD001301,PRD0109,37,119.42
OI0003884,ORD001301,PRD0123,27,236.61
OI0003885,ORD001302,PRD0108,20,29.96
OI0003886,ORD001302,PRD0017,12,191.07
OI0003887,ORD001303,PRD0088,16,54.55
OI0003888,ORD001303,PRD0135,38,148.62
OI0003889,ORD001303,PRD999,18,91.59
OI0003890,ORD001303,PRD0016,18,191.36
OI0003891,ORD001304,PRD0147,20,123.59
OI0003892,ORD001304,PRD0011,17,190.23
OI0003893,ORD001304,PRD0052,26,207.39
OI0003894,ORD001304,PRD0069,24,54.19
OI0003895,ORD001305,PRD0051,25,24.49
OI0003896,ORD001305,PRD0037,17,226.8
OI0003897,ORD001305,PRD0089,34,150.86
OI0003898,ORD001306,PRD0110,5,237.89
OI0003899,ORD001306,PRD0057,39,163.07
OI0003900,ORD001306,PRD0082,24,109.81
OI0003901,ORD001307,PRD0006,25,140.22
OI0003902,ORD001307,PRD0035,21,236.05
OI0003903,ORD001307,PRD0119,15,39.29
OI0003904,ORD001307,PRD0012,40,114.28
OI0003905,ORD001307,PRD0095,4,72.24
OI0003906,ORD001308,PRD0028,35,98.85
OI0003907,ORD001308,PRD0050,35,176.43
OI0003908,ORD001309,PRD0099,22,16.05
OI0003909,ORD001309,PRD0090,30,72.4
OI0003910,ORD001309,PRD0084,31,40.42
OI0003911,ORD001310,PRD0149,21,233.51
OI0003912,ORD001310,PRD0138,22,105.95
OI0003913,ORD001310,PRD0136,31,5.82
OI0003914,ORD001310,PRD0055,30,122.67
OI0003915,ORD001310,PRD0118,14,113.75
OI0003916,ORD001311,PRD0075,4,173.74
OI0003917,ORD001311,PRD0125,2,149.25
OI0003918,ORD001312,PRD0097,11,166.76
OI0003919,ORD001313,PRD0051,19,24.49
OI0003920,ORD001313,PRD0118,11,113.75
OI0003921,ORD001313,PRD0145,24,92.02
OI0003922,ORD001313,PRD0062,29,239.86
OI0003923,ORD001314,PRD0148,18,127.25
OI0003924,ORD001314,PRD0121,36,231.51
OI0003925,ORD001315,PRD0064,29,230.86
OI0003926,ORD001315,PRD0057,5,163.07
OI0003927,ORD001315,PRD0027,33,38.21
OI0003928,ORD001316,PRD0137,38,60.23
OI0003929,ORD001316,PRD0117,32,90.73
OI0003930,ORD001316,PRD0022,7,35.83
OI0003931,ORD001316,PRD0128,5,123.35
OI0003932,ORD001316,PRD0048,15,221.86
OI0003933,ORD001317,PRD0132,1,115.18
OI0003934,ORD001317,PRD0026,40,173.51
OI0003935,ORD001318,PRD0016,23,191.36
OI0003936,ORD001318,PRD0112,26,160.95
OI0003937,ORD001318,PRD0126,18,35.6
OI0003938,ORD001318,PRD0090,9,72.4
OI0003939,ORD001318,PRD0085,30,63.68
OI0003940,ORD001319,PRD0132,4,115.18
OI0003941,ORD001319,PRD0032,15,206.97
OI0003942,ORD001319,PRD0037,14,226.8
OI0003943,ORD001319,PRD0056,4,107.05
OI0003944,ORD001320,PRD0103,17,124.22
OI0003945,ORD001321,PRD0057,39,163.07
OI0003946,ORD001321,PRD0083,25,19.93
OI0003947,ORD001321,PRD0087,19,40.72
OI0003948,ORD001322,PRD0108,16,29.96
OI0003949,ORD001322,PRD0106,21,22.39
OI0003950,ORD001322,PRD0111,33,83.5
OI0003951,ORD001322,PRD0101,22,119.36
OI0003952,ORD001322,PRD0064,13,230.86
OI0003953,ORD001323,PRD0025,12,79.83
OI0003954,ORD001323,PRD0031,7,30.67
OI0003955,ORD001323,PRD0055,29,122.67
OI0003956,ORD001324,PRD0068,4,29.13
OI0003957,ORD001324,PRD0086,37,218.7
OI0003958,ORD001324,PRD0013,28,202.19
OI0003959,ORD001324,PRD000,36,224.7
OI0003960,ORD001324,PRD0080,6,78.97
OI0003961,ORD001325,PRD0033,32,49.71
OI0003962,ORD001325,PRD0048,19,221.86
OI0003963,ORD001325,PRD0057,18,163.07
OI0003964,ORD001326,PRD0022,28,35.83
OI0003965,ORD001326,PRD0025,27,79.83
OI0003966,ORD001326,PRD0060,15,47.82
OI0003967,ORD001327,PRD0104,22,165.96
OI0003968,ORD001328,PRD0087,13,40.72
OI0003969,ORD001328,PRD0079,1,153.34
OI0003970,ORD001328,PRD0127,8,116.1
OI0003971,ORD001328,PRD0130,31,40.15
OI0003972,ORD001328,PRD0113,28,176.91
OI0003973,ORD001329,PRD0123,21,236.61
OI0003974,ORD001329,PRD0104,20,165.96
OI0003975,ORD001329,PRD0036,40,191.05
OI0003976,ORD001329,PRD0049,27,178.36
OI0003977,ORD001329,PRD0114,13,122.24
OI0003978,ORD001330,PRD0028,17,98.85
OI0003979,ORD001330,PRD0113,33,176.91
OI0003980,ORD001331,PRD0080,26,78.97
OI0003981,ORD001332,PRD0094,27,30.93
OI0003982,ORD001332,PRD0055,23,122.67
OI0003983,ORD001332,PRD0035,15,236.05
OI0003984,ORD001332,PRD0013,30,202.19
OI0003985,ORD001332,PRD0073,3,68.46
OI0003986,ORD001333,PRD0117,26,90.73
OI0003987,ORD001333,PRD0121,31,231.51
OI0003988,ORD001333,PRD0031,29,30.67
OI0003989,ORD001334,PRD0087,6,40.72
OI0003990,ORD001335,PRD0028,39,98.85
OI0003991,ORD001335,PRD0115,28,102.09
OI0003992,ORD001335,PRD0028,35,98.85
OI0003993,ORD001335,PRD0077,16,121.36
OI0003994,ORD001335,PRD0116,11,227.68
OI0003995,ORD001336,PRD0031,21,30.67
OI0003996,ORD001336,PRD0040,6,179.3
OI0003997,ORD001336,PRD0148,13,127.25
OI0003998,ORD001336,PRD0072,17,230.67
OI0003999,ORD001337,PRD0106,31,22.39
OI0004000,ORD001337,PRD0086,20,218.7
OI0004001,ORD001338,PRD0097,30,166.76
OI0004002,ORD001339,PRD0138,2,105.95
OI0004003,ORD001339,PRD0017,2,191.07
OI0004004,ORD001339,PRD0149,40,233.51
OI0004005,ORD001339,PRD0018,11,211.58
OI0004006,ORD001339,PRD0104,36,165.96
OI0004007,ORD001340,PRD0136,27,5.82
OI0004008,ORD001340,PRD0096,26,78.52
OI0004009,ORD001340,PRD0034,40,69.78
OI0004010,ORD001340,PRD0088,38,54.55
OI0004011,ORD001340,PRD0019,8,188.65
OI0004012,ORD001341,PRD0047,18,157.02
OI0004013,ORD001341,PRD0133,6,216.9
OI0004014,ORD001342,PRD0070,19,225.75
OI0004015,ORD001343,PRD0119,-11,39.29
OI0004016,ORD001343,PRD0073,11,68.46
OI0004017,ORD001343,PRD0124,19,45.26
OI0004018,ORD001343,PRD0098,16,38.66
OI0004019,ORD001343,PRD0046,17,105.44
OI0004020,ORD001344,PRD0128,33,123.35
OI0004021,ORD001344,PRD0089,22,150.86
OI0004022,ORD001344,PRD0057,15,163.07
OI0004023,ORD001345,PRD0046,4,105.44
OI0004024,ORD001345,PRD0018,32,211.58
OI0004025,ORD001346,PRD9999,-37,46.67
OI0004026,ORD001347,PRD0149,19,233.51
OI0004027,ORD001347,PRD0138,11,105.95
OI0004028,ORD001348,PRD0137,20,60.23
OI0004029,ORD001348,PRD0121,18,231.51
OI0004030,ORD001348,PRD0140,2,180.3
OI0004031,ORD001348,PRD0141,7,106.53
OI0004032,ORD001348,PRD0053,10,122.42
OI0004033,ORD001349,PRD0123,9,236.61
OI0004034,ORD001350,PRD0127,3,116.1
OI0004035,ORD001350,PRD0051,39,24.49
OI0004036,ORD001350,PRD0031,26,30.67
OI0004037,ORD001350,PRD0067,16,172.46
OI0004038,ORD001351,PRD0022,36,35.83
OI0004039,ORD001351,PRD0076,18,28.95
OI0004040,ORD001351,PRD0032,34,206.97
OI0004041,ORD001352,PRD0042,3,34.49
OI0004042,ORD001352,PRD0142,6,15.65
OI0004043,ORD001352,PRD0034,12,69.78
OI0004044,ORD001352,PRD0133,2,216.9
OI0004045,ORD001353,PRD0001,22,115.82
OI0004046,ORD001353,PRD0134,25,26.01
OI0004047,ORD001353,PRD0080,33,78.97
OI0004048,ORD001354,PRD0051,21,24.49
OI0004049,ORD001354,PRD0101,27,119.36
OI0004050,ORD001355,PRD0020,33,7.41
OI0004051,ORD001355,PRD0141,39,106.53
OI0004052,ORD001356,PRD0108,18,29.96
OI0004053,ORD001356,PRD0126,9,35.6
OI0004054,ORD001356,PRD0041,37,74.92
OI0004055,ORD001356,PRD0126,9,35.6
OI0004056,ORD001357,PRD0098,21,38.66
OI0004057,ORD001357,PRD0090,40,72.4
OI0004058,ORD001357,PRD0034,29,69.78
OI0004059,ORD001358,PRD0046,9,105.44
OI0004060,ORD001358,PRD0046,36,105.44
OI0004061,ORD001358,PRD0131,34,31.12
OI0004062,ORD001358,PRD0128,34,123.35
OI0004063,ORD001358,PRD0094,2,30.93
OI0004064,ORD001359,PRD0009,25,38.6
OI0004065,ORD001359,PRD0078,7,105.62
OI0004066,ORD001360,PRD0078,38,105.62
OI0004067,ORD001360,PRD0012,3,114.28
OI0004068,ORD001360,PRD0091,31,175.98
OI0004069,ORD001361,PRD0058,28,182.31
OI0004070,ORD001361,PRD0045,11,7.03
OI0004071,ORD001362,PRD0083,35,19.93
OI0004072,ORD001362,PRD0077,33,121.36
OI0004073,ORD001363,PRD0081,10,47.37
OI0004074,ORD001364,PRD0022,19,35.83
OI0004075,ORD001364,PRD0028,7,98.85
OI0004076,ORD001364,PRD0091,25,175.98
OI0004077,ORD001364,PRD0029,21,203.27
OI0004078,ORD001365,PRD0065,8,120.88
OI0004079,ORD001365,PRD0062,39,239.86
OI0004080,ORD001365,PRD0033,40,49.71
OI0004081,ORD001366,PRD0111,35,83.5
OI0004082,ORD001366,PRD0123,6,236.61
OI0004083,ORD001366,PRD0128,37,123.35
OI0004084,ORD001367,PRD0067,33,172.46
OI0004085,ORD001367,PRD0140,34,180.3
OI0004086,ORD001367,PRD0127,3,116.1
OI0004087,ORD001367,PRD0017,2,191.07
OI0004088,ORD001368,PRD0140,12,180.3
OI0004089,ORD001368,PRD0124,28,45.26
OI0004090,ORD001368,PRD0071,17,189.96
OI0004091,ORD001368,PRD0049,38,178.36
OI0004092,ORD001368,PRD0060,24,47.82
OI0004093,ORD001369,PRD0066,4,106.81
OI0004094,ORD001369,PRD0090,14,72.4
OI0004095,ORD001369,PRD0007,19,82.58
OI0004096,ORD001369,PRD0028,24,98.85
OI0004097,ORD001370,PRD0017,33,191.07
OI0004098,ORD001370,PRD0030,19,101.78
OI0004099,ORD001370,PRD0123,38,236.61
OI0004100,ORD001371,PRD0020,16,7.41
OI0004101,ORD001371,PRD0022,4,35.83
OI0004102,ORD001371,PRD0016,31,191.36
OI0004103,ORD001371,PRD0040,18,179.3
OI0004104,ORD001371,PRD0042,19,34.49
OI0004105,ORD001372,PRD0039,1,41.02
OI0004106,ORD001372,PRD0034,29,69.78
OI0004107,ORD001372,PRD0081,28,47.37
OI0004108,ORD001372,PRD0046,6,105.44
OI0004109,ORD001372,PRD0106,13,22.39
OI0004110,ORD001373,PRD0085,17,63.68
OI0004111,ORD001373,PRD0133,34,216.9
OI0004112,ORD001373,PRD0082,15,109.81
OI0004113,ORD001374,PRD0143,37,205.5
OI0004114,ORD001374,PRD0024,1,87.52
OI0004115,ORD001375,PRD999,18,156.14
OI0004116,ORD001375,PRD0001,4,115.82
OI0004117,ORD001375,PRD0089,27,150.86
OI0004118,ORD001376,PRD0121,14,231.51
OI0004119,ORD001377,PRD0017,30,191.07
OI0004120,ORD001377,PRD0106,22,22.39
OI0004121,ORD001378,PRD0104,32,165.96
OI0004122,ORD001378,PRD0035,12,236.05
OI0004123,ORD001378,PRD0025,21,79.83
OI0004124,ORD001379,PRD0017,13,191.07
OI0004125,ORD001379,PRD999,39,61.51
OI0004126,ORD001379,PRD0040,32,179.3
OI0004127,ORD001379,PRD0030,40,101.78
OI0004128,ORD001379,PRD0027,39,38.21
OI0004129,ORD001380,PRD0025,32,79.83
OI0004130,ORD001380,PRD0146,21,116.28
OI0004131,ORD001380,PRD0045,30,7.03
OI0004132,ORD001381,PRD0056,7,107.05
OI0004133,ORD001381,PRD0084,3,40.42
OI0004134,ORD001381,PRD0074,40,95.86
OI0004135,ORD001381,PRD0001,39,115.82
OI0004136,ORD001382,PRD0052,28,207.39
OI0004137,ORD001382,PRD0123,6,236.61
OI0004138,ORD001382,PRD0086,8,218.7
OI0004139,ORD001382,PRD0006,25,140.22
OI0004140,ORD001383,PRD0121,40,231.51
OI0004141,ORD001383,PRD0125,19,149.25
OI0004142,ORD001384,PRD0022,15,35.83
OI0004143,ORD001385,PRD0007,28,82.58
OI0004144,ORD001386,PRD000,30,59.46
OI0004145,ORD001386,PRD0132,16,115.18
OI0004146,ORD001386,PRD0014,19,23.8
OI0004147,ORD001387,PRD0025,2,79.83
OI0004148,ORD001387,PRD0054,-36,58.91
OI0004149,ORD001388,PRD0005,25,143.43
OI0004150,ORD001388,PRD000,32,197.17
OI0004151,ORD001388,PRD0066,7,106.81
OI0004152,ORD001388,PRD0097,7,166.76
OI0004153,ORD001388,PRD0008,10,87.17
OI0004154,ORD001389,PRD0011,7,190.23
OI0004155,ORD001389,PRD0132,40,115.18
OI0004156,ORD001390,PRD0121,37,231.51
OI0004157,ORD001390,PRD0105,14,220.36
OI0004158,ORD001390,PRD0089,11,150.86
OI0004159,ORD001391,PRD0127,11,116.1
OI0004160,ORD001391,PRD0101,24,119.36
OI0004161,ORD001391,PRD0073,31,68.46
OI0004162,ORD001391,PRD0008,17,87.17
OI0004163,ORD001392,PRD0051,17,24.49
OI0004164,ORD001393,PRD0056,24,107.05
OI0004165,ORD001393,PRD0145,29,92.02
OI0004166,ORD001394,PRD0095,3,72.24
OI0004167,ORD001394,PRD0022,21,35.83
OI0004168,ORD001394,PRD0086,20,218.7
OI0004169,ORD001394,PRD0115,29,102.09
OI0004170,ORD001395,PRD0117,37,90.73
OI0004171,ORD001396,PRD0036,12,191.05
OI0004172,ORD001396,PRD0096,24,78.52
OI0004173,ORD001396,PRD0013,35,202.19
OI0004174,ORD001397,PRD0008,8,87.17
OI0004175,ORD001397,PRD0112,1,160.95
OI0004176,ORD001397,PRD0069,24,54.19
OI0004177,ORD001397,PRD0087,35,40.72
OI0004178,ORD001398,PRD0149,30,233.51
OI0004179,ORD001398,PRD0092,37,57.63
OI0004180,ORD001398,PRD0046,3,105.44
OI0004181,ORD001398,PRD0037,17,226.8
OI0004182,ORD001399,PRD0049,19,178.36
OI0004183,ORD001400,PRD0045,11,7.03
OI0004184,ORD001400,PRD000,34,65.15
OI0004185,ORD001400,PRD0116,14,227.68
OI0004186,ORD001401,PRD0090,19,72.4
OI0004187,ORD001401,PRD0126,2,35.6
OI0004188,ORD001401,PRD0001,20,115.82
OI0004189,ORD001401,PRD0029,10,203.27
OI0004190,ORD001402,PRD0143,38,205.5
OI0004191,ORD001403,PRD0064,8,230.86
OI0004192,ORD001403,PRD0035,11,236.05
OI0004193,ORD001403,PRD0087,10,40.72
OI0004194,ORD001403,PRD0130,9,40.15
OI0004195,ORD001404,PRD0073,11,68.46
OI0004196,ORD001404,PRD0064,28,230.86
OI0004197,ORD001404,PRD0071,40,189.96
OI0004198,ORD001404,PRD0074,3,95.86
OI0004199,ORD001404,PRD0133,15,216.9
OI0004200,ORD001405,PRD0119,35,39.29
OI0004201,ORD001406,PRD0047,3,157.02
OI0004202,ORD001406,PRD0025,18,79.83
OI0004203,ORD001406,PRD0086,22,218.7
OI0004204,ORD001406,PRD0033,5,49.71
OI0004205,ORD001406,PRD0128,12,123.35
OI0004206,ORD001407,PRD0039,21,41.02
OI0004207,ORD001407,PRD0081,2,47.37
OI0004208,ORD001408,PRD0009,38,38.6
OI0004209,ORD001408,PRD0108,39,29.96
OI0004210,ORD001408,PRD0126,39,35.6
OI0004211,ORD001408,PRD0038,34,222.91
OI0004212,ORD001409,PRD0107,9,140.4
OI0004213,ORD001410,PRD0114,26,122.24
OI0004214,ORD001410,PRD0097,21,166.76
OI0004215,ORD001411,PRD0128,19,123.35
OI0004216,ORD001411,PRD0040,18,179.3
OI0004217,ORD001411,PRD0103,24,124.22
OI0004218,ORD001411,PRD0079,18,153.34
OI0004219,ORD001411,PRD0139,16,18.24
OI0004220,ORD001412,PRD0017,20,191.07
OI0004221,ORD001412,PRD0020,20,7.41
OI0004222,ORD001413,PRD0107,15,140.4
OI0004223,ORD001413,PRD0078,30,105.62
OI0004224,ORD001413,PRD0148,1,127.25
OI0004225,ORD001413,PRD0072,23,230.67
OI0004226,ORD001413,PRD0046,13,105.44
OI0004227,ORD001414,PRD0065,6,120.88
OI0004228,ORD001414,PRD0117,1,90.73
OI0004229,ORD001415,PRD0022,3,35.83
OI0004230,ORD001415,PRD0026,12,173.51
OI0004231,ORD001415,PRD0086,7,218.7
OI0004232,ORD001416,PRD0025,28,79.83
OI0004233,ORD001416,PRD0035,3,236.05
OI0004234,ORD001416,PRD0033,9,49.71
OI0004235,ORD001416,PRD0024,24,87.52
OI0004236,ORD001417,PRD0078,9,105.62
OI0004237,ORD001417,PRD0140,8,180.3
OI0004238,ORD001417,PRD0027,33,38.21
OI0004239,ORD001417,PRD0098,37,38.66
OI0004240,ORD001417,PRD0073,10,68.46
OI0004241,ORD001418,PRD0033,25,49.71
OI0004242,ORD001418,PRD0020,1,7.41
OI0004243,ORD001418,PRD0115,6,102.09
OI0004244,ORD001418,PRD0031,33,30.67
OI0004245,ORD001418,PRD0039,4,41.02
OI0004246,ORD001419,PRD0142,5,15.65
OI0004247,ORD001419,PRD0109,10,119.42
OI0004248,ORD001419,PRD0054,23,58.91
OI0004249,ORD001419,PRD0140,12,180.3
OI0004250,ORD001419,PRD0058,14,182.31
OI0004251,ORD001420,PRD0137,37,60.23
OI0004252,ORD001420,PRD0106,10,22.39
OI0004253,ORD001420,PRD0023,8,138.23
OI0004254,ORD001421,PRD0112,15,160.95
OI0004255,ORD001421,PRD0001,12,115.82
OI0004256,ORD001421,PRD0034,35,69.78
OI0004257,ORD001421,PRD0016,35,191.36
OI0004258,ORD001422,PRD0009,19,38.6
OI0004259,ORD001422,PRD0098,4,38.66
OI0004260,ORD001422,PRD0125,24,149.25
OI0004261,ORD001423,PRD0022,3,35.83
OI0004262,ORD001424,PRD0078,10,105.62
OI0004263,ORD001424,PRD0143,8,205.5
OI0004264,ORD001424,PRD0095,23,72.24
OI0004265,ORD001425,PRD0059,17,201.86
OI0004266,ORD001425,PRD0148,29,127.25
OI0004267,ORD001425,PRD0124,29,45.26
OI0004268,ORD001426,PRD0074,9,95.86
OI0004269,ORD001426,PRD0146,17,116.28
OI0004270,ORD001426,PRD0042,16,34.49
OI0004271,ORD001426,PRD0001,37,115.82
OI0004272,ORD001426,PRD0040,20,179.3
OI0004273,ORD001427,PRD0146,19,116.28
OI0004274,ORD001427,PRD0001,39,115.82
OI0004275,ORD001428,PRD0128,16,123.35
OI0004276,ORD001428,PRD0065,6,120.88
OI0004277,ORD001429,PRD0094,38,30.93
OI0004278,ORD001430,PRD0113,17,176.91
OI0004279,ORD001430,PRD0108,26,29.96
OI0004280,ORD001430,PRD0058,9,182.31
OI0004281,ORD001430,PRD0102,10,215.21
OI0004282,ORD001431,PRD0002,12,172.3
OI0004283,ORD001431,PRD0080,20,78.97
OI0004284,ORD001431,PRD0026,30,173.51
OI0004285,ORD001432,PRD0069,32,54.19
OI0004286,ORD001432,PRD0035,12,236.05
OI0004287,ORD001432,PRD0057,1,163.07
OI0004288,ORD001433,PRD0141,7,106.53
OI0004289,ORD001433,PRD0016,19,191.36
OI0004290,ORD001433,PRD0137,7,60.23
OI0004291,ORD001434,PRD0019,35,188.65
OI0004292,ORD001434,PRD0073,34,68.46
OI0004293,ORD001434,PRD0144,21,190.91
OI0004294,ORD001434,PRD0072,11,230.67
OI0004295,ORD001435,PRD0062,8,239.86
OI0004296,ORD001436,PRD0010,3,6.66
OI0004297,ORD001436,PRD0138,6,105.95
OI0004298,ORD001436,PRD0095,11,72.24
OI0004299,ORD001436,PRD0127,31,116.1
OI0004300,ORD001436,PRD0074,23,95.86
OI0004301,ORD001437,PRD0075,29,173.74
OI0004302,ORD001438,PRD0004,13,27.44
OI0004303,ORD001438,PRD0033,20,49.71
OI0004304,ORD001438,PRD0145,14,92.02
OI0004305,ORD001439,PRD0032,37,206.97
OI0004306,ORD001439,PRD0085,23,63.68
OI0004307,ORD001439,PRD0085,35,63.68
OI0004308,ORD001440,PRD999,15,66.7
OI0004309,ORD001440,PRD0087,13,40.72
OI0004310,ORD001440,PRD999,33,100.64
OI0004311,ORD001440,PRD0067,13,172.46
OI0004312,ORD001440,PRD000,31,107.33
OI0004313,ORD001441,PRD0111,36,83.5
OI0004314,ORD001441,PRD0025,32,79.83
OI0004315,ORD001441,PRD0125,32,149.25
OI0004316,ORD001441,PRD0085,28,63.68
OI0004317,ORD001442,PRD0039,28,41.02
OI0004318,ORD001442,PRD0053,2,122.42
OI0004319,ORD001442,PRD0099,9,16.05
OI0004320,ORD001442,PRD0003,26,72.4
OI0004321,ORD001442,PRD0034,17,69.78
OI0004322,ORD001443,PRD0091,7,175.98
OI0004323,ORD001443,PRD0141,10,106.53
OI0004324,ORD001443,PRD0045,28,7.03
OI0004325,ORD001444,PRD0104,2,165.96
OI0004326,ORD001444,PRD0092,9,57.63
OI0004327,ORD001444,PRD0027,30,38.21
OI0004328,ORD001444,PRD0076,1,28.95
OI0004329,ORD001445,PRD0063,31,139.58
OI0004330,ORD001445,PRD0064,5,230.86
OI0004331,ORD001446,PRD0028,40,98.85
OI0004332,ORD001446,PRD0026,3,173.51
OI0004333,ORD001447,PRD0110,22,237.89
OI0004334,ORD001447,PRD0116,8,227.68
OI0004335,ORD001447,PRD0116,39,227.68
OI0004336,ORD001448,PRD0012,17,114.28
OI0004337,ORD001448,PRD0007,2,82.58
OI0004338,ORD001448,PRD0146,21,116.28
OI0004339,ORD001449,PRD0007,26,82.58
OI0004340,ORD001449,PRD0070,37,225.75
OI0004341,ORD001449,PRD0053,20,122.42
OI0004342,ORD001450,PRD0116,9,227.68
OI0004343,ORD001450,PRD0006,31,140.22
OI0004344,ORD001450,PRD0009,8,38.6
OI0004345,ORD001450,PRD0072,6,230.67
OI0004346,ORD001451,PRD0131,23,31.12
OI0004347,ORD001451,PRD0026,15,173.51
OI0004348,ORD001452,PRD0086,34,218.7
OI0004349,ORD001452,PRD0080,5,78.97
OI0004350,ORD001452,PRD0099,29,16.05
OI0004351,ORD001452,PRD0045,3,7.03
OI0004352,ORD001452,PRD0050,34,176.43
OI0004353,ORD001453,PRD0024,21,87.52
OI0004354,ORD001454,PRD0022,31,35.83
OI0004355,ORD001454,PRD0111,14,83.5
OI0004356,ORD001454,PRD0129,13,171.21
OI0004357,ORD001454,PRD0007,5,82.58
OI0004358,ORD001455,PRD0006,35,140.22
OI0004359,ORD001455,PRD0026,22,173.51
OI0004360,ORD001455,PRD0016,13,191.36
OI0004361,ORD001456,PRD0077,28,121.36
OI0004362,ORD001456,PRD0098,18,38.66
OI0004363,ORD001457,PRD0067,4,172.46
OI0004364,ORD001458,PRD0038,19,222.91
OI0004365,ORD001458,PRD0133,27,216.9
OI0004366,ORD001459,PRD0122,23,18.49
OI0004367,ORD001459,PRD0080,40,78.97
OI0004368,ORD001459,PRD0129,26,171.21
OI0004369,ORD001460,PRD0077,11,121.36
OI0004370,ORD001460,PRD0014,6,23.8
OI0004371,ORD001461,PRD0116,7,227.68
OI0004372,ORD001461,PRD0149,28,233.51
OI0004373,ORD001461,PRD0071,3,189.96
OI0004374,ORD001461,PRD0064,25,230.86
OI0004375,ORD001461,PRD0003,29,72.4
OI0004376,ORD001462,PRD0134,8,26.01
OI0004377,ORD001462,PRD0021,30,92.86
OI0004378,ORD001463,PRD0060,37,47.82
OI0004379,ORD001463,PRD0130,8,40.15
OI0004380,ORD001464,PRD0013,20,202.19
OI0004381,ORD001465,PRD0056,7,107.05
OI0004382,ORD001466,PRD0134,20,26.01
OI0004383,ORD001467,PRD0150,3,124.38
OI0004384,ORD001467,PRD0049,14,178.36
OI0004385,ORD001467,PRD0051,20,24.49
OI0004386,ORD001468,PRD0123,17,236.61
OI0004387,ORD001469,PRD0034,34,69.78
OI0004388,ORD001470,PRD0140,27,180.3
OI0004389,ORD001470,PRD0001,38,115.82
OI0004390,ORD001471,PRD0035,2,236.05
OI0004391,ORD001471,PRD0036,31,191.05
OI0004392,ORD001472,PRD0054,20,58.91
OI0004393,ORD001472,PRD0084,17,40.42
OI0004394,ORD001472,PRD0007,11,82.58
OI0004395,ORD001473,PRD0102,2,215.21
OI0004396,ORD001473,PRD0097,10,166.76
OI0004397,ORD001473,PRD0097,38,166.76
OI0004398,ORD001473,PRD0086,37,218.7
OI0004399,ORD001474,PRD0078,38,105.62
OI0004400,ORD001474,PRD0144,26,190.91
OI0004401,ORD001474,PRD0086,3,218.7
OI0004402,ORD001475,PRD0089,9,150.86
OI0004403,ORD001475,PRD0044,5,142.63
OI0004404,ORD001476,PRD0101,17,119.36
OI0004405,ORD001477,PRD0022,12,35.83
OI0004406,ORD001477,PRD0016,20,191.36
OI0004407,ORD001477,PRD0044,1,142.63
OI0004408,ORD001477,PRD0069,25,54.19
OI0004409,ORD001478,PRD0079,37,153.34
OI0004410,ORD001478,PRD0081,39,47.37
OI0004411,ORD001478,PRD0123,26,236.61
OI0004412,ORD001478,PRD0012,34,114.28
OI0004413,ORD001479,PRD0099,25,16.05
OI0004414,ORD001479,PRD0059,11,201.86
OI0004415,ORD001479,PRD0091,26,175.98
OI0004416,ORD001479,PRD0097,24,166.76
OI0004417,ORD001480,PRD0058,33,182.31
OI0004418,ORD001480,PRD0081,24,47.37
OI0004419,ORD001480,PRD0140,1,180.3
OI0004420,ORD001480,PRD0148,28,127.25
OI0004421,ORD001481,PRD0024,1,87.52
OI0004422,ORD001481,PRD0018,9,211.58
OI0004423,ORD001481,PRD0002,32,172.3
OI0004424,ORD001481,PRD0086,32,218.7
OI0004425,ORD001481,PRD0142,15,15.65
OI0004426,ORD001482,PRD0050,39,176.43
OI0004427,ORD001483,PRD0021,21,92.86
OI0004428,ORD001483,PRD0069,9,54.19
OI0004429,ORD001483,PRD0035,7,236.05
OI0004430,ORD001484,PRD0079,10,153.34
OI0004431,ORD001484,PRD0022,32,35.83
OI0004432,ORD001484,PRD0067,9,172.46
OI0004433,ORD001484,PRD0104,5,165.96
OI0004434,ORD001484,PRD0117,22,90.73
OI0004435,ORD001485,PRD0002,35,172.3
OI0004436,ORD001485,PRD9999,1,97.79
OI0004437,ORD001485,PRD0048,28,221.86
OI0004438,ORD001485,PRD0023,13,138.23
OI0004439,ORD001485,PRD0087,22,40.72
OI0004440,ORD001486,PRD0012,37,114.28
OI0004441,ORD001486,PRD0002,40,172.3
OI0004442,ORD001486,PRD0088,20,54.55
OI0004443,ORD001486,PRD0102,20,215.21
OI0004444,ORD001487,PRD0143,15,205.5
OI0004445,ORD001487,PRD0024,39,87.52
OI0004446,ORD001487,PRD0026,32,173.51
OI0004447,ORD001487,PRD0060,7,47.82
OI0004448,ORD001487,PRD0071,34,189.96
OI0004449,ORD001488,PRD0073,15,68.46
OI0004450,ORD001488,PRD0140,15,180.3
OI0004451,ORD001488,PRD0058,40,182.31
OI0004452,ORD001488,PRD0077,37,121.36
OI0004453,ORD001488,PRD0057,20,163.07
OI0004454,ORD001489,PRD0138,33,105.95
OI0004455,ORD001489,PRD0005,8,143.43
OI0004456,ORD001490,PRD0116,33,227.68
OI0004457,ORD001490,PRD0149,29,233.51
OI0004458,ORD001490,PRD0031,29,30.67
OI0004459,ORD001490,PRD0145,5,92.02
OI0004460,ORD001491,PRD0111,3,83.5
OI0004461,ORD001491,PRD0078,27,105.62
OI0004462,ORD001491,PRD0040,25,179.3
OI0004463,ORD001491,PRD0150,26,124.38
OI0004464,ORD001492,PRD0045,25,7.03
OI0004465,ORD001492,PRD0065,16,120.88
OI0004466,ORD001492,PRD0108,37,29.96
OI0004467,ORD001493,PRD0121,2,231.51
OI0004468,ORD001493,PRD0140,30,180.3
OI0004469,ORD001493,PRD0132,1,115.18
OI0004470,ORD001494,PRD0120,28,91.06
OI0004471,ORD001494,PRD0137,8,60.23
OI0004472,ORD001494,PRD0099,23,16.05
OI0004473,ORD001495,PRD0134,4,26.01
OI0004474,ORD001495,PRD0091,35,175.98
OI0004475,ORD001495,PRD0009,39,38.6
OI0004476,ORD001495,PRD0150,25,124.38
OI0004477,ORD001495,PRD0075,2,173.74
OI0004478,ORD001496,PRD0100,14,36.13
OI0004479,ORD001496,PRD0053,21,122.42
OI0004480,ORD001496,PRD0059,19,201.86
OI0004481,ORD001496,PRD0125,10,149.25
OI0004482,ORD001496,PRD0010,16,6.66
OI0004483,ORD001497,PRD999,34,85.79
OI0004484,ORD001497,PRD0095,14,72.24
OI0004485,ORD001498,PRD0079,19,153.34
OI0004486,ORD001499,PRD0044,33,142.63
OI0004487,ORD001500,PRD0106,6,22.39
OI0004488,ORD001500,PRD0120,8,91.06
OI0004489,ORD001500,PRD0101,8,119.36
OI0004490,ORD001501,PRD0067,17,172.46
OI0004491,ORD001501,PRD0070,2,225.75
OI0004492,ORD001502,PRD0062,31,239.86
OI0004493,ORD001502,PRD0041,7,74.92
OI0004494,ORD001502,PRD0023,31,138.23
OI0004495,ORD001502,PRD0049,4,178.36
OI0004496,ORD001503,PRD0104,29,165.96
OI0004497,ORD001503,PRD0037,22,226.8
OI0004498,ORD001503,PRD0101,28,119.36
OI0004499,ORD001503,PRD0149,1,233.51
OI0004500,ORD001503,PRD0013,2,202.19
OI0004501,ORD001504,PRD0075,5,173.74
OI0004502,ORD001504,PRD0099,31,16.05
OI0004503,ORD001504,PRD0122,28,18.49
OI0004504,ORD001504,PRD0116,28,227.68
OI0004505,ORD001505,PRD0122,28,18.49
OI0004506,ORD001505,PRD0079,13,153.34
OI0004507,ORD001505,PRD0062,28,239.86
OI0004508,ORD001505,PRD0074,5,95.86
OI0004509,ORD001506,PRD0019,19,188.65
OI0004510,ORD001506,PRD0099,24,16.05
OI0004511,ORD001506,PRD0030,6,101.78
OI0004512,ORD001506,PRD0001,2,115.82
OI0004513,ORD001506,PRD0079,7,153.34
OI0004514,ORD001507,PRD0056,3,107.05
OI0004515,ORD001507,PRD0144,17,190.91
OI0004516,ORD001507,PRD0109,24,119.42
OI0004517,ORD001507,PRD0093,7,66.58
OI0004518,ORD001507,PRD0032,37,206.97
OI0004519,ORD001508,PRD0094,7,30.93
OI0004520,ORD001509,PRD999,16,80.17
OI0004521,ORD001509,PRD0115,7,102.09
OI0004522,ORD001510,PRD9999,39,69.93
OI0004523,ORD001510,PRD0110,11,237.89
OI0004524,ORD001511,PRD9999,23,196.46
OI0004525,ORD001511,PRD0001,21,115.82
OI0004526,ORD001512,PRD0098,38,38.66
OI0004527,ORD001512,PRD0122,19,18.49
OI0004528,ORD001512,PRD000,15,172.31
OI0004529,ORD001512,PRD0118,27,113.75
OI0004530,ORD001512,PRD0107,15,140.4
OI0004531,ORD001513,PRD0075,4,173.74
OI0004532,ORD001513,PRD0074,11,95.86
OI0004533,ORD001513,PRD0133,16,216.9
OI0004534,ORD001513,PRD0090,24,72.4
OI0004535,ORD001514,PRD0091,13,175.98
OI0004536,ORD001514,PRD0117,32,90.73
OI0004537,ORD001515,PRD0100,19,36.13
OI0004538,ORD001515,PRD0132,13,115.18
OI0004539,ORD001516,PRD0113,3,176.91
OI0004540,ORD001516,PRD0084,13,40.42
OI0004541,ORD001516,PRD0111,36,83.5
OI0004542,ORD001517,PRD0147,27,123.59
OI0004543,ORD001517,PRD0138,40,105.95
OI0004544,ORD001517,PRD0049,35,178.36
OI0004545,ORD001517,PRD0035,20,236.05
OI0004546,ORD001517,PRD0078,2,105.62
OI0004547,ORD001518,PRD0032,25,206.97
OI0004548,ORD001518,PRD0100,7,36.13
OI0004549,ORD001518,PRD0040,24,179.3
OI0004550,ORD001518,PRD0127,31,116.1
OI0004551,ORD001518,PRD0001,19,115.82
OI0004552,ORD001519,PRD0144,18,190.91
OI0004553,ORD001519,PRD0056,6,107.05
OI0004554,ORD001519,PRD0003,40,72.4
OI0004555,ORD001519,PRD0071,23,189.96
OI0004556,ORD001519,PRD0055,1,122.67
OI0004557,ORD001520,PRD0043,34,154.31
OI0004558,ORD001520,PRD0133,31,216.9
OI0004559,ORD001520,PRD0031,17,30.67
OI0004560,ORD001520,PRD0013,24,202.19
OI0004561,ORD001520,PRD0086,4,218.7
OI0004562,ORD001521,PRD0101,6,119.36
OI0004563,ORD001521,PRD0133,11,216.9
OI0004564,ORD001521,PRD0104,3,165.96
OI0004565,ORD001522,PRD0102,15,215.21
OI0004566,ORD001522,PRD0119,10,39.29
OI0004567,ORD001522,PRD0123,17,236.61
OI0004568,ORD001522,PRD0071,13,189.96
OI0004569,ORD001522,PRD0128,1,123.35
OI0004570,ORD001523,PRD0131,37,31.12
OI0004571,ORD001523,PRD0030,13,101.78
OI0004572,ORD001523,PRD0076,35,28.95
OI0004573,ORD001524,PRD0088,37,54.55
OI0004574,ORD001524,PRD0012,34,114.28
OI0004575,ORD001524,PRD0142,30,15.65
OI0004576,ORD001525,PRD0094,3,30.93
OI0004577,ORD001525,PRD0004,31,27.44
OI0004578,ORD001526,PRD0090,18,72.4
OI0004579,ORD001527,PRD0062,4,239.86
OI0004580,ORD001527,PRD0037,13,226.8
OI0004581,ORD001528,PRD0075,20,173.74
OI0004582,ORD001528,PRD0104,32,165.96
OI0004583,ORD001529,PRD0089,6,150.86
OI0004584,ORD001530,PRD0072,34,230.67
OI0004585,ORD001530,PRD0071,16,189.96
OI0004586,ORD001530,PRD0116,21,227.68
OI0004587,ORD001530,PRD0095,26,72.24
OI0004588,ORD001530,PRD0150,16,124.38
OI0004589,ORD001531,PRD0014,26,23.8
OI0004590,ORD001531,PRD0045,40,7.03
OI0004591,ORD001531,PRD0143,29,205.5
OI0004592,ORD001531,PRD0067,13,172.46
OI0004593,ORD001532,PRD0092,37,57.63
OI0004594,ORD001532,PRD0084,21,40.42
OI0004595,ORD001532,PRD0088,5,54.55
OI0004596,ORD001533,PRD0112,35,160.95
OI0004597,ORD001533,PRD0068,28,29.13
OI0004598,ORD001533,PRD0120,32,91.06
OI0004599,ORD001534,PRD0057,14,163.07
OI0004600,ORD001535,PRD0061,19,123.38
OI0004601,ORD001536,PRD0142,25,15.65
OI0004602,ORD001536,PRD0135,36,148.62
OI0004603,ORD001536,PRD0053,30,122.42
OI0004604,ORD001536,PRD0141,21,106.53
OI0004605,ORD001536,PRD0069,24,54.19
OI0004606,ORD001537,PRD0109,28,119.42
OI0004607,ORD001538,PRD0038,10,222.91
OI0004608,ORD001538,PRD0126,26,35.6
OI0004609,ORD001538,PRD0139,5,18.24
OI0004610,ORD001539,PRD0082,32,109.81
OI0004611,ORD001539,PRD0037,11,226.8
OI0004612,ORD001540,PRD0092,2,57.63
OI0004613,ORD001540,PRD0057,20,163.07
OI0004614,ORD001540,PRD0055,11,122.67
OI0004615,ORD001541,PRD0033,3,49.71
OI0004616,ORD001541,PRD0063,35,139.58
OI0004617,ORD001541,PRD0149,22,233.51
OI0004618,ORD001541,PRD0083,8,19.93
OI0004619,ORD001542,PRD0080,37,78.97
OI0004620,ORD001543,PRD0078,4,105.62
OI0004621,ORD001543,PRD0138,11,105.95
OI0004622,ORD001544,PRD0044,16,142.63
OI0004623,ORD001544,PRD0029,19,203.27
OI0004624,ORD001544,PRD0006,9,140.22
OI0004625,ORD001544,PRD0138,40,105.95
OI0004626,ORD001544,PRD0080,14,78.97
OI0004627,ORD001545,PRD0098,28,38.66
OI0004628,ORD001546,PRD0007,27,82.58
OI0004629,ORD001546,PRD0060,6,47.82
OI0004630,ORD001546,PRD0150,37,124.38
OI0004631,ORD001546,PRD0107,9,140.4
OI0004632,ORD001546,PRD0034,11,69.78
OI0004633,ORD001547,PRD0019,31,188.65
OI0004634,ORD001547,PRD0061,40,123.38
OI0004635,ORD001548,PRD0027,11,38.21
OI0004636,ORD001548,PRD0041,21,74.92
OI0004637,ORD001548,PRD0130,2,40.15
OI0004638,ORD001549,PRD0118,6,113.75
OI0004639,ORD001549,PRD0006,21,140.22
OI0004640,ORD001549,PRD0073,38,68.46
OI0004641,ORD001549,PRD0122,37,18.49
OI0004642,ORD001549,PRD0035,30,236.05
OI0004643,ORD001550,PRD0057,21,163.07
OI0004644,ORD001551,PRD0067,40,172.46
OI0004645,ORD001552,PRD0140,32,180.3
OI0004646,ORD001552,PRD0046,22,105.44
OI0004647,ORD001552,PRD0017,-33,191.07
OI0004648,ORD001552,PRD0142,15,15.65
OI0004649,ORD001553,PRD0081,39,47.37
OI0004650,ORD001554,PRD0130,40,40.15
OI0004651,ORD001554,PRD0139,14,18.24
OI0004652,ORD001555,PRD0044,19,142.63
OI0004653,ORD001555,PRD0068,34,29.13
OI0004654,ORD001555,PRD0020,5,7.41
OI0004655,ORD001555,PRD0102,23,215.21
OI0004656,ORD001556,PRD0052,12,207.39
OI0004657,ORD001556,PRD0054,19,58.91
OI0004658,ORD001556,PRD0079,2,153.34
OI0004659,ORD001557,PRD0144,32,190.91
OI0004660,ORD001557,PRD0046,7,105.44
OI0004661,ORD001558,PRD0026,9,173.51
OI0004662,ORD001558,PRD0117,27,90.73
OI0004663,ORD001559,PRD0008,6,87.17
OI0004664,ORD001559,PRD0116,38,227.68
OI0004665,ORD001559,PRD0084,12,40.42
OI0004666,ORD001559,PRD0071,35,189.96
OI0004667,ORD001559,PRD0120,32,91.06
OI0004668,ORD001560,PRD0075,38,173.74
OI0004669,ORD001560,PRD0093,1,66.58
OI0004670,ORD001560,PRD0098,34,38.66
OI0004671,ORD001561,PRD0014,22,23.8
OI0004672,ORD001561,PRD0112,23,160.95
OI0004673,ORD001561,PRD0116,32,227.68
OI0004674,ORD001561,PRD0003,31,72.4
OI0004675,ORD001561,PRD0111,17,83.5
OI0004676,ORD001562,PRD0051,13,24.49
OI0004677,ORD001562,PRD0025,15,79.83
OI0004678,ORD001562,PRD0077,5,121.36
OI0004679,ORD001562,PRD0143,34,205.5
OI0004680,ORD001563,PRD0129,26,171.21
OI0004681,ORD001563,PRD0093,32,66.58
OI0004682,ORD001564,PRD0017,39,191.07
OI0004683,ORD001565,PRD0066,24,106.81
OI0004684,ORD001565,PRD0117,11,90.73
OI0004685,ORD001565,PRD0136,34,5.82
OI0004686,ORD001566,PRD0099,8,16.05
OI0004687,ORD001566,PRD0096,15,78.52
OI0004688,ORD001567,PRD0053,26,122.42
OI0004689,ORD001568,PRD0075,24,173.74
OI0004690,ORD001568,PRD0055,31,122.67
OI0004691,ORD001568,PRD0125,10,149.25
OI0004692,ORD001569,PRD0135,32,148.62
OI0004693,ORD001569,PRD0117,4,90.73
OI0004694,ORD001569,PRD9999,4,149.08
OI0004695,ORD001569,PRD0117,17,90.73
OI0004696,ORD001570,PRD0090,31,72.4
OI0004697,ORD001570,PRD0030,2,101.78
OI0004698,ORD001570,PRD0041,2,74.92
OI0004699,ORD001570,PRD0135,16,148.62
OI0004700,ORD001571,PRD0135,12,148.62
OI0004701,ORD001571,PRD0049,15,178.36
OI0004702,ORD001571,PRD0095,32,72.24
OI0004703,ORD001571,PRD0076,2,28.95
OI0004704,ORD001571,PRD0058,36,182.31
OI0004705,ORD001572,PRD0022,16,35.83
OI0004706,ORD001573,PRD0148,34,127.25
OI0004707,ORD001573,PRD0006,4,140.22
OI0004708,ORD001573,PRD0064,6,230.86
OI0004709,ORD001573,PRD0144,37,190.91
OI0004710,ORD001573,PRD0123,17,236.61
OI0004711,ORD001574,PRD0120,18,91.06
OI0004712,ORD001575,PRD0023,17,138.23
OI0004713,ORD001575,PRD0129,17,171.21
OI0004714,ORD001575,PRD0005,18,143.43
OI0004715,ORD001575,PRD0043,4,154.31
OI0004716,ORD001575,PRD9999,5,150.98
OI0004717,ORD001576,PRD0109,7,119.42
OI0004718,ORD001576,PRD0056,28,107.05
OI0004719,ORD001577,PRD0096,16,78.52
OI0004720,ORD001577,PRD0148,12,127.25
OI0004721,ORD001578,PRD0042,3,34.49
OI0004722,ORD001579,PRD0118,19,113.75
OI0004723,ORD001579,PRD0016,18,191.36
OI0004724,ORD001579,PRD0003,39,72.4
OI0004725,ORD001579,PRD0095,5,72.24
OI0004726,ORD001579,PRD0072,9,230.67
OI0004727,ORD001580,PRD0037,31,226.8
OI0004728,ORD001580,PRD0068,39,29.13
OI0004729,ORD001580,PRD0020,21,7.41
OI0004730,ORD001580,PRD0135,34,148.62
OI0004731,ORD001580,PRD0105,26,220.36
OI0004732,ORD001581,PRD0053,36,122.42
OI0004733,ORD001581,PRD0077,3,121.36
OI0004734,ORD001581,PRD0125,16,149.25
OI0004735,ORD001581,PRD0085,1,63.68
OI0004736,ORD001582,PRD0127,36,116.1
OI0004737,ORD001582,PRD0090,14,72.4
OI0004738,ORD001583,PRD0063,12,139.58
OI0004739,ORD001584,PRD0011,35,190.23
OI0004740,ORD001585,PRD0054,12,58.91
OI0004741,ORD001585,PRD0098,40,38.66
OI0004742,ORD001585,PRD0106,2,22.39
OI0004743,ORD001585,PRD0002,6,172.3
OI0004744,ORD001585,PRD0092,29,57.63
OI0004745,ORD001586,PRD0024,26,87.52
OI0004746,ORD001587,PRD0106,38,22.39
OI0004747,ORD001587,PRD0046,26,105.44
OI0004748,ORD001587,PRD0044,13,142.63
OI0004749,ORD001587,PRD0004,35,27.44
OI0004750,ORD001587,PRD0063,5,139.58
OI0004751,ORD001588,PRD0120,10,91.06
OI0004752,ORD001588,PRD0111,35,83.5
OI0004753,ORD001589,PRD0039,40,41.02
OI0004754,ORD001589,PRD0110,32,237.89
OI0004755,ORD001590,PRD0080,21,78.97
OI0004756,ORD001590,PRD0093,2,66.58
OI0004757,ORD001590,PRD0032,31,206.97
OI0004758,ORD001591,PRD0001,26,115.82
OI0004759,ORD001591,PRD0130,25,40.15
OI0004760,ORD001591,PRD0098,10,38.66
OI0004761,ORD001591,PRD0051,24,24.49
OI0004762,ORD001592,PRD0004,37,27.44
OI0004763,ORD001593,PRD0104,29,165.96
OI0004764,ORD001593,PRD0122,19,18.49
OI0004765,ORD001593,PRD0069,12,54.19
OI0004766,ORD001593,PRD0131,26,31.12
OI0004767,ORD001594,PRD0141,6,106.53
OI0004768,ORD001594,PRD0124,23,45.26
OI0004769,ORD001594,PRD0103,31,124.22
OI0004770,ORD001594,PRD0091,7,175.98
OI0004771,ORD001594,PRD0067,21,172.46
OI0004772,ORD001595,PRD0084,13,40.42
OI0004773,ORD001595,PRD0042,6,34.49
OI0004774,ORD001595,PRD0139,6,18.24
OI0004775,ORD001595,PRD0035,23,236.05
OI0004776,ORD001595,PRD0018,28,211.58
OI0004777,ORD001596,PRD0106,17,22.39
OI0004778,ORD001597,PRD0033,16,49.71
OI0004779,ORD001597,PRD0029,22,203.27
OI0004780,ORD001597,PRD0037,1,226.8
OI0004781,ORD001597,PRD0030,10,101.78
OI0004782,ORD001598,PRD0128,25,123.35
OI0004783,ORD001598,PRD0135,22,148.62
OI0004784,ORD001598,PRD0084,37,40.42
OI0004785,ORD001599,PRD0078,9,105.62
OI0004786,ORD001599,PRD0013,38,202.19
OI0004787,ORD001600,PRD0032,30,206.97
OI0004788,ORD001600,PRD0106,10,22.39
OI0004789,ORD001600,PRD0065,14,120.88
OI0004790,ORD001600,PRD0104,16,165.96
OI0004791,ORD001600,PRD0015,19,31.62
OI0004792,ORD001601,PRD0025,11,79.83
OI0004793,ORD001601,PRD0010,5,6.66
OI0004794,ORD001601,PRD0065,15,120.88
OI0004795,ORD001601,PRD0116,29,227.68
OI0004796,ORD001602,PRD0017,36,191.07
OI0004797,ORD001602,PRD0140,6,180.3
OI0004798,ORD001602,PRD0090,2,72.4
OI0004799,ORD001602,PRD0011,38,190.23
OI0004800,ORD001602,PRD0143,38,205.5
OI0004801,ORD001603,PRD0109,39,119.42
OI0004802,ORD001603,PRD000,15,109.83
OI0004803,ORD001604,PRD0140,16,180.3
OI0004804,ORD001604,PRD0085,25,63.68
OI0004805,ORD001604,PRD0060,7,47.82
OI0004806,ORD001604,PRD0078,16,105.62
OI0004807,ORD001604,PRD0014,14,23.8
OI0004808,ORD001605,PRD0139,26,18.24
OI0004809,ORD001605,PRD0149,5,233.51
OI0004810,ORD001606,PRD0042,40,34.49
OI0004811,ORD001606,PRD0102,6,215.21
OI0004812,ORD001606,PRD0094,4,30.93
OI0004813,ORD001606,PRD0114,1,122.24
OI0004814,ORD001607,PRD0128,14,123.35
OI0004815,ORD001607,PRD0038,23,222.91
OI0004816,ORD001608,PRD0109,40,119.42
OI0004817,ORD001608,PRD0063,13,139.58
OI0004818,ORD001608,PRD0013,39,202.19
OI0004819,ORD001608,PRD0070,19,225.75
OI0004820,ORD001608,PRD0133,18,216.9
OI0004821,ORD001609,PRD0051,35,24.49
OI0004822,ORD001609,PRD0062,37,239.86
OI0004823,ORD001610,PRD0039,-21,41.02
OI0004824,ORD001610,PRD0128,32,123.35
OI0004825,ORD001610,PRD0139,-21,18.24
OI0004826,ORD001610,PRD0097,28,166.76
OI0004827,ORD001611,PRD0071,18,189.96
OI0004828,ORD001611,PRD0036,6,191.05
OI0004829,ORD001612,PRD0143,22,205.5
OI0004830,ORD001612,PRD0130,33,40.15
OI0004831,ORD001612,PRD0115,4,102.09
OI0004832,ORD001613,PRD0045,5,7.03
OI0004833,ORD001613,PRD0010,-16,6.66
OI0004834,ORD001614,PRD0120,12,91.06
OI0004835,ORD001614,PRD0045,36,7.03
OI0004836,ORD001614,PRD9999,34,99.15
OI0004837,ORD001615,PRD0091,37,175.98
OI0004838,ORD001616,PRD0103,14,124.22
OI0004839,ORD001616,PRD0064,36,230.86
OI0004840,ORD001617,PRD0115,25,102.09
OI0004841,ORD001617,PRD0129,1,171.21
OI0004842,ORD001617,PRD0129,21,171.21
OI0004843,ORD001617,PRD0119,13,39.29
OI0004844,ORD001617,PRD0124,31,45.26
OI0004845,ORD001618,PRD0116,15,227.68
OI0004846,ORD001618,PRD0067,15,172.46
OI0004847,ORD001618,PRD0074,23,95.86
OI0004848,ORD001619,PRD0140,23,180.3
OI0004849,ORD001620,PRD0048,22,221.86
OI0004850,ORD001620,PRD0121,33,231.51
OI0004851,ORD001620,PRD0143,17,205.5
OI0004852,ORD001620,PRD0149,16,233.51
OI0004853,ORD001620,PRD0131,14,31.12
OI0004854,ORD001621,PRD0110,24,237.89
OI0004855,ORD001621,PRD0128,27,123.35
OI0004856,ORD001621,PRD0127,10,116.1
OI0004857,ORD001621,PRD0016,11,191.36
OI0004858,ORD001622,PRD9999,17,220.59
OI0004859,ORD001622,PRD0096,20,78.52
OI0004860,ORD001622,PRD0068,7,29.13
OI0004861,ORD001622,PRD0103,33,124.22
OI0004862,ORD001623,PRD0135,14,148.62
OI0004863,ORD001623,PRD9999,23,149.14
OI0004864,ORD001623,PRD0031,37,30.67
OI0004865,ORD001623,PRD0117,14,90.73
OI0004866,ORD001624,PRD0088,32,54.55
OI0004867,ORD001624,PRD0062,3,239.86
OI0004868,ORD001625,PRD0042,5,34.49
OI0004869,ORD001625,PRD0050,7,176.43
OI0004870,ORD001625,PRD0063,39,139.58
OI0004871,ORD001625,PRD0141,6,106.53
OI0004872,ORD001625,PRD0121,29,231.51
OI0004873,ORD001626,PRD0029,40,203.27
OI0004874,ORD001626,PRD0111,11,83.5
OI0004875,ORD001626,PRD0069,9,54.19
OI0004876,ORD001627,PRD0122,21,18.49
OI0004877,ORD001627,PRD0011,8,190.23
OI0004878,ORD001628,PRD0069,5,54.19
OI0004879,ORD001628,PRD0074,21,95.86
OI0004880,ORD001628,PRD0119,16,39.29
OI0004881,ORD001628,PRD0123,32,236.61
OI0004882,ORD001628,PRD0051,22,24.49
OI0004883,ORD001629,PRD0127,32,116.1
OI0004884,ORD001629,PRD0093,19,66.58
OI0004885,ORD001629,PRD0102,37,215.21
OI0004886,ORD001630,PRD0088,39,54.55
OI0004887,ORD001630,PRD0068,20,29.13
OI0004888,ORD001630,PRD0093,-1,66.58
OI0004889,ORD001631,PRD0010,11,6.66
OI0004890,ORD001632,PRD0109,18,119.42
OI0004891,ORD001632,PRD999,30,38.6
OI0004892,ORD001632,PRD0107,19,140.4
OI0004893,ORD001632,PRD0097,29,166.76
OI0004894,ORD001632,PRD0039,19,41.02
OI0004895,ORD001633,PRD0063,19,139.58
OI0004896,ORD001633,PRD0102,21,215.21
OI0004897,ORD001633,PRD0118,29,113.75
OI0004898,ORD001633,PRD0083,7,19.93
OI0004899,ORD001633,PRD0105,9,220.36
OI0004900,ORD001634,PRD0091,40,175.98
OI0004901,ORD001635,PRD0067,3,172.46
OI0004902,ORD001635,PRD0066,27,106.81
OI0004903,ORD001635,PRD0075,40,173.74
OI0004904,ORD001635,PRD0016,4,191.36
OI0004905,ORD001635,PRD0040,26,179.3
OI0004906,ORD001636,PRD0064,9,230.86
OI0004907,ORD001636,PRD0128,30,123.35
OI0004908,ORD001636,PRD0057,25,163.07
OI0004909,ORD001636,PRD0124,9,45.26
OI0004910,ORD001637,PRD0106,7,22.39
OI0004911,ORD001637,PRD0120,39,91.06
OI0004912,ORD001637,PRD0003,2,72.4
OI0004913,ORD001637,PRD0094,24,30.93
OI0004914,ORD001637,PRD0059,36,201.86
OI0004915,ORD001638,PRD0147,37,123.59
OI0004916,ORD001638,PRD0023,4,138.23
OI0004917,ORD001638,PRD0138,34,105.95
OI0004918,ORD001639,PRD0036,29,191.05
OI0004919,ORD001639,PRD0030,34,101.78
OI0004920,ORD001639,PRD0096,32,78.52
OI0004921,ORD001640,PRD0067,8,172.46
OI0004922,ORD001641,PRD0067,21,172.46
OI0004923,ORD001641,PRD0025,9,79.83
OI0004924,ORD001641,PRD0036,10,191.05
OI0004925,ORD001641,PRD0030,30,101.78
OI0004926,ORD001642,PRD0150,9,124.38
OI0004927,ORD001643,PRD0139,7,18.24
OI0004928,ORD001643,PRD0149,21,233.51
OI0004929,ORD001643,PRD0024,29,87.52
OI0004930,ORD001644,PRD0065,33,120.88
OI0004931,ORD001644,PRD0081,21,47.37
OI0004932,ORD001644,PRD0126,8,35.6
OI0004933,ORD001645,PRD0024,5,87.52
OI0004934,ORD001645,PRD0098,-14,38.66
OI0004935,ORD001645,PRD0119,1,39.29
OI0004936,ORD001645,PRD0110,6,237.89
OI0004937,ORD001646,PRD0102,29,215.21
OI0004938,ORD001646,PRD0098,25,38.66
OI0004939,ORD001646,PRD0106,39,22.39
OI0004940,ORD001646,PRD0135,2,148.62
OI0004941,ORD001646,PRD0037,40,226.8
OI0004942,ORD001647,PRD0073,34,68.46
OI0004943,ORD001648,PRD0096,15,78.52
OI0004944,ORD001648,PRD0109,4,119.42
OI0004945,ORD001648,PRD0132,22,115.18
OI0004946,ORD001649,PRD0064,39,230.86
OI0004947,ORD001649,PRD0069,25,54.19
OI0004948,ORD001649,PRD0018,13,211.58
OI0004949,ORD001649,PRD0114,13,122.24
OI0004950,ORD001650,PRD0119,24,39.29
OI0004951,ORD001651,PRD0018,30,211.58
OI0004952,ORD001651,PRD0141,1,106.53
OI0004953,ORD001651,PRD0009,16,38.6
OI0004954,ORD001652,PRD0123,32,236.61
OI0004955,ORD001652,PRD0039,20,41.02
OI0004956,ORD001653,PRD0096,11,78.52
OI0004957,ORD001653,PRD0049,33,178.36
OI0004958,ORD001653,PRD0050,2,176.43
OI0004959,ORD001653,PRD0095,15,72.24
OI0004960,ORD001654,PRD0031,2,30.67
OI0004961,ORD001654,PRD0118,16,113.75
OI0004962,ORD001654,PRD0120,37,91.06
OI0004963,ORD001654,PRD0074,34,95.86
OI0004964,ORD001654,PRD0037,21,226.8
OI0004965,ORD001655,PRD0103,14,124.22
OI0004966,ORD001655,PRD0004,24,27.44
OI0004967,ORD001656,PRD0114,10,122.24
OI0004968,ORD001656,PRD0081,8,47.37
OI0004969,ORD001656,PRD0038,35,222.91
OI0004970,ORD001657,PRD0062,15,239.86
OI0004971,ORD001657,PRD0033,33,49.71
OI0004972,ORD001657,PRD0044,31,142.63
OI0004973,ORD001657,PRD0038,13,222.91
OI0004974,ORD001657,PRD0045,7,7.03
OI0004975,ORD001658,PRD0126,30,35.6
OI0004976,ORD001658,PRD0014,11,23.8
OI0004977,ORD001658,PRD0125,18,149.25
OI0004978,ORD001658,PRD0025,19,79.83
OI0004979,ORD001659,PRD0032,29,206.97
OI0004980,ORD001659,PRD0056,31,107.05
OI0004981,ORD001659,PRD0149,11,233.51
OI0004982,ORD001659,PRD0021,26,92.86
OI0004983,ORD001659,PRD0046,25,105.44
OI0004984,ORD001660,PRD0103,26,124.22
OI0004985,ORD001661,PRD0115,14,102.09
OI0004986,ORD001661,PRD0119,24,39.29
OI0004987,ORD001661,PRD0012,27,114.28
OI0004988,ORD001661,PRD0091,9,175.98
OI0004989,ORD001661,PRD0033,21,49.71
OI0004990,ORD001662,PRD0031,21,30.67
OI0004991,ORD001662,PRD0049,7,178.36
OI0004992,ORD001663,PRD0040,16,179.3
OI0004993,ORD001663,PRD0057,7,163.07
OI0004994,ORD001663,PRD0124,22,45.26
OI0004995,ORD001664,PRD0052,17,207.39
OI0004996,ORD001664,PRD0116,11,227.68
OI0004997,ORD001664,PRD0078,35,105.62
OI0004998,ORD001664,PRD0119,-37,39.29
OI0004999,ORD001664,PRD0027,19,38.21
OI0005000,ORD001665,PRD0128,5,123.35
OI0005001,ORD001665,PRD0098,37,38.66
OI0005002,ORD001665,PRD0075,35,173.74
OI0005003,ORD001665,PRD0006,20,140.22
OI0005004,ORD001665,PRD0142,2,15.65
OI0005005,ORD001666,PRD0096,35,78.52
OI0005006,ORD001666,PRD0061,30,123.38
OI0005007,ORD001666,PRD0101,8,119.36
OI0005008,ORD001666,PRD0037,18,226.8
OI0005009,ORD001666,PRD0001,14,115.82
OI0005010,ORD001667,PRD0047,7,157.02
OI0005011,ORD001667,PRD0024,8,87.52
OI0005012,ORD001668,PRD0093,24,66.58
OI0005013,ORD001668,PRD0106,24,22.39
OI0005014,ORD001669,PRD0016,34,191.36
OI0005015,ORD001669,PRD0064,39,230.86
OI0005016,ORD001669,PRD0099,33,16.05
OI0005017,ORD001670,PRD0011,9,190.23
OI0005018,ORD001670,PRD0035,38,236.05
OI0005019,ORD001670,PRD0092,32,57.63
OI0005020,ORD001670,PRD0040,8,179.3
OI0005021,ORD001671,PRD0061,36,123.38
OI0005022,ORD001671,PRD0143,26,205.5
OI0005023,ORD001671,PRD0114,40,122.24
OI0005024,ORD001671,PRD0074,5,95.86
OI0005025,ORD001671,PRD0058,37,182.31
OI0005026,ORD001672,PRD0053,34,122.42
OI0005027,ORD001672,PRD0003,30,72.4
OI0005028,ORD001672,PRD0148,13,127.25
OI0005029,ORD001672,PRD0005,23,143.43
OI0005030,ORD001672,PRD0078,39,105.62
OI0005031,ORD001673,PRD0138,38,105.95
OI0005032,ORD001673,PRD0032,10,206.97
OI0005033,ORD001674,PRD0148,4,127.25
OI0005034,ORD001674,PRD0054,18,58.91
OI0005035,ORD001675,PRD0070,27,225.75
OI0005036,ORD001675,PRD0127,26,116.1
OI0005037,ORD001676,PRD0033,10,49.71
OI0005038,ORD001676,PRD000,12,16.5
OI0005039,ORD001677,PRD0106,23,22.39
OI0005040,ORD001677,PRD0031,14,30.67
OI0005041,ORD001677,PRD0146,32,116.28
OI0005042,ORD001678,PRD0129,18,171.21
OI0005043,ORD001678,PRD0130,16,40.15
OI0005044,ORD001678,PRD0014,1,23.8
OI0005045,ORD001678,PRD0111,29,83.5
OI0005046,ORD001678,PRD0020,13,7.41
OI0005047,ORD001679,PRD0036,29,191.05
OI0005048,ORD001679,PRD0034,16,69.78
OI0005049,ORD001679,PRD0050,27,176.43
OI0005050,ORD001680,PRD0140,5,180.3
OI0005051,ORD001680,PRD0069,37,54.19
OI0005052,ORD001680,PRD0063,16,139.58
OI0005053,ORD001680,PRD0145,26,92.02
OI0005054,ORD001680,PRD0045,31,7.03
OI0005055,ORD001681,PRD0072,21,230.67
OI0005056,ORD001681,PRD0007,19,82.58
OI0005057,ORD001681,PRD0097,5,166.76
OI0005058,ORD001682,PRD0147,32,123.59
OI0005059,ORD001682,PRD0045,35,7.03
OI0005060,ORD001682,PRD0064,32,230.86
OI0005061,ORD001683,PRD0123,5,236.61
OI0005062,ORD001684,PRD0135,15,148.62
OI0005063,ORD001685,PRD0012,33,114.28
OI0005064,ORD001685,PRD0058,7,182.31
OI0005065,ORD001685,PRD0079,25,153.34
OI0005066,ORD001685,PRD0001,12,115.82
OI0005067,ORD001686,PRD0044,31,142.63
OI0005068,ORD001687,PRD0040,16,179.3
OI0005069,ORD001687,PRD0052,3,207.39
OI0005070,ORD001687,PRD0019,9,188.65
OI0005071,ORD001687,PRD0032,33,206.97
OI0005072,ORD001688,PRD0064,29,230.86
OI0005073,ORD001688,PRD0031,21,30.67
OI0005074,ORD001688,PRD0113,30,176.91
OI0005075,ORD001688,PRD0021,26,92.86
OI0005076,ORD001689,PRD0072,20,230.67
OI0005077,ORD001690,PRD0124,1,45.26
OI0005078,ORD001690,PRD0021,10,92.86
OI0005079,ORD001690,PRD0142,3,15.65
OI0005080,ORD001690,PRD0101,24,119.36
OI0005081,ORD001691,PRD0017,27,191.07
OI0005082,ORD001692,PRD0059,25,201.86
OI0005083,ORD001693,PRD0046,33,105.44
OI0005084,ORD001693,PRD0015,10,31.62
OI0005085,ORD001694,PRD0044,13,142.63
OI0005086,ORD001694,PRD0021,27,92.86
OI0005087,ORD001694,PRD0132,38,115.18
OI0005088,ORD001694,PRD0118,23,113.75
OI0005089,ORD001695,PRD0124,9,45.26
OI0005090,ORD001695,PRD0017,17,191.07
OI0005091,ORD001696,PRD0069,11,54.19
OI0005092,ORD001696,PRD0143,5,205.5
OI0005093,ORD001696,PRD0028,16,98.85
OI0005094,ORD001696,PRD0071,25,189.96
OI0005095,ORD001696,PRD0019,9,188.65
OI0005096,ORD001697,PRD0019,37,188.65
OI0005097,ORD001697,PRD0133,5,216.9
OI0005098,ORD001697,PRD0050,14,176.43
OI0005099,ORD001697,PRD0038,3,222.91
OI0005100,ORD001697,PRD0122,22,18.49
OI0005101,ORD001698,PRD0079,3,153.34
OI0005102,ORD001698,PRD0014,5,23.8
OI0005103,ORD001699,PRD0029,19,203.27
OI0005104,ORD001699,PRD0100,21,36.13
OI0005105,ORD001699,PRD0125,24,149.25
OI0005106,ORD001699,PRD0134,21,26.01
OI0005107,ORD001699,PRD0026,28,173.51
OI0005108,ORD001700,PRD0085,7,63.68
OI0005109,ORD001700,PRD0043,23,154.31
OI0005110,ORD001700,PRD0096,36,78.52
OI0005111,ORD001700,PRD0126,35,35.6
OI0005112,ORD001701,PRD0042,34,34.49
OI0005113,ORD001701,PRD0097,24,166.76
OI0005114,ORD001701,PRD0040,8,179.3
OI0005115,ORD001702,PRD0137,18,60.23
OI0005116,ORD001702,PRD0113,24,176.91
OI0005117,ORD001702,PRD0111,31,83.5
OI0005118,ORD001702,PRD0007,8,82.58
OI0005119,ORD001702,PRD0126,34,35.6
OI0005120,ORD001703,PRD0051,3,24.49
OI0005121,ORD001703,PRD9999,20,21.34
OI0005122,ORD001703,PRD0104,14,165.96
OI0005123,ORD001703,PRD0096,3,78.52
OI0005124,ORD001703,PRD0100,27,36.13
OI0005125,ORD001704,PRD0052,28,207.39
OI0005126,ORD001704,PRD0080,18,78.97
OI0005127,ORD001704,PRD0090,20,72.4
OI0005128,ORD001704,PRD0144,40,190.91
OI0005129,ORD001704,PRD0068,20,29.13
OI0005130,ORD001705,PRD0093,28,66.58
OI0005131,ORD001705,PRD0088,20,54.55
OI0005132,ORD001706,PRD0009,3,38.6
OI0005133,ORD001706,PRD0033,20,49.71
OI0005134,ORD001707,PRD0024,12,87.52
OI0005135,ORD001708,PRD0013,31,202.19
OI0005136,ORD001708,PRD0116,21,227.68
OI0005137,ORD001708,PRD0048,18,221.86
OI0005138,ORD001708,PRD0008,1,87.17
OI0005139,ORD001708,PRD0146,40,116.28
OI0005140,ORD001709,PRD0096,13,78.52
OI0005141,ORD001710,PRD0109,12,119.42
OI0005142,ORD001711,PRD0101,10,119.36
OI0005143,ORD001711,PRD0070,36,225.75
OI0005144,ORD001711,PRD0001,39,115.82
OI0005145,ORD001712,PRD0027,5,38.21
OI0005146,ORD001712,PRD000,2,126.7
OI0005147,ORD001712,PRD0118,38,113.75
OI0005148,ORD001712,PRD0017,13,191.07
OI0005149,ORD001713,PRD0009,25,38.6
OI0005150,ORD001713,PRD000,15,71.62
OI0005151,ORD001714,PRD0139,23,18.24
OI0005152,ORD001714,PRD0035,3,236.05
OI0005153,ORD001714,PRD0009,38,38.6
OI0005154,ORD001714,PRD0090,30,72.4
OI0005155,ORD001715,PRD0147,37,123.59
OI0005156,ORD001715,PRD000,12,102.17
OI0005157,ORD001715,PRD0037,20,226.8
OI0005158,ORD001715,PRD0129,40,171.21
OI0005159,ORD001716,PRD0047,19,157.02
OI0005160,ORD001716,PRD0019,22,188.65
OI0005161,ORD001716,PRD0004,12,27.44
OI0005162,ORD001717,PRD0028,21,98.85
OI0005163,ORD001717,PRD0104,4,165.96
OI0005164,ORD001717,PRD0030,10,101.78
OI0005165,ORD001717,PRD0117,24,90.73
OI0005166,ORD001718,PRD0086,35,218.7
OI0005167,ORD001718,PRD0107,1,140.4
OI0005168,ORD001718,PRD0074,2,95.86
OI0005169,ORD001718,PRD0136,15,5.82
OI0005170,ORD001718,PRD0129,20,171.21
OI0005171,ORD001719,PRD0091,26,175.98
OI0005172,ORD001719,PRD0096,6,78.52
OI0005173,ORD001719,PRD0034,1,69.78
OI0005174,ORD001720,PRD0055,39,122.67
OI0005175,ORD001720,PRD0133,26,216.9
OI0005176,ORD001720,PRD0085,33,63.68
OI0005177,ORD001720,PRD0020,9,7.41
OI0005178,ORD001721,PRD0079,-5,153.34
OI0005179,ORD001721,PRD0007,3,82.58
OI0005180,ORD001721,PRD0021,39,92.86
OI0005181,ORD001721,PRD0036,36,191.05
OI0005182,ORD001721,PRD0070,18,225.75
OI0005183,ORD001722,PRD0140,22,180.3
OI0005184,ORD001722,PRD0010,26,6.66
OI0005185,ORD001722,PRD0060,1,47.82
OI0005186,ORD001722,PRD0052,3,207.39
OI0005187,ORD001723,PRD0035,19,236.05
OI0005188,ORD001723,PRD0045,22,7.03
OI0005189,ORD001723,PRD0021,23,92.86
OI0005190,ORD001724,PRD0024,14,87.52
OI0005191,ORD001724,PRD0113,25,176.91
OI0005192,ORD001724,PRD0007,3,82.58
OI0005193,ORD001724,PRD0100,34,36.13
OI0005194,ORD001725,PRD0078,25,105.62
OI0005195,ORD001725,PRD0072,28,230.67
OI0005196,ORD001726,PRD0100,6,36.13
OI0005197,ORD001726,PRD0037,3,226.8
OI0005198,ORD001726,PRD0020,12,7.41
OI0005199,ORD001727,PRD9999,10,203.23
OI0005200,ORD001727,PRD0115,37,102.09
OI0005201,ORD001728,PRD0024,40,87.52
OI0005202,ORD001729,PRD0138,12,105.95
OI0005203,ORD001729,PRD0027,3,38.21
OI0005204,ORD001729,PRD0079,34,153.34
OI0005205,ORD001729,PRD0135,38,148.62
OI0005206,ORD001730,PRD0024,29,87.52
OI0005207,ORD001730,PRD0123,32,236.61
OI0005208,ORD001730,PRD0066,14,106.81
OI0005209,ORD001730,PRD999,39,12.58
OI0005210,ORD001730,PRD0092,22,57.63
OI0005211,ORD001731,PRD0098,25,38.66
OI0005212,ORD001731,PRD0021,34,92.86
OI0005213,ORD001731,PRD0022,13,35.83
OI0005214,ORD001731,PRD0122,8,18.49
OI0005215,ORD001731,PRD0093,9,66.58
OI0005216,ORD001732,PRD0110,11,237.89
OI0005217,ORD001733,PRD0139,5,18.24
OI0005218,ORD001733,PRD0065,6,120.88
OI0005219,ORD001733,PRD0065,9,120.88
OI0005220,ORD001734,PRD0108,40,29.96
OI0005221,ORD001734,PRD0013,23,202.19
OI0005222,ORD001734,PRD0056,20,107.05
OI0005223,ORD001734,PRD0078,4,105.62
OI0005224,ORD001734,PRD0045,39,7.03
OI0005225,ORD001735,PRD0003,36,72.4
OI0005226,ORD001735,PRD0091,3,175.98
OI0005227,ORD001736,PRD0071,33,189.96
OI0005228,ORD001737,PRD0077,30,121.36
OI0005229,ORD001737,PRD0120,9,91.06
OI0005230,ORD001737,PRD0037,31,226.8
OI0005231,ORD001737,PRD0001,5,115.82
OI0005232,ORD001738,PRD0112,12,160.95
OI0005233,ORD001738,PRD0069,36,54.19
OI0005234,ORD001738,PRD0124,12,45.26
OI0005235,ORD001738,PRD0096,4,78.52
OI0005236,ORD001739,PRD0136,21,5.82
OI0005237,ORD001739,PRD0121,5,231.51
OI0005238,ORD001739,PRD0001,31,115.82
OI0005239,ORD001740,PRD0034,1,69.78
OI0005240,ORD001740,PRD0149,8,233.51
OI0005241,ORD001740,PRD0016,5,191.36
OI0005242,ORD001740,PRD9999,22,38.68
OI0005243,ORD001740,PRD0117,4,90.73
OI0005244,ORD001741,PRD999,40,239.07
OI0005245,ORD001741,PRD0101,39,119.36
OI0005246,ORD001741,PRD0067,40,172.46
OI0005247,ORD001742,PRD0101,15,119.36
OI0005248,ORD001742,PRD0115,14,102.09
OI0005249,ORD001742,PRD0106,14,22.39
OI0005250,ORD001742,PRD0065,5,120.88
OI0005251,ORD001743,PRD0104,25,165.96
OI0005252,ORD001743,PRD0071,27,189.96
OI0005253,ORD001743,PRD0150,40,124.38
OI0005254,ORD001743,PRD0002,11,172.3
OI0005255,ORD001744,PRD0048,22,221.86
OI0005256,ORD001745,PRD0103,22,124.22
OI0005257,ORD001745,PRD0045,19,7.03
OI0005258,ORD001745,PRD0107,30,140.4
OI0005259,ORD001745,PRD0114,10,122.24
OI0005260,ORD001745,PRD0098,10,38.66
OI0005261,ORD001746,PRD0140,24,180.3
OI0005262,ORD001746,PRD0065,31,120.88
OI0005263,ORD001746,PRD0078,10,105.62
OI0005264,ORD001747,PRD0139,37,18.24
OI0005265,ORD001747,PRD0024,15,87.52
OI0005266,ORD001747,PRD0145,18,92.02
OI0005267,ORD001747,PRD0024,18,87.52
OI0005268,ORD001747,PRD0058,15,182.31
OI0005269,ORD001748,PRD0090,13,72.4
OI0005270,ORD001748,PRD0051,18,24.49
OI0005271,ORD001748,PRD000,36,13.1
OI0005272,ORD001748,PRD9999,38,54.47
OI0005273,ORD001749,PRD0133,35,216.9
OI0005274,ORD001750,PRD0006,39,140.22
OI0005275,ORD001751,PRD0112,13,160.95
OI0005276,ORD001751,PRD0038,22,222.91
OI0005277,ORD001751,PRD0100,27,36.13
OI0005278,ORD001751,PRD0110,17,237.89
OI0005279,ORD001752,PRD0116,14,227.68
OI0005280,ORD001752,PRD999,35,162.04
OI0005281,ORD001752,PRD0006,29,140.22
OI0005282,ORD001752,PRD0044,37,142.63
OI0005283,ORD001752,PRD0028,37,98.85
OI0005284,ORD001753,PRD0065,29,120.88
OI0005285,ORD001753,PRD0047,33,157.02
OI0005286,ORD001754,PRD0066,31,106.81
OI0005287,ORD001754,PRD0066,36,106.81
OI0005288,ORD001754,PRD9999,28,121.6
OI0005289,ORD001754,PRD0138,37,105.95
OI0005290,ORD001754,PRD0083,20,19.93
OI0005291,ORD001755,PRD0138,27,105.95
OI0005292,ORD001755,PRD0006,34,140.22
OI0005293,ORD001756,PRD0119,2,39.29
OI0005294,ORD001757,PRD0082,26,109.81
OI0005295,ORD001758,PRD0060,10,47.82
OI0005296,ORD001758,PRD0035,11,236.05
OI0005297,ORD001758,PRD0043,40,154.31
OI0005298,ORD001759,PRD0001,10,115.82
OI0005299,ORD001760,PRD0091,27,175.98
OI0005300,ORD001761,PRD0120,15,91.06
OI0005301,ORD001762,PRD0141,9,106.53
OI0005302,ORD001763,PRD0063,12,139.58
OI0005303,ORD001763,PRD0111,11,83.5
OI0005304,ORD001763,PRD0113,14,176.91
OI0005305,ORD001763,PRD0062,28,239.86
OI0005306,ORD001763,PRD0145,35,92.02
OI0005307,ORD001764,PRD0030,-36,101.78
OI0005308,ORD001764,PRD0026,4,173.51
OI0005309,ORD001764,PRD0014,37,23.8
OI0005310,ORD001764,PRD0139,18,18.24
OI0005311,ORD001764,PRD0006,22,140.22
OI0005312,ORD001765,PRD0006,36,140.22
OI0005313,ORD001765,PRD0138,28,105.95
OI0005314,ORD001766,PRD0079,4,153.34
OI0005315,ORD001767,PRD0019,31,188.65
OI0005316,ORD001767,PRD0095,22,72.24
OI0005317,ORD001767,PRD0067,32,172.46
OI0005318,ORD001767,PRD0074,8,95.86
OI0005319,ORD001767,PRD0027,5,38.21
OI0005320,ORD001768,PRD0133,32,216.9
OI0005321,ORD001768,PRD0136,37,5.82
OI0005322,ORD001768,PRD0002,15,172.3
OI0005323,ORD001768,PRD0114,-37,122.24
OI0005324,ORD001769,PRD0030,24,101.78
OI0005325,ORD001770,PRD0015,21,31.62
OI0005326,ORD001770,PRD0037,36,226.8
OI0005327,ORD001771,PRD0139,12,18.24
OI0005328,ORD001772,PRD0035,7,236.05
OI0005329,ORD001772,PRD0076,10,28.95
OI0005330,ORD001772,PRD0008,24,87.17
OI0005331,ORD001772,PRD0126,21,35.6
OI0005332,ORD001773,PRD0008,16,87.17
OI0005333,ORD001774,PRD0058,32,182.31
OI0005334,ORD001774,PRD0110,22,237.89
OI0005335,ORD001774,PRD0111,18,83.5
OI0005336,ORD001775,PRD0069,29,54.19
OI0005337,ORD001775,PRD0024,23,87.52
OI0005338,ORD001775,PRD0140,19,180.3
OI0005339,ORD001776,PRD0061,16,123.38
OI0005340,ORD001776,PRD0037,2,226.8
OI0005341,ORD001776,PRD0070,36,225.75
OI0005342,ORD001776,PRD0109,40,119.42
OI0005343,ORD001777,PRD0097,17,166.76
OI0005344,ORD001777,PRD0033,36,49.71
OI0005345,ORD001777,PRD0066,15,106.81
OI0005346,ORD001777,PRD0058,10,182.31
OI0005347,ORD001778,PRD0065,13,120.88
OI0005348,ORD001778,PRD0026,28,173.51
OI0005349,ORD001779,PRD0075,37,173.74
OI0005350,ORD001779,PRD0064,40,230.86
OI0005351,ORD001780,PRD0066,17,106.81
OI0005352,ORD001780,PRD000,23,14.16
OI0005353,ORD001780,PRD0150,27,124.38
OI0005354,ORD001780,PRD9999,31,23.83
OI0005355,ORD001781,PRD0003,8,72.4
OI0005356,ORD001781,PRD0009,28,38.6
OI0005357,ORD001782,PRD0099,8,16.05
OI0005358,ORD001782,PRD0019,25,188.65
OI0005359,ORD001783,PRD0122,14,18.49
OI0005360,ORD001783,PRD0034,23,69.78
OI0005361,ORD001784,PRD0036,2,191.05
OI0005362,ORD001784,PRD0062,33,239.86
OI0005363,ORD001785,PRD0123,33,236.61
OI0005364,ORD001785,PRD0106,-16,22.39
OI0005365,ORD001785,PRD0088,38,54.55
OI0005366,ORD001785,PRD0131,2,31.12
OI0005367,ORD001786,PRD0101,37,119.36
OI0005368,ORD001786,PRD0021,6,92.86
OI0005369,ORD001786,PRD0083,7,19.93
OI0005370,ORD001786,PRD0060,21,47.82
OI0005371,ORD001787,PRD0066,2,106.81
OI0005372,ORD001787,PRD0112,14,160.95
OI0005373,ORD001787,PRD0051,17,24.49
OI0005374,ORD001787,PRD0061,20,123.38
OI0005375,ORD001788,PRD0090,1,72.4
OI0005376,ORD001789,PRD0027,35,38.21
OI0005377,ORD001790,PRD0014,-32,23.8
OI0005378,ORD001790,PRD0122,34,18.49
OI0005379,ORD001790,PRD0068,20,29.13
OI0005380,ORD001791,PRD0042,28,34.49
OI0005381,ORD001791,PRD0020,1,7.41
OI0005382,ORD001791,PRD0006,4,140.22
OI0005383,ORD001791,PRD0125,32,149.25
OI0005384,ORD001792,PRD0048,16,221.86
OI0005385,ORD001792,PRD0011,8,190.23
OI0005386,ORD001792,PRD0088,12,54.55
OI0005387,ORD001792,PRD0074,27,95.86
OI0005388,ORD001792,PRD0116,32,227.68
OI0005389,ORD001793,PRD0047,2,157.02
OI0005390,ORD001793,PRD0059,8,201.86
OI0005391,ORD001794,PRD0015,20,31.62
OI0005392,ORD001794,PRD0137,35,60.23
OI0005393,ORD001794,PRD0043,8,154.31
OI0005394,ORD001795,PRD0107,-9,140.4
OI0005395,ORD001796,PRD0149,25,233.51
OI0005396,ORD001797,PRD0085,15,63.68
OI0005397,ORD001797,PRD0113,24,176.91
OI0005398,ORD001797,PRD0054,6,58.91
OI0005399,ORD001797,PRD0022,18,35.83
OI0005400,ORD001798,PRD0037,2,226.8
OI0005401,ORD001798,PRD0044,36,142.63
OI0005402,ORD001799,PRD0032,18,206.97
OI0005403,ORD001799,PRD0129,5,171.21
OI0005404,ORD001799,PRD0132,33,115.18
OI0005405,ORD001799,PRD0140,21,180.3
OI0005406,ORD001800,PRD0093,9,66.58
OI0005407,ORD001800,PRD0073,36,68.46
OI0005408,ORD001800,PRD0006,15,140.22
OI0005409,ORD001801,PRD0065,19,120.88
OI0005410,ORD001801,PRD0038,32,222.91
OI0005411,ORD001801,PRD0054,1,58.91
OI0005412,ORD001801,PRD0024,21,87.52
OI0005413,ORD001802,PRD0028,8,98.85
OI0005414,ORD001802,PRD0010,36,6.66
OI0005415,ORD001802,PRD0018,28,211.58
OI0005416,ORD001803,PRD0099,3,16.05
OI0005417,ORD001803,PRD0025,15,79.83
OI0005418,ORD001804,PRD0046,7,105.44
OI0005419,ORD001805,PRD0099,20,16.05
OI0005420,ORD001805,PRD0052,14,207.39
OI0005421,ORD001805,PRD0076,38,28.95
OI0005422,ORD001806,PRD0137,13,60.23
OI0005423,ORD001806,PRD0033,5,49.71
OI0005424,ORD001806,PRD0091,7,175.98
OI0005425,ORD001807,PRD0055,24,122.67
OI0005426,ORD001807,PRD0075,27,173.74
OI0005427,ORD001807,PRD0009,28,38.6
OI0005428,ORD001807,PRD0001,32,115.82
OI0005429,ORD001808,PRD0052,31,207.39
OI0005430,ORD001808,PRD0037,33,226.8
OI0005431,ORD001808,PRD0056,20,107.05
OI0005432,ORD001809,PRD0119,24,39.29
OI0005433,ORD001809,PRD0136,31,5.82
OI0005434,ORD001809,PRD0032,13,206.97
OI0005435,ORD001810,PRD0118,19,113.75
OI0005436,ORD001811,PRD0144,15,190.91
OI0005437,ORD001811,PRD0004,35,27.44
OI0005438,ORD001812,PRD0090,9,72.4
OI0005439,ORD001812,PRD0075,3,173.74
OI0005440,ORD001813,PRD0018,18,211.58
OI0005441,ORD001813,PRD0057,26,163.07
OI0005442,ORD001813,PRD0026,32,173.51
OI0005443,ORD001814,PRD0120,4,91.06
OI0005444,ORD001815,PRD9999,33,149.76
OI0005445,ORD001815,PRD0087,35,40.72
OI0005446,ORD001815,PRD0092,17,57.63
OI0005447,ORD001815,PRD0122,33,18.49
OI0005448,ORD001815,PRD0125,7,149.25
OI0005449,ORD001816,PRD0092,12,57.63
OI0005450,ORD001816,PRD0143,19,205.5
OI0005451,ORD001816,PRD0067,39,172.46
OI0005452,ORD001816,PRD0146,8,116.28
OI0005453,ORD001817,PRD0062,9,239.86
OI0005454,ORD001817,PRD0076,11,28.95
OI0005455,ORD001817,PRD0003,39,72.4
OI0005456,ORD001817,PRD0021,28,92.86
OI0005457,ORD001818,PRD0144,19,190.91
OI0005458,ORD001818,PRD0129,17,171.21
OI0005459,ORD001818,PRD0023,1,138.23
OI0005460,ORD001818,PRD0083,9,19.93
OI0005461,ORD001818,PRD0103,39,124.22
OI0005462,ORD001819,PRD0047,20,157.02
OI0005463,ORD001819,PRD0054,29,58.91
OI0005464,ORD001819,PRD0138,7,105.95
OI0005465,ORD001820,PRD0063,27,139.58
OI0005466,ORD001821,PRD0029,40,203.27
OI0005467,ORD001821,PRD0004,36,27.44
OI0005468,ORD001821,PRD0116,34,227.68
OI0005469,ORD001821,PRD0137,8,60.23
OI0005470,ORD001821,PRD0132,10,115.18
OI0005471,ORD001822,PRD0148,16,127.25
OI0005472,ORD001823,PRD0109,29,119.42
OI0005473,ORD001823,PRD0057,22,163.07
OI0005474,ORD001823,PRD0097,15,166.76
OI0005475,ORD001823,PRD0124,37,45.26
OI0005476,ORD001823,PRD0037,38,226.8
OI0005477,ORD001824,PRD0128,3,123.35
OI0005478,ORD001824,PRD0050,8,176.43
OI0005479,ORD001824,PRD0065,28,120.88
OI0005480,ORD001824,PRD0118,8,113.75
OI0005481,ORD001825,PRD0114,34,122.24
OI0005482,ORD001825,PRD0102,18,215.21
OI0005483,ORD001825,PRD0076,32,28.95
OI0005484,ORD001826,PRD0059,39,201.86
OI0005485,ORD001827,PRD0001,3,115.82
OI0005486,ORD001828,PRD0103,22,124.22
OI0005487,ORD001828,PRD9999,28,228.12
OI0005488,ORD001829,PRD0147,27,123.59
OI0005489,ORD001830,PRD0069,36,54.19
OI0005490,ORD001830,PRD0091,28,175.98
OI0005491,ORD001830,PRD0017,7,191.07
OI0005492,ORD001830,PRD0108,37,29.96
OI0005493,ORD001831,PRD0146,37,116.28
OI0005494,ORD001831,PRD0100,12,36.13
OI0005495,ORD001831,PRD0036,38,191.05
OI0005496,ORD001832,PRD0060,27,47.82
OI0005497,ORD001833,PRD0002,29,172.3
OI0005498,ORD001833,PRD0094,30,30.93
OI0005499,ORD001833,PRD0087,37,40.72
OI0005500,ORD001833,PRD0070,34,225.75
OI0005501,ORD001834,PRD0059,14,201.86
OI0005502,ORD001834,PRD0136,9,5.82
OI0005503,ORD001835,PRD0061,18,123.38
OI0005504,ORD001835,PRD0072,19,230.67
OI0005505,ORD001835,PRD0048,30,221.86
OI0005506,ORD001835,PRD0101,7,119.36
OI0005507,ORD001835,PRD0110,5,237.89
OI0005508,ORD001836,PRD0021,4,92.86
OI0005509,ORD001836,PRD0001,3,115.82
OI0005510,ORD001836,PRD0094,17,30.93
OI0005511,ORD001836,PRD0031,19,30.67
OI0005512,ORD001837,PRD0140,20,180.3
OI0005513,ORD001837,PRD0090,7,72.4
OI0005514,ORD001837,PRD0139,17,18.24
OI0005515,ORD001837,PRD0140,31,180.3
OI0005516,ORD001837,PRD0124,39,45.26
OI0005517,ORD001838,PRD0015,-13,31.62
OI0005518,ORD001838,PRD0005,37,143.43
OI0005519,ORD001839,PRD0003,35,72.4
OI0005520,ORD001839,PRD0146,12,116.28
OI0005521,ORD001839,PRD0060,28,47.82
OI0005522,ORD001839,PRD0055,13,122.67
OI0005523,ORD001840,PRD0054,37,58.91
OI0005524,ORD001840,PRD0093,10,66.58
OI0005525,ORD001840,PRD0082,18,109.81
OI0005526,ORD001840,PRD0149,30,233.51
OI0005527,ORD001840,PRD0132,19,115.18
OI0005528,ORD001841,PRD0050,34,176.43
OI0005529,ORD001841,PRD0106,35,22.39
OI0005530,ORD001841,PRD0038,21,222.91
OI0005531,ORD001841,PRD0092,30,57.63
OI0005532,ORD001842,PRD0074,-6,95.86
OI0005533,ORD001842,PRD0095,18,72.24
OI0005534,ORD001842,PRD0058,4,182.31
OI0005535,ORD001842,PRD0122,18,18.49
OI0005536,ORD001843,PRD0089,27,150.86
OI0005537,ORD001843,PRD0121,-35,231.51
OI0005538,ORD001843,PRD0146,32,116.28
OI0005539,ORD001843,PRD0086,25,218.7
OI0005540,ORD001844,PRD0078,7,105.62
OI0005541,ORD001844,PRD0006,7,140.22
OI0005542,ORD001844,PRD0073,17,68.46
OI0005543,ORD001844,PRD0063,7,139.58
OI0005544,ORD001844,PRD0105,35,220.36
OI0005545,ORD001845,PRD0029,18,203.27
OI0005546,ORD001845,PRD0097,29,166.76
OI0005547,ORD001846,PRD0104,3,165.96
OI0005548,ORD001847,PRD0011,5,190.23
OI0005549,ORD001847,PRD0039,14,41.02
OI0005550,ORD001847,PRD0115,14,102.09
OI0005551,ORD001848,PRD0089,22,150.86
OI0005552,ORD001848,PRD0031,3,30.67
OI0005553,ORD001848,PRD0041,29,74.92
OI0005554,ORD001848,PRD0067,33,172.46
OI0005555,ORD001848,PRD0075,11,173.74
OI0005556,ORD001849,PRD0099,13,16.05
OI0005557,ORD001849,PRD0073,15,68.46
OI0005558,ORD001849,PRD0113,18,176.91
OI0005559,ORD001850,PRD0026,36,173.51
OI0005560,ORD001850,PRD0008,10,87.17
OI0005561,ORD001851,PRD0115,18,102.09
OI0005562,ORD001851,PRD0010,14,6.66
OI0005563,ORD001851,PRD0078,35,105.62
OI0005564,ORD001852,PRD0045,2,7.03
OI0005565,ORD001853,PRD0118,16,113.75
OI0005566,ORD001853,PRD0006,3,140.22
OI0005567,ORD001854,PRD0049,23,178.36
OI0005568,ORD001854,PRD0038,39,222.91
OI0005569,ORD001854,PRD0093,3,66.58
OI0005570,ORD001855,PRD0126,23,35.6
OI0005571,ORD001855,PRD0031,28,30.67
OI0005572,ORD001855,PRD0005,35,143.43
OI0005573,ORD001856,PRD0051,10,24.49
OI0005574,ORD001856,PRD0070,9,225.75
OI0005575,ORD001856,PRD9999,35,193.51
OI0005576,ORD001856,PRD0145,15,92.02
OI0005577,ORD001857,PRD0046,19,105.44
OI0005578,ORD001857,PRD0039,6,41.02
OI0005579,ORD001857,PRD0098,14,38.66
OI0005580,ORD001857,PRD0012,24,114.28
OI0005581,ORD001858,PRD0037,34,226.8
OI0005582,ORD001859,PRD0009,27,38.6
OI0005583,ORD001859,PRD0016,19,191.36
OI0005584,ORD001859,PRD0086,13,218.7
OI0005585,ORD001859,PRD0139,1,18.24
OI0005586,ORD001860,PRD0067,24,172.46
OI0005587,ORD001861,PRD0060,20,47.82
OI0005588,ORD001862,PRD0023,24,138.23
OI0005589,ORD001863,PRD0135,19,148.62
OI0005590,ORD001864,PRD0020,13,7.41
OI0005591,ORD001865,PRD0027,14,38.21
OI0005592,ORD001865,PRD0082,22,109.81
OI0005593,ORD001865,PRD0050,19,176.43
OI0005594,ORD001866,PRD0030,38,101.78
OI0005595,ORD001866,PRD0131,12,31.12
OI0005596,ORD001866,PRD0130,32,40.15
OI0005597,ORD001866,PRD0149,38,233.51
OI0005598,ORD001866,PRD0101,-33,119.36
OI0005599,ORD001867,PRD0043,25,154.31
OI0005600,ORD001867,PRD0038,5,222.91
OI0005601,ORD001868,PRD0048,15,221.86
OI0005602,ORD001868,PRD0112,18,160.95
OI0005603,ORD001868,PRD0094,25,30.93
OI0005604,ORD001869,PRD0081,9,47.37
OI0005605,ORD001870,PRD0139,36,18.24
OI0005606,ORD001871,PRD0073,21,68.46
OI0005607,ORD001872,PRD0095,26,72.24
OI0005608,ORD001872,PRD0067,31,172.46
OI0005609,ORD001872,PRD0049,15,178.36
OI0005610,ORD001872,PRD0120,-9,91.06
OI0005611,ORD001873,PRD0146,-17,116.28
OI0005612,ORD001873,PRD0035,9,236.05
OI0005613,ORD001873,PRD0101,7,119.36
OI0005614,ORD001873,PRD0023,5,138.23
OI0005615,ORD001873,PRD0046,16,105.44
OI0005616,ORD001874,PRD0068,38,29.13
OI0005617,ORD001875,PRD0072,7,230.67
OI0005618,ORD001876,PRD0049,9,178.36
OI0005619,ORD001876,PRD0140,2,180.3
OI0005620,ORD001876,PRD0139,21,18.24
OI0005621,ORD001876,PRD0025,39,79.83
OI0005622,ORD001876,PRD0123,13,236.61
OI0005623,ORD001877,PRD0111,25,83.5
OI0005624,ORD001877,PRD0149,17,233.51
OI0005625,ORD001877,PRD0044,25,142.63
OI0005626,ORD001878,PRD0049,10,178.36
OI0005627,ORD001878,PRD0123,10,236.61
OI0005628,ORD001878,PRD0148,25,127.25
OI0005629,ORD001879,PRD0094,18,30.93
OI0005630,ORD001880,PRD0062,13,239.86
OI0005631,ORD001880,PRD0083,25,19.93
OI0005632,ORD001880,PRD0075,11,173.74
OI0005633,ORD001880,PRD0062,19,239.86
OI0005634,ORD001880,PRD0102,33,215.21
OI0005635,ORD001881,PRD0055,39,122.67
OI0005636,ORD001881,PRD0053,-21,122.42
OI0005637,ORD001882,PRD0087,-23,40.72
OI0005638,ORD001882,PRD9999,2,48.93
OI0005639,ORD001882,PRD0125,15,149.25
OI0005640,ORD001883,PRD0140,23,180.3
OI0005641,ORD001883,PRD0020,9,7.41
OI0005642,ORD001883,PRD0067,15,172.46
OI0005643,ORD001884,PRD0096,2,78.52
OI0005644,ORD001885,PRD0028,20,98.85
OI0005645,ORD001885,PRD0092,28,57.63
OI0005646,ORD001886,PRD0131,32,31.12
OI0005647,ORD001886,PRD0038,28,222.91
OI0005648,ORD001886,PRD0028,3,98.85
OI0005649,ORD001887,PRD0022,18,35.83
OI0005650,ORD001887,PRD0077,33,121.36
OI0005651,ORD001888,PRD0102,18,215.21
OI0005652,ORD001888,PRD0118,28,113.75
OI0005653,ORD001888,PRD0074,29,95.86
OI0005654,ORD001888,PRD0036,27,191.05
OI0005655,ORD001889,PRD0012,4,114.28
OI0005656,ORD001889,PRD0125,17,149.25
OI0005657,ORD001889,PRD0116,14,227.68
OI0005658,ORD001889,PRD0015,13,31.62
OI0005659,ORD001890,PRD0051,5,24.49
OI0005660,ORD001890,PRD0125,30,149.25
OI0005661,ORD001890,PRD0110,17,237.89
OI0005662,ORD001890,PRD0021,15,92.86
OI0005663,ORD001890,PRD0102,20,215.21
OI0005664,ORD001891,PRD0074,3,95.86
OI0005665,ORD001891,PRD0108,1,29.96
OI0005666,ORD001891,PRD0087,24,40.72
OI0005667,ORD001891,PRD0031,24,30.67
OI0005668,ORD001892,PRD0056,27,107.05
OI0005669,ORD001892,PRD0121,26,231.51
OI0005670,ORD001892,PRD0138,37,105.95
OI0005671,ORD001892,PRD0089,13,150.86
OI0005672,ORD001893,PRD0136,26,5.82
OI0005673,ORD001893,PRD0017,16,191.07
OI0005674,ORD001893,PRD0107,13,140.4
OI0005675,ORD001893,PRD0101,18,119.36
OI0005676,ORD001893,PRD0025,25,79.83
OI0005677,ORD001894,PRD0124,20,45.26
OI0005678,ORD001894,PRD0052,22,207.39
OI0005679,ORD001894,PRD0024,7,87.52
OI0005680,ORD001894,PRD0009,28,38.6
OI0005681,ORD001895,PRD0023,5,138.23
OI0005682,ORD001895,PRD0082,18,109.81
OI0005683,ORD001895,PRD0048,10,221.86
OI0005684,ORD001895,PRD0026,23,173.51
OI0005685,ORD001895,PRD0059,5,201.86
OI0005686,ORD001896,PRD0016,22,191.36
OI0005687,ORD001896,PRD0134,14,26.01
OI0005688,ORD001896,PRD0066,31,106.81
OI0005689,ORD001896,PRD0114,1,122.24
OI0005690,ORD001896,PRD0021,14,92.86
OI0005691,ORD001897,PRD0107,33,140.4
OI0005692,ORD001897,PRD0099,20,16.05
OI0005693,ORD001897,PRD0012,24,114.28
OI0005694,ORD001897,PRD0072,39,230.67
OI0005695,ORD001897,PRD0016,13,191.36
OI0005696,ORD001898,PRD0109,9,119.42
OI0005697,ORD001898,PRD0046,38,105.44
OI0005698,ORD001898,PRD0022,25,35.83
OI0005699,ORD001898,PRD0124,33,45.26
OI0005700,ORD001898,PRD0052,37,207.39
OI0005701,ORD001899,PRD0034,31,69.78
OI0005702,ORD001899,PRD0102,3,215.21
OI0005703,ORD001899,PRD0142,16,15.65
OI0005704,ORD001899,PRD0083,22,19.93
OI0005705,ORD001900,PRD0062,20,239.86
OI0005706,ORD001900,PRD0111,16,83.5
OI0005707,ORD001901,PRD0044,39,142.63
OI0005708,ORD001901,PRD0049,1,178.36
OI0005709,ORD001901,PRD0076,1,28.95
OI0005710,ORD001901,PRD0023,7,138.23
OI0005711,ORD001901,PRD0099,14,16.05
OI0005712,ORD001902,PRD0028,24,98.85
OI0005713,ORD001902,PRD0035,28,236.05
OI0005714,ORD001902,PRD0147,2,123.59
OI0005715,ORD001903,PRD0061,32,123.38
OI0005716,ORD001904,PRD0138,1,105.95
OI0005717,ORD001904,PRD0013,6,202.19
OI0005718,ORD001904,PRD0028,12,98.85
OI0005719,ORD001904,PRD0140,33,180.3
OI0005720,ORD001904,PRD0054,29,58.91
OI0005721,ORD001905,PRD0127,34,116.1
OI0005722,ORD001905,PRD0032,25,206.97
OI0005723,ORD001906,PRD0022,6,35.83
OI0005724,ORD001907,PRD0077,14,121.36
OI0005725,ORD001907,PRD0085,33,63.68
OI0005726,ORD001907,PRD0022,18,35.83
OI0005727,ORD001907,PRD0029,6,203.27
OI0005728,ORD001908,PRD0100,31,36.13
OI0005729,ORD001909,PRD0001,16,115.82
OI0005730,ORD001909,PRD0097,12,166.76
OI0005731,ORD001909,PRD0004,11,27.44
OI0005732,ORD001910,PRD0133,-8,216.9
OI0005733,ORD001910,PRD0067,37,172.46
OI0005734,ORD001910,PRD0097,34,166.76
OI0005735,ORD001910,PRD0120,4,91.06
OI0005736,ORD001911,PRD0138,14,105.95
OI0005737,ORD001911,PRD0059,7,201.86
OI0005738,ORD001912,PRD0019,32,188.65
OI0005739,ORD001912,PRD0004,22,27.44
OI0005740,ORD001913,PRD0104,36,165.96
OI0005741,ORD001913,PRD0134,14,26.01
OI0005742,ORD001913,PRD0108,22,29.96
OI0005743,ORD001913,PRD0125,14,149.25
OI0005744,ORD001913,PRD0020,8,7.41
OI0005745,ORD001914,PRD0127,18,116.1
OI0005746,ORD001914,PRD0114,40,122.24
OI0005747,ORD001915,PRD0039,3,41.02
OI0005748,ORD001915,PRD0135,34,148.62
OI0005749,ORD001915,PRD0064,19,230.86
OI0005750,ORD001916,PRD0064,32,230.86
OI0005751,ORD001916,PRD0022,36,35.83
OI0005752,ORD001916,PRD0121,30,231.51
OI0005753,ORD001916,PRD0030,32,101.78
OI0005754,ORD001916,PRD0087,36,40.72
OI0005755,ORD001917,PRD0076,30,28.95
OI0005756,ORD001918,PRD0140,13,180.3
OI0005757,ORD001918,PRD0089,11,150.86
OI0005758,ORD001919,PRD0084,31,40.42
OI0005759,ORD001919,PRD999,27,150.63
OI0005760,ORD001919,PRD0115,23,102.09
OI0005761,ORD001919,PRD0074,17,95.86
OI0005762,ORD001919,PRD0051,20,24.49
OI0005763,ORD001920,PRD0089,11,150.86
OI0005764,ORD001920,PRD0103,-14,124.22
OI0005765,ORD001920,PRD0099,5,16.05
OI0005766,ORD001921,PRD0118,27,113.75
OI0005767,ORD001921,PRD0074,27,95.86
OI0005768,ORD001922,PRD0088,38,54.55
OI0005769,ORD001923,PRD0076,23,28.95
OI0005770,ORD001923,PRD0058,31,182.31
OI0005771,ORD001924,PRD0065,37,120.88
OI0005772,ORD001925,PRD0092,20,57.63
OI0005773,ORD001925,PRD0149,31,233.51
OI0005774,ORD001926,PRD0079,26,153.34
OI0005775,ORD001927,PRD0133,8,216.9
OI0005776,ORD001927,PRD0002,38,172.3
OI0005777,ORD001928,PRD0024,31,87.52
OI0005778,ORD001928,PRD0019,18,188.65
OI0005779,ORD001928,PRD0014,16,23.8
OI0005780,ORD001928,PRD0146,25,116.28
OI0005781,ORD001928,PRD0089,9,150.86
OI0005782,ORD001929,PRD0090,34,72.4
OI0005783,ORD001929,PRD0055,31,122.67
OI0005784,ORD001929,PRD0007,15,82.58
OI0005785,ORD001929,PRD0008,17,87.17
OI0005786,ORD001930,PRD0090,13,72.4
OI0005787,ORD001930,PRD0150,6,124.38
OI0005788,ORD001930,PRD0095,15,72.24
OI0005789,ORD001930,PRD0027,9,38.21
OI0005790,ORD001931,PRD0055,39,122.67
OI0005791,ORD001932,PRD0147,1,123.59
OI0005792,ORD001933,PRD0024,1,87.52
OI0005793,ORD001933,PRD0023,28,138.23
OI0005794,ORD001933,PRD0129,21,171.21
OI0005795,ORD001934,PRD0120,40,91.06
OI0005796,ORD001934,PRD0125,14,149.25
OI0005797,ORD001934,PRD0018,11,211.58
OI0005798,ORD001935,PRD0003,15,72.4
OI0005799,ORD001936,PRD0100,16,36.13
OI0005800,ORD001936,PRD0030,2,101.78
OI0005801,ORD001936,PRD0072,5,230.67
OI0005802,ORD001936,PRD0125,22,149.25
OI0005803,ORD001936,PRD0110,15,237.89
OI0005804,ORD001937,PRD0038,15,222.91
OI0005805,ORD001937,PRD0026,36,173.51
OI0005806,ORD001938,PRD0127,3,116.1
OI0005807,ORD001938,PRD0052,18,207.39
OI0005808,ORD001938,PRD0053,12,122.42
OI0005809,ORD001938,PRD0106,19,22.39
OI0005810,ORD001939,PRD9999,13,91.3
OI0005811,ORD001939,PRD0114,12,122.24
OI0005812,ORD001939,PRD0058,16,182.31
OI0005813,ORD001939,PRD0102,33,215.21
OI0005814,ORD001939,PRD0086,21,218.7
OI0005815,ORD001940,PRD0014,14,23.8
OI0005816,ORD001940,PRD0144,23,190.91
OI0005817,ORD001940,PRD0056,18,107.05
OI0005818,ORD001940,PRD0085,32,63.68
OI0005819,ORD001941,PRD0040,32,179.3
OI0005820,ORD001941,PRD9999,35,106.97
OI0005821,ORD001941,PRD0145,30,92.02
OI0005822,ORD001941,PRD0120,32,91.06
OI0005823,ORD001941,PRD0092,7,57.63
OI0005824,ORD001942,PRD0117,19,90.73
OI0005825,ORD001942,PRD0106,2,22.39
OI0005826,ORD001942,PRD0006,25,140.22
OI0005827,ORD001943,PRD0061,25,123.38
OI0005828,ORD001944,PRD0031,2,30.67
OI0005829,ORD001944,PRD0115,20,102.09
OI0005830,ORD001944,PRD0127,39,116.1
OI0005831,ORD001944,PRD0007,21,82.58
OI0005832,ORD001945,PRD999,11,79.08
OI0005833,ORD001945,PRD0077,21,121.36
OI0005834,ORD001946,PRD999,24,143.0
OI0005835,ORD001946,PRD0073,34,68.46
OI0005836,ORD001946,PRD0004,5,27.44
OI0005837,ORD001947,PRD0085,36,63.68
OI0005838,ORD001948,PRD0021,8,92.86
OI0005839,ORD001948,PRD0135,16,148.62
OI0005840,ORD001948,PRD0034,30,69.78
OI0005841,ORD001949,PRD0062,8,239.86
OI0005842,ORD001949,PRD0063,21,139.58
OI0005843,ORD001950,PRD0073,27,68.46
OI0005844,ORD001950,PRD0082,32,109.81
OI0005845,ORD001951,PRD0129,3,171.21
OI0005846,ORD001951,PRD0032,19,206.97
OI0005847,ORD001952,PRD0027,1,38.21
OI0005848,ORD001952,PRD0032,25,206.97
OI0005849,ORD001952,PRD0062,23,239.86
OI0005850,ORD001952,PRD0126,35,35.6
OI0005851,ORD001953,PRD0030,20,101.78
OI0005852,ORD001954,PRD0041,32,74.92
OI0005853,ORD001954,PRD0011,11,190.23
OI0005854,ORD001954,PRD0100,23,36.13
OI0005855,ORD001955,PRD0045,20,7.03
OI0005856,ORD001955,PRD0107,12,140.4
OI0005857,ORD001956,PRD0118,20,113.75
OI0005858,ORD001956,PRD0090,23,72.4
OI0005859,ORD001957,PRD0077,27,121.36
OI0005860,ORD001957,PRD0115,1,102.09
OI0005861,ORD001957,PRD0077,14,121.36
OI0005862,ORD001957,PRD0094,7,30.93
OI0005863,ORD001957,PRD0093,34,66.58
OI0005864,ORD001958,PRD0107,9,140.4
OI0005865,ORD001959,PRD0002,18,172.3
OI0005866,ORD001959,PRD0092,35,57.63
OI0005867,ORD001960,PRD0076,38,28.95
OI0005868,ORD001960,PRD0035,27,236.05
OI0005869,ORD001960,PRD0103,6,124.22
OI0005870,ORD001961,PRD9999,21,225.07
OI0005871,ORD001961,PRD0112,9,160.95
OI0005872,ORD001961,PRD0027,17,38.21
OI0005873,ORD001961,PRD0058,17,182.31
OI0005874,ORD001962,PRD0096,11,78.52
OI0005875,ORD001963,PRD0087,24,40.72
OI0005876,ORD001963,PRD0120,23,91.06
OI0005877,ORD001963,PRD0113,25,176.91
OI0005878,ORD001963,PRD0082,7,109.81
OI0005879,ORD001963,PRD0133,1,216.9
OI0005880,ORD001964,PRD0087,20,40.72
OI0005881,ORD001964,PRD0096,3,78.52
OI0005882,ORD001965,PRD0119,40,39.29
OI0005883,ORD001966,PRD0120,7,91.06
OI0005884,ORD001966,PRD0116,28,227.68
OI0005885,ORD001966,PRD0009,16,38.6
OI0005886,ORD001966,PRD0109,14,119.42
OI0005887,ORD001966,PRD0120,18,91.06
OI0005888,ORD001967,PRD000,35,180.92
OI0005889,ORD001967,PRD0104,25,165.96
OI0005890,ORD001967,PRD0150,36,124.38
OI0005891,ORD001968,PRD0028,23,98.85
OI0005892,ORD001968,PRD0069,1,54.19
OI0005893,ORD001968,PRD0102,24,215.21
OI0005894,ORD001968,PRD0030,14,101.78
OI0005895,ORD001968,PRD0056,17,107.05
OI0005896,ORD001969,PRD0030,10,101.78
OI0005897,ORD001969,PRD0121,27,231.51
OI0005898,ORD001969,PRD0022,34,35.83
OI0005899,ORD001969,PRD0082,19,109.81
OI0005900,ORD001969,PRD0102,34,215.21
OI0005901,ORD001970,PRD0078,15,105.62
OI0005902,ORD001971,PRD0133,24,216.9
OI0005903,ORD001971,PRD0136,28,5.82
OI0005904,ORD001971,PRD0016,15,191.36
OI0005905,ORD001972,PRD0138,-9,105.95
OI0005906,ORD001972,PRD0052,32,207.39
OI0005907,ORD001973,PRD0139,29,18.24
OI0005908,ORD001973,PRD0133,34,216.9
OI0005909,ORD001973,PRD0054,4,58.91
OI0005910,ORD001974,PRD0057,37,163.07
OI0005911,ORD001974,PRD0130,23,40.15
OI0005912,ORD001975,PRD0019,3,188.65
OI0005913,ORD001976,PRD0132,32,115.18
OI0005914,ORD001977,PRD0122,16,18.49
OI0005915,ORD001977,PRD0074,40,95.86
OI0005916,ORD001977,PRD0144,37,190.91
OI0005917,ORD001978,PRD0136,35,5.82
OI0005918,ORD001978,PRD0086,18,218.7
OI0005919,ORD001978,PRD0040,8,179.3
OI0005920,ORD001978,PRD0007,17,82.58
OI0005921,ORD001978,PRD0050,10,176.43
OI0005922,ORD001979,PRD0137,11,60.23
OI0005923,ORD001979,PRD0066,-34,106.81
OI0005924,ORD001979,PRD0063,23,139.58
OI0005925,ORD001980,PRD0031,8,30.67
OI0005926,ORD001981,PRD0121,39,231.51
OI0005927,ORD001981,PRD0021,12,92.86
OI0005928,ORD001982,PRD0052,16,207.39
OI0005929,ORD001982,PRD0069,12,54.19
OI0005930,ORD001982,PRD0120,7,91.06
OI0005931,ORD001982,PRD0110,8,237.89
OI0005932,ORD001983,PRD0057,37,163.07
OI0005933,ORD001983,PRD0055,35,122.67
OI0005934,ORD001983,PRD0052,25,207.39
OI0005935,ORD001984,PRD0081,37,47.37
OI0005936,ORD001984,PRD0026,16,173.51
OI0005937,ORD001984,PRD0013,19,202.19
OI0005938,ORD001985,PRD0135,31,148.62
OI0005939,ORD001985,PRD0084,10,40.42
OI0005940,ORD001985,PRD0098,6,38.66
OI0005941,ORD001986,PRD0122,38,18.49
OI0005942,ORD001986,PRD0131,37,31.12
OI0005943,ORD001986,PRD0079,32,153.34
OI0005944,ORD001986,PRD0149,3,233.51
OI0005945,ORD001986,PRD0033,12,49.71
OI0005946,ORD001987,PRD0042,39,34.49
OI0005947,ORD001987,PRD0083,28,19.93
OI0005948,ORD001988,PRD0115,10,102.09
OI0005949,ORD001988,PRD0033,35,49.71
OI0005950,ORD001989,PRD0006,13,140.22
OI0005951,ORD001989,PRD0119,38,39.29
OI0005952,ORD001989,PRD0075,6,173.74
OI0005953,ORD001989,PRD0016,33,191.36
OI0005954,ORD001990,PRD0048,8,221.86
OI0005955,ORD001990,PRD0119,2,39.29
OI0005956,ORD001990,PRD0107,6,140.4
OI0005957,ORD001991,PRD0126,13,35.6
OI0005958,ORD001991,PRD0100,9,36.13
OI0005959,ORD001991,PRD0081,38,47.37
OI0005960,ORD001991,PRD0049,36,178.36
OI0005961,ORD001992,PRD0099,35,16.05
OI0005962,ORD001993,PRD0128,26,123.35
OI0005963,ORD001993,PRD0143,31,205.5
OI0005964,ORD001994,PRD0102,10,215.21
OI0005965,ORD001995,PRD0098,6,38.66
OI0005966,ORD001995,PRD0105,19,220.36
OI0005967,ORD001995,PRD0009,2,38.6
OI0005968,ORD001995,PRD0035,15,236.05
OI0005969,ORD001996,PRD0113,23,176.91
OI0005970,ORD001996,PRD0028,22,98.85
OI0005971,ORD001997,PRD0045,38,7.03
OI0005972,ORD001997,PRD0117,-13,90.73
OI0005973,ORD001997,PRD0048,11,221.86
OI0005974,ORD001997,PRD0141,38,106.53
OI0005975,ORD001998,PRD0119,37,39.29
OI0005976,ORD001998,PRD0082,18,109.81
OI0005977,ORD001999,PRD0066,20,106.81
OI0005978,ORD001999,PRD0126,40,35.6
OI0005979,ORD001999,PRD0094,30,30.93
OI0005980,ORD001999,PRD0035,1,236.05
OI0005981,ORD002000,PRD0067,34,172.46
OI0005982,ORD002000,PRD0010,15,6.66
OI0005983,ORD002000,PRD0091,17,175.98
OI0005984,ORD002000,PRD0022,32,35.83
OI0005985,ORD002001,PRD0072,27,230.67
OI0005986,ORD002002,PRD0061,40,123.38
OI0005987,ORD002002,PRD0130,32,40.15
OI0005988,ORD002002,PRD0147,13,123.59
OI0005989,ORD002003,PRD0146,38,116.28
OI0005990,ORD002003,PRD0058,26,182.31
OI0005991,ORD002004,PRD0057,39,163.07
OI0005992,ORD002004,PRD0143,28,205.5
OI0005993,ORD002004,PRD0011,2,190.23
OI0005994,ORD002004,PRD0034,21,69.78
OI0005995,ORD002005,PRD0092,21,57.63
OI0005996,ORD002005,PRD0102,38,215.21
OI0005997,ORD002006,PRD0105,30,220.36
OI0005998,ORD002006,PRD0114,24,122.24
OI0005999,ORD002006,PRD0127,29,116.1
OI0006000,ORD002006,PRD0062,36,239.86
OI0006001,ORD002006,PRD0034,3,69.78
OI0006002,ORD002007,PRD0037,23,226.8
OI0006003,ORD002008,PRD0146,17,116.28
OI0006004,ORD002008,PRD0123,35,236.61
OI0006005,ORD002008,PRD0131,12,31.12
OI0006006,ORD002009,PRD0006,26,140.22
OI0006007,ORD002009,PRD0018,3,211.58
OI0006008,ORD002009,PRD0099,14,16.05
OI0006009,ORD002010,PRD0026,25,173.51
OI0006010,ORD002010,PRD0004,22,27.44
OI0006011,ORD002010,PRD0079,7,153.34
OI0006012,ORD002010,PRD0129,20,171.21
OI0006013,ORD002010,PRD0122,36,18.49
OI0006014,ORD002011,PRD0016,4,191.36
OI0006015,ORD002012,PRD0069,36,54.19
OI0006016,ORD002012,PRD0115,22,102.09
OI0006017,ORD002012,PRD0135,3,148.62
OI0006018,ORD002012,PRD0129,38,171.21
OI0006019,ORD002013,PRD0134,31,26.01
OI0006020,ORD002013,PRD0033,2,49.71
OI0006021,ORD002013,PRD0050,29,176.43
OI0006022,ORD002014,PRD0011,39,190.23
OI0006023,ORD002014,PRD0032,35,206.97
OI0006024,ORD002014,PRD0150,15,124.38
OI0006025,ORD002014,PRD0108,22,29.96
OI0006026,ORD002014,PRD0060,27,47.82
OI0006027,ORD002015,PRD0021,29,92.86
OI0006028,ORD002015,PRD0084,22,40.42
OI0006029,ORD002015,PRD0056,20,107.05
OI0006030,ORD002016,PRD0056,36,107.05
OI0006031,ORD002016,PRD0106,-20,22.39
OI0006032,ORD002016,PRD0048,39,221.86
OI0006033,ORD002016,PRD0117,38,90.73
OI0006034,ORD002016,PRD0043,38,154.31
OI0006035,ORD002017,PRD0023,25,138.23
OI0006036,ORD002017,PRD0110,16,237.89
OI0006037,ORD002017,PRD0134,17,26.01
OI0006038,ORD002017,PRD0109,23,119.42
OI0006039,ORD002018,PRD0120,35,91.06
OI0006040,ORD002018,PRD0043,35,154.31
OI0006041,ORD002018,PRD0094,29,30.93
OI0006042,ORD002018,PRD0028,17,98.85
OI0006043,ORD002019,PRD0011,18,190.23
OI0006044,ORD002019,PRD0108,18,29.96
OI0006045,ORD002019,PRD0109,34,119.42
OI0006046,ORD002019,PRD0143,28,205.5
OI0006047,ORD002020,PRD0129,31,171.21
OI0006048,ORD002020,PRD0032,14,206.97
OI0006049,ORD002021,PRD0068,18,29.13
OI0006050,ORD002022,PRD0040,25,179.3
OI0006051,ORD002022,PRD0111,29,83.5
OI0006052,ORD002022,PRD0104,21,165.96
OI0006053,ORD002022,PRD0134,35,26.01
OI0006054,ORD002023,PRD0098,25,38.66
OI0006055,ORD002023,PRD0046,5,105.44
OI0006056,ORD002023,PRD0067,23,172.46
OI0006057,ORD002023,PRD0091,32,175.98
OI0006058,ORD002024,PRD0135,16,148.62
OI0006059,ORD002025,PRD0050,29,176.43
OI0006060,ORD002025,PRD0032,5,206.97
OI0006061,ORD002025,PRD0064,21,230.86
OI0006062,ORD002025,PRD0045,17,7.03
OI0006063,ORD002025,PRD0067,30,172.46
OI0006064,ORD002026,PRD0011,35,190.23
OI0006065,ORD002026,PRD0041,35,74.92
OI0006066,ORD002026,PRD0033,1,49.71
OI0006067,ORD002027,PRD0033,8,49.71
OI0006068,ORD002027,PRD0030,4,101.78
OI0006069,ORD002028,PRD0061,14,123.38
OI0006070,ORD002029,PRD0055,7,122.67
OI0006071,ORD002029,PRD0097,34,166.76
OI0006072,ORD002029,PRD0119,5,39.29
OI0006073,ORD002029,PRD0143,5,205.5
OI0006074,ORD002030,PRD0041,-36,74.92
OI0006075,ORD002030,PRD0132,5,115.18
OI0006076,ORD002031,PRD0086,8,218.7
OI0006077,ORD002031,PRD0040,18,179.3
OI0006078,ORD002031,PRD0075,29,173.74
OI0006079,ORD002032,PRD0035,28,236.05
OI0006080,ORD002032,PRD0141,-32,106.53
OI0006081,ORD002033,PRD0006,19,140.22
OI0006082,ORD002034,PRD0064,1,230.86
OI0006083,ORD002035,PRD0038,6,222.91
OI0006084,ORD002035,PRD0093,13,66.58
OI0006085,ORD002036,PRD0137,9,60.23
OI0006086,ORD002036,PRD0055,40,122.67
OI0006087,ORD002036,PRD0132,34,115.18
OI0006088,ORD002036,PRD0097,8,166.76
OI0006089,ORD002037,PRD0021,30,92.86
OI0006090,ORD002038,PRD0046,28,105.44
OI0006091,ORD002038,PRD0024,15,87.52
OI0006092,ORD002038,PRD0013,18,202.19
OI0006093,ORD002039,PRD0074,3,95.86
OI0006094,ORD002039,PRD0023,6,138.23
OI0006095,ORD002039,PRD0041,19,74.92
OI0006096,ORD002039,PRD0027,40,38.21
OI0006097,ORD002040,PRD0046,8,105.44
OI0006098,ORD002040,PRD0147,20,123.59
OI0006099,ORD002040,PRD0019,7,188.65
OI0006100,ORD002040,PRD0139,19,18.24
OI0006101,ORD002040,PRD0111,14,83.5
OI0006102,ORD002041,PRD0025,33,79.83
OI0006103,ORD002041,PRD0136,37,5.82
OI0006104,ORD002041,PRD0040,-7,179.3
OI0006105,ORD002042,PRD0028,24,98.85
OI0006106,ORD002042,PRD0111,20,83.5
OI0006107,ORD002042,PRD0047,6,157.02
OI0006108,ORD002042,PRD0071,25,189.96
OI0006109,ORD002042,PRD0134,26,26.01
OI0006110,ORD002043,PRD0069,1,54.19
OI0006111,ORD002043,PRD0052,29,207.39
OI0006112,ORD002043,PRD0067,12,172.46
OI0006113,ORD002044,PRD0025,17,79.83
OI0006114,ORD002044,PRD0055,2,122.67
OI0006115,ORD002045,PRD0034,36,69.78
OI0006116,ORD002045,PRD0017,23,191.07
OI0006117,ORD002046,PRD0140,13,180.3
OI0006118,ORD002046,PRD0026,24,173.51
OI0006119,ORD002046,PRD0023,1,138.23
OI0006120,ORD002046,PRD0019,36,188.65
OI0006121,ORD002047,PRD0031,20,30.67
OI0006122,ORD002047,PRD0006,23,140.22
OI0006123,ORD002048,PRD0036,16,191.05
OI0006124,ORD002049,PRD0142,4,15.65
OI0006125,ORD002049,PRD0096,32,78.52
OI0006126,ORD002049,PRD0066,8,106.81
OI0006127,ORD002050,PRD0024,27,87.52
OI0006128,ORD002050,PRD0116,29,227.68
OI0006129,ORD002050,PRD0066,39,106.81
OI0006130,ORD002050,PRD0004,13,27.44
OI0006131,ORD002051,PRD0024,29,87.52
OI0006132,ORD002051,PRD0123,23,236.61
OI0006133,ORD002052,PRD0018,36,211.58
OI0006134,ORD002053,PRD9999,17,155.1
OI0006135,ORD002053,PRD0090,29,72.4
OI0006136,ORD002053,PRD0039,24,41.02
OI0006137,ORD002053,PRD0070,26,225.75
OI0006138,ORD002054,PRD0149,28,233.51
OI0006139,ORD002054,PRD0016,35,191.36
OI0006140,ORD002054,PRD0113,33,176.91
OI0006141,ORD002055,PRD0125,9,149.25
OI0006142,ORD002055,PRD0091,35,175.98
OI0006143,ORD002055,PRD0005,10,143.43
OI0006144,ORD002055,PRD0087,37,40.72
OI0006145,ORD002055,PRD0013,4,202.19
OI0006146,ORD002056,PRD0116,25,227.68
OI0006147,ORD002056,PRD999,29,73.42
OI0006148,ORD002056,PRD0018,32,211.58
OI0006149,ORD002056,PRD0011,16,190.23
OI0006150,ORD002056,PRD0009,13,38.6
OI0006151,ORD002057,PRD0114,35,122.24
OI0006152,ORD002058,PRD0075,26,173.74
OI0006153,ORD002058,PRD0109,31,119.42
OI0006154,ORD002058,PRD0031,13,30.67
OI0006155,ORD002058,PRD999,34,23.46
OI0006156,ORD002058,PRD0065,8,120.88
OI0006157,ORD002059,PRD0059,31,201.86
OI0006158,ORD002059,PRD0095,27,72.24
OI0006159,ORD002059,PRD0057,38,163.07
OI0006160,ORD002059,PRD0061,11,123.38
OI0006161,ORD002060,PRD0045,23,7.03
OI0006162,ORD002060,PRD0030,29,101.78
OI0006163,ORD002060,PRD0107,17,140.4
OI0006164,ORD002060,PRD0050,1,176.43
OI0006165,ORD002061,PRD0124,1,45.26
OI0006166,ORD002061,PRD0043,22,154.31
OI0006167,ORD002061,PRD0053,3,122.42
OI0006168,ORD002061,PRD0093,14,66.58
OI0006169,ORD002062,PRD0114,23,122.24
OI0006170,ORD002062,PRD999,10,97.73
OI0006171,ORD002063,PRD0070,1,225.75
OI0006172,ORD002063,PRD0141,7,106.53
OI0006173,ORD002063,PRD0018,20,211.58
OI0006174,ORD002063,PRD0130,16,40.15
OI0006175,ORD002063,PRD0150,8,124.38
OI0006176,ORD002064,PRD0053,3,122.42
OI0006177,ORD002064,PRD0015,8,31.62
OI0006178,ORD002064,PRD0098,18,38.66
OI0006179,ORD002064,PRD0136,2,5.82
OI0006180,ORD002065,PRD0137,36,60.23
OI0006181,ORD002066,PRD0121,29,231.51
OI0006182,ORD002067,PRD0007,24,82.58
OI0006183,ORD002067,PRD0092,33,57.63
OI0006184,ORD002068,PRD0129,25,171.21
OI0006185,ORD002069,PRD0076,28,28.95
OI0006186,ORD002069,PRD0136,30,5.82
OI0006187,ORD002070,PRD0018,23,211.58
OI0006188,ORD002070,PRD0091,32,175.98
OI0006189,ORD002070,PRD0078,36,105.62
OI0006190,ORD002070,PRD0017,-12,191.07
OI0006191,ORD002070,PRD0006,13,140.22
OI0006192,ORD002071,PRD0063,13,139.58
OI0006193,ORD002071,PRD0049,6,178.36
OI0006194,ORD002071,PRD0019,16,188.65
OI0006195,ORD002071,PRD0074,39,95.86
OI0006196,ORD002071,PRD0031,4,30.67
OI0006197,ORD002072,PRD0042,11,34.49
OI0006198,ORD002072,PRD0069,34,54.19
OI0006199,ORD002073,PRD0033,29,49.71
OI0006200,ORD002073,PRD0009,-14,38.6
OI0006201,ORD002073,PRD0132,31,115.18
OI0006202,ORD002073,PRD0030,33,101.78
OI0006203,ORD002073,PRD0103,30,124.22
OI0006204,ORD002074,PRD0065,36,120.88
OI0006205,ORD002074,PRD0001,3,115.82
OI0006206,ORD002075,PRD0139,7,18.24
OI0006207,ORD002075,PRD0010,12,6.66
OI0006208,ORD002076,PRD0069,9,54.19
OI0006209,ORD002076,PRD0093,25,66.58
OI0006210,ORD002076,PRD0135,8,148.62
OI0006211,ORD002076,PRD0100,10,36.13
OI0006212,ORD002076,PRD0077,2,121.36
OI0006213,ORD002077,PRD0077,20,121.36
OI0006214,ORD002077,PRD0018,11,211.58
OI0006215,ORD002077,PRD0130,37,40.15
OI0006216,ORD002077,PRD0059,36,201.86
OI0006217,ORD002077,PRD0146,8,116.28
OI0006218,ORD002078,PRD0014,36,23.8
OI0006219,ORD002079,PRD0111,1,83.5
OI0006220,ORD002080,PRD0067,27,172.46
OI0006221,ORD002080,PRD0048,37,221.86
OI0006222,ORD002080,PRD0015,23,31.62
OI0006223,ORD002081,PRD0130,17,40.15
OI0006224,ORD002081,PRD0046,6,105.44
OI0006225,ORD002081,PRD0148,32,127.25
OI0006226,ORD002081,PRD0051,13,24.49
OI0006227,ORD002082,PRD0145,5,92.02
OI0006228,ORD002082,PRD0041,31,74.92
OI0006229,ORD002082,PRD0123,-7,236.61
OI0006230,ORD002083,PRD0093,27,66.58
OI0006231,ORD002083,PRD0104,20,165.96
OI0006232,ORD002083,PRD0103,31,124.22
OI0006233,ORD002084,PRD0021,10,92.86
OI0006234,ORD002084,PRD0033,1,49.71
OI0006235,ORD002084,PRD0065,23,120.88
OI0006236,ORD002084,PRD0077,18,121.36
OI0006237,ORD002084,PRD0011,33,190.23
OI0006238,ORD002085,PRD0090,29,72.4
OI0006239,ORD002085,PRD0145,3,92.02
OI0006240,ORD002085,PRD0101,8,119.36
OI0006241,ORD002085,PRD0007,26,82.58
OI0006242,ORD002086,PRD0031,2,30.67
OI0006243,ORD002086,PRD0079,12,153.34
OI0006244,ORD002086,PRD0056,29,107.05
OI0006245,ORD002086,PRD0057,12,163.07
OI0006246,ORD002086,PRD0057,7,163.07
OI0006247,ORD002087,PRD0017,23,191.07
OI0006248,ORD002088,PRD0133,32,216.9
OI0006249,ORD002088,PRD0122,2,18.49
OI0006250,ORD002088,PRD0026,4,173.51
OI0006251,ORD002088,PRD0081,19,47.37
OI0006252,ORD002089,PRD0061,40,123.38
OI0006253,ORD002090,PRD0145,15,92.02
OI0006254,ORD002090,PRD0099,5,16.05
OI0006255,ORD002091,PRD0071,40,189.96
OI0006256,ORD002091,PRD0106,19,22.39
OI0006257,ORD002091,PRD0026,10,173.51
OI0006258,ORD002092,PRD0111,12,83.5
OI0006259,ORD002092,PRD0118,37,113.75
OI0006260,ORD002093,PRD0027,39,38.21
OI0006261,ORD002093,PRD0064,22,230.86
OI0006262,ORD002093,PRD0129,38,171.21
OI0006263,ORD002093,PRD0065,34,120.88
OI0006264,ORD002093,PRD0132,15,115.18
OI0006265,ORD002094,PRD0031,30,30.67
OI0006266,ORD002094,PRD0110,25,237.89
OI0006267,ORD002095,PRD0028,6,98.85
OI0006268,ORD002095,PRD0119,16,39.29
OI0006269,ORD002096,PRD0050,13,176.43
OI0006270,ORD002096,PRD0088,3,54.55
OI0006271,ORD002096,PRD0065,29,120.88
OI0006272,ORD002096,PRD0148,2,127.25
OI0006273,ORD002097,PRD0046,8,105.44
OI0006274,ORD002097,PRD0047,14,157.02
OI0006275,ORD002097,PRD0128,36,123.35
OI0006276,ORD002097,PRD0034,10,69.78
OI0006277,ORD002097,PRD0080,5,78.97
OI0006278,ORD002098,PRD0048,11,221.86
OI0006279,ORD002099,PRD0020,32,7.41
OI0006280,ORD002099,PRD0053,3,122.42
OI0006281,ORD002099,PRD0001,32,115.82
OI0006282,ORD002099,PRD0084,36,40.42
OI0006283,ORD002100,PRD0049,14,178.36
OI0006284,ORD002100,PRD0114,24,122.24
OI0006285,ORD002100,PRD0090,31,72.4
OI0006286,ORD002100,PRD0031,31,30.67
OI0006287,ORD002100,PRD0008,29,87.17
OI0006288,ORD002101,PRD0026,20,173.51
OI0006289,ORD002101,PRD0034,17,69.78
OI0006290,ORD002101,PRD0025,26,79.83
OI0006291,ORD002102,PRD0029,12,203.27
OI0006292,ORD002102,PRD0142,28,15.65
OI0006293,ORD002102,PRD0067,9,172.46
OI0006294,ORD002103,PRD0041,4,74.92
OI0006295,ORD002103,PRD0071,23,189.96
OI0006296,ORD002103,PRD0140,29,180.3
OI0006297,ORD002103,PRD0030,31,101.78
OI0006298,ORD002104,PRD0090,27,72.4
OI0006299,ORD002105,PRD0103,32,124.22
OI0006300,ORD002105,PRD0080,39,78.97
OI0006301,ORD002105,PRD999,32,148.13
OI0006302,ORD002105,PRD0093,26,66.58
OI0006303,ORD002105,PRD0033,6,49.71
OI0006304,ORD002106,PRD0115,1,102.09
OI0006305,ORD002106,PRD0132,-30,115.18
OI0006306,ORD002107,PRD0076,34,28.95
OI0006307,ORD002107,PRD0017,8,191.07
OI0006308,ORD002108,PRD0085,40,63.68
OI0006309,ORD002108,PRD0033,29,49.71
OI0006310,ORD002108,PRD0055,16,122.67
OI0006311,ORD002108,PRD0078,31,105.62
OI0006312,ORD002109,PRD0087,39,40.72
OI0006313,ORD002109,PRD0066,3,106.81
OI0006314,ORD002109,PRD0030,34,101.78
OI0006315,ORD002109,PRD0001,2,115.82
OI0006316,ORD002109,PRD0103,4,124.22
OI0006317,ORD002110,PRD0062,8,239.86
OI0006318,ORD002110,PRD0040,6,179.3
OI0006319,ORD002110,PRD0098,34,38.66
OI0006320,ORD002111,PRD0081,39,47.37
OI0006321,ORD002111,PRD0092,36,57.63
OI0006322,ORD002112,PRD999,29,101.89
OI0006323,ORD002112,PRD0073,36,68.46
OI0006324,ORD002112,PRD0028,20,98.85
OI0006325,ORD002112,PRD0125,2,149.25
OI0006326,ORD002113,PRD0079,17,153.34
OI0006327,ORD002113,PRD0137,23,60.23
OI0006328,ORD002113,PRD0144,11,190.91
OI0006329,ORD002114,PRD0060,6,47.82
OI0006330,ORD002114,PRD0072,2,230.67
OI0006331,ORD002115,PRD0093,26,66.58
OI0006332,ORD002115,PRD0091,37,175.98
OI0006333,ORD002115,PRD0132,33,115.18
OI0006334,ORD002115,PRD0117,15,90.73
OI0006335,ORD002116,PRD0092,18,57.63
OI0006336,ORD002116,PRD0045,5,7.03
OI0006337,ORD002116,PRD0125,30,149.25
OI0006338,ORD002116,PRD0141,3,106.53
OI0006339,ORD002116,PRD0040,9,179.3
OI0006340,ORD002117,PRD0054,3,58.91
OI0006341,ORD002117,PRD0093,30,66.58
OI0006342,ORD002118,PRD0039,19,41.02
OI0006343,ORD002118,PRD0130,29,40.15
OI0006344,ORD002118,PRD0112,21,160.95
OI0006345,ORD002119,PRD0139,19,18.24
OI0006346,ORD002119,PRD0081,35,47.37
OI0006347,ORD002119,PRD0097,10,166.76
OI0006348,ORD002119,PRD0076,35,28.95
OI0006349,ORD002119,PRD0047,6,157.02
OI0006350,ORD002120,PRD0116,24,227.68
OI0006351,ORD002121,PRD0054,24,58.91
OI0006352,ORD002121,PRD0103,40,124.22
OI0006353,ORD002121,PRD0130,40,40.15
OI0006354,ORD002121,PRD0115,2,102.09
OI0006355,ORD002121,PRD0001,33,115.82
OI0006356,ORD002122,PRD0147,26,123.59
OI0006357,ORD002122,PRD0033,4,49.71
OI0006358,ORD002122,PRD0011,29,190.23
OI0006359,ORD002122,PRD0024,24,87.52
OI0006360,ORD002123,PRD0046,33,105.44
OI0006361,ORD002124,PRD0024,-1,87.52
OI0006362,ORD002124,PRD0123,10,236.61
OI0006363,ORD002124,PRD0117,12,90.73
OI0006364,ORD002125,PRD0121,16,231.51
OI0006365,ORD002125,PRD0150,40,124.38
OI0006366,ORD002125,PRD0053,32,122.42
OI0006367,ORD002125,PRD0035,1,236.05
OI0006368,ORD002125,PRD0122,15,18.49
OI0006369,ORD002126,PRD0040,16,179.3
OI0006370,ORD002126,PRD0101,16,119.36
OI0006371,ORD002127,PRD0138,13,105.95
OI0006372,ORD002128,PRD0042,-39,34.49
OI0006373,ORD002128,PRD0026,26,173.51
OI0006374,ORD002128,PRD0097,2,166.76
OI0006375,ORD002128,PRD0056,21,107.05
OI0006376,ORD002129,PRD0043,18,154.31
OI0006377,ORD002129,PRD0082,35,109.81
OI0006378,ORD002130,PRD0123,20,236.61
OI0006379,ORD002130,PRD0058,16,182.31
OI0006380,ORD002130,PRD0136,32,5.82
OI0006381,ORD002131,PRD0051,8,24.49
OI0006382,ORD002131,PRD0071,39,189.96
OI0006383,ORD002131,PRD0077,39,121.36
OI0006384,ORD002131,PRD0005,29,143.43
OI0006385,ORD002132,PRD0114,8,122.24
OI0006386,ORD002133,PRD0077,15,121.36
OI0006387,ORD002133,PRD0081,38,47.37
OI0006388,ORD002133,PRD0014,36,23.8
OI0006389,ORD002134,PRD0083,5,19.93
OI0006390,ORD002135,PRD0131,13,31.12
OI0006391,ORD002135,PRD0004,34,27.44
OI0006392,ORD002135,PRD0133,24,216.9
OI0006393,ORD002136,PRD0031,4,30.67
OI0006394,ORD002137,PRD0145,16,92.02
OI0006395,ORD002138,PRD0079,26,153.34
OI0006396,ORD002138,PRD999,4,201.4
OI0006397,ORD002139,PRD0053,27,122.42
OI0006398,ORD002140,PRD0142,1,15.65
OI0006399,ORD002140,PRD0139,10,18.24
OI0006400,ORD002141,PRD0044,31,142.63
OI0006401,ORD002141,PRD0044,31,142.63
OI0006402,ORD002142,PRD0121,20,231.51
OI0006403,ORD002142,PRD0132,17,115.18
OI0006404,ORD002142,PRD0066,36,106.81
OI0006405,ORD002142,PRD0130,35,40.15
OI0006406,ORD002143,PRD0071,7,189.96
OI0006407,ORD002143,PRD0019,15,188.65
OI0006408,ORD002143,PRD0133,36,216.9
OI0006409,ORD002144,PRD0003,18,72.4
OI0006410,ORD002144,PRD0060,16,47.82
OI0006411,ORD002144,PRD0124,18,45.26
OI0006412,ORD002144,PRD0118,12,113.75
OI0006413,ORD002144,PRD0089,8,150.86
OI0006414,ORD002145,PRD0024,36,87.52
OI0006415,ORD002145,PRD0012,39,114.28
OI0006416,ORD002145,PRD0008,12,87.17
OI0006417,ORD002145,PRD0072,33,230.67
OI0006418,ORD002146,PRD0080,28,78.97
OI0006419,ORD002147,PRD0031,12,30.67
OI0006420,ORD002147,PRD0129,8,171.21
OI0006421,ORD002148,PRD0086,29,218.7
OI0006422,ORD002148,PRD0038,32,222.91
OI0006423,ORD002148,PRD0031,25,30.67
OI0006424,ORD002148,PRD0082,24,109.81
OI0006425,ORD002149,PRD0143,15,205.5
OI0006426,ORD002149,PRD0036,6,191.05
OI0006427,ORD002150,PRD0106,23,22.39
OI0006428,ORD002150,PRD0145,16,92.02
OI0006429,ORD002151,PRD0110,24,237.89
OI0006430,ORD002151,PRD0040,27,179.3
OI0006431,ORD002151,PRD0105,3,220.36
OI0006432,ORD002151,PRD0041,25,74.92
OI0006433,ORD002151,PRD0030,19,101.78
OI0006434,ORD002152,PRD0005,11,143.43
OI0006435,ORD002152,PRD0143,39,205.5
OI0006436,ORD002152,PRD0082,3,109.81
OI0006437,ORD002152,PRD0133,28,216.9
OI0006438,ORD002152,PRD0127,28,116.1
OI0006439,ORD002153,PRD0148,13,127.25
OI0006440,ORD002154,PRD0066,24,106.81
OI0006441,ORD002154,PRD0026,25,173.51
OI0006442,ORD002155,PRD999,28,143.91
OI0006443,ORD002155,PRD0145,23,92.02
OI0006444,ORD002155,PRD0083,25,19.93
OI0006445,ORD002156,PRD0132,27,115.18
OI0006446,ORD002156,PRD0078,1,105.62
OI0006447,ORD002156,PRD0105,19,220.36
OI0006448,ORD002156,PRD0136,5,5.82
OI0006449,ORD002157,PRD0101,9,119.36
OI0006450,ORD002158,PRD0062,26,239.86
OI0006451,ORD002158,PRD0119,29,39.29
OI0006452,ORD002158,PRD0132,17,115.18
OI0006453,ORD002158,PRD0039,27,41.02
OI0006454,ORD002158,PRD0048,40,221.86
OI0006455,ORD002159,PRD0121,7,231.51
OI0006456,ORD002160,PRD0099,20,16.05
OI0006457,ORD002161,PRD0029,17,203.27
OI0006458,ORD002162,PRD0130,19,40.15
OI0006459,ORD002162,PRD0043,28,154.31
OI0006460,ORD002163,PRD0018,19,211.58
OI0006461,ORD002163,PRD0073,37,68.46
OI0006462,ORD002164,PRD0112,6,160.95
OI0006463,ORD002164,PRD0006,21,140.22
OI0006464,ORD002164,PRD0124,18,45.26
OI0006465,ORD002164,PRD0046,9,105.44
OI0006466,ORD002164,PRD0033,30,49.71
OI0006467,ORD002165,PRD0078,12,105.62
OI0006468,ORD002165,PRD0109,28,119.42
OI0006469,ORD002166,PRD0140,5,180.3
OI0006470,ORD002166,PRD0010,14,6.66
OI0006471,ORD002166,PRD0055,33,122.67
OI0006472,ORD002166,PRD0083,7,19.93
OI0006473,ORD002167,PRD0048,31,221.86
OI0006474,ORD002167,PRD0103,7,124.22
OI0006475,ORD002167,PRD0052,26,207.39
OI0006476,ORD002167,PRD0069,22,54.19
OI0006477,ORD002168,PRD0041,2,74.92
OI0006478,ORD002168,PRD0006,32,140.22
OI0006479,ORD002168,PRD0124,4,45.26
OI0006480,ORD002168,PRD0104,30,165.96
OI0006481,ORD002169,PRD0097,3,166.76
OI0006482,ORD002170,PRD0021,4,92.86
OI0006483,ORD002171,PRD0124,36,45.26
OI0006484,ORD002171,PRD999,2,109.99
OI0006485,ORD002171,PRD0093,25,66.58
OI0006486,ORD002172,PRD0053,26,122.42
OI0006487,ORD002172,PRD0010,37,6.66
OI0006488,ORD002172,PRD0065,34,120.88
OI0006489,ORD002172,PRD0057,36,163.07
OI0006490,ORD002173,PRD0121,14,231.51
OI0006491,ORD002173,PRD0144,12,190.91
OI0006492,ORD002173,PRD0098,27,38.66
OI0006493,ORD002174,PRD0121,30,231.51
OI0006494,ORD002174,PRD0007,10,82.58
OI0006495,ORD002174,PRD0039,22,41.02
OI0006496,ORD002174,PRD0145,19,92.02
OI0006497,ORD002175,PRD0114,2,122.24
OI0006498,ORD002176,PRD0121,3,231.51
OI0006499,ORD002176,PRD999,34,202.41
OI0006500,ORD002176,PRD0087,4,40.72
OI0006501,ORD002177,PRD0117,35,90.73
OI0006502,ORD002177,PRD0123,6,236.61
OI0006503,ORD002177,PRD0045,16,7.03
OI0006504,ORD002177,PRD0002,29,172.3
OI0006505,ORD002178,PRD0076,5,28.95
OI0006506,ORD002178,PRD0054,1,58.91
OI0006507,ORD002178,PRD0113,36,176.91
OI0006508,ORD002179,PRD0056,12,107.05
OI0006509,ORD002179,PRD0065,3,120.88
OI0006510,ORD002179,PRD0034,33,69.78
OI0006511,ORD002179,PRD0021,23,92.86
OI0006512,ORD002180,PRD0037,17,226.8
OI0006513,ORD002180,PRD0008,11,87.17
OI0006514,ORD002180,PRD0149,10,233.51
OI0006515,ORD002180,PRD0064,2,230.86
OI0006516,ORD002181,PRD0146,13,116.28
OI0006517,ORD002181,PRD0020,21,7.41
OI0006518,ORD002181,PRD0014,9,23.8
OI0006519,ORD002181,PRD0110,28,237.89
OI0006520,ORD002181,PRD0049,32,178.36
OI0006521,ORD002182,PRD0078,6,105.62
OI0006522,ORD002183,PRD0006,26,140.22
OI0006523,ORD002183,PRD0041,19,74.92
OI0006524,ORD002183,PRD0012,16,114.28
OI0006525,ORD002183,PRD0112,30,160.95
OI0006526,ORD002183,PRD0006,8,140.22
OI0006527,ORD002184,PRD0137,21,60.23
OI0006528,ORD002185,PRD0118,7,113.75
OI0006529,ORD002185,PRD0145,11,92.02
OI0006530,ORD002185,PRD999,7,149.24
OI0006531,ORD002185,PRD0073,29,68.46
OI0006532,ORD002185,PRD0025,16,79.83
OI0006533,ORD002186,PRD0094,10,30.93
OI0006534,ORD002186,PRD0131,27,31.12
OI0006535,ORD002186,PRD0097,31,166.76
OI0006536,ORD002186,PRD0010,15,6.66
OI0006537,ORD002186,PRD0126,34,35.6
OI0006538,ORD002187,PRD0091,6,175.98
OI0006539,ORD002187,PRD0139,12,18.24
OI0006540,ORD002187,PRD0078,14,105.62
OI0006541,ORD002187,PRD0139,25,18.24
OI0006542,ORD002188,PRD0147,13,123.59
OI0006543,ORD002188,PRD0006,8,140.22
OI0006544,ORD002188,PRD0149,11,233.51
OI0006545,ORD002188,PRD0084,4,40.42
OI0006546,ORD002188,PRD0070,31,225.75
OI0006547,ORD002189,PRD0118,6,113.75
OI0006548,ORD002189,PRD0086,21,218.7
OI0006549,ORD002189,PRD0028,10,98.85
OI0006550,ORD002190,PRD0122,10,18.49
OI0006551,ORD002190,PRD0081,25,47.37
OI0006552,ORD002190,PRD0062,8,239.86
OI0006553,ORD002190,PRD0050,24,176.43
OI0006554,ORD002191,PRD0033,13,49.71
OI0006555,ORD002191,PRD000,7,31.89
OI0006556,ORD002191,PRD0052,14,207.39
OI0006557,ORD002192,PRD0138,11,105.95
OI0006558,ORD002192,PRD0113,21,176.91
OI0006559,ORD002192,PRD0077,16,121.36
OI0006560,ORD002192,PRD0019,27,188.65
OI0006561,ORD002192,PRD0101,12,119.36
OI0006562,ORD002193,PRD0014,7,23.8
OI0006563,ORD002193,PRD0019,18,188.65
OI0006564,ORD002193,PRD0065,30,120.88
OI0006565,ORD002193,PRD0023,25,138.23
OI0006566,ORD002193,PRD0142,21,15.65
OI0006567,ORD002194,PRD0079,34,153.34
OI0006568,ORD002194,PRD0148,36,127.25
OI0006569,ORD002195,PRD0054,35,58.91
OI0006570,ORD002195,PRD0008,21,87.17
OI0006571,ORD002195,PRD0004,33,27.44
OI0006572,ORD002196,PRD0014,9,23.8
OI0006573,ORD002196,PRD0004,14,27.44
OI0006574,ORD002196,PRD0135,-5,148.62
OI0006575,ORD002196,PRD0073,22,68.46
OI0006576,ORD002197,PRD0078,11,105.62
OI0006577,ORD002198,PRD0038,22,222.91
OI0006578,ORD002198,PRD0098,11,38.66
OI0006579,ORD002199,PRD0086,33,218.7
OI0006580,ORD002199,PRD0136,12,5.82
OI0006581,ORD002199,PRD0013,15,202.19
OI0006582,ORD002200,PRD0071,36,189.96
OI0006583,ORD002201,PRD0107,4,140.4
OI0006584,ORD002202,PRD0008,18,87.17
OI0006585,ORD002203,PRD0108,36,29.96
OI0006586,ORD002203,PRD0023,-21,138.23
OI0006587,ORD002203,PRD0100,36,36.13
OI0006588,ORD002203,PRD0127,25,116.1
OI0006589,ORD002204,PRD0114,13,122.24
OI0006590,ORD002204,PRD0021,33,92.86
OI0006591,ORD002205,PRD0070,40,225.75
OI0006592,ORD002205,PRD0127,33,116.1
OI0006593,ORD002205,PRD0020,26,7.41
OI0006594,ORD002206,PRD0059,6,201.86
OI0006595,ORD002206,PRD0057,28,163.07
OI0006596,ORD002207,PRD0071,27,189.96
OI0006597,ORD002207,PRD0095,26,72.24
OI0006598,ORD002207,PRD0083,35,19.93
OI0006599,ORD002207,PRD0128,16,123.35
OI0006600,ORD002208,PRD0019,25,188.65
OI0006601,ORD002209,PRD0055,3,122.67
OI0006602,ORD002210,PRD0117,20,90.73
OI0006603,ORD002211,PRD0056,27,107.05
OI0006604,ORD002211,PRD0046,25,105.44
OI0006605,ORD002212,PRD0092,21,57.63
OI0006606,ORD002212,PRD0046,5,105.44
OI0006607,ORD002212,PRD0064,17,230.86
OI0006608,ORD002212,PRD0133,27,216.9
OI0006609,ORD002213,PRD0132,28,115.18
OI0006610,ORD002213,PRD0037,24,226.8
OI0006611,ORD002213,PRD0043,37,154.31
OI0006612,ORD002213,PRD0012,5,114.28
OI0006613,ORD002214,PRD0096,21,78.52
OI0006614,ORD002214,PRD0050,35,176.43
OI0006615,ORD002214,PRD0035,30,236.05
OI0006616,ORD002214,PRD0124,39,45.26
OI0006617,ORD002214,PRD0139,39,18.24
OI0006618,ORD002215,PRD0036,26,191.05
OI0006619,ORD002215,PRD0065,3,120.88
OI0006620,ORD002216,PRD0119,37,39.29
OI0006621,ORD002216,PRD0111,12,83.5
OI0006622,ORD002216,PRD0082,37,109.81
OI0006623,ORD002216,PRD0075,3,173.74
OI0006624,ORD002216,PRD0110,3,237.89
OI0006625,ORD002217,PRD0123,16,236.61
OI0006626,ORD002217,PRD0138,12,105.95
OI0006627,ORD002218,PRD0081,19,47.37
OI0006628,ORD002218,PRD0066,10,106.81
OI0006629,ORD002219,PRD0145,21,92.02
OI0006630,ORD002219,PRD0027,9,38.21
OI0006631,ORD002219,PRD0147,18,123.59
OI0006632,ORD002220,PRD0088,6,54.55
OI0006633,ORD002220,PRD0060,-3,47.82
OI0006634,ORD002220,PRD0125,38,149.25
OI0006635,ORD002221,PRD0038,1,222.91
OI0006636,ORD002221,PRD0054,30,58.91
OI0006637,ORD002221,PRD0087,19,40.72
OI0006638,ORD002222,PRD0108,12,29.96
OI0006639,ORD002222,PRD0012,16,114.28
OI0006640,ORD002222,PRD0005,20,143.43
OI0006641,ORD002223,PRD0040,11,179.3
OI0006642,ORD002224,PRD0024,32,87.52
OI0006643,ORD002224,PRD0008,39,87.17
OI0006644,ORD002224,PRD0098,23,38.66
OI0006645,ORD002224,PRD0044,16,142.63
OI0006646,ORD002225,PRD0116,40,227.68
OI0006647,ORD002225,PRD0124,24,45.26
OI0006648,ORD002225,PRD0143,13,205.5
OI0006649,ORD002225,PRD0008,27,87.17
OI0006650,ORD002226,PRD0112,28,160.95
OI0006651,ORD002226,PRD0090,9,72.4
OI0006652,ORD002227,PRD0091,14,175.98
OI0006653,ORD002228,PRD0134,40,26.01
OI0006654,ORD002228,PRD0100,10,36.13
OI0006655,ORD002229,PRD0030,14,101.78
OI0006656,ORD002229,PRD0035,11,236.05
OI0006657,ORD002229,PRD0065,-1,120.88
OI0006658,ORD002229,PRD0079,33,153.34
OI0006659,ORD002230,PRD0121,13,231.51
OI0006660,ORD002231,PRD0050,12,176.43
OI0006661,ORD002232,PRD0124,8,45.26
OI0006662,ORD002232,PRD000,4,47.57
OI0006663,ORD002232,PRD0017,3,191.07
OI0006664,ORD002232,PRD0108,36,29.96
OI0006665,ORD002232,PRD0055,13,122.67
OI0006666,ORD002233,PRD0091,26,175.98
OI0006667,ORD002233,PRD0117,31,90.73
OI0006668,ORD002233,PRD0031,17,30.67
OI0006669,ORD002233,PRD0074,14,95.86
OI0006670,ORD002234,PRD0129,6,171.21
OI0006671,ORD002234,PRD0102,27,215.21
OI0006672,ORD002234,PRD0060,28,47.82
OI0006673,ORD002234,PRD0012,37,114.28
OI0006674,ORD002234,PRD0009,29,38.6
OI0006675,ORD002235,PRD0046,8,105.44
OI0006676,ORD002235,PRD0073,6,68.46
OI0006677,ORD002235,PRD0070,39,225.75
OI0006678,ORD002235,PRD0084,37,40.42
OI0006679,ORD002235,PRD0102,37,215.21
OI0006680,ORD002236,PRD0126,4,35.6
OI0006681,ORD002236,PRD0076,-39,28.95
OI0006682,ORD002236,PRD0051,5,24.49
OI0006683,ORD002236,PRD0057,4,163.07
OI0006684,ORD002236,PRD0059,32,201.86
OI0006685,ORD002237,PRD0138,24,105.95
OI0006686,ORD002237,PRD0010,8,6.66
OI0006687,ORD002237,PRD0103,25,124.22
OI0006688,ORD002237,PRD0141,32,106.53
OI0006689,ORD002237,PRD0003,28,72.4
OI0006690,ORD002238,PRD0077,31,121.36
OI0006691,ORD002238,PRD0007,17,82.58
OI0006692,ORD002239,PRD0110,20,237.89
OI0006693,ORD002239,PRD0011,37,190.23
OI0006694,ORD002239,PRD0045,16,7.03
OI0006695,ORD002240,PRD0058,29,182.31
OI0006696,ORD002240,PRD0128,13,123.35
OI0006697,ORD002240,PRD0040,25,179.3
OI0006698,ORD002241,PRD0041,20,74.92
OI0006699,ORD002242,PRD0020,26,7.41
OI0006700,ORD002242,PRD0025,37,79.83
OI0006701,ORD002242,PRD0011,3,190.23
OI0006702,ORD002243,PRD0122,1,18.49
OI0006703,ORD002243,PRD0120,20,91.06
OI0006704,ORD002244,PRD0108,10,29.96
OI0006705,ORD002244,PRD0096,32,78.52
OI0006706,ORD002244,PRD0082,38,109.81
OI0006707,ORD002244,PRD0086,9,218.7
OI0006708,ORD002245,PRD0054,4,58.91
OI0006709,ORD002245,PRD9999,40,230.33
OI0006710,ORD002245,PRD0038,10,222.91
OI0006711,ORD002245,PRD0079,15,153.34
OI0006712,ORD002245,PRD0009,22,38.6
OI0006713,ORD002246,PRD0130,34,40.15
OI0006714,ORD002247,PRD0026,9,173.51
OI0006715,ORD002247,PRD0064,37,230.86
OI0006716,ORD002247,PRD0132,20,115.18
OI0006717,ORD002248,PRD0029,5,203.27
OI0006718,ORD002248,PRD0146,25,116.28
OI0006719,ORD002249,PRD0019,20,188.65
OI0006720,ORD002249,PRD0049,31,178.36
OI0006721,ORD002250,PRD0049,16,178.36
OI0006722,ORD002250,PRD0128,9,123.35
OI0006723,ORD002251,PRD0071,24,189.96
OI0006724,ORD002251,PRD0026,31,173.51
OI0006725,ORD002252,PRD0084,14,40.42
OI0006726,ORD002252,PRD0144,3,190.91
OI0006727,ORD002252,PRD0045,33,7.03
OI0006728,ORD002252,PRD000,7,215.43
OI0006729,ORD002253,PRD0144,12,190.91
OI0006730,ORD002253,PRD0132,16,115.18
OI0006731,ORD002253,PRD0095,33,72.24
OI0006732,ORD002253,PRD0124,36,45.26
OI0006733,ORD002254,PRD0053,20,122.42
OI0006734,ORD002254,PRD0015,24,31.62
OI0006735,ORD002254,PRD0072,28,230.67
OI0006736,ORD002254,PRD0105,9,220.36
OI0006737,ORD002254,PRD0096,29,78.52
OI0006738,ORD002255,PRD0004,2,27.44
OI0006739,ORD002255,PRD0049,10,178.36
OI0006740,ORD002256,PRD0052,33,207.39
OI0006741,ORD002256,PRD0079,40,153.34
OI0006742,ORD002256,PRD0033,31,49.71
OI0006743,ORD002257,PRD0123,7,236.61
OI0006744,ORD002257,PRD0110,3,237.89
OI0006745,ORD002258,PRD0045,28,7.03
OI0006746,ORD002258,PRD0050,24,176.43
OI0006747,ORD002259,PRD0065,8,120.88
OI0006748,ORD002259,PRD0088,18,54.55
OI0006749,ORD002259,PRD0010,38,6.66
OI0006750,ORD002259,PRD0064,8,230.86
OI0006751,ORD002259,PRD9999,31,58.5
OI0006752,ORD002260,PRD0004,28,27.44
OI0006753,ORD002261,PRD999,24,126.8
OI0006754,ORD002261,PRD0050,9,176.43
OI0006755,ORD002261,PRD0135,7,148.62
OI0006756,ORD002261,PRD999,25,201.2
OI0006757,ORD002261,PRD0103,29,124.22
OI0006758,ORD002262,PRD0135,23,148.62
OI0006759,ORD002262,PRD0017,26,191.07
OI0006760,ORD002262,PRD0106,11,22.39
OI0006761,ORD002262,PRD0069,3,54.19
OI0006762,ORD002263,PRD0135,26,148.62
OI0006763,ORD002263,PRD0114,20,122.24
OI0006764,ORD002264,PRD0104,1,165.96
OI0006765,ORD002264,PRD0079,3,153.34
OI0006766,ORD002264,PRD0105,9,220.36
OI0006767,ORD002264,PRD999,20,183.64
OI0006768,ORD002265,PRD0056,4,107.05
OI0006769,ORD002265,PRD0028,30,98.85
OI0006770,ORD002265,PRD0016,26,191.36
OI0006771,ORD002265,PRD0002,16,172.3
OI0006772,ORD002266,PRD0079,25,153.34
OI0006773,ORD002266,PRD0060,36,47.82
OI0006774,ORD002266,PRD0001,1,115.82
OI0006775,ORD002267,PRD0028,4,98.85
OI0006776,ORD002267,PRD0099,28,16.05
OI0006777,ORD002267,PRD0135,30,148.62
OI0006778,ORD002268,PRD0136,23,5.82
OI0006779,ORD002268,PRD0004,37,27.44
OI0006780,ORD002268,PRD0013,38,202.19
OI0006781,ORD002268,PRD0044,29,142.63
OI0006782,ORD002268,PRD0012,21,114.28
OI0006783,ORD002269,PRD9999,-34,129.86
OI0006784,ORD002269,PRD0026,36,173.51
OI0006785,ORD002269,PRD0055,28,122.67
OI0006786,ORD002269,PRD0037,23,226.8
OI0006787,ORD002270,PRD0057,15,163.07
OI0006788,ORD002270,PRD0112,16,160.95
OI0006789,ORD002270,PRD0006,40,140.22
OI0006790,ORD002270,PRD0094,37,30.93
OI0006791,ORD002270,PRD0068,10,29.13
OI0006792,ORD002271,PRD0131,40,31.12
OI0006793,ORD002271,PRD0131,38,31.12
OI0006794,ORD002271,PRD0128,14,123.35
OI0006795,ORD002271,PRD0034,32,69.78
OI0006796,ORD002271,PRD0094,25,30.93
OI0006797,ORD002272,PRD0070,40,225.75
OI0006798,ORD002272,PRD0005,27,143.43
OI0006799,ORD002272,PRD0134,16,26.01
OI0006800,ORD002272,PRD0009,20,38.6
OI0006801,ORD002272,PRD0024,34,87.52
OI0006802,ORD002273,PRD0109,14,119.42
OI0006803,ORD002273,PRD0060,21,47.82
OI0006804,ORD002274,PRD0037,26,226.8
OI0006805,ORD002274,PRD0024,32,87.52
OI0006806,ORD002274,PRD0078,4,105.62
OI0006807,ORD002274,PRD0125,2,149.25
OI0006808,ORD002274,PRD0018,27,211.58
OI0006809,ORD002275,PRD0133,14,216.9
OI0006810,ORD002275,PRD0074,4,95.86
OI0006811,ORD002275,PRD0141,25,106.53
OI0006812,ORD002275,PRD0045,27,7.03
OI0006813,ORD002275,PRD0021,8,92.86
OI0006814,ORD002276,PRD0097,5,166.76
OI0006815,ORD002276,PRD0024,34,87.52
OI0006816,ORD002276,PRD0121,24,231.51
OI0006817,ORD002276,PRD0119,30,39.29
OI0006818,ORD002277,PRD0077,13,121.36
OI0006819,ORD002277,PRD0021,24,92.86
OI0006820,ORD002277,PRD0086,24,218.7
OI0006821,ORD002278,PRD0118,37,113.75
OI0006822,ORD002278,PRD0082,38,109.81
OI0006823,ORD002279,PRD0001,2,115.82
OI0006824,ORD002279,PRD999,29,172.27
OI0006825,ORD002279,PRD0044,8,142.63
OI0006826,ORD002279,PRD0035,18,236.05
OI0006827,ORD002279,PRD0071,37,189.96
OI0006828,ORD002280,PRD0058,27,182.31
OI0006829,ORD002280,PRD0142,36,15.65
OI0006830,ORD002280,PRD0141,20,106.53
OI0006831,ORD002281,PRD0130,31,40.15
OI0006832,ORD002281,PRD0080,29,78.97
OI0006833,ORD002282,PRD0119,13,39.29
OI0006834,ORD002282,PRD0133,28,216.9
OI0006835,ORD002283,PRD0128,20,123.35
OI0006836,ORD002284,PRD0048,-19,221.86
OI0006837,ORD002284,PRD0060,7,47.82
OI0006838,ORD002285,PRD0057,27,163.07
OI0006839,ORD002285,PRD0048,13,221.86
OI0006840,ORD002285,PRD0089,9,150.86
OI0006841,ORD002285,PRD0098,22,38.66
OI0006842,ORD002286,PRD0089,34,150.86
OI0006843,ORD002286,PRD0048,20,221.86
OI0006844,ORD002286,PRD0128,15,123.35
OI0006845,ORD002286,PRD0086,34,218.7
OI0006846,ORD002287,PRD0061,17,123.38
OI0006847,ORD002287,PRD0098,13,38.66
OI0006848,ORD002287,PRD0006,6,140.22
OI0006849,ORD002288,PRD0109,1,119.42
OI0006850,ORD002288,PRD0015,24,31.62
OI0006851,ORD002289,PRD0059,28,201.86
OI0006852,ORD002289,PRD0106,33,22.39
OI0006853,ORD002290,PRD0114,23,122.24
OI0006854,ORD002290,PRD0141,20,106.53
OI0006855,ORD002291,PRD0107,6,140.4
OI0006856,ORD002291,PRD0123,40,236.61
OI0006857,ORD002291,PRD0094,21,30.93
OI0006858,ORD002291,PRD0003,20,72.4
OI0006859,ORD002292,PRD0055,19,122.67
OI0006860,ORD002292,PRD0128,6,123.35
OI0006861,ORD002292,PRD0006,10,140.22
OI0006862,ORD002292,PRD0049,24,178.36
OI0006863,ORD002293,PRD0051,6,24.49
OI0006864,ORD002293,PRD0020,5,7.41
OI0006865,ORD002293,PRD0082,8,109.81
OI0006866,ORD002294,PRD0150,7,124.38
OI0006867,ORD002294,PRD0104,9,165.96
OI0006868,ORD002294,PRD0088,24,54.55
OI0006869,ORD002294,PRD0131,12,31.12
OI0006870,ORD002295,PRD0082,39,109.81
OI0006871,ORD002295,PRD0023,40,138.23
OI0006872,ORD002296,PRD0105,12,220.36
OI0006873,ORD002297,PRD0127,19,116.1
OI0006874,ORD002297,PRD0099,3,16.05
OI0006875,ORD002297,PRD0031,18,30.67
OI0006876,ORD002297,PRD0095,37,72.24
OI0006877,ORD002297,PRD0056,40,107.05
OI0006878,ORD002298,PRD0107,19,140.4
OI0006879,ORD002298,PRD0067,28,172.46
OI0006880,ORD002298,PRD0012,15,114.28
OI0006881,ORD002299,PRD0133,17,216.9
OI0006882,ORD002299,PRD0140,22,180.3
OI0006883,ORD002299,PRD0121,8,231.51
OI0006884,ORD002299,PRD0148,34,127.25
OI0006885,ORD002299,PRD0024,16,87.52
OI0006886,ORD002300,PRD0068,37,29.13
OI0006887,ORD002300,PRD0046,9,105.44
OI0006888,ORD002301,PRD0135,1,148.62
OI0006889,ORD002302,PRD0148,24,127.25
OI0006890,ORD002302,PRD0064,33,230.86
OI0006891,ORD002302,PRD0058,27,182.31
OI0006892,ORD002302,PRD0140,3,180.3
OI0006893,ORD002302,PRD0032,20,206.97
OI0006894,ORD002303,PRD0016,31,191.36
OI0006895,ORD002303,PRD0139,25,18.24
OI0006896,ORD002303,PRD0148,40,127.25
OI0006897,ORD002303,PRD0110,5,237.89
OI0006898,ORD002303,PRD0030,21,101.78
OI0006899,ORD002304,PRD0031,19,30.67
OI0006900,ORD002304,PRD0001,29,115.82
OI0006901,ORD002305,PRD0145,22,92.02
OI0006902,ORD002305,PRD0071,36,189.96
OI0006903,ORD002306,PRD0085,33,63.68
OI0006904,ORD002306,PRD0132,12,115.18
OI0006905,ORD002306,PRD0033,7,49.71
OI0006906,ORD002307,PRD0055,36,122.67
OI0006907,ORD002308,PRD0107,6,140.4
OI0006908,ORD002308,PRD0107,22,140.4
OI0006909,ORD002308,PRD0108,11,29.96
OI0006910,ORD002308,PRD0012,37,114.28
OI0006911,ORD002308,PRD0123,20,236.61
OI0006912,ORD002309,PRD0073,13,68.46
OI0006913,ORD002309,PRD0063,19,139.58
OI0006914,ORD002309,PRD0088,7,54.55
OI0006915,ORD002310,PRD0032,2,206.97
OI0006916,ORD002311,PRD0042,1,34.49
OI0006917,ORD002312,PRD0077,3,121.36
OI0006918,ORD002312,PRD0101,9,119.36
OI0006919,ORD002312,PRD0104,24,165.96
OI0006920,ORD002313,PRD0074,31,95.86
OI0006921,ORD002313,PRD0149,29,233.51
OI0006922,ORD002313,PRD0089,11,150.86
OI0006923,ORD002314,PRD0138,38,105.95
OI0006924,ORD002314,PRD0049,14,178.36
OI0006925,ORD002315,PRD0085,5,63.68
OI0006926,ORD002316,PRD0036,29,191.05
OI0006927,ORD002316,PRD0072,25,230.67
OI0006928,ORD002316,PRD0054,25,58.91
OI0006929,ORD002317,PRD0044,38,142.63
OI0006930,ORD002317,PRD0116,-5,227.68
OI0006931,ORD002318,PRD0111,39,83.5
OI0006932,ORD002318,PRD0089,19,150.86
OI0006933,ORD002318,PRD0022,31,35.83
OI0006934,ORD002318,PRD0101,34,119.36
OI0006935,ORD002319,PRD0042,28,34.49
OI0006936,ORD002320,PRD0091,11,175.98
OI0006937,ORD002321,PRD0018,4,211.58
OI0006938,ORD002322,PRD0124,9,45.26
OI0006939,ORD002322,PRD0143,14,205.5
OI0006940,ORD002322,PRD0069,38,54.19
OI0006941,ORD002323,PRD0088,12,54.55
OI0006942,ORD002323,PRD0003,15,72.4
OI0006943,ORD002323,PRD0056,31,107.05
OI0006944,ORD002323,PRD0103,33,124.22
OI0006945,ORD002324,PRD0001,24,115.82
OI0006946,ORD002324,PRD0129,10,171.21
OI0006947,ORD002324,PRD0010,37,6.66
OI0006948,ORD002324,PRD0040,20,179.3
OI0006949,ORD002325,PRD0120,40,91.06
OI0006950,ORD002326,PRD0028,8,98.85
OI0006951,ORD002326,PRD0059,20,201.86
OI0006952,ORD002326,PRD0142,14,15.65
OI0006953,ORD002327,PRD0072,31,230.67
OI0006954,ORD002327,PRD0001,3,115.82
OI0006955,ORD002327,PRD0041,19,74.92
OI0006956,ORD002327,PRD0069,38,54.19
OI0006957,ORD002327,PRD0097,19,166.76
OI0006958,ORD002328,PRD0042,11,34.49
OI0006959,ORD002329,PRD0084,21,40.42
OI0006960,ORD002330,PRD0105,35,220.36
OI0006961,ORD002331,PRD0126,37,35.6
OI0006962,ORD002331,PRD0072,7,230.67
OI0006963,ORD002331,PRD0140,9,180.3
OI0006964,ORD002331,PRD0027,11,38.21
OI0006965,ORD002332,PRD0086,39,218.7
OI0006966,ORD002332,PRD0018,24,211.58
OI0006967,ORD002332,PRD0044,39,142.63
OI0006968,ORD002332,PRD0134,13,26.01
OI0006969,ORD002333,PRD0120,17,91.06
OI0006970,ORD002333,PRD0093,27,66.58
OI0006971,ORD002334,PRD0099,15,16.05
OI0006972,ORD002334,PRD0028,13,98.85
OI0006973,ORD002334,PRD0066,18,106.81
OI0006974,ORD002334,PRD0050,3,176.43
OI0006975,ORD002334,PRD0135,29,148.62
OI0006976,ORD002335,PRD0124,3,45.26
OI0006977,ORD002335,PRD0091,26,175.98
OI0006978,ORD002335,PRD0083,9,19.93
OI0006979,ORD002336,PRD0117,6,90.73
OI0006980,ORD002337,PRD999,15,135.44
OI0006981,ORD002337,PRD0010,1,6.66
OI0006982,ORD002337,PRD0030,14,101.78
OI0006983,ORD002338,PRD0145,8,92.02
OI0006984,ORD002338,PRD0032,23,206.97
OI0006985,ORD002339,PRD0025,12,79.83
OI0006986,ORD002339,PRD0086,34,218.7
OI0006987,ORD002339,PRD0089,37,150.86
OI0006988,ORD002340,PRD0043,25,154.31
OI0006989,ORD002341,PRD0081,36,47.37
OI0006990,ORD002341,PRD0094,9,30.93
OI0006991,ORD002341,PRD0025,28,79.83
OI0006992,ORD002341,PRD0149,5,233.51
OI0006993,ORD002342,PRD0136,21,5.82
OI0006994,ORD002342,PRD0012,-2,114.28
OI0006995,ORD002343,PRD0087,20,40.72
OI0006996,ORD002343,PRD0036,32,191.05
OI0006997,ORD002343,PRD0004,1,27.44
OI0006998,ORD002344,PRD0002,37,172.3
OI0006999,ORD002344,PRD0105,34,220.36
OI0007000,ORD002344,PRD0069,14,54.19
OI0007001,ORD002345,PRD0100,40,36.13
OI0007002,ORD002345,PRD0102,1,215.21
OI0007003,ORD002345,PRD0020,30,7.41
OI0007004,ORD002345,PRD0053,29,122.42
OI0007005,ORD002346,PRD0018,-37,211.58
OI0007006,ORD002346,PRD0098,28,38.66
OI0007007,ORD002347,PRD0104,27,165.96
OI0007008,ORD002347,PRD0072,27,230.67
OI0007009,ORD002348,PRD0016,11,191.36
OI0007010,ORD002349,PRD0108,10,29.96
OI0007011,ORD002349,PRD0098,11,38.66
OI0007012,ORD002349,PRD0042,27,34.49
OI0007013,ORD002349,PRD0028,27,98.85
OI0007014,ORD002349,PRD0087,4,40.72
OI0007015,ORD002350,PRD0141,7,106.53
OI0007016,ORD002350,PRD0090,16,72.4
OI0007017,ORD002350,PRD0082,37,109.81
OI0007018,ORD002351,PRD0092,40,57.63
OI0007019,ORD002352,PRD0102,25,215.21
OI0007020,ORD002352,PRD0057,15,163.07
OI0007021,ORD002352,PRD0086,2,218.7
OI0007022,ORD002353,PRD0119,27,39.29
OI0007023,ORD002353,PRD0105,10,220.36
OI0007024,ORD002353,PRD0136,34,5.82
OI0007025,ORD002354,PRD0004,18,27.44
OI0007026,ORD002354,PRD0045,38,7.03
OI0007027,ORD002354,PRD0101,10,119.36
OI0007028,ORD002354,PRD0018,39,211.58
OI0007029,ORD002354,PRD0004,11,27.44
OI0007030,ORD002355,PRD0127,9,116.1
OI0007031,ORD002356,PRD0034,16,69.78
OI0007032,ORD002356,PRD0026,4,173.51
OI0007033,ORD002356,PRD0003,18,72.4
OI0007034,ORD002356,PRD0001,4,115.82
OI0007035,ORD002356,PRD0065,28,120.88
OI0007036,ORD002357,PRD0053,38,122.42
OI0007037,ORD002357,PRD0088,4,54.55
OI0007038,ORD002357,PRD0011,4,190.23
OI0007039,ORD002357,PRD0029,29,203.27
OI0007040,ORD002358,PRD9999,34,32.84
OI0007041,ORD002358,PRD0089,2,150.86
OI0007042,ORD002359,PRD0060,14,47.82
OI0007043,ORD002359,PRD0123,27,236.61
OI0007044,ORD002359,PRD0120,3,91.06
OI0007045,ORD002359,PRD0107,27,140.4
OI0007046,ORD002359,PRD0135,17,148.62
OI0007047,ORD002360,PRD0016,37,191.36
OI0007048,ORD002360,PRD0046,40,105.44
OI0007049,ORD002360,PRD0148,12,127.25
OI0007050,ORD002360,PRD0072,17,230.67
OI0007051,ORD002361,PRD0104,28,165.96
OI0007052,ORD002361,PRD0010,34,6.66
OI0007053,ORD002361,PRD0070,13,225.75
OI0007054,ORD002361,PRD0087,19,40.72
OI0007055,ORD002361,PRD0099,31,16.05
OI0007056,ORD002362,PRD0112,35,160.95
OI0007057,ORD002362,PRD0132,23,115.18
OI0007058,ORD002362,PRD0100,18,36.13
OI0007059,ORD002362,PRD0025,21,79.83
OI0007060,ORD002362,PRD0149,26,233.51
OI0007061,ORD002363,PRD0053,28,122.42
OI0007062,ORD002364,PRD0080,11,78.97
OI0007063,ORD002364,PRD0116,7,227.68
OI0007064,ORD002364,PRD0053,25,122.42
OI0007065,ORD002364,PRD0124,13,45.26
OI0007066,ORD002365,PRD0076,24,28.95
OI0007067,ORD002365,PRD0031,6,30.67
OI0007068,ORD002365,PRD0046,18,105.44
OI0007069,ORD002365,PRD0059,1,201.86
OI0007070,ORD002366,PRD0122,15,18.49
OI0007071,ORD002366,PRD0134,39,26.01
OI0007072,ORD002366,PRD0042,12,34.49
OI0007073,ORD002366,PRD0004,1,27.44
OI0007074,ORD002366,PRD0115,11,102.09
OI0007075,ORD002367,PRD0109,37,119.42
OI0007076,ORD002367,PRD0091,10,175.98
OI0007077,ORD002367,PRD0147,17,123.59
OI0007078,ORD002367,PRD0076,15,28.95
OI0007079,ORD002367,PRD0119,36,39.29
OI0007080,ORD002368,PRD0042,2,34.49
OI0007081,ORD002368,PRD0136,37,5.82
OI0007082,ORD002369,PRD0127,21,116.1
OI0007083,ORD002369,PRD0001,13,115.82
OI0007084,ORD002369,PRD0072,6,230.67
OI0007085,ORD002369,PRD0029,16,203.27
OI0007086,ORD002370,PRD0030,10,101.78
OI0007087,ORD002370,PRD0071,13,189.96
OI0007088,ORD002370,PRD0119,2,39.29
OI0007089,ORD002370,PRD0100,3,36.13
OI0007090,ORD002371,PRD0078,24,105.62
OI0007091,ORD002371,PRD0128,21,123.35
OI0007092,ORD002372,PRD0103,16,124.22
OI0007093,ORD002373,PRD0127,32,116.1
OI0007094,ORD002373,PRD999,2,223.02
OI0007095,ORD002374,PRD0098,38,38.66
OI0007096,ORD002374,PRD0098,24,38.66
OI0007097,ORD002374,PRD0063,29,139.58
OI0007098,ORD002375,PRD0046,20,105.44
OI0007099,ORD002375,PRD0085,33,63.68
OI0007100,ORD002375,PRD0018,26,211.58
OI0007101,ORD002375,PRD0130,33,40.15
OI0007102,ORD002375,PRD0020,4,7.41
OI0007103,ORD002376,PRD0149,16,233.51
OI0007104,ORD002376,PRD0099,8,16.05
OI0007105,ORD002376,PRD0008,14,87.17
OI0007106,ORD002377,PRD0129,28,171.21
OI0007107,ORD002377,PRD0132,4,115.18
OI0007108,ORD002378,PRD0086,7,218.7
OI0007109,ORD002378,PRD0031,29,30.67
OI0007110,ORD002379,PRD0106,14,22.39
OI0007111,ORD002379,PRD000,35,88.6
OI0007112,ORD002379,PRD0096,31,78.52
OI0007113,ORD002380,PRD0039,29,41.02
OI0007114,ORD002380,PRD0066,20,106.81
OI0007115,ORD002380,PRD0041,30,74.92
OI0007116,ORD002380,PRD0024,27,87.52
OI0007117,ORD002380,PRD0067,6,172.46
OI0007118,ORD002381,PRD0025,32,79.83
OI0007119,ORD002382,PRD0046,25,105.44
OI0007120,ORD002382,PRD0105,8,220.36
OI0007121,ORD002382,PRD0038,39,222.91
OI0007122,ORD002383,PRD0071,21,189.96
OI0007123,ORD002383,PRD0044,22,142.63
OI0007124,ORD002384,PRD0012,25,114.28
OI0007125,ORD002384,PRD0023,30,138.23
OI0007126,ORD002384,PRD0016,2,191.36
OI0007127,ORD002384,PRD0043,8,154.31
OI0007128,ORD002384,PRD0118,30,113.75
OI0007129,ORD002385,PRD0082,2,109.81
OI0007130,ORD002385,PRD0054,27,58.91
OI0007131,ORD002385,PRD0132,36,115.18
OI0007132,ORD002385,PRD0043,37,154.31
OI0007133,ORD002385,PRD0031,14,30.67
OI0007134,ORD002386,PRD0142,37,15.65
OI0007135,ORD002386,PRD0080,9,78.97
OI0007136,ORD002386,PRD0144,23,190.91
OI0007137,ORD002387,PRD0028,18,98.85
OI0007138,ORD002388,PRD0045,35,7.03
OI0007139,ORD002388,PRD0141,4,106.53
OI0007140,ORD002388,PRD0011,33,190.23
OI0007141,ORD002388,PRD0063,9,139.58
OI0007142,ORD002389,PRD0066,35,106.81
OI0007143,ORD002389,PRD0058,38,182.31
OI0007144,ORD002389,PRD0115,22,102.09
OI0007145,ORD002390,PRD0006,10,140.22
OI0007146,ORD002390,PRD0067,29,172.46
OI0007147,ORD002390,PRD0041,35,74.92
OI0007148,ORD002390,PRD0092,7,57.63
OI0007149,ORD002391,PRD0022,3,35.83
OI0007150,ORD002391,PRD0106,11,22.39
OI0007151,ORD002391,PRD0140,36,180.3
OI0007152,ORD002392,PRD0013,31,202.19
OI0007153,ORD002392,PRD0073,5,68.46
OI0007154,ORD002392,PRD0075,19,173.74
OI0007155,ORD002392,PRD0018,18,211.58
OI0007156,ORD002393,PRD0037,21,226.8
OI0007157,ORD002394,PRD0031,39,30.67
OI0007158,ORD002395,PRD0002,3,172.3
OI0007159,ORD002395,PRD0142,21,15.65
OI0007160,ORD002396,PRD0130,14,40.15
OI0007161,ORD002396,PRD0128,21,123.35
OI0007162,ORD002397,PRD0094,26,30.93
OI0007163,ORD002397,PRD0058,19,182.31
OI0007164,ORD002397,PRD0038,27,222.91
OI0007165,ORD002397,PRD0035,16,236.05
OI0007166,ORD002398,PRD0047,24,157.02
OI0007167,ORD002398,PRD0055,8,122.67
OI0007168,ORD002399,PRD0027,10,38.21
OI0007169,ORD002400,PRD0115,25,102.09
OI0007170,ORD002400,PRD0066,12,106.81
OI0007171,ORD002401,PRD0033,21,49.71
OI0007172,ORD002401,PRD0087,35,40.72
OI0007173,ORD002401,PRD0135,7,148.62
OI0007174,ORD002401,PRD0123,-9,236.61
OI0007175,ORD002401,PRD0047,35,157.02
OI0007176,ORD002402,PRD0058,33,182.31
OI0007177,ORD002403,PRD0066,32,106.81
OI0007178,ORD002404,PRD0040,37,179.3
OI0007179,ORD002404,PRD0068,3,29.13
OI0007180,ORD002404,PRD0075,27,173.74
OI0007181,ORD002404,PRD0078,15,105.62
OI0007182,ORD002404,PRD0106,3,22.39
OI0007183,ORD002405,PRD0148,25,127.25
OI0007184,ORD002405,PRD0137,5,60.23
OI0007185,ORD002405,PRD0064,16,230.86
OI0007186,ORD002406,PRD0024,4,87.52
OI0007187,ORD002406,PRD0065,4,120.88
OI0007188,ORD002406,PRD0135,33,148.62
OI0007189,ORD002406,PRD0057,27,163.07
OI0007190,ORD002407,PRD0140,32,180.3
OI0007191,ORD002407,PRD0008,21,87.17
OI0007192,ORD002407,PRD0130,22,40.15
OI0007193,ORD002407,PRD0110,30,237.89
OI0007194,ORD002407,PRD0094,27,30.93
OI0007195,ORD002408,PRD0114,7,122.24
OI0007196,ORD002408,PRD0093,11,66.58
OI0007197,ORD002408,PRD0035,-11,236.05
OI0007198,ORD002408,PRD0133,6,216.9
OI0007199,ORD002409,PRD0015,40,31.62
OI0007200,ORD002409,PRD0113,28,176.91
OI0007201,ORD002409,PRD0144,24,190.91
OI0007202,ORD002410,PRD0040,17,179.3
OI0007203,ORD002410,PRD0038,12,222.91
OI0007204,ORD002410,PRD0140,12,180.3
OI0007205,ORD002410,PRD0044,28,142.63
OI0007206,ORD002411,PRD0015,18,31.62
OI0007207,ORD002411,PRD0065,19,120.88
OI0007208,ORD002411,PRD0081,14,47.37
OI0007209,ORD002412,PRD0005,29,143.43
OI0007210,ORD002412,PRD0015,37,31.62
OI0007211,ORD002412,PRD0100,11,36.13
OI0007212,ORD002413,PRD0015,33,31.62
OI0007213,ORD002414,PRD0081,33,47.37
OI0007214,ORD002414,PRD0093,32,66.58
OI0007215,ORD002414,PRD0122,28,18.49
OI0007216,ORD002414,PRD0086,9,218.7
OI0007217,ORD002414,PRD000,32,22.77
OI0007218,ORD002415,PRD0137,18,60.23
OI0007219,ORD002415,PRD0095,6,72.24
OI0007220,ORD002415,PRD0063,8,139.58
OI0007221,ORD002415,PRD0069,7,54.19
OI0007222,ORD002416,PRD0051,14,24.49
OI0007223,ORD002416,PRD0113,2,176.91
OI0007224,ORD002416,PRD0032,6,206.97
OI0007225,ORD002416,PRD999,14,32.15
OI0007226,ORD002417,PRD0093,20,66.58
OI0007227,ORD002418,PRD0023,11,138.23
OI0007228,ORD002419,PRD0113,33,176.91
OI0007229,ORD002419,PRD0023,11,138.23
OI0007230,ORD002419,PRD0128,20,123.35
OI0007231,ORD002420,PRD0024,21,87.52
OI0007232,ORD002420,PRD0017,2,191.07
OI0007233,ORD002420,PRD0117,31,90.73
OI0007234,ORD002420,PRD0021,12,92.86
OI0007235,ORD002421,PRD0107,12,140.4
OI0007236,ORD002421,PRD0119,27,39.29
OI0007237,ORD002422,PRD0031,10,30.67
OI0007238,ORD002422,PRD0120,36,91.06
OI0007239,ORD002422,PRD0132,30,115.18
OI0007240,ORD002423,PRD0046,29,105.44
OI0007241,ORD002424,PRD0104,32,165.96
OI0007242,ORD002424,PRD0105,29,220.36
OI0007243,ORD002424,PRD0011,36,190.23
OI0007244,ORD002424,PRD0127,17,116.1
OI0007245,ORD002424,PRD0002,31,172.3
OI0007246,ORD002425,PRD0093,12,66.58
OI0007247,ORD002425,PRD0005,25,143.43
OI0007248,ORD002425,PRD0025,35,79.83
OI0007249,ORD002425,PRD0055,17,122.67
OI0007250,ORD002425,PRD0148,20,127.25
OI0007251,ORD002426,PRD0067,12,172.46
OI0007252,ORD002426,PRD0019,40,188.65
OI0007253,ORD002426,PRD0043,35,154.31
OI0007254,ORD002427,PRD0149,8,233.51
OI0007255,ORD002427,PRD0112,5,160.95
OI0007256,ORD002427,PRD0119,4,39.29
OI0007257,ORD002428,PRD0053,-19,122.42
OI0007258,ORD002428,PRD0078,9,105.62
OI0007259,ORD002429,PRD0089,10,150.86
OI0007260,ORD002429,PRD0018,33,211.58
OI0007261,ORD002429,PRD0002,13,172.3
OI0007262,ORD002429,PRD0039,33,41.02
OI0007263,ORD002429,PRD0090,6,72.4
OI0007264,ORD002430,PRD0103,24,124.22
OI0007265,ORD002430,PRD0105,38,220.36
OI0007266,ORD002430,PRD0112,33,160.95
OI0007267,ORD002431,PRD0138,23,105.95
OI0007268,ORD002431,PRD0042,23,34.49
OI0007269,ORD002431,PRD0009,34,38.6
OI0007270,ORD002431,PRD0042,5,34.49
OI0007271,ORD002432,PRD0064,33,230.86
OI0007272,ORD002433,PRD0037,29,226.8
OI0007273,ORD002433,PRD0049,13,178.36
OI0007274,ORD002434,PRD0001,22,115.82
OI0007275,ORD002435,PRD0121,29,231.51
OI0007276,ORD002436,PRD0063,-6,139.58
OI0007277,ORD002437,PRD0051,34,24.49
OI0007278,ORD002437,PRD0073,15,68.46
OI0007279,ORD002437,PRD0065,-37,120.88
OI0007280,ORD002437,PRD0108,16,29.96
OI0007281,ORD002437,PRD0039,15,41.02
OI0007282,ORD002438,PRD0129,25,171.21
OI0007283,ORD002438,PRD0036,29,191.05
OI0007284,ORD002439,PRD0081,28,47.37
OI0007285,ORD002440,PRD0122,35,18.49
OI0007286,ORD002440,PRD0079,38,153.34
OI0007287,ORD002441,PRD0064,-38,230.86
OI0007288,ORD002441,PRD0040,2,179.3
OI0007289,ORD002441,PRD0105,18,220.36
OI0007290,ORD002441,PRD0054,21,58.91
OI0007291,ORD002441,PRD0050,28,176.43
OI0007292,ORD002442,PRD0115,39,102.09
OI0007293,ORD002442,PRD0129,14,171.21
OI0007294,ORD002442,PRD0017,-27,191.07
OI0007295,ORD002442,PRD0011,16,190.23
OI0007296,ORD002443,PRD0136,27,5.82
OI0007297,ORD002443,PRD0105,18,220.36
OI0007298,ORD002443,PRD0146,37,116.28
OI0007299,ORD002443,PRD0050,18,176.43
OI0007300,ORD002443,PRD0118,30,113.75
OI0007301,ORD002444,PRD0016,39,191.36
OI0007302,ORD002445,PRD0106,36,22.39
OI0007303,ORD002445,PRD0116,11,227.68
OI0007304,ORD002446,PRD0083,-29,19.93
OI0007305,ORD002446,PRD0021,5,92.86
OI0007306,ORD002446,PRD0029,27,203.27
OI0007307,ORD002446,PRD0068,3,29.13
OI0007308,ORD002447,PRD0062,33,239.86
OI0007309,ORD002447,PRD0124,27,45.26
OI0007310,ORD002447,PRD0041,23,74.92
OI0007311,ORD002448,PRD0136,17,5.82
OI0007312,ORD002449,PRD0039,1,41.02
OI0007313,ORD002449,PRD0144,40,190.91
OI0007314,ORD002449,PRD0032,29,206.97
OI0007315,ORD002449,PRD0029,40,203.27
OI0007316,ORD002449,PRD0008,23,87.17
OI0007317,ORD002450,PRD0126,5,35.6
OI0007318,ORD002450,PRD0097,35,166.76
OI0007319,ORD002450,PRD0032,40,206.97
OI0007320,ORD002450,PRD0122,31,18.49
OI0007321,ORD002451,PRD0107,1,140.4
OI0007322,ORD002451,PRD0078,6,105.62
OI0007323,ORD002451,PRD0125,12,149.25
OI0007324,ORD002451,PRD0125,10,149.25
OI0007325,ORD002451,PRD0125,4,149.25
OI0007326,ORD002452,PRD0067,32,172.46
OI0007327,ORD002452,PRD0052,34,207.39
OI0007328,ORD002452,PRD0119,29,39.29
OI0007329,ORD002452,PRD0029,5,203.27
OI0007330,ORD002453,PRD0100,28,36.13
OI0007331,ORD002453,PRD0012,39,114.28
OI0007332,ORD002453,PRD0066,4,106.81
OI0007333,ORD002453,PRD0075,29,173.74
OI0007334,ORD002454,PRD0096,32,78.52
OI0007335,ORD002454,PRD0058,13,182.31
OI0007336,ORD002454,PRD0102,5,215.21
OI0007337,ORD002454,PRD0064,27,230.86
OI0007338,ORD002455,PRD0012,9,114.28
OI0007339,ORD002455,PRD0096,23,78.52
OI0007340,ORD002455,PRD0048,22,221.86
OI0007341,ORD002455,PRD0019,16,188.65
OI0007342,ORD002456,PRD0085,4,63.68
OI0007343,ORD002457,PRD0111,33,83.5
OI0007344,ORD002457,PRD0098,19,38.66
OI0007345,ORD002457,PRD0025,22,79.83
OI0007346,ORD002458,PRD0007,1,82.58
OI0007347,ORD002458,PRD0132,32,115.18
OI0007348,ORD002459,PRD0036,39,191.05
OI0007349,ORD002460,PRD0103,25,124.22
OI0007350,ORD002460,PRD0069,25,54.19
OI0007351,ORD002461,PRD0131,17,31.12
OI0007352,ORD002461,PRD0143,39,205.5
OI0007353,ORD002461,PRD0060,23,47.82
OI0007354,ORD002462,PRD999,21,83.87
OI0007355,ORD002462,PRD0025,10,79.83
OI0007356,ORD002462,PRD0013,30,202.19
OI0007357,ORD002462,PRD0086,38,218.7
OI0007358,ORD002462,PRD0021,33,92.86
OI0007359,ORD002463,PRD0041,39,74.92
OI0007360,ORD002463,PRD0040,6,179.3
OI0007361,ORD002463,PRD0064,13,230.86
OI0007362,ORD002464,PRD0113,24,176.91
OI0007363,ORD002464,PRD0083,37,19.93
OI0007364,ORD002465,PRD0125,29,149.25
OI0007365,ORD002465,PRD0013,4,202.19
OI0007366,ORD002465,PRD0054,35,58.91
OI0007367,ORD002466,PRD0118,33,113.75
OI0007368,ORD002466,PRD0140,15,180.3
OI0007369,ORD002466,PRD0071,22,189.96
OI0007370,ORD002467,PRD0085,32,63.68
OI0007371,ORD002467,PRD0115,9,102.09
OI0007372,ORD002467,PRD0066,38,106.81
OI0007373,ORD002468,PRD0108,32,29.96
OI0007374,ORD002468,PRD0031,20,30.67
OI0007375,ORD002468,PRD0135,25,148.62
OI0007376,ORD002468,PRD0030,12,101.78
OI0007377,ORD002468,PRD0042,14,34.49
OI0007378,ORD002469,PRD0020,20,7.41
OI0007379,ORD002469,PRD0130,5,40.15
OI0007380,ORD002469,PRD0043,22,154.31
OI0007381,ORD002469,PRD0074,16,95.86
OI0007382,ORD002470,PRD0146,3,116.28
OI0007383,ORD002470,PRD0037,22,226.8
OI0007384,ORD002471,PRD0040,10,179.3
OI0007385,ORD002471,PRD0097,34,166.76
OI0007386,ORD002471,PRD0056,8,107.05
OI0007387,ORD002472,PRD0016,8,191.36
OI0007388,ORD002472,PRD0139,13,18.24
OI0007389,ORD002472,PRD0086,15,218.7
OI0007390,ORD002473,PRD0018,35,211.58
OI0007391,ORD002473,PRD0071,31,189.96
OI0007392,ORD002473,PRD0124,33,45.26
OI0007393,ORD002474,PRD0018,5,211.58
OI0007394,ORD002474,PRD0149,33,233.51
OI0007395,ORD002474,PRD0079,2,153.34
OI0007396,ORD002475,PRD0146,31,116.28
OI0007397,ORD002476,PRD0142,4,15.65
OI0007398,ORD002476,PRD0039,8,41.02
OI0007399,ORD002476,PRD0065,3,120.88
OI0007400,ORD002476,PRD0012,5,114.28
OI0007401,ORD002477,PRD0017,11,191.07
OI0007402,ORD002477,PRD0132,19,115.18
OI0007403,ORD002477,PRD0087,20,40.72
OI0007404,ORD002477,PRD0135,38,148.62
OI0007405,ORD002478,PRD0051,12,24.49
OI0007406,ORD002478,PRD0141,-18,106.53
OI0007407,ORD002479,PRD0075,20,173.74
OI0007408,ORD002480,PRD0119,14,39.29
OI0007409,ORD002480,PRD0100,27,36.13
OI0007410,ORD002480,PRD0144,37,190.91
OI0007411,ORD002481,PRD0133,9,216.9
OI0007412,ORD002481,PRD0055,1,122.67
OI0007413,ORD002481,PRD0077,28,121.36
OI0007414,ORD002481,PRD0012,23,114.28
OI0007415,ORD002482,PRD0082,28,109.81
OI0007416,ORD002482,PRD0098,31,38.66
OI0007417,ORD002482,PRD0003,33,72.4
OI0007418,ORD002482,PRD0019,5,188.65
OI0007419,ORD002482,PRD999,19,33.54
OI0007420,ORD002483,PRD0079,22,153.34
OI0007421,ORD002483,PRD0034,25,69.78
OI0007422,ORD002483,PRD0047,38,157.02
OI0007423,ORD002483,PRD0034,26,69.78
OI0007424,ORD002483,PRD0118,24,113.75
OI0007425,ORD002484,PRD0011,18,190.23
OI0007426,ORD002484,PRD999,12,203.88
OI0007427,ORD002484,PRD0116,31,227.68
OI0007428,ORD002484,PRD0126,2,35.6
OI0007429,ORD002484,PRD0095,14,72.24
OI0007430,ORD002485,PRD0042,36,34.49
OI0007431,ORD002486,PRD0105,33,220.36
OI0007432,ORD002486,PRD0131,17,31.12
OI0007433,ORD002486,PRD0044,14,142.63
OI0007434,ORD002486,PRD0142,25,15.65
OI0007435,ORD002486,PRD0106,33,22.39
OI0007436,ORD002487,PRD0016,10,191.36
OI0007437,ORD002487,PRD0005,25,143.43
OI0007438,ORD002487,PRD0056,16,107.05
OI0007439,ORD002487,PRD0018,19,211.58
OI0007440,ORD002488,PRD0024,16,87.52
OI0007441,ORD002488,PRD0079,19,153.34
OI0007442,ORD002489,PRD0002,10,172.3
OI0007443,ORD002489,PRD0021,10,92.86
OI0007444,ORD002489,PRD0066,37,106.81
OI0007445,ORD002489,PRD0106,2,22.39
OI0007446,ORD002490,PRD0087,9,40.72
OI0007447,ORD002491,PRD0124,30,45.26
OI0007448,ORD002491,PRD0145,10,92.02
OI0007449,ORD002491,PRD0084,6,40.42
OI0007450,ORD002492,PRD0066,24,106.81
OI0007451,ORD002492,PRD0090,11,72.4
OI0007452,ORD002492,PRD0037,30,226.8
OI0007453,ORD002492,PRD0127,9,116.1
OI0007454,ORD002492,PRD0084,40,40.42
OI0007455,ORD002493,PRD0149,1,233.51
OI0007456,ORD002493,PRD0004,12,27.44
OI0007457,ORD002493,PRD0013,38,202.19
OI0007458,ORD002493,PRD0125,39,149.25
OI0007459,ORD002493,PRD0011,3,190.23
OI0007460,ORD002494,PRD0052,1,207.39
OI0007461,ORD002495,PRD0063,16,139.58
OI0007462,ORD002495,PRD0075,21,173.74
OI0007463,ORD002496,PRD0009,36,38.6
OI0007464,ORD002497,PRD0040,34,179.3
OI0007465,ORD002497,PRD0029,35,203.27
OI0007466,ORD002498,PRD0104,13,165.96
OI0007467,ORD002499,PRD0108,6,29.96
OI0007468,ORD002499,PRD0149,36,233.51
OI0007469,ORD002499,PRD0062,12,239.86
OI0007470,ORD002499,PRD0147,26,123.59
OI0007471,ORD002499,PRD0114,40,122.24
OI0007472,ORD002500,PRD0098,25,38.66
OI0007473,ORD002500,PRD0099,17,16.05
OI0007474,ORD002501,PRD0128,16,123.35
OI0007475,ORD002501,PRD0033,22,49.71
OI0007476,ORD002501,PRD0094,39,30.93
OI0007477,ORD002502,PRD0025,4,79.83
OI0007478,ORD002502,PRD0017,9,191.07
OI0007479,ORD002502,PRD0050,31,176.43
OI0007480,ORD002502,PRD0076,32,28.95
OI0007481,ORD002502,PRD0018,2,211.58
OI0007482,ORD002503,PRD0092,28,57.63
OI0007483,ORD002503,PRD0092,29,57.63
OI0007484,ORD002503,PRD0102,9,215.21
OI0007485,ORD002503,PRD0074,18,95.86
OI0007486,ORD002503,PRD0007,20,82.58
OI0007487,ORD002504,PRD0080,20,78.97
OI0007488,ORD002505,PRD0057,39,163.07
OI0007489,ORD002506,PRD0071,6,189.96
OI0007490,ORD002506,PRD0087,29,40.72
OI0007491,ORD002506,PRD0116,26,227.68
OI0007492,ORD002506,PRD0077,38,121.36
OI0007493,ORD002507,PRD0082,5,109.81
OI0007494,ORD002507,PRD0019,21,188.65
OI0007495,ORD002507,PRD0092,16,57.63
OI0007496,ORD002507,PRD0099,36,16.05
OI0007497,ORD002508,PRD0013,18,202.19
OI0007498,ORD002509,PRD0040,4,179.3
OI0007499,ORD002509,PRD0122,34,18.49
OI0007500,ORD002509,PRD0053,20,122.42
OI0007501,ORD002509,PRD0103,24,124.22
OI0007502,ORD002509,PRD0106,27,22.39
OI0007503,ORD002510,PRD0025,23,79.83
OI0007504,ORD002510,PRD0115,29,102.09
OI0007505,ORD002510,PRD0131,23,31.12
OI0007506,ORD002510,PRD9999,17,177.03
OI0007507,ORD002511,PRD0143,5,205.5
OI0007508,ORD002511,PRD0076,28,28.95
OI0007509,ORD002511,PRD0029,36,203.27
OI0007510,ORD002511,PRD0034,23,69.78
OI0007511,ORD002511,PRD0078,22,105.62
OI0007512,ORD002512,PRD0064,23,230.86
OI0007513,ORD002512,PRD0024,17,87.52
OI0007514,ORD002512,PRD0005,4,143.43
OI0007515,ORD002512,PRD0031,13,30.67
OI0007516,ORD002512,PRD0057,31,163.07
OI0007517,ORD002513,PRD0015,26,31.62
OI0007518,ORD002514,PRD0044,28,142.63
OI0007519,ORD002514,PRD0006,22,140.22
OI0007520,ORD002515,PRD999,32,144.33
OI0007521,ORD002515,PRD0126,7,35.6
OI0007522,ORD002515,PRD0079,12,153.34
OI0007523,ORD002515,PRD0022,38,35.83
OI0007524,ORD002516,PRD0066,1,106.81
OI0007525,ORD002516,PRD9999,7,200.29
OI0007526,ORD002516,PRD0064,30,230.86
OI0007527,ORD002517,PRD0047,29,157.02
OI0007528,ORD002518,PRD0119,2,39.29
OI0007529,ORD002518,PRD0105,15,220.36
OI0007530,ORD002518,PRD0128,5,123.35
OI0007531,ORD002519,PRD0078,9,105.62
OI0007532,ORD002519,PRD0124,37,45.26
OI0007533,ORD002519,PRD0123,10,236.61
OI0007534,ORD002519,PRD0098,14,38.66
OI0007535,ORD002520,PRD0115,32,102.09
OI0007536,ORD002520,PRD0095,35,72.24
OI0007537,ORD002521,PRD0108,12,29.96
OI0007538,ORD002522,PRD0022,3,35.83
OI0007539,ORD002522,PRD0121,20,231.51
OI0007540,ORD002522,PRD0007,3,82.58
OI0007541,ORD002522,PRD0126,28,35.6
OI0007542,ORD002523,PRD0135,37,148.62
OI0007543,ORD002523,PRD0009,9,38.6
OI0007544,ORD002523,PRD0140,25,180.3
OI0007545,ORD002523,PRD0126,26,35.6
OI0007546,ORD002524,PRD0057,21,163.07
OI0007547,ORD002524,PRD0012,1,114.28
OI0007548,ORD002524,PRD0029,3,203.27
OI0007549,ORD002525,PRD0088,4,54.55
OI0007550,ORD002525,PRD0123,17,236.61
OI0007551,ORD002525,PRD0033,30,49.71
OI0007552,ORD002526,PRD0093,31,66.58
OI0007553,ORD002526,PRD0047,31,157.02
OI0007554,ORD002526,PRD0043,1,154.31
OI0007555,ORD002526,PRD0014,26,23.8
OI0007556,ORD002526,PRD0042,19,34.49
OI0007557,ORD002527,PRD0124,15,45.26
OI0007558,ORD002527,PRD0092,10,57.63
OI0007559,ORD002528,PRD0119,24,39.29
OI0007560,ORD002528,PRD0109,39,119.42
OI0007561,ORD002529,PRD999,25,157.34
OI0007562,ORD002529,PRD0116,13,227.68
OI0007563,ORD002529,PRD0082,11,109.81
OI0007564,ORD002529,PRD0052,14,207.39
OI0007565,ORD002530,PRD0049,17,178.36
OI0007566,ORD002530,PRD0122,1,18.49
OI0007567,ORD002530,PRD0149,35,233.51
OI0007568,ORD002530,PRD0112,14,160.95
OI0007569,ORD002531,PRD0115,3,102.09
OI0007570,ORD002532,PRD0146,24,116.28
OI0007571,ORD002532,PRD0079,7,153.34
OI0007572,ORD002532,PRD0103,5,124.22
OI0007573,ORD002532,PRD0141,16,106.53
OI0007574,ORD002532,PRD0088,2,54.55
OI0007575,ORD002533,PRD0014,14,23.8
OI0007576,ORD002533,PRD0105,40,220.36
OI0007577,ORD002533,PRD0134,8,26.01
OI0007578,ORD002533,PRD0081,9,47.37
OI0007579,ORD002534,PRD0010,1,6.66
OI0007580,ORD002534,PRD0036,38,191.05
OI0007581,ORD002534,PRD0138,34,105.95
OI0007582,ORD002534,PRD0003,15,72.4
OI0007583,ORD002535,PRD0068,4,29.13
OI0007584,ORD002535,PRD0046,6,105.44
OI0007585,ORD002535,PRD0044,32,142.63
OI0007586,ORD002535,PRD0090,16,72.4
OI0007587,ORD002536,PRD0061,36,123.38
OI0007588,ORD002536,PRD0083,22,19.93
OI0007589,ORD002536,PRD0130,11,40.15
OI0007590,ORD002536,PRD0127,28,116.1
OI0007591,ORD002537,PRD0078,17,105.62
OI0007592,ORD002537,PRD0030,1,101.78
OI0007593,ORD002537,PRD0112,16,160.95
OI0007594,ORD002538,PRD0112,27,160.95
OI0007595,ORD002539,PRD0039,25,41.02
OI0007596,ORD002539,PRD0034,9,69.78
OI0007597,ORD002540,PRD0063,8,139.58
OI0007598,ORD002540,PRD0013,5,202.19
OI0007599,ORD002540,PRD0112,4,160.95
OI0007600,ORD002540,PRD0010,26,6.66
OI0007601,ORD002540,PRD0117,14,90.73
OI0007602,ORD002541,PRD0107,20,140.4
OI0007603,ORD002542,PRD0046,13,105.44
OI0007604,ORD002542,PRD0109,-5,119.42
OI0007605,ORD002542,PRD0141,1,106.53
OI0007606,ORD002543,PRD0087,23,40.72
OI0007607,ORD002544,PRD0025,8,79.83
OI0007608,ORD002544,PRD0120,29,91.06
OI0007609,ORD002544,PRD0123,9,236.61
OI0007610,ORD002544,PRD0045,31,7.03
OI0007611,ORD002545,PRD0079,37,153.34
OI0007612,ORD002546,PRD0110,5,237.89
OI0007613,ORD002546,PRD0024,29,87.52
OI0007614,ORD002546,PRD0114,8,122.24
OI0007615,ORD002546,PRD0111,20,83.5
OI0007616,ORD002546,PRD0143,38,205.5
OI0007617,ORD002547,PRD0132,3,115.18
OI0007618,ORD002548,PRD0068,27,29.13
OI0007619,ORD002548,PRD0039,3,41.02
OI0007620,ORD002548,PRD0016,32,191.36
OI0007621,ORD002548,PRD0045,40,7.03
OI0007622,ORD002549,PRD0071,40,189.96
OI0007623,ORD002549,PRD0019,22,188.65
OI0007624,ORD002549,PRD0116,9,227.68
OI0007625,ORD002550,PRD0113,6,176.91
OI0007626,ORD002550,PRD0115,34,102.09
OI0007627,ORD002551,PRD0062,30,239.86
OI0007628,ORD002551,PRD0108,39,29.96
OI0007629,ORD002551,PRD0026,37,173.51
OI0007630,ORD002551,PRD0144,4,190.91
OI0007631,ORD002552,PRD0108,7,29.96
OI0007632,ORD002552,PRD0131,21,31.12
OI0007633,ORD002553,PRD0053,17,122.42
OI0007634,ORD002553,PRD0002,40,172.3
OI0007635,ORD002553,PRD0039,38,41.02
OI0007636,ORD002553,PRD0105,18,220.36
OI0007637,ORD002554,PRD0085,10,63.68
OI0007638,ORD002554,PRD0046,1,105.44
OI0007639,ORD002554,PRD0062,2,239.86
OI0007640,ORD002555,PRD0103,24,124.22
OI0007641,ORD002555,PRD0039,11,41.02
OI0007642,ORD002555,PRD0119,25,39.29
OI0007643,ORD002555,PRD000,38,83.51
OI0007644,ORD002555,PRD0061,23,123.38
OI0007645,ORD002556,PRD0128,16,123.35
OI0007646,ORD002556,PRD000,40,72.03
OI0007647,ORD002556,PRD0030,17,101.78
OI0007648,ORD002556,PRD0019,34,188.65
OI0007649,ORD002557,PRD0086,19,218.7
OI0007650,ORD002558,PRD0134,35,26.01
OI0007651,ORD002559,PRD0119,22,39.29
OI0007652,ORD002559,PRD0072,4,230.67
OI0007653,ORD002560,PRD0093,32,66.58
OI0007654,ORD002560,PRD0056,12,107.05
OI0007655,ORD002560,PRD0142,32,15.65
OI0007656,ORD002560,PRD0040,2,179.3
OI0007657,ORD002560,PRD0042,31,34.49
OI0007658,ORD002561,PRD0069,33,54.19
OI0007659,ORD002561,PRD0071,20,189.96
OI0007660,ORD002561,PRD0107,26,140.4
OI0007661,ORD002561,PRD0071,11,189.96
OI0007662,ORD002562,PRD0070,23,225.75
OI0007663,ORD002563,PRD0146,18,116.28
OI0007664,ORD002563,PRD0135,33,148.62
OI0007665,ORD002563,PRD0076,16,28.95
OI0007666,ORD002564,PRD0064,30,230.86
OI0007667,ORD002565,PRD0126,15,35.6
OI0007668,ORD002565,PRD0139,10,18.24
OI0007669,ORD002565,PRD0098,7,38.66
OI0007670,ORD002566,PRD0069,34,54.19
OI0007671,ORD002566,PRD0113,16,176.91
OI0007672,ORD002566,PRD0050,36,176.43
OI0007673,ORD002566,PRD0063,32,139.58
OI0007674,ORD002567,PRD0009,25,38.6
OI0007675,ORD002567,PRD0044,5,142.63
OI0007676,ORD002567,PRD0096,40,78.52
OI0007677,ORD002568,PRD0054,31,58.91
OI0007678,ORD002568,PRD0138,24,105.95
OI0007679,ORD002569,PRD0142,34,15.65
OI0007680,ORD002569,PRD0143,30,205.5
OI0007681,ORD002569,PRD0096,30,78.52
OI0007682,ORD002569,PRD0009,31,38.6
OI0007683,ORD002570,PRD0145,21,92.02
OI0007684,ORD002571,PRD0088,2,54.55
OI0007685,ORD002571,PRD999,28,175.24
OI0007686,ORD002572,PRD0150,3,124.38
OI0007687,ORD002573,PRD0086,20,218.7
OI0007688,ORD002574,PRD0093,27,66.58
OI0007689,ORD002575,PRD0010,11,6.66
OI0007690,ORD002575,PRD0105,29,220.36
OI0007691,ORD002575,PRD0099,9,16.05
OI0007692,ORD002575,PRD0105,3,220.36
OI0007693,ORD002576,PRD0073,19,68.46
OI0007694,ORD002576,PRD0061,28,123.38
OI0007695,ORD002576,PRD0124,39,45.26
OI0007696,ORD002577,PRD0082,20,109.81
OI0007697,ORD002577,PRD0080,4,78.97
OI0007698,ORD002577,PRD0033,22,49.71
OI0007699,ORD002578,PRD0025,6,79.83
OI0007700,ORD002578,PRD0083,23,19.93
OI0007701,ORD002578,PRD0058,7,182.31
OI0007702,ORD002579,PRD0109,27,119.42
OI0007703,ORD002579,PRD0139,16,18.24
OI0007704,ORD002579,PRD0126,35,35.6
OI0007705,ORD002579,PRD0075,20,173.74
OI0007706,ORD002580,PRD0139,32,18.24
OI0007707,ORD002581,PRD0097,21,166.76
OI0007708,ORD002582,PRD0120,26,91.06
OI0007709,ORD002583,PRD0017,14,191.07
OI0007710,ORD002583,PRD0091,7,175.98
OI0007711,ORD002584,PRD0135,39,148.62
OI0007712,ORD002584,PRD0144,30,190.91
OI0007713,ORD002585,PRD0029,33,203.27
OI0007714,ORD002586,PRD0089,7,150.86
OI0007715,ORD002586,PRD0124,19,45.26
OI0007716,ORD002586,PRD0124,32,45.26
OI0007717,ORD002586,PRD0113,40,176.91
OI0007718,ORD002586,PRD0126,9,35.6
OI0007719,ORD002587,PRD0028,40,98.85
OI0007720,ORD002587,PRD0057,32,163.07
OI0007721,ORD002587,PRD0078,25,105.62
OI0007722,ORD002587,PRD0040,22,179.3
OI0007723,ORD002587,PRD0016,37,191.36
OI0007724,ORD002588,PRD0122,16,18.49
OI0007725,ORD002588,PRD0131,13,31.12
OI0007726,ORD002588,PRD0122,40,18.49
OI0007727,ORD002588,PRD0045,32,7.03
OI0007728,ORD002589,PRD0131,39,31.12
OI0007729,ORD002589,PRD0052,24,207.39
OI0007730,ORD002590,PRD0057,29,163.07
OI0007731,ORD002590,PRD0147,24,123.59
OI0007732,ORD002590,PRD0035,17,236.05
OI0007733,ORD002590,PRD0082,27,109.81
OI0007734,ORD002590,PRD0057,9,163.07
OI0007735,ORD002591,PRD0026,13,173.51
OI0007736,ORD002591,PRD0133,19,216.9
OI0007737,ORD002591,PRD0016,27,191.36
OI0007738,ORD002592,PRD0094,3,30.93
OI0007739,ORD002593,PRD0007,14,82.58
OI0007740,ORD002593,PRD0055,14,122.67
OI0007741,ORD002593,PRD0103,33,124.22
OI0007742,ORD002594,PRD0067,26,172.46
OI0007743,ORD002594,PRD0024,38,87.52
OI0007744,ORD002594,PRD0015,12,31.62
OI0007745,ORD002595,PRD0075,32,173.74
OI0007746,ORD002596,PRD0031,17,30.67
OI0007747,ORD002596,PRD0021,40,92.86
OI0007748,ORD002596,PRD0069,21,54.19
OI0007749,ORD002597,PRD0082,17,109.81
OI0007750,ORD002598,PRD0109,24,119.42
OI0007751,ORD002598,PRD0042,15,34.49
OI0007752,ORD002598,PRD0098,26,38.66
OI0007753,ORD002598,PRD0091,9,175.98
OI0007754,ORD002599,PRD0106,7,22.39
OI0007755,ORD002599,PRD0130,22,40.15
OI0007756,ORD002600,PRD0080,26,78.97
OI0007757,ORD002600,PRD0080,19,78.97
OI0007758,ORD002600,PRD0051,23,24.49
OI0007759,ORD002600,PRD0095,16,72.24
OI0007760,ORD002601,PRD0104,21,165.96
OI0007761,ORD002601,PRD0135,22,148.62
OI0007762,ORD002601,PRD0091,27,175.98
OI0007763,ORD002601,PRD0095,11,72.24
OI0007764,ORD002602,PRD0010,35,6.66
OI0007765,ORD002603,PRD0134,34,26.01
OI0007766,ORD002603,PRD0026,15,173.51
OI0007767,ORD002603,PRD0012,33,114.28
OI0007768,ORD002603,PRD0057,35,163.07
OI0007769,ORD002604,PRD0130,34,40.15
OI0007770,ORD002604,PRD0102,6,215.21
OI0007771,ORD002604,PRD0063,16,139.58
OI0007772,ORD002605,PRD0144,13,190.91
OI0007773,ORD002606,PRD0067,13,172.46
OI0007774,ORD002606,PRD0116,32,227.68
OI0007775,ORD002606,PRD0084,13,40.42
OI0007776,ORD002606,PRD0029,38,203.27
OI0007777,ORD002607,PRD0124,26,45.26
OI0007778,ORD002607,PRD0026,6,173.51
OI0007779,ORD002607,PRD0100,10,36.13
OI0007780,ORD002608,PRD0062,35,239.86
OI0007781,ORD002608,PRD0105,34,220.36
OI0007782,ORD002608,PRD0095,38,72.24
OI0007783,ORD002609,PRD0061,8,123.38
OI0007784,ORD002609,PRD0077,25,121.36
OI0007785,ORD002609,PRD9999,31,200.69
OI0007786,ORD002609,PRD0041,25,74.92
OI0007787,ORD002609,PRD0124,24,45.26
OI0007788,ORD002610,PRD0077,7,121.36
OI0007789,ORD002611,PRD0003,19,72.4
OI0007790,ORD002612,PRD0065,25,120.88
OI0007791,ORD002613,PRD0071,-1,189.96
OI0007792,ORD002613,PRD0086,18,218.7
OI0007793,ORD002613,PRD0094,-24,30.93
OI0007794,ORD002614,PRD0010,40,6.66
OI0007795,ORD002614,PRD0052,12,207.39
OI0007796,ORD002614,PRD0069,15,54.19
OI0007797,ORD002614,PRD0053,1,122.42
OI0007798,ORD002615,PRD0103,30,124.22
OI0007799,ORD002616,PRD0065,25,120.88
OI0007800,ORD002616,PRD0048,24,221.86
OI0007801,ORD002617,PRD0112,28,160.95
OI0007802,ORD002618,PRD0119,21,39.29
OI0007803,ORD002619,PRD0027,2,38.21
OI0007804,ORD002619,PRD999,15,130.55
OI0007805,ORD002619,PRD0043,37,154.31
OI0007806,ORD002620,PRD0104,6,165.96
OI0007807,ORD002620,PRD0040,17,179.3
OI0007808,ORD002621,PRD0134,5,26.01
OI0007809,ORD002621,PRD0128,18,123.35
OI0007810,ORD002621,PRD0121,29,231.51
OI0007811,ORD002621,PRD0065,30,120.88
OI0007812,ORD002622,PRD0098,28,38.66
OI0007813,ORD002622,PRD0125,33,149.25
OI0007814,ORD002622,PRD0037,33,226.8
OI0007815,ORD002622,PRD000,13,227.01
OI0007816,ORD002623,PRD0022,31,35.83
OI0007817,ORD002623,PRD0134,35,26.01
OI0007818,ORD002623,PRD0034,3,69.78
OI0007819,ORD002624,PRD0012,36,114.28
OI0007820,ORD002624,PRD0082,24,109.81
OI0007821,ORD002624,PRD0007,8,82.58
OI0007822,ORD002624,PRD0031,29,30.67
OI0007823,ORD002625,PRD0022,37,35.83
OI0007824,ORD002625,PRD0100,8,36.13
OI0007825,ORD002626,PRD0051,8,24.49
OI0007826,ORD002626,PRD0011,27,190.23
OI0007827,ORD002626,PRD0131,25,31.12
OI0007828,ORD002627,PRD0057,24,163.07
OI0007829,ORD002628,PRD0048,-39,221.86
OI0007830,ORD002628,PRD0050,28,176.43
OI0007831,ORD002629,PRD0022,17,35.83
OI0007832,ORD002629,PRD0022,14,35.83
OI0007833,ORD002630,PRD0094,19,30.93
OI0007834,ORD002630,PRD0141,19,106.53
OI0007835,ORD002631,PRD0010,30,6.66
OI0007836,ORD002631,PRD0077,11,121.36
OI0007837,ORD002631,PRD0143,26,205.5
OI0007838,ORD002632,PRD0134,21,26.01
OI0007839,ORD002633,PRD0087,23,40.72
OI0007840,ORD002634,PRD0038,39,222.91
OI0007841,ORD002634,PRD0132,21,115.18
OI0007842,ORD002634,PRD0004,18,27.44
OI0007843,ORD002634,PRD0088,16,54.55
OI0007844,ORD002635,PRD0051,11,24.49
OI0007845,ORD002635,PRD0027,31,38.21
OI0007846,ORD002635,PRD0052,12,207.39
OI0007847,ORD002635,PRD0086,16,218.7
OI0007848,ORD002636,PRD0003,28,72.4
OI0007849,ORD002636,PRD0140,35,180.3
OI0007850,ORD002637,PRD0001,7,115.82
OI0007851,ORD002638,PRD0051,23,24.49
OI0007852,ORD002639,PRD0139,8,18.24
OI0007853,ORD002639,PRD9999,28,76.77
OI0007854,ORD002639,PRD0104,5,165.96
OI0007855,ORD002639,PRD0149,14,233.51
OI0007856,ORD002640,PRD0048,16,221.86
OI0007857,ORD002641,PRD0058,9,182.31
OI0007858,ORD002641,PRD0140,15,180.3
OI0007859,ORD002642,PRD0017,27,191.07
OI0007860,ORD002642,PRD0094,31,30.93
OI0007861,ORD002642,PRD0081,33,47.37
OI0007862,ORD002642,PRD0148,12,127.25
OI0007863,ORD002642,PRD0056,2,107.05
OI0007864,ORD002643,PRD0079,26,153.34
OI0007865,ORD002643,PRD0070,31,225.75
OI0007866,ORD002643,PRD0021,13,92.86
OI0007867,ORD002643,PRD0149,31,233.51
OI0007868,ORD002644,PRD0121,21,231.51
OI0007869,ORD002644,PRD0140,11,180.3
OI0007870,ORD002644,PRD0027,4,38.21
OI0007871,ORD002645,PRD0120,39,91.06
OI0007872,ORD002645,PRD0086,7,218.7
OI0007873,ORD002646,PRD0138,29,105.95
OI0007874,ORD002646,PRD0106,27,22.39
OI0007875,ORD002647,PRD0101,16,119.36
OI0007876,ORD002648,PRD0147,10,123.59
OI0007877,ORD002648,PRD0037,20,226.8
OI0007878,ORD002648,PRD0146,32,116.28
OI0007879,ORD002648,PRD0018,18,211.58
OI0007880,ORD002649,PRD0090,9,72.4
OI0007881,ORD002649,PRD0039,6,41.02
OI0007882,ORD002650,PRD0102,33,215.21
OI0007883,ORD002651,PRD0121,35,231.51
OI0007884,ORD002651,PRD0098,20,38.66
OI0007885,ORD002651,PRD0023,27,138.23
OI0007886,ORD002651,PRD0031,14,30.67
OI0007887,ORD002652,PRD0109,27,119.42
OI0007888,ORD002652,PRD9999,2,96.94
OI0007889,ORD002652,PRD0042,4,34.49
OI0007890,ORD002653,PRD0060,33,47.82
OI0007891,ORD002653,PRD0120,37,91.06
OI0007892,ORD002654,PRD0083,6,19.93
OI0007893,ORD002654,PRD0093,6,66.58
OI0007894,ORD002655,PRD000,18,23.02
OI0007895,ORD002655,PRD0119,2,39.29
OI0007896,ORD002655,PRD0058,10,182.31
OI0007897,ORD002656,PRD0044,35,142.63
OI0007898,ORD002656,PRD0077,39,121.36
OI0007899,ORD002656,PRD0069,-39,54.19
OI0007900,ORD002656,PRD0132,14,115.18
OI0007901,ORD002656,PRD0137,5,60.23
OI0007902,ORD002657,PRD0127,6,116.1
OI0007903,ORD002657,PRD0047,4,157.02
OI0007904,ORD002658,PRD0065,34,120.88
OI0007905,ORD002658,PRD0009,18,38.6
OI0007906,ORD002658,PRD0109,1,119.42
OI0007907,ORD002658,PRD0021,1,92.86
OI0007908,ORD002659,PRD0089,37,150.86
OI0007909,ORD002660,PRD0024,25,87.52
OI0007910,ORD002660,PRD0122,36,18.49
OI0007911,ORD002660,PRD999,20,22.85
OI0007912,ORD002660,PRD0066,8,106.81
OI0007913,ORD002661,PRD0069,17,54.19
OI0007914,ORD002661,PRD0079,2,153.34
OI0007915,ORD002662,PRD0126,22,35.6
OI0007916,ORD002662,PRD0035,5,236.05
OI0007917,ORD002663,PRD0143,36,205.5
OI0007918,ORD002663,PRD0103,14,124.22
OI0007919,ORD002663,PRD0112,27,160.95
OI0007920,ORD002663,PRD0037,1,226.8
OI0007921,ORD002664,PRD0137,40,60.23
OI0007922,ORD002665,PRD0045,39,7.03
OI0007923,ORD002665,PRD0089,14,150.86
OI0007924,ORD002666,PRD0114,38,122.24
OI0007925,ORD002667,PRD0092,27,57.63
OI0007926,ORD002667,PRD0091,26,175.98
OI0007927,ORD002667,PRD0064,7,230.86
OI0007928,ORD002667,PRD0008,3,87.17
OI0007929,ORD002668,PRD0124,25,45.26
OI0007930,ORD002668,PRD0046,33,105.44
OI0007931,ORD002669,PRD0024,22,87.52
OI0007932,ORD002669,PRD0051,7,24.49
OI0007933,ORD002669,PRD0117,28,90.73
OI0007934,ORD002669,PRD0091,9,175.98
OI0007935,ORD002669,PRD0012,18,114.28
OI0007936,ORD002670,PRD0141,30,106.53
OI0007937,ORD002670,PRD0128,35,123.35
OI0007938,ORD002670,PRD0074,18,95.86
OI0007939,ORD002670,PRD0037,40,226.8
OI0007940,ORD002670,PRD0001,26,115.82
OI0007941,ORD002671,PRD0041,5,74.92
OI0007942,ORD002671,PRD0089,26,150.86
OI0007943,ORD002671,PRD0090,2,72.4
OI0007944,ORD002671,PRD0104,9,165.96
OI0007945,ORD002672,PRD0126,1,35.6
OI0007946,ORD002672,PRD0071,15,189.96
OI0007947,ORD002672,PRD0096,14,78.52
OI0007948,ORD002673,PRD0017,13,191.07
OI0007949,ORD002673,PRD0034,21,69.78
OI0007950,ORD002673,PRD0093,22,66.58
OI0007951,ORD002674,PRD0042,4,34.49
OI0007952,ORD002674,PRD0094,27,30.93
OI0007953,ORD002674,PRD0011,32,190.23
OI0007954,ORD002675,PRD0064,37,230.86
OI0007955,ORD002675,PRD0132,40,115.18
OI0007956,ORD002675,PRD0141,33,106.53
OI0007957,ORD002675,PRD0129,9,171.21
OI0007958,ORD002676,PRD0038,5,222.91
OI0007959,ORD002676,PRD0112,11,160.95
OI0007960,ORD002677,PRD0127,17,116.1
OI0007961,ORD002678,PRD0049,2,178.36
OI0007962,ORD002678,PRD0112,14,160.95
OI0007963,ORD002679,PRD0050,27,176.43
OI0007964,ORD002679,PRD0025,23,79.83
OI0007965,ORD002680,PRD0068,1,29.13
OI0007966,ORD002680,PRD0124,37,45.26
OI0007967,ORD002680,PRD0026,6,173.51
OI0007968,ORD002681,PRD0110,13,237.89
OI0007969,ORD002681,PRD0084,4,40.42
OI0007970,ORD002682,PRD0085,23,63.68
OI0007971,ORD002683,PRD0038,4,222.91
OI0007972,ORD002684,PRD0110,20,237.89
OI0007973,ORD002684,PRD0094,3,30.93
OI0007974,ORD002684,PRD0015,9,31.62
OI0007975,ORD002684,PRD0009,11,38.6
OI0007976,ORD002684,PRD0038,20,222.91
OI0007977,ORD002685,PRD0124,11,45.26
OI0007978,ORD002685,PRD0026,36,173.51
OI0007979,ORD002685,PRD0064,39,230.86
OI0007980,ORD002685,PRD0054,36,58.91
OI0007981,ORD002685,PRD0032,24,206.97
OI0007982,ORD002686,PRD0093,36,66.58
OI0007983,ORD002687,PRD0102,2,215.21
OI0007984,ORD002688,PRD0090,38,72.4
OI0007985,ORD002689,PRD0073,16,68.46
OI0007986,ORD002689,PRD0032,35,206.97
OI0007987,ORD002689,PRD0113,13,176.91
OI0007988,ORD002690,PRD0040,4,179.3
OI0007989,ORD002690,PRD000,19,191.75
OI0007990,ORD002691,PRD0004,13,27.44
OI0007991,ORD002691,PRD0014,29,23.8
OI0007992,ORD002692,PRD0091,39,175.98
OI0007993,ORD002692,PRD0141,29,106.53
OI0007994,ORD002693,PRD0009,22,38.6
OI0007995,ORD002694,PRD0117,26,90.73
OI0007996,ORD002694,PRD0033,25,49.71
OI0007997,ORD002694,PRD0011,5,190.23
OI0007998,ORD002695,PRD0065,26,120.88
OI0007999,ORD002695,PRD0127,21,116.1
OI0008000,ORD002695,PRD0133,17,216.9
OI0008001,ORD002696,PRD0123,33,236.61
OI0008002,ORD002696,PRD0013,34,202.19
OI0008003,ORD002696,PRD0139,22,18.24
OI0008004,ORD002696,PRD0063,25,139.58
OI0008005,ORD002696,PRD0056,4,107.05
OI0008006,ORD002697,PRD0081,9,47.37
OI0008007,ORD002697,PRD0066,15,106.81
OI0008008,ORD002697,PRD0146,19,116.28
OI0008009,ORD002697,PRD0037,13,226.8
OI0008010,ORD002698,PRD0060,10,47.82
OI0008011,ORD002699,PRD0100,6,36.13
OI0008012,ORD002699,PRD0093,31,66.58
OI0008013,ORD002699,PRD0055,16,122.67
OI0008014,ORD002699,PRD0003,36,72.4
OI0008015,ORD002700,PRD0087,13,40.72
OI0008016,ORD002700,PRD0037,5,226.8
OI0008017,ORD002700,PRD0114,40,122.24
OI0008018,ORD002701,PRD0027,7,38.21
OI0008019,ORD002702,PRD0139,29,18.24
OI0008020,ORD002703,PRD0091,3,175.98
OI0008021,ORD002704,PRD0068,9,29.13
OI0008022,ORD002704,PRD0039,21,41.02
OI0008023,ORD002704,PRD0141,37,106.53
OI0008024,ORD002704,PRD0023,12,138.23
OI0008025,ORD002704,PRD0127,9,116.1
OI0008026,ORD002705,PRD0006,20,140.22
OI0008027,ORD002705,PRD0014,6,23.8
OI0008028,ORD002705,PRD0041,8,74.92
OI0008029,ORD002705,PRD0096,1,78.52
OI0008030,ORD002706,PRD0030,28,101.78
OI0008031,ORD002706,PRD0061,23,123.38
OI0008032,ORD002706,PRD0135,9,148.62
OI0008033,ORD002707,PRD0001,4,115.82
OI0008034,ORD002707,PRD0033,5,49.71
OI0008035,ORD002707,PRD0097,12,166.76
OI0008036,ORD002707,PRD0127,4,116.1
OI0008037,ORD002708,PRD0146,40,116.28
OI0008038,ORD002708,PRD0148,30,127.25
OI0008039,ORD002709,PRD0078,17,105.62
OI0008040,ORD002710,PRD0030,24,101.78
OI0008041,ORD002710,PRD0126,11,35.6
OI0008042,ORD002710,PRD0033,25,49.71
OI0008043,ORD002711,PRD0120,38,91.06
OI0008044,ORD002712,PRD0042,39,34.49
OI0008045,ORD002713,PRD0119,14,39.29
OI0008046,ORD002713,PRD0104,17,165.96
OI0008047,ORD002713,PRD0002,12,172.3
OI0008048,ORD002713,PRD0066,34,106.81
OI0008049,ORD002714,PRD0057,24,163.07
OI0008050,ORD002714,PRD0049,13,178.36
OI0008051,ORD002714,PRD0097,8,166.76
OI0008052,ORD002715,PRD0125,16,149.25
OI0008053,ORD002715,PRD0008,16,87.17
OI0008054,ORD002715,PRD0044,35,142.63
OI0008055,ORD002715,PRD0150,15,124.38
OI0008056,ORD002716,PRD0082,6,109.81
OI0008057,ORD002716,PRD0078,1,105.62
OI0008058,ORD002717,PRD0130,16,40.15
OI0008059,ORD002717,PRD0111,36,83.5
OI0008060,ORD002717,PRD0108,25,29.96
OI0008061,ORD002718,PRD0058,37,182.31
OI0008062,ORD002718,PRD0033,17,49.71
OI0008063,ORD002718,PRD0137,16,60.23
OI0008064,ORD002719,PRD0091,16,175.98
OI0008065,ORD002719,PRD0146,26,116.28
OI0008066,ORD002720,PRD0127,14,116.1
OI0008067,ORD002720,PRD0003,24,72.4
OI0008068,ORD002720,PRD0100,31,36.13
OI0008069,ORD002721,PRD0124,19,45.26
OI0008070,ORD002721,PRD0076,21,28.95
OI0008071,ORD002721,PRD0057,20,163.07
OI0008072,ORD002721,PRD0047,16,157.02
OI0008073,ORD002721,PRD0088,37,54.55
OI0008074,ORD002722,PRD0021,15,92.86
OI0008075,ORD002722,PRD0108,9,29.96
OI0008076,ORD002723,PRD0020,36,7.41
OI0008077,ORD002723,PRD0127,9,116.1
OI0008078,ORD002723,PRD0004,5,27.44
OI0008079,ORD002723,PRD0054,40,58.91
OI0008080,ORD002724,PRD0031,5,30.67
OI0008081,ORD002724,PRD0052,3,207.39
OI0008082,ORD002724,PRD0099,1,16.05
OI0008083,ORD002725,PRD0008,16,87.17
OI0008084,ORD002725,PRD0125,-39,149.25
OI0008085,ORD002725,PRD0137,39,60.23
OI0008086,ORD002725,PRD0054,2,58.91
OI0008087,ORD002726,PRD0112,31,160.95
OI0008088,ORD002726,PRD0041,1,74.92
OI0008089,ORD002726,PRD0054,36,58.91
OI0008090,ORD002726,PRD0063,7,139.58
OI0008091,ORD002727,PRD0112,23,160.95
OI0008092,ORD002727,PRD0119,3,39.29
OI0008093,ORD002727,PRD0082,8,109.81
OI0008094,ORD002727,PRD0112,6,160.95
OI0008095,ORD002728,PRD0118,12,113.75
OI0008096,ORD002728,PRD0012,12,114.28
OI0008097,ORD002729,PRD0140,36,180.3
OI0008098,ORD002729,PRD0097,6,166.76
OI0008099,ORD002730,PRD0057,5,163.07
OI0008100,ORD002730,PRD0096,40,78.52
OI0008101,ORD002730,PRD0072,33,230.67
OI0008102,ORD002730,PRD0049,30,178.36
OI0008103,ORD002730,PRD0068,40,29.13
OI0008104,ORD002731,PRD0018,30,211.58
OI0008105,ORD002731,PRD0021,23,92.86
OI0008106,ORD002731,PRD0017,5,191.07
OI0008107,ORD002731,PRD0036,5,191.05
OI0008108,ORD002732,PRD0108,8,29.96
OI0008109,ORD002732,PRD0133,1,216.9
OI0008110,ORD002732,PRD0083,-13,19.93
OI0008111,ORD002732,PRD0031,29,30.67
OI0008112,ORD002732,PRD0006,38,140.22
OI0008113,ORD002733,PRD0061,26,123.38
OI0008114,ORD002734,PRD0115,14,102.09
OI0008115,ORD002734,PRD0092,25,57.63
OI0008116,ORD002734,PRD0122,32,18.49
OI0008117,ORD002735,PRD0046,13,105.44
OI0008118,ORD002735,PRD0018,23,211.58
OI0008119,ORD002735,PRD0121,37,231.51
OI0008120,ORD002736,PRD0036,8,191.05
OI0008121,ORD002736,PRD0064,11,230.86
OI0008122,ORD002736,PRD0128,34,123.35
OI0008123,ORD002736,PRD0134,38,26.01
OI0008124,ORD002736,PRD0123,4,236.61
OI0008125,ORD002737,PRD0095,33,72.24
OI0008126,ORD002737,PRD0064,28,230.86
OI0008127,ORD002737,PRD0120,19,91.06
OI0008128,ORD002738,PRD0088,31,54.55
OI0008129,ORD002738,PRD0139,11,18.24
OI0008130,ORD002738,PRD0086,18,218.7
OI0008131,ORD002738,PRD0003,24,72.4
OI0008132,ORD002738,PRD0027,40,38.21
OI0008133,ORD002739,PRD0049,34,178.36
OI0008134,ORD002740,PRD000,5,213.98
OI0008135,ORD002741,PRD0127,36,116.1
OI0008136,ORD002741,PRD0125,11,149.25
OI0008137,ORD002742,PRD0136,23,5.82
OI0008138,ORD002742,PRD0019,3,188.65
OI0008139,ORD002742,PRD0059,26,201.86
OI0008140,ORD002743,PRD0002,28,172.3
OI0008141,ORD002743,PRD0115,28,102.09
OI0008142,ORD002743,PRD0143,12,205.5
OI0008143,ORD002743,PRD0088,39,54.55
OI0008144,ORD002744,PRD0130,14,40.15
OI0008145,ORD002744,PRD0071,24,189.96
OI0008146,ORD002744,PRD0062,9,239.86
OI0008147,ORD002745,PRD0097,19,166.76
OI0008148,ORD002745,PRD0068,22,29.13
OI0008149,ORD002746,PRD0141,39,106.53
OI0008150,ORD002747,PRD0128,25,123.35
OI0008151,ORD002747,PRD0115,23,102.09
OI0008152,ORD002748,PRD0020,39,7.41
OI0008153,ORD002748,PRD0026,5,173.51
OI0008154,ORD002748,PRD0006,9,140.22
OI0008155,ORD002748,PRD0104,26,165.96
OI0008156,ORD002748,PRD0144,22,190.91
OI0008157,ORD002749,PRD0074,22,95.86
OI0008158,ORD002749,PRD0135,1,148.62
OI0008159,ORD002749,PRD0060,14,47.82
OI0008160,ORD002749,PRD0026,22,173.51
OI0008161,ORD002749,PRD0080,18,78.97
OI0008162,ORD002750,PRD0011,35,190.23
OI0008163,ORD002750,PRD0050,21,176.43
OI0008164,ORD002751,PRD0128,6,123.35
OI0008165,ORD002751,PRD0062,5,239.86
OI0008166,ORD002752,PRD0099,2,16.05
OI0008167,ORD002753,PRD0010,40,6.66
OI0008168,ORD002753,PRD0047,39,157.02
OI0008169,ORD002753,PRD0066,31,106.81
OI0008170,ORD002753,PRD0004,22,27.44
OI0008171,ORD002753,PRD0033,-17,49.71
OI0008172,ORD002754,PRD0090,36,72.4
OI0008173,ORD002755,PRD999,5,153.4
OI0008174,ORD002756,PRD0077,36,121.36
OI0008175,ORD002757,PRD0011,14,190.23
OI0008176,ORD002757,PRD0132,10,115.18
OI0008177,ORD002758,PRD0026,28,173.51
OI0008178,ORD002758,PRD0093,32,66.58
OI0008179,ORD002758,PRD0122,26,18.49
OI0008180,ORD002758,PRD0070,12,225.75
OI0008181,ORD002758,PRD0059,3,201.86
OI0008182,ORD002759,PRD0124,25,45.26
OI0008183,ORD002759,PRD0042,25,34.49
OI0008184,ORD002759,PRD0063,37,139.58
OI0008185,ORD002760,PRD0144,39,190.91
OI0008186,ORD002760,PRD0115,30,102.09
OI0008187,ORD002761,PRD0083,6,19.93
OI0008188,ORD002761,PRD0088,26,54.55
OI0008189,ORD002761,PRD0002,21,172.3
OI0008190,ORD002761,PRD0113,25,176.91
OI0008191,ORD002761,PRD0022,10,35.83
OI0008192,ORD002762,PRD0087,37,40.72
OI0008193,ORD002762,PRD0019,31,188.65
OI0008194,ORD002763,PRD0055,40,122.67
OI0008195,ORD002763,PRD0021,25,92.86
OI0008196,ORD002764,PRD0124,28,45.26
OI0008197,ORD002764,PRD0137,9,60.23
OI0008198,ORD002764,PRD0082,1,109.81
OI0008199,ORD002764,PRD0027,20,38.21
OI0008200,ORD002764,PRD0025,14,79.83
OI0008201,ORD002765,PRD0119,23,39.29
OI0008202,ORD002765,PRD0132,26,115.18
OI0008203,ORD002765,PRD0110,21,237.89
OI0008204,ORD002765,PRD0060,18,47.82
OI0008205,ORD002765,PRD0060,9,47.82
OI0008206,ORD002766,PRD0114,12,122.24
OI0008207,ORD002766,PRD0077,5,121.36
OI0008208,ORD002766,PRD0130,31,40.15
OI0008209,ORD002766,PRD0103,4,124.22
OI0008210,ORD002766,PRD0072,20,230.67
OI0008211,ORD002767,PRD0054,2,58.91
OI0008212,ORD002767,PRD0043,30,154.31
OI0008213,ORD002767,PRD0085,36,63.68
OI0008214,ORD002768,PRD0017,37,191.07
OI0008215,ORD002768,PRD0033,8,49.71
OI0008216,ORD002768,PRD0095,8,72.24
OI0008217,ORD002768,PRD0005,20,143.43
OI0008218,ORD002768,PRD0089,32,150.86
OI0008219,ORD002769,PRD0084,29,40.42
OI0008220,ORD002769,PRD0143,18,205.5
OI0008221,ORD002770,PRD0088,22,54.55
OI0008222,ORD002770,PRD0048,37,221.86
OI0008223,ORD002770,PRD0005,22,143.43
OI0008224,ORD002770,PRD0110,30,237.89
OI0008225,ORD002770,PRD0104,37,165.96
OI0008226,ORD002771,PRD0009,20,38.6
OI0008227,ORD002772,PRD0143,22,205.5
OI0008228,ORD002772,PRD0066,37,106.81
OI0008229,ORD002772,PRD0097,23,166.76
OI0008230,ORD002772,PRD0088,30,54.55
OI0008231,ORD002772,PRD0036,40,191.05
OI0008232,ORD002773,PRD0046,12,105.44
OI0008233,ORD002773,PRD0064,28,230.86
OI0008234,ORD002774,PRD0134,40,26.01
OI0008235,ORD002775,PRD0099,33,16.05
OI0008236,ORD002775,PRD0070,33,225.75
OI0008237,ORD002775,PRD0020,1,7.41
OI0008238,ORD002775,PRD0013,37,202.19
OI0008239,ORD002775,PRD0010,5,6.66
OI0008240,ORD002776,PRD0061,35,123.38
OI0008241,ORD002776,PRD0138,3,105.95
OI0008242,ORD002777,PRD0099,35,16.05
OI0008243,ORD002777,PRD0007,34,82.58
OI0008244,ORD002777,PRD0052,13,207.39
OI0008245,ORD002777,PRD0085,37,63.68
OI0008246,ORD002777,PRD0080,4,78.97
OI0008247,ORD002778,PRD0104,17,165.96
OI0008248,ORD002778,PRD0107,4,140.4
OI0008249,ORD002778,PRD0113,18,176.91
OI0008250,ORD002778,PRD0067,17,172.46
OI0008251,ORD002779,PRD0141,30,106.53
OI0008252,ORD002780,PRD0093,10,66.58
OI0008253,ORD002780,PRD0118,34,113.75
OI0008254,ORD002780,PRD0109,19,119.42
OI0008255,ORD002780,PRD0118,34,113.75
OI0008256,ORD002780,PRD0080,19,78.97
OI0008257,ORD002781,PRD0050,14,176.43
OI0008258,ORD002781,PRD0133,22,216.9
OI0008259,ORD002781,PRD0145,26,92.02
OI0008260,ORD002782,PRD0114,16,122.24
OI0008261,ORD002782,PRD0107,32,140.4
OI0008262,ORD002782,PRD0127,29,116.1
OI0008263,ORD002782,PRD0129,8,171.21
OI0008264,ORD002782,PRD0131,23,31.12
OI0008265,ORD002783,PRD0112,15,160.95
OI0008266,ORD002783,PRD0036,17,191.05
OI0008267,ORD002784,PRD0080,40,78.97
OI0008268,ORD002784,PRD0070,12,225.75
OI0008269,ORD002785,PRD0114,35,122.24
OI0008270,ORD002785,PRD0052,17,207.39
OI0008271,ORD002785,PRD0038,32,222.91
OI0008272,ORD002785,PRD0124,3,45.26
OI0008273,ORD002785,PRD0064,2,230.86
OI0008274,ORD002786,PRD0039,31,41.02
OI0008275,ORD002787,PRD0146,10,116.28
OI0008276,ORD002787,PRD0103,40,124.22
OI0008277,ORD002787,PRD0015,40,31.62
OI0008278,ORD002788,PRD0101,39,119.36
OI0008279,ORD002788,PRD0043,7,154.31
OI0008280,ORD002788,PRD0022,10,35.83
OI0008281,ORD002788,PRD0134,15,26.01
OI0008282,ORD002788,PRD0094,10,30.93
OI0008283,ORD002789,PRD0117,12,90.73
OI0008284,ORD002789,PRD0095,31,72.24
OI0008285,ORD002789,PRD0085,6,63.68
OI0008286,ORD002790,PRD0066,3,106.81
OI0008287,ORD002790,PRD0088,17,54.55
OI0008288,ORD002790,PRD9999,11,223.63
OI0008289,ORD002791,PRD0035,4,236.05
OI0008290,ORD002791,PRD0095,11,72.24
OI0008291,ORD002791,PRD0119,27,39.29
OI0008292,ORD002791,PRD0012,-22,114.28
OI0008293,ORD002791,PRD0143,22,205.5
OI0008294,ORD002792,PRD0041,4,74.92
OI0008295,ORD002792,PRD9999,19,154.9
OI0008296,ORD002792,PRD0141,32,106.53
OI0008297,ORD002792,PRD0127,33,116.1
OI0008298,ORD002792,PRD0128,21,123.35
OI0008299,ORD002793,PRD0088,23,54.55
OI0008300,ORD002793,PRD0119,17,39.29
OI0008301,ORD002794,PRD0069,3,54.19
OI0008302,ORD002794,PRD0020,17,7.41
OI0008303,ORD002794,PRD0088,8,54.55
OI0008304,ORD002794,PRD0019,16,188.65
OI0008305,ORD002794,PRD0102,32,215.21
OI0008306,ORD002795,PRD0028,28,98.85
OI0008307,ORD002795,PRD0137,1,60.23
OI0008308,ORD002795,PRD0072,5,230.67
OI0008309,ORD002795,PRD0113,14,176.91
OI0008310,ORD002796,PRD0134,4,26.01
OI0008311,ORD002796,PRD0137,-25,60.23
OI0008312,ORD002796,PRD0026,14,173.51
OI0008313,ORD002796,PRD0033,2,49.71
OI0008314,ORD002797,PRD0042,37,34.49
OI0008315,ORD002797,PRD0119,40,39.29
OI0008316,ORD002797,PRD0077,21,121.36
OI0008317,ORD002797,PRD0095,36,72.24
OI0008318,ORD002798,PRD0140,22,180.3
OI0008319,ORD002798,PRD0149,5,233.51
OI0008320,ORD002798,PRD0098,17,38.66
OI0008321,ORD002798,PRD0112,1,160.95
OI0008322,ORD002798,PRD0133,40,216.9
OI0008323,ORD002799,PRD0074,-34,95.86
OI0008324,ORD002800,PRD0031,22,30.67
OI0008325,ORD002800,PRD0079,15,153.34
OI0008326,ORD002800,PRD0019,1,188.65
OI0008327,ORD002801,PRD0010,36,6.66
OI0008328,ORD002801,PRD0109,32,119.42
OI0008329,ORD002801,PRD0092,37,57.63
OI0008330,ORD002802,PRD0119,4,39.29
OI0008331,ORD002803,PRD0089,26,150.86
OI0008332,ORD002803,PRD0040,27,179.3
OI0008333,ORD002803,PRD0063,20,139.58
OI0008334,ORD002804,PRD0019,13,188.65
OI0008335,ORD002805,PRD0001,32,115.82
OI0008336,ORD002805,PRD0126,39,35.6
OI0008337,ORD002805,PRD0016,2,191.36
OI0008338,ORD002806,PRD0038,28,222.91
OI0008339,ORD002806,PRD0126,40,35.6
OI0008340,ORD002807,PRD0078,28,105.62
OI0008341,ORD002807,PRD0108,19,29.96
OI0008342,ORD002807,PRD0002,5,172.3
OI0008343,ORD002808,PRD0095,21,72.24
OI0008344,ORD002808,PRD0123,38,236.61
OI0008345,ORD002808,PRD0146,25,116.28
OI0008346,ORD002809,PRD0129,11,171.21
OI0008347,ORD002809,PRD0049,15,178.36
OI0008348,ORD002809,PRD0022,27,35.83
OI0008349,ORD002810,PRD0139,35,18.24
OI0008350,ORD002810,PRD0132,12,115.18
OI0008351,ORD002810,PRD0112,34,160.95
OI0008352,ORD002810,PRD0138,35,105.95
OI0008353,ORD002810,PRD0115,28,102.09
OI0008354,ORD002811,PRD0042,16,34.49
OI0008355,ORD002811,PRD0125,10,149.25
OI0008356,ORD002811,PRD0061,5,123.38
OI0008357,ORD002811,PRD0014,6,23.8
OI0008358,ORD002812,PRD0018,16,211.58
OI0008359,ORD002812,PRD0037,17,226.8
OI0008360,ORD002812,PRD0112,4,160.95
OI0008361,ORD002812,PRD0129,10,171.21
OI0008362,ORD002812,PRD0035,15,236.05
OI0008363,ORD002813,PRD0003,4,72.4
OI0008364,ORD002813,PRD0091,22,175.98
OI0008365,ORD002813,PRD0123,40,236.61
OI0008366,ORD002813,PRD0112,39,160.95
OI0008367,ORD002813,PRD0082,28,109.81
OI0008368,ORD002814,PRD0112,-34,160.95
OI0008369,ORD002814,PRD0074,25,95.86
OI0008370,ORD002815,PRD0017,27,191.07
OI0008371,ORD002815,PRD0044,11,142.63
OI0008372,ORD002815,PRD0049,30,178.36
OI0008373,ORD002815,PRD0125,19,149.25
OI0008374,ORD002815,PRD0105,25,220.36
OI0008375,ORD002816,PRD0034,24,69.78
OI0008376,ORD002817,PRD0074,17,95.86
OI0008377,ORD002817,PRD0066,20,106.81
OI0008378,ORD002817,PRD0043,7,154.31
OI0008379,ORD002817,PRD0124,8,45.26
OI0008380,ORD002818,PRD0064,25,230.86
OI0008381,ORD002819,PRD0010,38,6.66
OI0008382,ORD002819,PRD0062,38,239.86
OI0008383,ORD002819,PRD0127,1,116.1
OI0008384,ORD002819,PRD0062,39,239.86
OI0008385,ORD002820,PRD0049,29,178.36
OI0008386,ORD002820,PRD0053,40,122.42
OI0008387,ORD002821,PRD0102,26,215.21
OI0008388,ORD002821,PRD0034,9,69.78
OI0008389,ORD002822,PRD0031,36,30.67
OI0008390,ORD002822,PRD0093,18,66.58
OI0008391,ORD002822,PRD0082,33,109.81
OI0008392,ORD002822,PRD0141,7,106.53
OI0008393,ORD002823,PRD0120,8,91.06
OI0008394,ORD002823,PRD0001,40,115.82
OI0008395,ORD002823,PRD0022,32,35.83
OI0008396,ORD002823,PRD0058,32,182.31
OI0008397,ORD002823,PRD000,20,201.86
OI0008398,ORD002824,PRD0051,11,24.49
OI0008399,ORD002824,PRD0143,32,205.5
OI0008400,ORD002825,PRD0138,18,105.95
OI0008401,ORD002825,PRD0137,10,60.23
OI0008402,ORD002826,PRD0016,32,191.36
OI0008403,ORD002826,PRD0124,39,45.26
OI0008404,ORD002826,PRD0139,7,18.24
OI0008405,ORD002827,PRD0081,9,47.37
OI0008406,ORD002827,PRD0107,7,140.4
OI0008407,ORD002828,PRD0020,22,7.41
OI0008408,ORD002828,PRD0084,37,40.42
OI0008409,ORD002828,PRD0070,1,225.75
OI0008410,ORD002829,PRD0116,3,227.68
OI0008411,ORD002829,PRD0129,17,171.21
OI0008412,ORD002829,PRD0106,15,22.39
OI0008413,ORD002830,PRD0055,3,122.67
OI0008414,ORD002831,PRD0130,39,40.15
OI0008415,ORD002831,PRD0144,26,190.91
OI0008416,ORD002831,PRD0018,30,211.58
OI0008417,ORD002832,PRD0102,4,215.21
OI0008418,ORD002832,PRD0105,23,220.36
OI0008419,ORD002832,PRD0062,32,239.86
OI0008420,ORD002832,PRD0053,29,122.42
OI0008421,ORD002833,PRD0131,10,31.12
OI0008422,ORD002833,PRD0083,2,19.93
OI0008423,ORD002833,PRD0042,18,34.49
OI0008424,ORD002834,PRD0018,35,211.58
OI0008425,ORD002834,PRD0080,17,78.97
OI0008426,ORD002835,PRD0060,20,47.82
OI0008427,ORD002835,PRD0105,24,220.36
OI0008428,ORD002835,PRD0011,5,190.23
OI0008429,ORD002836,PRD0004,4,27.44
OI0008430,ORD002837,PRD0044,27,142.63
OI0008431,ORD002837,PRD0105,36,220.36
OI0008432,ORD002837,PRD0116,24,227.68
OI0008433,ORD002837,PRD0044,34,142.63
OI0008434,ORD002838,PRD0117,24,90.73
OI0008435,ORD002838,PRD0013,18,202.19
OI0008436,ORD002838,PRD0033,28,49.71
OI0008437,ORD002838,PRD0051,21,24.49
OI0008438,ORD002839,PRD0013,25,202.19
OI0008439,ORD002839,PRD0092,17,57.63
OI0008440,ORD002839,PRD999,38,32.88
OI0008441,ORD002839,PRD0025,25,79.83
OI0008442,ORD002840,PRD0148,24,127.25
OI0008443,ORD002840,PRD0148,32,127.25
OI0008444,ORD002840,PRD0005,10,143.43
OI0008445,ORD002840,PRD0001,24,115.82
OI0008446,ORD002840,PRD0074,10,95.86
OI0008447,ORD002841,PRD0150,18,124.38
OI0008448,ORD002841,PRD0050,-6,176.43
OI0008449,ORD002842,PRD0125,14,149.25
OI0008450,ORD002842,PRD0082,5,109.81
OI0008451,ORD002842,PRD0143,28,205.5
OI0008452,ORD002842,PRD0033,5,49.71
OI0008453,ORD002842,PRD0013,37,202.19
OI0008454,ORD002843,PRD0040,14,179.3
OI0008455,ORD002843,PRD0149,37,233.51
OI0008456,ORD002843,PRD0140,37,180.3
OI0008457,ORD002843,PRD0127,29,116.1
OI0008458,ORD002844,PRD0003,40,72.4
OI0008459,ORD002844,PRD0031,27,30.67
OI0008460,ORD002844,PRD0064,11,230.86
OI0008461,ORD002844,PRD0145,40,92.02
OI0008462,ORD002845,PRD0079,39,153.34
OI0008463,ORD002845,PRD0035,13,236.05
OI0008464,ORD002845,PRD0111,23,83.5
OI0008465,ORD002846,PRD0017,36,191.07
OI0008466,ORD002846,PRD0139,25,18.24
OI0008467,ORD002847,PRD0076,12,28.95
OI0008468,ORD002847,PRD0090,34,72.4
OI0008469,ORD002847,PRD0098,33,38.66
OI0008470,ORD002848,PRD0146,26,116.28
OI0008471,ORD002848,PRD0118,28,113.75
OI0008472,ORD002848,PRD0135,7,148.62
OI0008473,ORD002848,PRD0148,28,127.25
OI0008474,ORD002849,PRD0062,36,239.86
OI0008475,ORD002849,PRD0010,3,6.66
OI0008476,ORD002850,PRD0102,15,215.21
OI0008477,ORD002850,PRD0110,3,237.89
OI0008478,ORD002850,PRD0101,13,119.36
OI0008479,ORD002851,PRD0050,23,176.43
OI0008480,ORD002851,PRD0101,27,119.36
OI0008481,ORD002852,PRD0021,20,92.86
OI0008482,ORD002852,PRD0039,12,41.02
OI0008483,ORD002852,PRD0135,8,148.62
OI0008484,ORD002853,PRD0061,18,123.38
OI0008485,ORD002853,PRD0062,27,239.86
OI0008486,ORD002853,PRD0135,4,148.62
OI0008487,ORD002853,PRD0097,29,166.76
OI0008488,ORD002853,PRD0028,7,98.85
OI0008489,ORD002854,PRD0086,33,218.7
OI0008490,ORD002855,PRD0125,30,149.25
OI0008491,ORD002855,PRD0048,39,221.86
OI0008492,ORD002855,PRD9999,34,211.91
OI0008493,ORD002855,PRD0102,5,215.21
OI0008494,ORD002855,PRD0022,22,35.83
OI0008495,ORD002856,PRD0037,39,226.8
OI0008496,ORD002856,PRD0088,34,54.55
OI0008497,ORD002856,PRD0135,17,148.62
OI0008498,ORD002856,PRD0009,32,38.6
OI0008499,ORD002857,PRD0053,29,122.42
OI0008500,ORD002857,PRD0095,37,72.24
OI0008501,ORD002857,PRD0130,16,40.15
OI0008502,ORD002857,PRD0099,35,16.05
OI0008503,ORD002857,PRD0090,1,72.4
OI0008504,ORD002858,PRD0047,18,157.02
OI0008505,ORD002859,PRD0136,37,5.82
OI0008506,ORD002860,PRD0045,14,7.03
OI0008507,ORD002860,PRD0108,11,29.96
OI0008508,ORD002860,PRD0057,22,163.07
OI0008509,ORD002860,PRD0126,5,35.6
OI0008510,ORD002861,PRD0053,39,122.42
OI0008511,ORD002861,PRD0093,10,66.58
OI0008512,ORD002862,PRD0006,29,140.22
OI0008513,ORD002863,PRD0005,26,143.43
OI0008514,ORD002863,PRD0009,19,38.6
OI0008515,ORD002863,PRD0148,29,127.25
OI0008516,ORD002864,PRD0095,36,72.24
OI0008517,ORD002864,PRD0050,15,176.43
OI0008518,ORD002864,PRD0117,32,90.73
OI0008519,ORD002864,PRD0115,37,102.09
OI0008520,ORD002865,PRD9999,27,127.84
OI0008521,ORD002865,PRD0145,-9,92.02
OI0008522,ORD002865,PRD0113,16,176.91
OI0008523,ORD002865,PRD0099,17,16.05
OI0008524,ORD002865,PRD0138,1,105.95
OI0008525,ORD002866,PRD0092,29,57.63
OI0008526,ORD002866,PRD0048,29,221.86
OI0008527,ORD002867,PRD0071,28,189.96
OI0008528,ORD002867,PRD0014,14,23.8
OI0008529,ORD002867,PRD0079,27,153.34
OI0008530,ORD002868,PRD0013,12,202.19
OI0008531,ORD002868,PRD0050,17,176.43
OI0008532,ORD002868,PRD0029,28,203.27
OI0008533,ORD002868,PRD0083,28,19.93
OI0008534,ORD002868,PRD0111,1,83.5
OI0008535,ORD002869,PRD0060,25,47.82
OI0008536,ORD002869,PRD0105,1,220.36
OI0008537,ORD002869,PRD0013,10,202.19
OI0008538,ORD002870,PRD0008,22,87.17
OI0008539,ORD002871,PRD0024,16,87.52
OI0008540,ORD002871,PRD0040,25,179.3
OI0008541,ORD002871,PRD0006,6,140.22
OI0008542,ORD002871,PRD0120,16,91.06
OI0008543,ORD002871,PRD0094,14,30.93
OI0008544,ORD002872,PRD0143,20,205.5
OI0008545,ORD002872,PRD0086,36,218.7
OI0008546,ORD002872,PRD0049,31,178.36
OI0008547,ORD002873,PRD0112,2,160.95
OI0008548,ORD002874,PRD0029,8,203.27
OI0008549,ORD002874,PRD0062,3,239.86
OI0008550,ORD002874,PRD999,12,143.07
OI0008551,ORD002874,PRD0005,13,143.43
OI0008552,ORD002875,PRD0041,24,74.92
OI0008553,ORD002875,PRD0132,37,115.18
OI0008554,ORD002875,PRD0047,15,157.02
OI0008555,ORD002875,PRD0029,26,203.27
OI0008556,ORD002876,PRD0020,15,7.41
OI0008557,ORD002876,PRD0021,3,92.86
OI0008558,ORD002876,PRD0083,16,19.93
OI0008559,ORD002876,PRD0071,33,189.96
OI0008560,ORD002877,PRD0006,11,140.22
OI0008561,ORD002877,PRD0068,12,29.13
OI0008562,ORD002877,PRD0054,17,58.91
OI0008563,ORD002878,PRD0093,2,66.58
OI0008564,ORD002878,PRD0112,24,160.95
OI0008565,ORD002878,PRD0132,17,115.18
OI0008566,ORD002878,PRD0104,2,165.96
OI0008567,ORD002878,PRD0061,31,123.38
OI0008568,ORD002879,PRD0016,12,191.36
OI0008569,ORD002879,PRD0128,33,123.35
OI0008570,ORD002880,PRD0079,10,153.34
OI0008571,ORD002880,PRD0075,38,173.74
OI0008572,ORD002880,PRD0050,13,176.43
OI0008573,ORD002880,PRD0088,9,54.55
OI0008574,ORD002881,PRD0058,26,182.31
OI0008575,ORD002881,PRD0092,34,57.63
OI0008576,ORD002881,PRD0094,31,30.93
OI0008577,ORD002882,PRD0076,12,28.95
OI0008578,ORD002882,PRD0039,18,41.02
OI0008579,ORD002883,PRD0039,8,41.02
OI0008580,ORD002883,PRD0056,7,107.05
OI0008581,ORD002883,PRD0113,1,176.91
OI0008582,ORD002883,PRD0011,15,190.23
OI0008583,ORD002883,PRD0007,35,82.58
OI0008584,ORD002884,PRD0037,24,226.8
OI0008585,ORD002884,PRD0134,10,26.01
OI0008586,ORD002884,PRD0131,24,31.12
OI0008587,ORD002884,PRD0108,27,29.96
OI0008588,ORD002885,PRD0120,34,91.06
OI0008589,ORD002886,PRD0040,6,179.3
OI0008590,ORD002886,PRD0003,10,72.4
OI0008591,ORD002886,PRD0014,29,23.8
OI0008592,ORD002886,PRD0027,-13,38.21
OI0008593,ORD002887,PRD0116,12,227.68
OI0008594,ORD002887,PRD0117,13,90.73
OI0008595,ORD002887,PRD0028,28,98.85
OI0008596,ORD002887,PRD0027,11,38.21
OI0008597,ORD002887,PRD0108,38,29.96
OI0008598,ORD002888,PRD0104,27,165.96
OI0008599,ORD002888,PRD0085,12,63.68
OI0008600,ORD002888,PRD0051,9,24.49
OI0008601,ORD002888,PRD0032,40,206.97
OI0008602,ORD002889,PRD0126,34,35.6
OI0008603,ORD002889,PRD0142,3,15.65
OI0008604,ORD002889,PRD0104,11,165.96
OI0008605,ORD002890,PRD0081,4,47.37
OI0008606,ORD002890,PRD0013,32,202.19
OI0008607,ORD002890,PRD0106,12,22.39
OI0008608,ORD002890,PRD0121,35,231.51
OI0008609,ORD002891,PRD0104,1,165.96
OI0008610,ORD002891,PRD0005,36,143.43
OI0008611,ORD002891,PRD0061,39,123.38
OI0008612,ORD002891,PRD0019,38,188.65
OI0008613,ORD002892,PRD0040,21,179.3
OI0008614,ORD002892,PRD0070,33,225.75
OI0008615,ORD002892,PRD0019,20,188.65
OI0008616,ORD002892,PRD0114,2,122.24
OI0008617,ORD002893,PRD0144,20,190.91
OI0008618,ORD002894,PRD0012,19,114.28
OI0008619,ORD002894,PRD0026,3,173.51
OI0008620,ORD002894,PRD0103,5,124.22
OI0008621,ORD002894,PRD0149,30,233.51
OI0008622,ORD002895,PRD0068,31,29.13
OI0008623,ORD002895,PRD0102,21,215.21
OI0008624,ORD002895,PRD0130,21,40.15
OI0008625,ORD002896,PRD0009,32,38.6
OI0008626,ORD002897,PRD0103,20,124.22
OI0008627,ORD002897,PRD0055,38,122.67
OI0008628,ORD002897,PRD0054,6,58.91
OI0008629,ORD002898,PRD0027,11,38.21
OI0008630,ORD002898,PRD0024,19,87.52
OI0008631,ORD002898,PRD0121,12,231.51
OI0008632,ORD002898,PRD0113,23,176.91
OI0008633,ORD002898,PRD0066,10,106.81
OI0008634,ORD002899,PRD0089,11,150.86
OI0008635,ORD002899,PRD0133,35,216.9
OI0008636,ORD002899,PRD0027,38,38.21
OI0008637,ORD002899,PRD0056,22,107.05
OI0008638,ORD002899,PRD0123,40,236.61
OI0008639,ORD002900,PRD0060,13,47.82
OI0008640,ORD002900,PRD0001,15,115.82
OI0008641,ORD002900,PRD0109,25,119.42
OI0008642,ORD002900,PRD0074,38,95.86
OI0008643,ORD002901,PRD0102,18,215.21
OI0008644,ORD002901,PRD0018,30,211.58
OI0008645,ORD002902,PRD0062,36,239.86
OI0008646,ORD002902,PRD0130,31,40.15
OI0008647,ORD002903,PRD0099,4,16.05
OI0008648,ORD002903,PRD0123,14,236.61
OI0008649,ORD002903,PRD0085,13,63.68
OI0008650,ORD002903,PRD0035,24,236.05
OI0008651,ORD002903,PRD0062,1,239.86
OI0008652,ORD002904,PRD0056,5,107.05
OI0008653,ORD002904,PRD0080,2,78.97
OI0008654,ORD002904,PRD0079,33,153.34
OI0008655,ORD002904,PRD0072,39,230.67
OI0008656,ORD002904,PRD0082,38,109.81
OI0008657,ORD002905,PRD0078,8,105.62
OI0008658,ORD002905,PRD0018,19,211.58
OI0008659,ORD002905,PRD0067,23,172.46
OI0008660,ORD002906,PRD0015,8,31.62
OI0008661,ORD002906,PRD0061,18,123.38
OI0008662,ORD002907,PRD0018,26,211.58
OI0008663,ORD002907,PRD0114,9,122.24
OI0008664,ORD002907,PRD0150,33,124.38
OI0008665,ORD002907,PRD0109,17,119.42
OI0008666,ORD002908,PRD0020,5,7.41
OI0008667,ORD002908,PRD000,5,53.47
OI0008668,ORD002908,PRD0113,24,176.91
OI0008669,ORD002908,PRD0046,6,105.44
OI0008670,ORD002909,PRD0058,39,182.31
OI0008671,ORD002909,PRD0075,26,173.74
OI0008672,ORD002909,PRD0047,6,157.02
OI0008673,ORD002909,PRD0119,22,39.29
OI0008674,ORD002910,PRD0029,28,203.27
OI0008675,ORD002911,PRD0095,8,72.24
OI0008676,ORD002911,PRD0003,36,72.4
OI0008677,ORD002912,PRD0143,35,205.5
OI0008678,ORD002913,PRD0020,11,7.41
OI0008679,ORD002913,PRD0141,39,106.53
OI0008680,ORD002913,PRD0138,21,105.95
OI0008681,ORD002913,PRD0033,17,49.71
OI0008682,ORD002914,PRD0073,37,68.46
OI0008683,ORD002914,PRD0009,24,38.6
OI0008684,ORD002914,PRD0009,16,38.6
OI0008685,ORD002915,PRD0091,1,175.98
OI0008686,ORD002915,PRD0086,36,218.7
OI0008687,ORD002915,PRD0084,36,40.42
OI0008688,ORD002915,PRD0103,34,124.22
OI0008689,ORD002915,PRD0131,1,31.12
OI0008690,ORD002916,PRD0070,27,225.75
OI0008691,ORD002916,PRD0112,15,160.95
OI0008692,ORD002916,PRD0023,1,138.23
OI0008693,ORD002916,PRD0042,5,34.49
OI0008694,ORD002917,PRD0146,13,116.28
OI0008695,ORD002917,PRD0077,22,121.36
OI0008696,ORD002917,PRD0026,19,173.51
OI0008697,ORD002918,PRD0082,18,109.81
OI0008698,ORD002918,PRD0062,4,239.86
OI0008699,ORD002919,PRD0095,40,72.24
OI0008700,ORD002919,PRD0081,32,47.37
OI0008701,ORD002919,PRD0134,27,26.01
OI0008702,ORD002920,PRD0039,2,41.02
OI0008703,ORD002920,PRD0128,2,123.35
OI0008704,ORD002920,PRD0029,22,203.27
OI0008705,ORD002921,PRD0092,19,57.63
OI0008706,ORD002921,PRD0129,19,171.21
OI0008707,ORD002922,PRD0090,19,72.4
OI0008708,ORD002922,PRD999,1,139.17
OI0008709,ORD002922,PRD0102,34,215.21
OI0008710,ORD002922,PRD0021,39,92.86
OI0008711,ORD002923,PRD0141,32,106.53
OI0008712,ORD002923,PRD0014,7,23.8
OI0008713,ORD002924,PRD0022,17,35.83
OI0008714,ORD002924,PRD0102,8,215.21
OI0008715,ORD002924,PRD0136,5,5.82
OI0008716,ORD002924,PRD0125,30,149.25
OI0008717,ORD002925,PRD0074,11,95.86
OI0008718,ORD002925,PRD9999,23,53.69
OI0008719,ORD002925,PRD0143,16,205.5
OI0008720,ORD002925,PRD0109,27,119.42
OI0008721,ORD002925,PRD0049,24,178.36
OI0008722,ORD002926,PRD0106,28,22.39
OI0008723,ORD002926,PRD0098,9,38.66
OI0008724,ORD002926,PRD0083,8,19.93
OI0008725,ORD002926,PRD0076,25,28.95
OI0008726,ORD002926,PRD0052,13,207.39
OI0008727,ORD002927,PRD0087,18,40.72
OI0008728,ORD002927,PRD0031,26,30.67
OI0008729,ORD002927,PRD0118,31,113.75
OI0008730,ORD002927,PRD0108,10,29.96
OI0008731,ORD002928,PRD0127,21,116.1
OI0008732,ORD002928,PRD0109,9,119.42
OI0008733,ORD002929,PRD0104,15,165.96
OI0008734,ORD002929,PRD0049,36,178.36
OI0008735,ORD002929,PRD0040,30,179.3
OI0008736,ORD002930,PRD0038,29,222.91
OI0008737,ORD002930,PRD0150,9,124.38
OI0008738,ORD002930,PRD0130,40,40.15
OI0008739,ORD002931,PRD0134,30,26.01
OI0008740,ORD002931,PRD0087,37,40.72
OI0008741,ORD002932,PRD0085,9,63.68
OI0008742,ORD002933,PRD0045,25,7.03
OI0008743,ORD002934,PRD0126,30,35.6
OI0008744,ORD002934,PRD0015,8,31.62
OI0008745,ORD002934,PRD0079,38,153.34
OI0008746,ORD002934,PRD0006,27,140.22
OI0008747,ORD002935,PRD0149,33,233.51
OI0008748,ORD002935,PRD0036,27,191.05
OI0008749,ORD002935,PRD0051,36,24.49
OI0008750,ORD002935,PRD0009,29,38.6
OI0008751,ORD002935,PRD0106,34,22.39
OI0008752,ORD002936,PRD0110,22,237.89
OI0008753,ORD002936,PRD0057,35,163.07
OI0008754,ORD002937,PRD0018,3,211.58
OI0008755,ORD002938,PRD0103,38,124.22
OI0008756,ORD002938,PRD0069,2,54.19
OI0008757,ORD002938,PRD0056,21,107.05
OI0008758,ORD002938,PRD0023,3,138.23
OI0008759,ORD002938,PRD0006,6,140.22
OI0008760,ORD002939,PRD0109,6,119.42
OI0008761,ORD002939,PRD0040,24,179.3
OI0008762,ORD002939,PRD0107,23,140.4
OI0008763,ORD002939,PRD0019,31,188.65
OI0008764,ORD002939,PRD0084,12,40.42
OI0008765,ORD002940,PRD999,22,94.76
OI0008766,ORD002940,PRD0121,6,231.51
OI0008767,ORD002940,PRD0043,11,154.31
OI0008768,ORD002940,PRD0093,2,66.58
OI0008769,ORD002940,PRD0123,31,236.61
OI0008770,ORD002941,PRD0031,29,30.67
OI0008771,ORD002942,PRD0001,9,115.82
OI0008772,ORD002942,PRD0116,17,227.68
OI0008773,ORD002942,PRD0143,6,205.5
OI0008774,ORD002942,PRD0075,8,173.74
OI0008775,ORD002942,PRD0030,40,101.78
OI0008776,ORD002943,PRD0145,21,92.02
OI0008777,ORD002943,PRD0102,40,215.21
OI0008778,ORD002943,PRD0009,13,38.6
OI0008779,ORD002943,PRD0138,15,105.95
OI0008780,ORD002943,PRD0037,19,226.8
OI0008781,ORD002944,PRD0136,33,5.82
OI0008782,ORD002944,PRD0024,7,87.52
OI0008783,ORD002944,PRD0146,18,116.28
OI0008784,ORD002944,PRD0130,36,40.15
OI0008785,ORD002945,PRD0060,18,47.82
OI0008786,ORD002945,PRD0008,18,87.17
OI0008787,ORD002945,PRD0066,7,106.81
OI0008788,ORD002946,PRD0144,16,190.91
OI0008789,ORD002946,PRD0022,33,35.83
OI0008790,ORD002946,PRD0142,28,15.65
OI0008791,ORD002946,PRD0092,8,57.63
OI0008792,ORD002947,PRD0060,2,47.82
OI0008793,ORD002947,PRD0135,12,148.62
OI0008794,ORD002947,PRD0109,34,119.42
OI0008795,ORD002948,PRD0029,30,203.27
OI0008796,ORD002948,PRD0065,26,120.88
OI0008797,ORD002948,PRD0066,16,106.81
OI0008798,ORD002948,PRD0040,1,179.3
OI0008799,ORD002948,PRD0053,8,122.42
OI0008800,ORD002949,PRD0141,36,106.53
OI0008801,ORD002949,PRD0147,33,123.59
OI0008802,ORD002949,PRD0120,1,91.06
OI0008803,ORD002949,PRD0036,15,191.05
OI0008804,ORD002950,PRD0051,16,24.49
OI0008805,ORD002950,PRD0025,6,79.83
OI0008806,ORD002951,PRD0144,32,190.91
OI0008807,ORD002951,PRD0119,5,39.29
OI0008808,ORD002952,PRD0094,38,30.93
OI0008809,ORD002952,PRD0001,4,115.82
OI0008810,ORD002952,PRD0110,4,237.89
OI0008811,ORD002952,PRD0087,16,40.72
OI0008812,ORD002953,PRD0076,10,28.95
OI0008813,ORD002953,PRD0022,36,35.83
OI0008814,ORD002954,PRD0091,2,175.98
OI0008815,ORD002954,PRD0016,12,191.36
OI0008816,ORD002954,PRD0129,40,171.21
OI0008817,ORD002955,PRD0073,36,68.46
OI0008818,ORD002955,PRD0073,1,68.46
OI0008819,ORD002955,PRD0075,2,173.74
OI0008820,ORD002955,PRD0006,7,140.22
OI0008821,ORD002955,PRD0042,18,34.49
OI0008822,ORD002956,PRD0063,37,139.58
OI0008823,ORD002957,PRD0120,24,91.06
OI0008824,ORD002958,PRD0050,13,176.43
OI0008825,ORD002958,PRD0126,6,35.6
OI0008826,ORD002958,PRD0138,9,105.95
OI0008827,ORD002958,PRD0148,32,127.25
OI0008828,ORD002959,PRD0007,10,82.58
OI0008829,ORD002959,PRD0133,16,216.9
OI0008830,ORD002959,PRD0125,19,149.25
OI0008831,ORD002959,PRD0023,36,138.23
OI0008832,ORD002959,PRD0088,14,54.55
OI0008833,ORD002960,PRD0053,40,122.42
OI0008834,ORD002960,PRD0120,23,91.06
OI0008835,ORD002960,PRD0051,5,24.49
OI0008836,ORD002960,PRD0118,23,113.75
OI0008837,ORD002960,PRD0057,2,163.07
OI0008838,ORD002961,PRD0018,10,211.58
OI0008839,ORD002961,PRD0076,6,28.95
OI0008840,ORD002962,PRD0145,21,92.02
OI0008841,ORD002962,PRD0019,25,188.65
OI0008842,ORD002963,PRD0024,12,87.52
OI0008843,ORD002963,PRD0102,28,215.21
OI0008844,ORD002964,PRD0050,37,176.43
OI0008845,ORD002964,PRD0075,8,173.74
OI0008846,ORD002964,PRD0049,2,178.36
OI0008847,ORD002965,PRD0088,13,54.55
OI0008848,ORD002965,PRD0084,14,40.42
OI0008849,ORD002965,PRD0107,2,140.4
OI0008850,ORD002965,PRD0098,18,38.66
OI0008851,ORD002965,PRD0077,39,121.36
OI0008852,ORD002966,PRD0023,33,138.23
OI0008853,ORD002966,PRD0025,11,79.83
OI0008854,ORD002967,PRD0117,20,90.73
OI0008855,ORD002967,PRD0107,12,140.4
OI0008856,ORD002968,PRD0031,23,30.67
OI0008857,ORD002968,PRD0137,6,60.23
OI0008858,ORD002968,PRD0054,17,58.91
OI0008859,ORD002968,PRD0056,36,107.05
OI0008860,ORD002968,PRD0042,8,34.49
OI0008861,ORD002969,PRD0087,31,40.72
OI0008862,ORD002970,PRD0030,24,101.78
OI0008863,ORD002970,PRD0063,28,139.58
OI0008864,ORD002970,PRD0073,17,68.46
OI0008865,ORD002970,PRD0096,38,78.52
OI0008866,ORD002970,PRD0088,30,54.55
OI0008867,ORD002971,PRD0032,2,206.97
OI0008868,ORD002971,PRD0026,3,173.51
OI0008869,ORD002971,PRD0118,3,113.75
OI0008870,ORD002971,PRD0059,23,201.86
OI0008871,ORD002971,PRD0106,20,22.39
OI0008872,ORD002972,PRD0013,17,202.19
OI0008873,ORD002973,PRD0084,29,40.42
OI0008874,ORD002974,PRD0079,37,153.34
OI0008875,ORD002974,PRD0118,8,113.75
OI0008876,ORD002974,PRD0111,30,83.5
OI0008877,ORD002974,PRD0097,24,166.76
OI0008878,ORD002974,PRD0050,24,176.43
OI0008879,ORD002975,PRD0034,30,69.78
OI0008880,ORD002975,PRD0071,20,189.96
OI0008881,ORD002976,PRD0014,10,23.8
OI0008882,ORD002976,PRD0053,20,122.42
OI0008883,ORD002976,PRD0051,16,24.49
OI0008884,ORD002976,PRD0113,38,176.91
OI0008885,ORD002977,PRD0057,1,163.07
OI0008886,ORD002977,PRD0009,11,38.6
OI0008887,ORD002978,PRD0001,29,115.82
OI0008888,ORD002979,PRD0065,11,120.88
OI0008889,ORD002979,PRD0119,13,39.29
OI0008890,ORD002979,PRD0039,8,41.02
OI0008891,ORD002979,PRD0080,11,78.97
OI0008892,ORD002979,PRD0132,36,115.18
OI0008893,ORD002980,PRD0113,16,176.91
OI0008894,ORD002980,PRD0142,6,15.65
OI0008895,ORD002980,PRD0099,25,16.05
OI0008896,ORD002980,PRD0130,2,40.15
OI0008897,ORD002981,PRD0077,15,121.36
OI0008898,ORD002981,PRD0084,4,40.42
OI0008899,ORD002982,PRD0015,12,31.62
OI0008900,ORD002982,PRD0087,29,40.72
OI0008901,ORD002983,PRD0136,13,5.82
OI0008902,ORD002983,PRD0011,21,190.23
OI0008903,ORD002983,PRD0061,34,123.38
OI0008904,ORD002984,PRD0081,16,47.37
OI0008905,ORD002984,PRD0008,9,87.17
OI0008906,ORD002984,PRD0108,17,29.96
OI0008907,ORD002985,PRD0033,31,49.71
OI0008908,ORD002985,PRD0036,1,191.05
OI0008909,ORD002986,PRD0024,21,87.52
OI0008910,ORD002986,PRD0050,2,176.43
OI0008911,ORD002987,PRD0137,-1,60.23
OI0008912,ORD002987,PRD0060,25,47.82
OI0008913,ORD002987,PRD0137,9,60.23
OI0008914,ORD002987,PRD0032,19,206.97
OI0008915,ORD002988,PRD0113,15,176.91
OI0008916,ORD002988,PRD0109,5,119.42
OI0008917,ORD002988,PRD0121,36,231.51
OI0008918,ORD002988,PRD0132,29,115.18
OI0008919,ORD002988,PRD0064,8,230.86
OI0008920,ORD002989,PRD0137,15,60.23
OI0008921,ORD002989,PRD0034,36,69.78
OI0008922,ORD002989,PRD0144,27,190.91
OI0008923,ORD002989,PRD0040,1,179.3
OI0008924,ORD002989,PRD0124,1,45.26
OI0008925,ORD002990,PRD0088,12,54.55
OI0008926,ORD002990,PRD0005,37,143.43
OI0008927,ORD002990,PRD0041,38,74.92
OI0008928,ORD002991,PRD0138,27,105.95
OI0008929,ORD002992,PRD0076,12,28.95
OI0008930,ORD002992,PRD0135,30,148.62
OI0008931,ORD002993,PRD0102,17,215.21
OI0008932,ORD002993,PRD0046,12,105.44
OI0008933,ORD002993,PRD0136,18,5.82
OI0008934,ORD002993,PRD0139,2,18.24
OI0008935,ORD002994,PRD0048,21,221.86
OI0008936,ORD002994,PRD0054,21,58.91
OI0008937,ORD002994,PRD0066,25,106.81
OI0008938,ORD002994,PRD0069,22,54.19
OI0008939,ORD002995,PRD0003,24,72.4
OI0008940,ORD002996,PRD0128,31,123.35
OI0008941,ORD002996,PRD0121,32,231.51
OI0008942,ORD002997,PRD0114,36,122.24
OI0008943,ORD002997,PRD0072,3,230.67
OI0008944,ORD002997,PRD0032,21,206.97
OI0008945,ORD002997,PRD0063,22,139.58
OI0008946,ORD002998,PRD0044,5,142.63
OI0008947,ORD002998,PRD0049,37,178.36
OI0008948,ORD002998,PRD0078,7,105.62
OI0008949,ORD002998,PRD0150,17,124.38
OI0008950,ORD002998,PRD0134,2,26.01
OI0008951,ORD002999,PRD0017,34,191.07
OI0008952,ORD003000,PRD0085,15,63.68
OI0008953,ORD003000,PRD0109,29,119.42
OI0008954,ORD003000,PRD0092,-8,57.63
OI0008955,ORD003000,PRD000,34,211.99
OI0008956,ORD003000,PRD0086,23,218.7
OI0008957,ORD003001,PRD0045,29,7.03
OI0008958,ORD003001,PRD0149,6,233.51
OI0008959,ORD003001,PRD0003,1,72.4
OI0008960,ORD003001,PRD0064,4,230.86
OI0008961,ORD003002,PRD0036,20,191.05
OI0008962,ORD003002,PRD0038,38,222.91
OI0008963,ORD003003,PRD0077,4,121.36
OI0008964,ORD003003,PRD0139,38,18.24
OI0008965,ORD003004,PRD0054,15,58.91
OI0008966,ORD003004,PRD0086,34,218.7
OI0008967,ORD003004,PRD0132,37,115.18
OI0008968,ORD003004,PRD0005,33,143.43
OI0008969,ORD003005,PRD0038,27,222.91
OI0008970,ORD003005,PRD0103,4,124.22
OI0008971,ORD003005,PRD0077,21,121.36
OI0008972,ORD003005,PRD0092,8,57.63
OI0008973,ORD003005,PRD0073,29,68.46
OI0008974,ORD003006,PRD0014,19,23.8
OI0008975,ORD003007,PRD0007,38,82.58
OI0008976,ORD003007,PRD0045,10,7.03
OI0008977,ORD003007,PRD0028,18,98.85
OI0008978,ORD003007,PRD0002,19,172.3
OI0008979,ORD003008,PRD0008,10,87.17
OI0008980,ORD003008,PRD999,7,119.91
OI0008981,ORD003008,PRD0112,32,160.95
OI0008982,ORD003008,PRD0054,25,58.91
OI0008983,ORD003009,PRD0101,37,119.36
OI0008984,ORD003009,PRD0146,23,116.28
OI0008985,ORD003009,PRD0031,35,30.67
OI0008986,ORD003009,PRD0120,26,91.06
OI0008987,ORD003010,PRD0116,33,227.68
OI0008988,ORD003010,PRD0008,30,87.17
OI0008989,ORD003010,PRD0049,11,178.36
OI0008990,ORD003011,PRD0070,23,225.75
OI0008991,ORD003011,PRD0041,37,74.92
OI0008992,ORD003012,PRD0128,16,123.35
OI0008993,ORD003012,PRD0138,39,105.95
OI0008994,ORD003013,PRD0072,34,230.67
OI0008995,ORD003013,PRD0137,22,60.23
OI0008996,ORD003013,PRD0092,30,57.63
OI0008997,ORD003013,PRD0066,38,106.81
OI0008998,ORD003014,PRD0145,11,92.02
OI0008999,ORD003015,PRD0117,19,90.73
OI0009000,ORD003015,PRD0054,10,58.91
OI0009001,ORD003015,PRD0032,38,206.97
OI0009002,ORD003015,PRD0042,40,34.49
OI0009003,ORD003016,PRD0004,18,27.44
OI0009004,ORD003016,PRD0150,40,124.38
OI0009005,ORD003016,PRD0017,31,191.07
OI0009006,ORD003016,PRD0057,22,163.07
OI0009007,ORD003017,PRD0015,33,31.62
OI0009008,ORD003018,PRD0150,3,124.38
OI0009009,ORD003018,PRD0039,33,41.02
OI0009010,ORD003018,PRD0106,21,22.39
OI0009011,ORD003018,PRD0058,33,182.31
OI0009012,ORD003019,PRD0033,13,49.71
OI0009013,ORD003020,PRD0136,17,5.82
OI0009014,ORD003020,PRD0086,9,218.7
OI0009015,ORD003020,PRD0005,10,143.43
OI0009016,ORD003020,PRD0029,25,203.27
OI0009017,ORD003020,PRD0032,1,206.97
OI0009018,ORD003021,PRD0084,4,40.42
OI0009019,ORD003022,PRD0124,32,45.26
OI0009020,ORD003022,PRD0129,21,171.21
OI0009021,ORD003023,PRD0066,16,106.81
OI0009022,ORD003023,PRD0030,19,101.78
OI0009023,ORD003023,PRD0014,38,23.8
OI0009024,ORD003023,PRD0108,5,29.96
OI0009025,ORD003024,PRD0101,32,119.36
OI0009026,ORD003025,PRD0018,38,211.58
OI0009027,ORD003025,PRD0038,35,222.91
OI0009028,ORD003026,PRD0044,5,142.63
OI0009029,ORD003026,PRD0119,18,39.29
OI0009030,ORD003026,PRD0130,12,40.15
OI0009031,ORD003026,PRD0121,23,231.51
OI0009032,ORD003027,PRD0043,38,154.31
OI0009033,ORD003028,PRD0031,33,30.67
OI0009034,ORD003029,PRD0104,31,165.96
OI0009035,ORD003030,PRD0131,35,31.12
OI0009036,ORD003030,PRD0023,8,138.23
OI0009037,ORD003030,PRD0104,38,165.96
OI0009038,ORD003030,PRD0111,34,83.5
OI0009039,ORD003031,PRD0004,21,27.44
OI0009040,ORD003032,PRD0097,11,166.76
OI0009041,ORD003032,PRD0046,9,105.44
OI0009042,ORD003032,PRD0094,17,30.93
OI0009043,ORD003033,PRD0058,4,182.31
OI0009044,ORD003033,PRD0091,10,175.98
OI0009045,ORD003033,PRD0119,8,39.29
OI0009046,ORD003033,PRD0103,4,124.22
OI0009047,ORD003033,PRD0088,15,54.55
OI0009048,ORD003034,PRD0025,12,79.83
OI0009049,ORD003034,PRD0024,23,87.52
OI0009050,ORD003035,PRD0078,3,105.62
OI0009051,ORD003036,PRD0103,9,124.22
OI0009052,ORD003037,PRD0011,14,190.23
OI0009053,ORD003037,PRD0145,6,92.02
OI0009054,ORD003037,PRD0140,11,180.3
OI0009055,ORD003038,PRD0025,9,79.83
OI0009056,ORD003039,PRD0020,3,7.41
OI0009057,ORD003039,PRD0132,38,115.18
OI0009058,ORD003039,PRD0096,4,78.52
OI0009059,ORD003040,PRD0058,36,182.31
OI0009060,ORD003040,PRD0130,31,40.15
OI0009061,ORD003040,PRD0014,32,23.8
OI0009062,ORD003041,PRD0137,17,60.23
OI0009063,ORD003041,PRD0132,5,115.18
OI0009064,ORD003041,PRD0096,13,78.52
OI0009065,ORD003042,PRD0051,4,24.49
OI0009066,ORD003042,PRD0042,8,34.49
OI0009067,ORD003042,PRD0115,11,102.09
OI0009068,ORD003042,PRD0142,30,15.65
OI0009069,ORD003042,PRD0043,6,154.31
OI0009070,ORD003043,PRD0144,37,190.91
OI0009071,ORD003043,PRD0074,4,95.86
OI0009072,ORD003043,PRD999,28,94.99
OI0009073,ORD003043,PRD0149,39,233.51
OI0009074,ORD003043,PRD0034,15,69.78
OI0009075,ORD003044,PRD0073,37,68.46
OI0009076,ORD003044,PRD0049,34,178.36
OI0009077,ORD003045,PRD0051,33,24.49
OI0009078,ORD003045,PRD0017,30,191.07
OI0009079,ORD003045,PRD0092,20,57.63
OI0009080,ORD003046,PRD0109,18,119.42
OI0009081,ORD003046,PRD0136,25,5.82
OI0009082,ORD003046,PRD0093,39,66.58
OI0009083,ORD003047,PRD0037,29,226.8
OI0009084,ORD003047,PRD0037,35,226.8
OI0009085,ORD003047,PRD0113,5,176.91
OI0009086,ORD003048,PRD0081,2,47.37
OI0009087,ORD003049,PRD0002,1,172.3
OI0009088,ORD003050,PRD0098,5,38.66
OI0009089,ORD003050,PRD0127,40,116.1
OI0009090,ORD003050,PRD0129,5,171.21
OI0009091,ORD003050,PRD0019,8,188.65
OI0009092,ORD003051,PRD0104,28,165.96
OI0009093,ORD003051,PRD0119,34,39.29
OI0009094,ORD003052,PRD0072,13,230.67
OI0009095,ORD003052,PRD0102,7,215.21
OI0009096,ORD003052,PRD0024,4,87.52
OI0009097,ORD003053,PRD0062,38,239.86
OI0009098,ORD003053,PRD0053,12,122.42
OI0009099,ORD003054,PRD0103,35,124.22
OI0009100,ORD003054,PRD0009,25,38.6
OI0009101,ORD003054,PRD0142,21,15.65
OI0009102,ORD003054,PRD0073,26,68.46
OI0009103,ORD003055,PRD0121,8,231.51
OI0009104,ORD003055,PRD0132,37,115.18
OI0009105,ORD003055,PRD0146,29,116.28
OI0009106,ORD003056,PRD0090,18,72.4
OI0009107,ORD003056,PRD0104,15,165.96
OI0009108,ORD003056,PRD0088,17,54.55
OI0009109,ORD003056,PRD0126,1,35.6
OI0009110,ORD003056,PRD0138,33,105.95
OI0009111,ORD003057,PRD0100,22,36.13
OI0009112,ORD003057,PRD0043,19,154.31
OI0009113,ORD003057,PRD0012,33,114.28
OI0009114,ORD003057,PRD0084,25,40.42
OI0009115,ORD003057,PRD0061,38,123.38
OI0009116,ORD003058,PRD0150,39,124.38
OI0009117,ORD003058,PRD0103,25,124.22
OI0009118,ORD003058,PRD0055,17,122.67
OI0009119,ORD003059,PRD9999,32,151.43
OI0009120,ORD003059,PRD0135,24,148.62
OI0009121,ORD003060,PRD0135,33,148.62
OI0009122,ORD003060,PRD0018,18,211.58
OI0009123,ORD003060,PRD0063,4,139.58
OI0009124,ORD003060,PRD0087,20,40.72
OI0009125,ORD003060,PRD0062,6,239.86
OI0009126,ORD003061,PRD0069,10,54.19
OI0009127,ORD003062,PRD0016,4,191.36
OI0009128,ORD003063,PRD0045,17,7.03
OI0009129,ORD003063,PRD0138,3,105.95
OI0009130,ORD003064,PRD0112,29,160.95
OI0009131,ORD003064,PRD0071,25,189.96
OI0009132,ORD003064,PRD0033,34,49.71
OI0009133,ORD003064,PRD0101,19,119.36
OI0009134,ORD003065,PRD0110,20,237.89
OI0009135,ORD003065,PRD0126,32,35.6
OI0009136,ORD003065,PRD0089,27,150.86
OI0009137,ORD003065,PRD0104,28,165.96
OI0009138,ORD003065,PRD0036,27,191.05
OI0009139,ORD003066,PRD0009,19,38.6
OI0009140,ORD003066,PRD0149,30,233.51
OI0009141,ORD003066,PRD0081,14,47.37
OI0009142,ORD003066,PRD0146,23,116.28
OI0009143,ORD003066,PRD0005,10,143.43
OI0009144,ORD003067,PRD0061,17,123.38
OI0009145,ORD003067,PRD0058,32,182.31
OI0009146,ORD003067,PRD0052,11,207.39
OI0009147,ORD003067,PRD0021,14,92.86
OI0009148,ORD003067,PRD0138,39,105.95
OI0009149,ORD003068,PRD0136,20,5.82
OI0009150,ORD003068,PRD0036,6,191.05
OI0009151,ORD003068,PRD0042,33,34.49
OI0009152,ORD003069,PRD0105,11,220.36
OI0009153,ORD003070,PRD0104,5,165.96
OI0009154,ORD003071,PRD0026,34,173.51
OI0009155,ORD003071,PRD0005,13,143.43
OI0009156,ORD003071,PRD0002,18,172.3
OI0009157,ORD003071,PRD0063,36,139.58
OI0009158,ORD003072,PRD0033,11,49.71
OI0009159,ORD003072,PRD0128,11,123.35
OI0009160,ORD003072,PRD0021,6,92.86
OI0009161,ORD003073,PRD0060,13,47.82
OI0009162,ORD003073,PRD0018,-23,211.58
OI0009163,ORD003073,PRD0066,18,106.81
OI0009164,ORD003074,PRD0135,35,148.62
OI0009165,ORD003075,PRD999,32,165.22
OI0009166,ORD003075,PRD0042,3,34.49
OI0009167,ORD003075,PRD0128,1,123.35
OI0009168,ORD003075,PRD0120,37,91.06
OI0009169,ORD003076,PRD0014,16,23.8
OI0009170,ORD003076,PRD0095,24,72.24
OI0009171,ORD003076,PRD0016,33,191.36
OI0009172,ORD003077,PRD0028,16,98.85
OI0009173,ORD003077,PRD0146,14,116.28
OI0009174,ORD003077,PRD0117,12,90.73
OI0009175,ORD003077,PRD0006,3,140.22
OI0009176,ORD003077,PRD0084,36,40.42
OI0009177,ORD003078,PRD0065,27,120.88
OI0009178,ORD003078,PRD0134,1,26.01
OI0009179,ORD003079,PRD0008,12,87.17
OI0009180,ORD003079,PRD0026,1,173.51
OI0009181,ORD003080,PRD0115,16,102.09
OI0009182,ORD003080,PRD0106,24,22.39
OI0009183,ORD003080,PRD0048,35,221.86
OI0009184,ORD003081,PRD0006,13,140.22
OI0009185,ORD003081,PRD0071,40,189.96
OI0009186,ORD003081,PRD0137,14,60.23
OI0009187,ORD003081,PRD0063,21,139.58
OI0009188,ORD003081,PRD0044,30,142.63
OI0009189,ORD003082,PRD0126,26,35.6
OI0009190,ORD003083,PRD0039,26,41.02
OI0009191,ORD003083,PRD0108,19,29.96
OI0009192,ORD003083,PRD0118,10,113.75
OI0009193,ORD003084,PRD0052,22,207.39
OI0009194,ORD003084,PRD0049,19,178.36
OI0009195,ORD003084,PRD0015,17,31.62
OI0009196,ORD003085,PRD0031,4,30.67
OI0009197,ORD003085,PRD0150,37,124.38
OI0009198,ORD003085,PRD0126,15,35.6
OI0009199,ORD003086,PRD0121,9,231.51
OI0009200,ORD003087,PRD0046,9,105.44
OI0009201,ORD003087,PRD0067,23,172.46
OI0009202,ORD003087,PRD0079,-38,153.34
OI0009203,ORD003087,PRD0083,15,19.93
OI0009204,ORD003088,PRD0075,19,173.74
OI0009205,ORD003088,PRD0062,11,239.86
OI0009206,ORD003088,PRD0086,24,218.7
OI0009207,ORD003089,PRD0122,38,18.49
OI0009208,ORD003089,PRD0065,27,120.88
OI0009209,ORD003089,PRD0037,18,226.8
OI0009210,ORD003089,PRD0058,21,182.31
OI0009211,ORD003090,PRD0012,14,114.28
OI0009212,ORD003091,PRD0048,4,221.86
OI0009213,ORD003091,PRD0104,31,165.96
OI0009214,ORD003091,PRD0117,21,90.73
OI0009215,ORD003092,PRD0116,23,227.68
OI0009216,ORD003092,PRD999,35,140.98
OI0009217,ORD003093,PRD0022,11,35.83
OI0009218,ORD003093,PRD0124,32,45.26
OI0009219,ORD003094,PRD0074,37,95.86
OI0009220,ORD003094,PRD0082,13,109.81
OI0009221,ORD003094,PRD0137,10,60.23
OI0009222,ORD003094,PRD0148,27,127.25
OI0009223,ORD003094,PRD0049,3,178.36
OI0009224,ORD003095,PRD0108,39,29.96
OI0009225,ORD003096,PRD0084,31,40.42
OI0009226,ORD003096,PRD0007,14,82.58
OI0009227,ORD003097,PRD0056,6,107.05
OI0009228,ORD003097,PRD0088,39,54.55
OI0009229,ORD003097,PRD0043,15,154.31
OI0009230,ORD003097,PRD0036,23,191.05
OI0009231,ORD003097,PRD0102,17,215.21
OI0009232,ORD003098,PRD0116,33,227.68
OI0009233,ORD003099,PRD0023,21,138.23
OI0009234,ORD003100,PRD0031,24,30.67
OI0009235,ORD003100,PRD0095,30,72.24
OI0009236,ORD003101,PRD0128,7,123.35
OI0009237,ORD003102,PRD0044,7,142.63
OI0009238,ORD003102,PRD0005,31,143.43
OI0009239,ORD003102,PRD0057,24,163.07
OI0009240,ORD003102,PRD0126,20,35.6
OI0009241,ORD003102,PRD0102,14,215.21
OI0009242,ORD003103,PRD0115,34,102.09
OI0009243,ORD003103,PRD0011,22,190.23
OI0009244,ORD003103,PRD0041,8,74.92
OI0009245,ORD003103,PRD0078,34,105.62
OI0009246,ORD003104,PRD0029,22,203.27
OI0009247,ORD003104,PRD0064,10,230.86
OI0009248,ORD003104,PRD0017,12,191.07
OI0009249,ORD003104,PRD0083,14,19.93
OI0009250,ORD003105,PRD0038,37,222.91
OI0009251,ORD003105,PRD0104,28,165.96
OI0009252,ORD003105,PRD0005,22,143.43
OI0009253,ORD003106,PRD0001,26,115.82
OI0009254,ORD003107,PRD0030,24,101.78
OI0009255,ORD003108,PRD0089,31,150.86
OI0009256,ORD003108,PRD0060,9,47.82
OI0009257,ORD003108,PRD0004,40,27.44
OI0009258,ORD003108,PRD0028,11,98.85
OI0009259,ORD003108,PRD0091,26,175.98
OI0009260,ORD003109,PRD0076,2,28.95
OI0009261,ORD003110,PRD0038,5,222.91
OI0009262,ORD003110,PRD0005,26,143.43
OI0009263,ORD003110,PRD0008,38,87.17
OI0009264,ORD003110,PRD0010,33,6.66
OI0009265,ORD003111,PRD0115,31,102.09
OI0009266,ORD003111,PRD0148,2,127.25
OI0009267,ORD003112,PRD0102,9,215.21
OI0009268,ORD003112,PRD0003,1,72.4
OI0009269,ORD003112,PRD0008,24,87.17
OI0009270,ORD003113,PRD0130,37,40.15
OI0009271,ORD003113,PRD0007,3,82.58
OI0009272,ORD003113,PRD0006,35,140.22
OI0009273,ORD003113,PRD0069,18,54.19
OI0009274,ORD003114,PRD000,-21,67.08
OI0009275,ORD003114,PRD0002,25,172.3
OI0009276,ORD003115,PRD0137,2,60.23
OI0009277,ORD003115,PRD0068,9,29.13
OI0009278,ORD003115,PRD0087,16,40.72
OI0009279,ORD003116,PRD0049,3,178.36
OI0009280,ORD003117,PRD0125,31,149.25
OI0009281,ORD003117,PRD0055,35,122.67
OI0009282,ORD003117,PRD0139,35,18.24
OI0009283,ORD003117,PRD0134,17,26.01
OI0009284,ORD003117,PRD0136,26,5.82
OI0009285,ORD003118,PRD0033,21,49.71
OI0009286,ORD003119,PRD0118,18,113.75
OI0009287,ORD003119,PRD0073,40,68.46
OI0009288,ORD003119,PRD0124,23,45.26
OI0009289,ORD003119,PRD0127,11,116.1
OI0009290,ORD003119,PRD0144,40,190.91
OI0009291,ORD003120,PRD0023,36,138.23
OI0009292,ORD003121,PRD0124,25,45.26
OI0009293,ORD003122,PRD0009,8,38.6
OI0009294,ORD003123,PRD0066,37,106.81
OI0009295,ORD003123,PRD0143,12,205.5
OI0009296,ORD003124,PRD0013,23,202.19
OI0009297,ORD003124,PRD0076,9,28.95
OI0009298,ORD003124,PRD0044,4,142.63
OI0009299,ORD003124,PRD0116,4,227.68
OI0009300,ORD003124,PRD0103,35,124.22
OI0009301,ORD003125,PRD0149,4,233.51
OI0009302,ORD003125,PRD0129,4,171.21
OI0009303,ORD003126,PRD0135,36,148.62
OI0009304,ORD003126,PRD0071,11,189.96
OI0009305,ORD003127,PRD0046,35,105.44
OI0009306,ORD003127,PRD0082,14,109.81
OI0009307,ORD003128,PRD0143,39,205.5
OI0009308,ORD003129,PRD0056,17,107.05
OI0009309,ORD003129,PRD0010,1,6.66
OI0009310,ORD003130,PRD0006,34,140.22
OI0009311,ORD003131,PRD0101,1,119.36
OI0009312,ORD003131,PRD0068,-31,29.13
OI0009313,ORD003131,PRD0027,37,38.21
OI0009314,ORD003131,PRD0140,16,180.3
OI0009315,ORD003131,PRD0129,9,171.21
OI0009316,ORD003132,PRD0075,39,173.74
OI0009317,ORD003132,PRD0014,17,23.8
OI0009318,ORD003132,PRD0055,10,122.67
OI0009319,ORD003132,PRD0127,32,116.1
OI0009320,ORD003133,PRD0098,29,38.66
OI0009321,ORD003133,PRD0135,7,148.62
OI0009322,ORD003133,PRD0031,23,30.67
OI0009323,ORD003133,PRD0086,16,218.7
OI0009324,ORD003133,PRD0069,20,54.19
OI0009325,ORD003134,PRD0108,11,29.96
OI0009326,ORD003134,PRD000,4,23.54
OI0009327,ORD003134,PRD0064,39,230.86
OI0009328,ORD003135,PRD0131,23,31.12
OI0009329,ORD003135,PRD0045,37,7.03
OI0009330,ORD003135,PRD0043,9,154.31
OI0009331,ORD003135,PRD0140,40,180.3
OI0009332,ORD003136,PRD0084,40,40.42
OI0009333,ORD003136,PRD0070,26,225.75
OI0009334,ORD003137,PRD0070,34,225.75
OI0009335,ORD003137,PRD0120,39,91.06
OI0009336,ORD003138,PRD0004,24,27.44
OI0009337,ORD003138,PRD0025,30,79.83
OI0009338,ORD003138,PRD0136,6,5.82
OI0009339,ORD003139,PRD0043,20,154.31
OI0009340,ORD003139,PRD0134,28,26.01
OI0009341,ORD003139,PRD0148,30,127.25
OI0009342,ORD003139,PRD0051,14,24.49
OI0009343,ORD003139,PRD0124,6,45.26
OI0009344,ORD003140,PRD0017,21,191.07
OI0009345,ORD003140,PRD0109,10,119.42
OI0009346,ORD003140,PRD0019,26,188.65
OI0009347,ORD003140,PRD0067,26,172.46
OI0009348,ORD003141,PRD0060,28,47.82
OI0009349,ORD003141,PRD0129,38,171.21
OI0009350,ORD003141,PRD0150,8,124.38
OI0009351,ORD003142,PRD0016,40,191.36
OI0009352,ORD003143,PRD0018,34,211.58
OI0009353,ORD003143,PRD0049,13,178.36
OI0009354,ORD003143,PRD0081,32,47.37
OI0009355,ORD003144,PRD0017,20,191.07
OI0009356,ORD003144,PRD0118,4,113.75
OI0009357,ORD003144,PRD0102,1,215.21
OI0009358,ORD003145,PRD0102,7,215.21
OI0009359,ORD003145,PRD0021,17,92.86
OI0009360,ORD003145,PRD0020,25,7.41
OI0009361,ORD003145,PRD0060,31,47.82
OI0009362,ORD003145,PRD000,11,33.89
OI0009363,ORD003146,PRD0002,29,172.3
OI0009364,ORD003146,PRD0099,12,16.05
OI0009365,ORD003147,PRD0054,37,58.91
OI0009366,ORD003148,PRD0094,13,30.93
OI0009367,ORD003148,PRD0028,5,98.85
OI0009368,ORD003148,PRD0133,2,216.9
OI0009369,ORD003149,PRD0144,21,190.91
OI0009370,ORD003149,PRD0004,14,27.44
OI0009371,ORD003149,PRD0113,33,176.91
OI0009372,ORD003149,PRD0058,15,182.31
OI0009373,ORD003149,PRD0119,14,39.29
OI0009374,ORD003150,PRD0017,30,191.07
OI0009375,ORD003150,PRD0032,6,206.97
OI0009376,ORD003150,PRD0029,37,203.27
OI0009377,ORD003151,PRD0123,34,236.61
OI0009378,ORD003151,PRD0125,22,149.25
OI0009379,ORD003151,PRD0131,26,31.12
OI0009380,ORD003152,PRD0146,14,116.28
OI0009381,ORD003152,PRD0127,13,116.1
OI0009382,ORD003152,PRD0036,10,191.05
OI0009383,ORD003152,PRD0128,17,123.35
OI0009384,ORD003153,PRD0004,19,27.44
OI0009385,ORD003154,PRD0012,8,114.28
OI0009386,ORD003154,PRD0095,15,72.24
OI0009387,ORD003154,PRD0081,6,47.37
OI0009388,ORD003155,PRD0147,22,123.59
OI0009389,ORD003156,PRD0085,18,63.68
OI0009390,ORD003156,PRD0018,28,211.58
OI0009391,ORD003156,PRD0009,25,38.6
OI0009392,ORD003157,PRD0134,25,26.01
OI0009393,ORD003157,PRD0114,6,122.24
OI0009394,ORD003157,PRD0063,5,139.58
OI0009395,ORD003157,PRD0042,4,34.49
OI0009396,ORD003157,PRD0064,31,230.86
OI0009397,ORD003158,PRD0018,22,211.58
OI0009398,ORD003158,PRD0126,28,35.6
OI0009399,ORD003158,PRD0089,29,150.86
OI0009400,ORD003158,PRD0067,3,172.46
OI0009401,ORD003158,PRD0095,25,72.24
OI0009402,ORD003159,PRD0012,29,114.28
OI0009403,ORD003159,PRD0097,15,166.76
OI0009404,ORD003159,PRD0148,17,127.25
OI0009405,ORD003160,PRD0014,9,23.8
OI0009406,ORD003160,PRD0131,20,31.12
OI0009407,ORD003160,PRD0010,33,6.66
OI0009408,ORD003161,PRD0133,32,216.9
OI0009409,ORD003161,PRD0129,8,171.21
OI0009410,ORD003161,PRD0140,7,180.3
OI0009411,ORD003161,PRD0109,25,119.42
OI0009412,ORD003161,PRD0149,27,233.51
OI0009413,ORD003162,PRD0078,38,105.62
OI0009414,ORD003162,PRD0095,14,72.24
OI0009415,ORD003162,PRD0017,13,191.07
OI0009416,ORD003162,PRD0130,7,40.15
OI0009417,ORD003163,PRD0074,16,95.86
OI0009418,ORD003163,PRD0131,22,31.12
OI0009419,ORD003163,PRD0094,9,30.93
OI0009420,ORD003163,PRD0001,37,115.82
OI0009421,ORD003163,PRD0145,36,92.02
OI0009422,ORD003164,PRD0097,18,166.76
OI0009423,ORD003165,PRD0046,34,105.44
OI0009424,ORD003165,PRD0149,8,233.51
OI0009425,ORD003166,PRD0115,27,102.09
OI0009426,ORD003166,PRD0125,25,149.25
OI0009427,ORD003166,PRD0057,5,163.07
OI0009428,ORD003166,PRD0093,17,66.58
OI0009429,ORD003166,PRD0102,39,215.21
OI0009430,ORD003167,PRD0049,5,178.36
OI0009431,ORD003167,PRD0047,34,157.02
OI0009432,ORD003168,PRD0019,23,188.65
OI0009433,ORD003168,PRD0017,26,191.07
OI0009434,ORD003168,PRD0144,36,190.91
OI0009435,ORD003169,PRD0018,31,211.58
OI0009436,ORD003170,PRD0133,28,216.9
OI0009437,ORD003171,PRD0014,33,23.8
OI0009438,ORD003171,PRD0146,28,116.28
OI0009439,ORD003171,PRD0091,2,175.98
OI0009440,ORD003172,PRD0065,26,120.88
OI0009441,ORD003172,PRD0111,7,83.5
OI0009442,ORD003172,PRD0005,10,143.43
OI0009443,ORD003172,PRD0084,32,40.42
OI0009444,ORD003172,PRD0044,36,142.63
OI0009445,ORD003173,PRD0150,29,124.38
OI0009446,ORD003173,PRD0142,3,15.65
OI0009447,ORD003174,PRD0039,16,41.02
OI0009448,ORD003175,PRD0123,27,236.61
OI0009449,ORD003175,PRD0073,37,68.46
OI0009450,ORD003175,PRD0054,27,58.91
OI0009451,ORD003175,PRD0005,39,143.43
OI0009452,ORD003176,PRD0136,7,5.82
OI0009453,ORD003177,PRD0036,13,191.05
OI0009454,ORD003178,PRD0138,15,105.95
OI0009455,ORD003178,PRD0108,39,29.96
OI0009456,ORD003179,PRD0071,40,189.96
OI0009457,ORD003180,PRD0091,35,175.98
OI0009458,ORD003180,PRD0090,13,72.4
OI0009459,ORD003180,PRD0062,35,239.86
OI0009460,ORD003180,PRD0040,1,179.3
OI0009461,ORD003181,PRD0069,4,54.19
OI0009462,ORD003181,PRD0068,19,29.13
OI0009463,ORD003182,PRD0057,21,163.07
OI0009464,ORD003182,PRD0025,17,79.83
OI0009465,ORD003182,PRD0068,36,29.13
OI0009466,ORD003182,PRD0070,25,225.75
OI0009467,ORD003183,PRD0015,17,31.62
OI0009468,ORD003183,PRD0133,18,216.9
OI0009469,ORD003184,PRD0114,19,122.24
OI0009470,ORD003184,PRD0103,28,124.22
OI0009471,ORD003184,PRD0083,-3,19.93
OI0009472,ORD003184,PRD0038,36,222.91
OI0009473,ORD003184,PRD0092,34,57.63
OI0009474,ORD003185,PRD0106,23,22.39
OI0009475,ORD003185,PRD0028,30,98.85
OI0009476,ORD003185,PRD0042,9,34.49
OI0009477,ORD003186,PRD0089,12,150.86
OI0009478,ORD003186,PRD0032,23,206.97
OI0009479,ORD003186,PRD0069,1,54.19
OI0009480,ORD003187,PRD0109,30,119.42
OI0009481,ORD003188,PRD0044,39,142.63
OI0009482,ORD003188,PRD0068,29,29.13
OI0009483,ORD003188,PRD0138,22,105.95
OI0009484,ORD003189,PRD0137,2,60.23
OI0009485,ORD003190,PRD0139,24,18.24
OI0009486,ORD003190,PRD0065,39,120.88
OI0009487,ORD003190,PRD0102,38,215.21
OI0009488,ORD003190,PRD0138,38,105.95
OI0009489,ORD003190,PRD0019,3,188.65
OI0009490,ORD003191,PRD0056,34,107.05
OI0009491,ORD003191,PRD0150,9,124.38
OI0009492,ORD003191,PRD0132,29,115.18
OI0009493,ORD003191,PRD0085,35,63.68
OI0009494,ORD003191,PRD0027,18,38.21
OI0009495,ORD003192,PRD0089,1,150.86
OI0009496,ORD003193,PRD0009,32,38.6
OI0009497,ORD003193,PRD0023,6,138.23
OI0009498,ORD003193,PRD0012,32,114.28
OI0009499,ORD003193,PRD0053,8,122.42
OI0009500,ORD003193,PRD0065,19,120.88
OI0009501,ORD003194,PRD0019,38,188.65
OI0009502,ORD003194,PRD0122,23,18.49
OI0009503,ORD003194,PRD0094,23,30.93
OI0009504,ORD003194,PRD0118,-27,113.75
OI0009505,ORD003194,PRD0032,9,206.97
OI0009506,ORD003195,PRD0051,30,24.49
OI0009507,ORD003196,PRD000,28,195.65
OI0009508,ORD003196,PRD0116,20,227.68
OI0009509,ORD003196,PRD0128,12,123.35
OI0009510,ORD003196,PRD0131,1,31.12
OI0009511,ORD003197,PRD0124,26,45.26
OI0009512,ORD003197,PRD0119,7,39.29
OI0009513,ORD003197,PRD0023,3,138.23
OI0009514,ORD003197,PRD0051,16,24.49
OI0009515,ORD003198,PRD0126,28,35.6
OI0009516,ORD003199,PRD0139,14,18.24
OI0009517,ORD003200,PRD0136,21,5.82
OI0009518,ORD003200,PRD0057,35,163.07
OI0009519,ORD003200,PRD0097,35,166.76
OI0009520,ORD003200,PRD0069,28,54.19
OI0009521,ORD003200,PRD0013,9,202.19
OI0009522,ORD003201,PRD0117,18,90.73
OI0009523,ORD003201,PRD0045,17,7.03
OI0009524,ORD003201,PRD0103,37,124.22
OI0009525,ORD003202,PRD0027,12,38.21
OI0009526,ORD003202,PRD0058,8,182.31
OI0009527,ORD003202,PRD0021,2,92.86
OI0009528,ORD003202,PRD0069,34,54.19
OI0009529,ORD003203,PRD0115,31,102.09
OI0009530,ORD003203,PRD0096,34,78.52
OI0009531,ORD003204,PRD0146,25,116.28
OI0009532,ORD003204,PRD0134,38,26.01
OI0009533,ORD003204,PRD0095,37,72.24
OI0009534,ORD003204,PRD0130,16,40.15
OI0009535,ORD003204,PRD0017,13,191.07
OI0009536,ORD003205,PRD0020,2,7.41
OI0009537,ORD003205,PRD0069,13,54.19
OI0009538,ORD003205,PRD0133,29,216.9
OI0009539,ORD003205,PRD0006,25,140.22
OI0009540,ORD003206,PRD0054,23,58.91
OI0009541,ORD003206,PRD0007,12,82.58
OI0009542,ORD003207,PRD0137,26,60.23
OI0009543,ORD003207,PRD0077,18,121.36
OI0009544,ORD003207,PRD0010,33,6.66
OI0009545,ORD003208,PRD0092,37,57.63
OI0009546,ORD003208,PRD0002,34,172.3
OI0009547,ORD003208,PRD0007,14,82.58
OI0009548,ORD003208,PRD0066,6,106.81
OI0009549,ORD003209,PRD0119,19,39.29
OI0009550,ORD003210,PRD0107,30,140.4
OI0009551,ORD003210,PRD0059,24,201.86
OI0009552,ORD003210,PRD0089,9,150.86
OI0009553,ORD003210,PRD0003,15,72.4
OI0009554,ORD003211,PRD0054,30,58.91
OI0009555,ORD003211,PRD0065,6,120.88
OI0009556,ORD003212,PRD0062,37,239.86
OI0009557,ORD003213,PRD0073,18,68.46
OI0009558,ORD003213,PRD0096,22,78.52
OI0009559,ORD003213,PRD0041,38,74.92
OI0009560,ORD003213,PRD0119,7,39.29
OI0009561,ORD003213,PRD0139,23,18.24
OI0009562,ORD003214,PRD0004,29,27.44
OI0009563,ORD003214,PRD0050,22,176.43
OI0009564,ORD003214,PRD0134,32,26.01
OI0009565,ORD003214,PRD0103,16,124.22
OI0009566,ORD003215,PRD0140,14,180.3
OI0009567,ORD003215,PRD0097,39,166.76
OI0009568,ORD003215,PRD0073,19,68.46
OI0009569,ORD003215,PRD0071,38,189.96
OI0009570,ORD003216,PRD0116,6,227.68
OI0009571,ORD003217,PRD0084,16,40.42
OI0009572,ORD003217,PRD0050,22,176.43
OI0009573,ORD003217,PRD0114,7,122.24
OI0009574,ORD003218,PRD0007,2,82.58
OI0009575,ORD003219,PRD0032,40,206.97
OI0009576,ORD003219,PRD0077,25,121.36
OI0009577,ORD003219,PRD0097,12,166.76
OI0009578,ORD003219,PRD0102,26,215.21
OI0009579,ORD003219,PRD0011,29,190.23
OI0009580,ORD003220,PRD0016,4,191.36
OI0009581,ORD003220,PRD0043,18,154.31
OI0009582,ORD003220,PRD0147,30,123.59
OI0009583,ORD003220,PRD0040,22,179.3
OI0009584,ORD003221,PRD0019,20,188.65
OI0009585,ORD003222,PRD0062,2,239.86
OI0009586,ORD003222,PRD0132,28,115.18
OI0009587,ORD003222,PRD0076,33,28.95
OI0009588,ORD003222,PRD0150,27,124.38
OI0009589,ORD003222,PRD0092,4,57.63
OI0009590,ORD003223,PRD0007,38,82.58
OI0009591,ORD003223,PRD0134,15,26.01
OI0009592,ORD003223,PRD0027,20,38.21
OI0009593,ORD003224,PRD0057,2,163.07
OI0009594,ORD003225,PRD0117,12,90.73
OI0009595,ORD003225,PRD0079,11,153.34
OI0009596,ORD003225,PRD0032,2,206.97
OI0009597,ORD003226,PRD0132,3,115.18
OI0009598,ORD003226,PRD999,5,202.46
OI0009599,ORD003226,PRD0074,25,95.86
OI0009600,ORD003226,PRD0054,39,58.91
OI0009601,ORD003226,PRD0126,22,35.6
OI0009602,ORD003227,PRD0069,15,54.19
OI0009603,ORD003227,PRD0068,10,29.13
OI0009604,ORD003228,PRD0086,28,218.7
OI0009605,ORD003229,PRD0107,24,140.4
OI0009606,ORD003229,PRD0028,28,98.85
OI0009607,ORD003229,PRD9999,33,51.87
OI0009608,ORD003229,PRD0130,4,40.15
OI0009609,ORD003230,PRD0047,9,157.02
OI0009610,ORD003230,PRD0114,18,122.24
OI0009611,ORD003230,PRD0072,40,230.67
OI0009612,ORD003231,PRD0054,35,58.91
OI0009613,ORD003231,PRD0127,7,116.1
OI0009614,ORD003231,PRD0084,30,40.42
OI0009615,ORD003231,PRD0056,28,107.05
OI0009616,ORD003231,PRD0120,12,91.06
OI0009617,ORD003232,PRD0119,16,39.29
OI0009618,ORD003232,PRD0103,29,124.22
OI0009619,ORD003233,PRD0139,39,18.24
OI0009620,ORD003233,PRD0038,3,222.91
OI0009621,ORD003233,PRD0026,40,173.51
OI0009622,ORD003234,PRD0089,13,150.86
OI0009623,ORD003235,PRD0109,39,119.42
OI0009624,ORD003236,PRD0029,23,203.27
OI0009625,ORD003236,PRD0124,12,45.26
OI0009626,ORD003237,PRD0110,19,237.89
OI0009627,ORD003237,PRD0108,12,29.96
OI0009628,ORD003237,PRD0097,14,166.76
OI0009629,ORD003237,PRD0058,40,182.31
OI0009630,ORD003237,PRD0019,40,188.65
OI0009631,ORD003238,PRD0094,12,30.93
OI0009632,ORD003238,PRD0005,14,143.43
OI0009633,ORD003239,PRD0024,20,87.52
OI0009634,ORD003239,PRD0011,31,190.23
OI0009635,ORD003239,PRD0044,18,142.63
OI0009636,ORD003239,PRD0004,5,27.44
OI0009637,ORD003240,PRD0077,31,121.36
OI0009638,ORD003241,PRD0118,4,113.75
OI0009639,ORD003241,PRD0144,39,190.91
OI0009640,ORD003241,PRD0046,23,105.44
OI0009641,ORD003241,PRD0009,20,38.6
OI0009642,ORD003242,PRD0002,9,172.3
OI0009643,ORD003242,PRD0011,36,190.23
OI0009644,ORD003242,PRD0099,20,16.05
OI0009645,ORD003242,PRD0050,5,176.43
OI0009646,ORD003243,PRD0017,2,191.07
OI0009647,ORD003244,PRD0099,16,16.05
OI0009648,ORD003244,PRD0088,15,54.55
OI0009649,ORD003245,PRD0014,39,23.8
OI0009650,ORD003246,PRD0063,19,139.58
OI0009651,ORD003246,PRD0091,28,175.98
OI0009652,ORD003246,PRD0080,31,78.97
OI0009653,ORD003247,PRD0131,29,31.12
OI0009654,ORD003247,PRD0036,10,191.05
OI0009655,ORD003248,PRD0117,31,90.73
OI0009656,ORD003248,PRD0091,14,175.98
OI0009657,ORD003248,PRD0088,9,54.55
OI0009658,ORD003248,PRD0014,-40,23.8
OI0009659,ORD003248,PRD0087,2,40.72
OI0009660,ORD003249,PRD0123,12,236.61
OI0009661,ORD003249,PRD0048,38,221.86
OI0009662,ORD003249,PRD0066,12,106.81
OI0009663,ORD003249,PRD0032,32,206.97
OI0009664,ORD003250,PRD0047,23,157.02
OI0009665,ORD003250,PRD0098,2,38.66
OI0009666,ORD003250,PRD0111,11,83.5
OI0009667,ORD003251,PRD0124,29,45.26
OI0009668,ORD003251,PRD0080,8,78.97
OI0009669,ORD003251,PRD0075,12,173.74
OI0009670,ORD003251,PRD9999,3,77.44
OI0009671,ORD003252,PRD0108,26,29.96
OI0009672,ORD003252,PRD0117,3,90.73
OI0009673,ORD003252,PRD0150,35,124.38
OI0009674,ORD003253,PRD0041,11,74.92
OI0009675,ORD003253,PRD0069,18,54.19
OI0009676,ORD003254,PRD0078,8,105.62
OI0009677,ORD003254,PRD0125,39,149.25
OI0009678,ORD003255,PRD0095,30,72.24
OI0009679,ORD003255,PRD0007,11,82.58
OI0009680,ORD003255,PRD0090,38,72.4
OI0009681,ORD003255,PRD0057,28,163.07
OI0009682,ORD003255,PRD0071,32,189.96
OI0009683,ORD003256,PRD0090,12,72.4
OI0009684,ORD003256,PRD0129,35,171.21
OI0009685,ORD003256,PRD0134,18,26.01
OI0009686,ORD003256,PRD0006,2,140.22
OI0009687,ORD003256,PRD0084,37,40.42
OI0009688,ORD003257,PRD0042,32,34.49
OI0009689,ORD003257,PRD0030,6,101.78
OI0009690,ORD003257,PRD0007,20,82.58
OI0009691,ORD003257,PRD0001,17,115.82
OI0009692,ORD003257,PRD000,39,166.31
OI0009693,ORD003258,PRD0002,32,172.3
OI0009694,ORD003258,PRD0082,8,109.81
OI0009695,ORD003258,PRD0099,7,16.05
OI0009696,ORD003258,PRD0065,9,120.88
OI0009697,ORD003258,PRD0092,20,57.63
OI0009698,ORD003259,PRD0117,10,90.73
OI0009699,ORD003259,PRD0042,23,34.49
OI0009700,ORD003259,PRD0053,-34,122.42
OI0009701,ORD003259,PRD0116,14,227.68
OI0009702,ORD003259,PRD0065,21,120.88
OI0009703,ORD003260,PRD0021,37,92.86
OI0009704,ORD003261,PRD0014,25,23.8
OI0009705,ORD003261,PRD0122,17,18.49
OI0009706,ORD003261,PRD0110,5,237.89
OI0009707,ORD003261,PRD0079,31,153.34
OI0009708,ORD003261,PRD0055,-37,122.67
OI0009709,ORD003262,PRD0012,11,114.28
OI0009710,ORD003262,PRD0058,14,182.31
OI0009711,ORD003262,PRD0042,8,34.49
OI0009712,ORD003263,PRD0118,15,113.75
OI0009713,ORD003263,PRD0028,20,98.85
OI0009714,ORD003263,PRD0058,19,182.31
OI0009715,ORD003264,PRD0047,29,157.02
OI0009716,ORD003264,PRD0064,13,230.86
OI0009717,ORD003265,PRD0087,39,40.72
OI0009718,ORD003265,PRD0114,8,122.24
OI0009719,ORD003265,PRD0036,13,191.05
OI0009720,ORD003266,PRD0084,25,40.42
OI0009721,ORD003266,PRD0081,6,47.37
OI0009722,ORD003266,PRD0085,28,63.68
OI0009723,ORD003267,PRD0003,16,72.4
OI0009724,ORD003267,PRD0114,21,122.24
OI0009725,ORD003267,PRD0106,9,22.39
OI0009726,ORD003268,PRD0014,10,23.8
OI0009727,ORD003268,PRD0111,2,83.5
OI0009728,ORD003268,PRD0085,38,63.68
OI0009729,ORD003269,PRD0080,9,78.97
OI0009730,ORD003270,PRD0105,1,220.36
OI0009731,ORD003270,PRD0085,10,63.68
OI0009732,ORD003270,PRD0002,25,172.3
OI0009733,ORD003270,PRD0082,21,109.81
OI0009734,ORD003271,PRD0060,24,47.82
OI0009735,ORD003271,PRD0057,20,163.07
OI0009736,ORD003271,PRD0034,30,69.78
OI0009737,ORD003271,PRD0144,24,190.91
OI0009738,ORD003272,PRD0049,1,178.36
OI0009739,ORD003272,PRD0062,3,239.86
OI0009740,ORD003272,PRD0122,2,18.49
OI0009741,ORD003273,PRD0126,1,35.6
OI0009742,ORD003273,PRD0104,8,165.96
OI0009743,ORD003273,PRD0029,25,203.27
OI0009744,ORD003273,PRD0110,32,237.89
OI0009745,ORD003274,PRD0005,-37,143.43
OI0009746,ORD003274,PRD0003,7,72.4
OI0009747,ORD003274,PRD0114,30,122.24
OI0009748,ORD003274,PRD0010,28,6.66
OI0009749,ORD003274,PRD0122,13,18.49
OI0009750,ORD003275,PRD0088,13,54.55
OI0009751,ORD003276,PRD0116,21,227.68
OI0009752,ORD003276,PRD0078,9,105.62
OI0009753,ORD003276,PRD0129,20,171.21
OI0009754,ORD003276,PRD0064,6,230.86
OI0009755,ORD003276,PRD0145,23,92.02
OI0009756,ORD003277,PRD0048,14,221.86
OI0009757,ORD003278,PRD0101,22,119.36
OI0009758,ORD003279,PRD0013,32,202.19
OI0009759,ORD003279,PRD0060,33,47.82
OI0009760,ORD003279,PRD0146,24,116.28
OI0009761,ORD003279,PRD0030,23,101.78
OI0009762,ORD003280,PRD0100,13,36.13
OI0009763,ORD003280,PRD0074,1,95.86
OI0009764,ORD003280,PRD0069,9,54.19
OI0009765,ORD003280,PRD0118,27,113.75
OI0009766,ORD003281,PRD0137,16,60.23
OI0009767,ORD003281,PRD0124,10,45.26
OI0009768,ORD003281,PRD0029,24,203.27
OI0009769,ORD003281,PRD0120,31,91.06
OI0009770,ORD003282,PRD0072,37,230.67
OI0009771,ORD003282,PRD0024,1,87.52
OI0009772,ORD003283,PRD0098,16,38.66
OI0009773,ORD003283,PRD0096,4,78.52
OI0009774,ORD003284,PRD0100,30,36.13
OI0009775,ORD003284,PRD0035,27,236.05
OI0009776,ORD003284,PRD0102,40,215.21
OI0009777,ORD003284,PRD0120,20,91.06
OI0009778,ORD003285,PRD0116,36,227.68
OI0009779,ORD003285,PRD0054,28,58.91
OI0009780,ORD003286,PRD0103,16,124.22
OI0009781,ORD003286,PRD0039,12,41.02
OI0009782,ORD003286,PRD0032,26,206.97
OI0009783,ORD003287,PRD0028,8,98.85
OI0009784,ORD003287,PRD0150,40,124.38
OI0009785,ORD003287,PRD0131,10,31.12
OI0009786,ORD003287,PRD0068,14,29.13
OI0009787,ORD003288,PRD0061,15,123.38
OI0009788,ORD003288,PRD0050,-1,176.43
OI0009789,ORD003288,PRD0141,34,106.53
OI0009790,ORD003288,PRD0031,34,30.67
OI0009791,ORD003288,PRD0044,12,142.63
OI0009792,ORD003289,PRD0010,3,6.66
OI0009793,ORD003290,PRD0024,2,87.52
OI0009794,ORD003291,PRD0071,3,189.96
OI0009795,ORD003291,PRD0145,35,92.02
OI0009796,ORD003291,PRD0098,1,38.66
OI0009797,ORD003291,PRD0094,4,30.93
OI0009798,ORD003291,PRD0053,37,122.42
OI0009799,ORD003292,PRD0013,28,202.19
OI0009800,ORD003292,PRD0032,37,206.97
OI0009801,ORD003292,PRD0088,31,54.55
OI0009802,ORD003292,PRD0106,32,22.39
OI0009803,ORD003292,PRD0115,9,102.09
OI0009804,ORD003293,PRD0044,27,142.63
OI0009805,ORD003293,PRD0032,34,206.97
OI0009806,ORD003293,PRD0077,25,121.36
OI0009807,ORD003293,PRD0110,40,237.89
OI0009808,ORD003294,PRD0004,26,27.44
OI0009809,ORD003294,PRD0006,7,140.22
OI0009810,ORD003294,PRD0084,27,40.42
OI0009811,ORD003294,PRD0090,19,72.4
OI0009812,ORD003294,PRD0039,12,41.02
OI0009813,ORD003295,PRD0106,20,22.39
OI0009814,ORD003295,PRD0116,8,227.68
OI0009815,ORD003295,PRD0085,9,63.68
OI0009816,ORD003295,PRD0056,32,107.05
OI0009817,ORD003295,PRD0069,10,54.19
OI0009818,ORD003296,PRD0147,30,123.59
OI0009819,ORD003296,PRD0116,19,227.68
OI0009820,ORD003297,PRD0065,29,120.88
OI0009821,ORD003297,PRD0087,21,40.72
OI0009822,ORD003297,PRD0029,28,203.27
OI0009823,ORD003298,PRD0093,20,66.58
OI0009824,ORD003299,PRD0047,6,157.02
OI0009825,ORD003299,PRD0075,36,173.74
OI0009826,ORD003299,PRD0136,23,5.82
OI0009827,ORD003299,PRD0140,38,180.3
OI0009828,ORD003299,PRD0036,34,191.05
OI0009829,ORD003300,PRD0120,33,91.06
OI0009830,ORD003300,PRD0055,13,122.67
OI0009831,ORD003300,PRD0062,31,239.86
OI0009832,ORD003300,PRD0146,19,116.28
OI0009833,ORD003300,PRD0018,29,211.58
OI0009834,ORD003301,PRD999,26,81.22
OI0009835,ORD003301,PRD0122,-15,18.49
OI0009836,ORD003301,PRD0004,23,27.44
OI0009837,ORD003301,PRD0014,15,23.8
OI0009838,ORD003301,PRD0059,3,201.86
OI0009839,ORD003302,PRD0106,6,22.39
OI0009840,ORD003302,PRD0144,5,190.91
OI0009841,ORD003303,PRD0083,37,19.93
OI0009842,ORD003303,PRD0132,12,115.18
OI0009843,ORD003304,PRD0063,33,139.58
OI0009844,ORD003304,PRD0139,8,18.24
OI0009845,ORD003305,PRD0146,24,116.28
OI0009846,ORD003305,PRD0112,16,160.95
OI0009847,ORD003305,PRD0123,2,236.61
OI0009848,ORD003306,PRD0128,2,123.35
OI0009849,ORD003306,PRD0048,11,221.86
OI0009850,ORD003306,PRD0033,37,49.71
OI0009851,ORD003306,PRD0066,11,106.81
OI0009852,ORD003306,PRD0049,15,178.36
OI0009853,ORD003307,PRD0047,33,157.02
OI0009854,ORD003308,PRD0124,4,45.26
OI0009855,ORD003308,PRD0047,1,157.02
OI0009856,ORD003308,PRD0131,24,31.12
OI0009857,ORD003309,PRD0138,8,105.95
OI0009858,ORD003309,PRD0070,40,225.75
OI0009859,ORD003310,PRD0137,14,60.23
OI0009860,ORD003310,PRD0041,1,74.92
OI0009861,ORD003310,PRD0111,25,83.5
OI0009862,ORD003310,PRD0087,16,40.72
OI0009863,ORD003311,PRD0051,12,24.49
OI0009864,ORD003312,PRD0043,21,154.31
OI0009865,ORD003313,PRD0041,34,74.92
OI0009866,ORD003313,PRD0085,22,63.68
OI0009867,ORD003313,PRD0081,4,47.37
OI0009868,ORD003313,PRD0038,26,222.91
OI0009869,ORD003313,PRD0128,26,123.35
OI0009870,ORD003314,PRD0096,6,78.52
OI0009871,ORD003314,PRD0137,28,60.23
OI0009872,ORD003314,PRD0065,35,120.88
OI0009873,ORD003314,PRD0063,7,139.58
OI0009874,ORD003314,PRD0007,40,82.58
OI0009875,ORD003315,PRD0044,12,142.63
OI0009876,ORD003315,PRD0144,33,190.91
OI0009877,ORD003316,PRD0025,3,79.83
OI0009878,ORD003316,PRD0051,29,24.49
OI0009879,ORD003317,PRD0086,30,218.7
OI0009880,ORD003318,PRD0012,-1,114.28
OI0009881,ORD003319,PRD999,28,120.01
OI0009882,ORD003319,PRD0061,10,123.38
OI0009883,ORD003319,PRD0001,12,115.82
OI0009884,ORD003320,PRD0117,4,90.73
OI0009885,ORD003320,PRD0048,29,221.86
OI0009886,ORD003321,PRD0149,24,233.51
OI0009887,ORD003321,PRD0034,20,69.78
OI0009888,ORD003321,PRD0079,33,153.34
OI0009889,ORD003321,PRD0024,5,87.52
OI0009890,ORD003322,PRD0130,27,40.15
OI0009891,ORD003322,PRD0025,24,79.83
OI0009892,ORD003322,PRD0133,40,216.9
OI0009893,ORD003322,PRD0018,16,211.58
OI0009894,ORD003323,PRD0147,39,123.59
OI0009895,ORD003323,PRD0015,18,31.62
OI0009896,ORD003324,PRD0063,27,139.58
OI0009897,ORD003325,PRD0087,28,40.72
OI0009898,ORD003326,PRD0073,15,68.46
OI0009899,ORD003326,PRD0003,7,72.4
OI0009900,ORD003327,PRD0071,24,189.96
OI0009901,ORD003327,PRD0120,9,91.06
OI0009902,ORD003327,PRD0076,11,28.95
OI0009903,ORD003328,PRD0143,9,205.5
OI0009904,ORD003328,PRD0017,19,191.07
OI0009905,ORD003328,PRD0138,31,105.95
OI0009906,ORD003328,PRD0118,11,113.75
OI0009907,ORD003329,PRD0014,12,23.8
OI0009908,ORD003330,PRD0039,24,41.02
OI0009909,ORD003330,PRD0027,13,38.21
OI0009910,ORD003331,PRD0087,3,40.72
OI0009911,ORD003331,PRD0075,28,173.74
OI0009912,ORD003332,PRD0054,37,58.91
OI0009913,ORD003332,PRD0097,2,166.76
OI0009914,ORD003332,PRD0063,20,139.58
OI0009915,ORD003332,PRD0087,38,40.72
OI0009916,ORD003333,PRD0094,2,30.93
OI0009917,ORD003333,PRD0146,36,116.28
OI0009918,ORD003333,PRD0107,6,140.4
OI0009919,ORD003333,PRD0023,12,138.23
OI0009920,ORD003333,PRD0001,4,115.82
OI0009921,ORD003334,PRD0012,-20,114.28
OI0009922,ORD003334,PRD0054,27,58.91
OI0009923,ORD003334,PRD0077,7,121.36
OI0009924,ORD003334,PRD0070,1,225.75
OI0009925,ORD003334,PRD0024,24,87.52
OI0009926,ORD003335,PRD0143,2,205.5
OI0009927,ORD003335,PRD0135,23,148.62
OI0009928,ORD003335,PRD0018,3,211.58
OI0009929,ORD003335,PRD0110,34,237.89
OI0009930,ORD003336,PRD0047,19,157.02
OI0009931,ORD003336,PRD0124,27,45.26
OI0009932,ORD003336,PRD0079,28,153.34
OI0009933,ORD003336,PRD0021,-17,92.86
OI0009934,ORD003337,PRD0106,12,22.39
OI0009935,ORD003337,PRD0025,20,79.83
OI0009936,ORD003337,PRD0008,22,87.17
OI0009937,ORD003337,PRD0038,31,222.91
OI0009938,ORD003338,PRD0100,13,36.13
OI0009939,ORD003338,PRD0150,13,124.38
OI0009940,ORD003338,PRD0138,2,105.95
OI0009941,ORD003338,PRD0048,31,221.86
OI0009942,ORD003339,PRD0044,14,142.63
OI0009943,ORD003340,PRD0104,14,165.96
OI0009944,ORD003341,PRD0047,1,157.02
OI0009945,ORD003341,PRD0009,22,38.6
OI0009946,ORD003341,PRD0126,30,35.6
OI0009947,ORD003341,PRD0120,10,91.06
OI0009948,ORD003341,PRD0140,2,180.3
OI0009949,ORD003342,PRD0070,11,225.75
OI0009950,ORD003342,PRD0038,8,222.91
OI0009951,ORD003342,PRD0057,22,163.07
OI0009952,ORD003342,PRD0103,8,124.22
OI0009953,ORD003343,PRD0030,15,101.78
OI0009954,ORD003343,PRD0065,34,120.88
OI0009955,ORD003344,PRD0128,16,123.35
OI0009956,ORD003345,PRD0134,17,26.01
OI0009957,ORD003346,PRD0060,33,47.82
OI0009958,ORD003346,PRD0117,23,90.73
OI0009959,ORD003346,PRD0092,24,57.63
OI0009960,ORD003346,PRD0002,32,172.3
OI0009961,ORD003346,PRD0006,3,140.22
OI0009962,ORD003347,PRD0049,29,178.36
OI0009963,ORD003348,PRD0106,7,22.39
OI0009964,ORD003348,PRD0018,2,211.58
OI0009965,ORD003348,PRD0134,19,26.01
OI0009966,ORD003349,PRD0146,11,116.28
OI0009967,ORD003349,PRD0027,12,38.21
OI0009968,ORD003349,PRD0038,11,222.91
OI0009969,ORD003350,PRD0096,19,78.52
OI0009970,ORD003350,PRD0051,28,24.49
OI0009971,ORD003350,PRD0123,27,236.61
OI0009972,ORD003350,PRD0022,18,35.83
OI0009973,ORD003351,PRD0126,16,35.6
OI0009974,ORD003352,PRD0031,34,30.67
OI0009975,ORD003352,PRD0022,5,35.83
OI0009976,ORD003352,PRD0065,38,120.88
OI0009977,ORD003352,PRD0040,34,179.3
OI0009978,ORD003352,PRD0042,35,34.49
OI0009979,ORD003353,PRD0069,18,54.19
OI0009980,ORD003353,PRD0037,39,226.8
OI0009981,ORD003354,PRD0006,18,140.22
OI0009982,ORD003355,PRD0039,12,41.02
OI0009983,ORD003355,PRD0102,32,215.21
OI0009984,ORD003356,PRD0148,2,127.25
OI0009985,ORD003356,PRD0123,9,236.61
OI0009986,ORD003357,PRD0125,13,149.25
OI0009987,ORD003357,PRD0049,-14,178.36
OI0009988,ORD003357,PRD0079,40,153.34
OI0009989,ORD003358,PRD0117,2,90.73
OI0009990,ORD003358,PRD0127,19,116.1
OI0009991,ORD003358,PRD0010,2,6.66
OI0009992,ORD003359,PRD0030,12,101.78
OI0009993,ORD003360,PRD0114,8,122.24
OI0009994,ORD003360,PRD0044,5,142.63
OI0009995,ORD003360,PRD0033,15,49.71
OI0009996,ORD003360,PRD0120,14,91.06
OI0009997,ORD003360,PRD000,30,118.43
OI0009998,ORD003361,PRD0090,25,72.4
OI0009999,ORD003361,PRD0101,28,119.36
OI0010000,ORD003361,PRD0070,11,225.75
OI0010001,ORD003361,PRD0091,31,175.98
OI0010002,ORD003361,PRD0143,30,205.5
OI0010003,ORD003362,PRD0118,1,113.75
OI0010004,ORD003362,PRD0002,10,172.3
OI0010005,ORD003362,PRD0108,1,29.96
OI0010006,ORD003362,PRD0080,-2,78.97
OI0010007,ORD003363,PRD0049,39,178.36
OI0010008,ORD003363,PRD0136,40,5.82
OI0010009,ORD003364,PRD0028,35,98.85
OI0010010,ORD003364,PRD0105,29,220.36
OI0010011,ORD003364,PRD0097,40,166.76
OI0010012,ORD003364,PRD0022,21,35.83
OI0010013,ORD003365,PRD0044,33,142.63
OI0010014,ORD003366,PRD0080,39,78.97
OI0010015,ORD003366,PRD0025,29,79.83
OI0010016,ORD003367,PRD0095,29,72.24
OI0010017,ORD003367,PRD0040,30,179.3
OI0010018,ORD003367,PRD0127,11,116.1
OI0010019,ORD003367,PRD0003,21,72.4
OI0010020,ORD003367,PRD0091,35,175.98
OI0010021,ORD003368,PRD0052,35,207.39
OI0010022,ORD003368,PRD0025,17,79.83
OI0010023,ORD003368,PRD0054,27,58.91
OI0010024,ORD003368,PRD0085,7,63.68
OI0010025,ORD003368,PRD0111,37,83.5
OI0010026,ORD003369,PRD0007,3,82.58
OI0010027,ORD003370,PRD0015,21,31.62
OI0010028,ORD003370,PRD0092,11,57.63
OI0010029,ORD003370,PRD0112,21,160.95
OI0010030,ORD003371,PRD0131,3,31.12
OI0010031,ORD003371,PRD0122,39,18.49
OI0010032,ORD003371,PRD0037,28,226.8
OI0010033,ORD003372,PRD0052,14,207.39
OI0010034,ORD003372,PRD0091,39,175.98
OI0010035,ORD003373,PRD0101,32,119.36
OI0010036,ORD003373,PRD0007,36,82.58
OI0010037,ORD003373,PRD0067,33,172.46
OI0010038,ORD003373,PRD0092,35,57.63
OI0010039,ORD003374,PRD0077,33,121.36
OI0010040,ORD003374,PRD0013,10,202.19
OI0010041,ORD003375,PRD0009,35,38.6
OI0010042,ORD003375,PRD0114,32,122.24
OI0010043,ORD003375,PRD0063,11,139.58
OI0010044,ORD003375,PRD0099,29,16.05
OI0010045,ORD003375,PRD0080,7,78.97
OI0010046,ORD003376,PRD0055,17,122.67
OI0010047,ORD003376,PRD0035,20,236.05
OI0010048,ORD003376,PRD0096,1,78.52
OI0010049,ORD003376,PRD0095,26,72.24
OI0010050,ORD003376,PRD0137,37,60.23
OI0010051,ORD003377,PRD0006,33,140.22
OI0010052,ORD003377,PRD0140,38,180.3
OI0010053,ORD003378,PRD0110,31,237.89
OI0010054,ORD003378,PRD0110,30,237.89
OI0010055,ORD003378,PRD0120,1,91.06
OI0010056,ORD003379,PRD0013,30,202.19
OI0010057,ORD003379,PRD0013,18,202.19
OI0010058,ORD003380,PRD0046,26,105.44
OI0010059,ORD003380,PRD0050,14,176.43
OI0010060,ORD003381,PRD0147,8,123.59
OI0010061,ORD003382,PRD0004,12,27.44
OI0010062,ORD003382,PRD0078,18,105.62
OI0010063,ORD003382,PRD0136,25,5.82
OI0010064,ORD003382,PRD0049,10,178.36
OI0010065,ORD003382,PRD0092,28,57.63
OI0010066,ORD003383,PRD0149,20,233.51
OI0010067,ORD003383,PRD0054,1,58.91
OI0010068,ORD003383,PRD0010,35,6.66
OI0010069,ORD003383,PRD0064,19,230.86
OI0010070,ORD003384,PRD0149,6,233.51
OI0010071,ORD003384,PRD0135,11,148.62
OI0010072,ORD003385,PRD0126,18,35.6
OI0010073,ORD003385,PRD0025,29,79.83
OI0010074,ORD003385,PRD0104,32,165.96
OI0010075,ORD003385,PRD000,20,225.9
OI0010076,ORD003385,PRD0058,37,182.31
OI0010077,ORD003386,PRD0057,30,163.07
OI0010078,ORD003386,PRD0138,19,105.95
OI0010079,ORD003386,PRD0001,3,115.82
OI0010080,ORD003387,PRD0054,32,58.91
OI0010081,ORD003387,PRD0082,16,109.81
OI0010082,ORD003387,PRD0080,12,78.97
OI0010083,ORD003387,PRD0065,35,120.88
OI0010084,ORD003388,PRD0019,33,188.65
OI0010085,ORD003388,PRD0075,17,173.74
OI0010086,ORD003388,PRD0040,33,179.3
OI0010087,ORD003389,PRD0062,12,239.86
OI0010088,ORD003389,PRD0065,13,120.88
OI0010089,ORD003390,PRD0068,12,29.13
OI0010090,ORD003390,PRD0103,21,124.22
OI0010091,ORD003390,PRD0048,3,221.86
OI0010092,ORD003390,PRD0130,4,40.15
OI0010093,ORD003390,PRD0034,16,69.78
OI0010094,ORD003391,PRD0072,30,230.67
OI0010095,ORD003391,PRD0121,11,231.51
OI0010096,ORD003391,PRD0027,7,38.21
OI0010097,ORD003391,PRD0079,38,153.34
OI0010098,ORD003392,PRD0100,32,36.13
OI0010099,ORD003392,PRD0064,-4,230.86
OI0010100,ORD003392,PRD0142,25,15.65
OI0010101,ORD003393,PRD0030,9,101.78
OI0010102,ORD003393,PRD0046,35,105.44
OI0010103,ORD003393,PRD0030,11,101.78
OI0010104,ORD003393,PRD0135,28,148.62
OI0010105,ORD003393,PRD0063,40,139.58
OI0010106,ORD003394,PRD0124,14,45.26
OI0010107,ORD003394,PRD0089,9,150.86
OI0010108,ORD003394,PRD0013,35,202.19
OI0010109,ORD003394,PRD0091,26,175.98
OI0010110,ORD003394,PRD0085,21,63.68
OI0010111,ORD003395,PRD0047,36,157.02
OI0010112,ORD003396,PRD0006,25,140.22
OI0010113,ORD003396,PRD0110,38,237.89
OI0010114,ORD003397,PRD0022,38,35.83
OI0010115,ORD003398,PRD0073,29,68.46
OI0010116,ORD003398,PRD0032,20,206.97
OI0010117,ORD003399,PRD0099,23,16.05
OI0010118,ORD003400,PRD0122,20,18.49
OI0010119,ORD003401,PRD0116,34,227.68
OI0010120,ORD003401,PRD0037,28,226.8
OI0010121,ORD003401,PRD0101,14,119.36
OI0010122,ORD003401,PRD0138,13,105.95
OI0010123,ORD003402,PRD0090,4,72.4
OI0010124,ORD003403,PRD0007,21,82.58
OI0010125,ORD003403,PRD0110,39,237.89
OI0010126,ORD003403,PRD0066,7,106.81
OI0010127,ORD003403,PRD0133,6,216.9
OI0010128,ORD003403,PRD0138,1,105.95
OI0010129,ORD003404,PRD0012,13,114.28
OI0010130,ORD003404,PRD0150,16,124.38
OI0010131,ORD003404,PRD0078,30,105.62
OI0010132,ORD003404,PRD0128,5,123.35
OI0010133,ORD003405,PRD0111,36,83.5
OI0010134,ORD003405,PRD0070,29,225.75
OI0010135,ORD003405,PRD0127,30,116.1
OI0010136,ORD003406,PRD0117,12,90.73
OI0010137,ORD003406,PRD0148,14,127.25
OI0010138,ORD003406,PRD0126,31,35.6
OI0010139,ORD003407,PRD0087,29,40.72
OI0010140,ORD003407,PRD0015,33,31.62
OI0010141,ORD003407,PRD0027,15,38.21
OI0010142,ORD003407,PRD0149,8,233.51
OI0010143,ORD003407,PRD000,22,146.27
OI0010144,ORD003408,PRD0085,16,63.68
OI0010145,ORD003408,PRD0037,26,226.8
OI0010146,ORD003408,PRD0104,34,165.96
OI0010147,ORD003408,PRD0080,4,78.97
OI0010148,ORD003408,PRD0121,4,231.51
OI0010149,ORD003409,PRD0040,29,179.3
OI0010150,ORD003410,PRD0139,34,18.24
OI0010151,ORD003410,PRD0123,10,236.61
OI0010152,ORD003410,PRD0127,16,116.1
OI0010153,ORD003411,PRD0089,29,150.86
OI0010154,ORD003411,PRD0085,19,63.68
OI0010155,ORD003411,PRD0113,40,176.91
OI0010156,ORD003411,PRD0058,-23,182.31
OI0010157,ORD003412,PRD0100,23,36.13
OI0010158,ORD003412,PRD0024,2,87.52
OI0010159,ORD003412,PRD9999,37,22.57
OI0010160,ORD003413,PRD0051,12,24.49
OI0010161,ORD003413,PRD0074,1,95.86
OI0010162,ORD003413,PRD0071,39,189.96
OI0010163,ORD003414,PRD0092,13,57.63
OI0010164,ORD003414,PRD0091,25,175.98
OI0010165,ORD003414,PRD0098,23,38.66
OI0010166,ORD003414,PRD0130,24,40.15
OI0010167,ORD003415,PRD0104,4,165.96
OI0010168,ORD003415,PRD0031,19,30.67
OI0010169,ORD003415,PRD0045,1,7.03
OI0010170,ORD003416,PRD0072,24,230.67
OI0010171,ORD003416,PRD0087,2,40.72
OI0010172,ORD003416,PRD0110,5,237.89
OI0010173,ORD003416,PRD0101,38,119.36
OI0010174,ORD003416,PRD0130,23,40.15
OI0010175,ORD003417,PRD0124,4,45.26
OI0010176,ORD003417,PRD0048,2,221.86
OI0010177,ORD003417,PRD0113,13,176.91
OI0010178,ORD003418,PRD0005,26,143.43
OI0010179,ORD003418,PRD0088,4,54.55
OI0010180,ORD003418,PRD0033,36,49.71
OI0010181,ORD003418,PRD0111,5,83.5
OI0010182,ORD003418,PRD0085,36,63.68
OI0010183,ORD003419,PRD0123,25,236.61
OI0010184,ORD003419,PRD0065,12,120.88
OI0010185,ORD003419,PRD0045,4,7.03
OI0010186,ORD003420,PRD0098,38,38.66
OI0010187,ORD003421,PRD0038,21,222.91
OI0010188,ORD003421,PRD0058,3,182.31
OI0010189,ORD003421,PRD0138,16,105.95
OI0010190,ORD003422,PRD0128,18,123.35
OI0010191,ORD003422,PRD0150,25,124.38
OI0010192,ORD003422,PRD0104,34,165.96
OI0010193,ORD003422,PRD0040,32,179.3
OI0010194,ORD003422,PRD0055,35,122.67
OI0010195,ORD003423,PRD0070,34,225.75
OI0010196,ORD003423,PRD0090,13,72.4
OI0010197,ORD003423,PRD0096,33,78.52
OI0010198,ORD003423,PRD0122,18,18.49
OI0010199,ORD003423,PRD0059,39,201.86
OI0010200,ORD003424,PRD0135,11,148.62
OI0010201,ORD003424,PRD0120,3,91.06
OI0010202,ORD003424,PRD0009,10,38.6
OI0010203,ORD003425,PRD0006,5,140.22
OI0010204,ORD003425,PRD0068,16,29.13
OI0010205,ORD003426,PRD0125,20,149.25
OI0010206,ORD003426,PRD0013,16,202.19
OI0010207,ORD003426,PRD0104,4,165.96
OI0010208,ORD003426,PRD0050,36,176.43
OI0010209,ORD003426,PRD0096,8,78.52
OI0010210,ORD003427,PRD0144,34,190.91
OI0010211,ORD003427,PRD0105,22,220.36
OI0010212,ORD003427,PRD0150,35,124.38
OI0010213,ORD003428,PRD0040,18,179.3
OI0010214,ORD003428,PRD0117,19,90.73
OI0010215,ORD003428,PRD0058,5,182.31
OI0010216,ORD003428,PRD0145,-20,92.02
OI0010217,ORD003428,PRD0021,22,92.86
OI0010218,ORD003429,PRD0121,11,231.51
OI0010219,ORD003429,PRD0070,2,225.75
OI0010220,ORD003429,PRD0036,7,191.05
OI0010221,ORD003429,PRD0133,30,216.9
OI0010222,ORD003429,PRD0099,4,16.05
OI0010223,ORD003430,PRD0090,24,72.4
OI0010224,ORD003430,PRD0062,35,239.86
OI0010225,ORD003431,PRD0041,6,74.92
OI0010226,ORD003431,PRD0014,4,23.8
OI0010227,ORD003431,PRD0100,25,36.13
OI0010228,ORD003431,PRD0069,34,54.19
OI0010229,ORD003432,PRD0096,8,78.52
OI0010230,ORD003432,PRD0138,12,105.95
OI0010231,ORD003433,PRD0131,14,31.12
OI0010232,ORD003433,PRD0129,8,171.21
OI0010233,ORD003433,PRD0059,19,201.86
OI0010234,ORD003433,PRD0113,25,176.91
OI0010235,ORD003434,PRD0031,4,30.67
OI0010236,ORD003434,PRD0001,7,115.82
OI0010237,ORD003434,PRD0143,27,205.5
OI0010238,ORD003434,PRD0100,25,36.13
OI0010239,ORD003435,PRD0076,17,28.95
OI0010240,ORD003435,PRD0031,9,30.67
OI0010241,ORD003435,PRD0131,6,31.12
OI0010242,ORD003435,PRD0141,8,106.53
OI0010243,ORD003436,PRD0039,39,41.02
OI0010244,ORD003436,PRD0017,21,191.07
OI0010245,ORD003436,PRD0080,17,78.97
OI0010246,ORD003437,PRD0081,1,47.37
OI0010247,ORD003437,PRD0107,24,140.4
OI0010248,ORD003437,PRD0084,8,40.42
OI0010249,ORD003438,PRD0068,24,29.13
OI0010250,ORD003438,PRD0064,39,230.86
OI0010251,ORD003438,PRD0019,20,188.65
OI0010252,ORD003439,PRD0079,26,153.34
OI0010253,ORD003439,PRD0061,6,123.38
OI0010254,ORD003440,PRD0043,39,154.31
OI0010255,ORD003441,PRD9999,37,28.87
OI0010256,ORD003441,PRD0069,27,54.19
OI0010257,ORD003441,PRD0041,18,74.92
OI0010258,ORD003442,PRD0063,18,139.58
OI0010259,ORD003442,PRD0052,29,207.39
OI0010260,ORD003442,PRD0047,9,157.02
OI0010261,ORD003442,PRD0128,4,123.35
OI0010262,ORD003442,PRD0017,15,191.07
OI0010263,ORD003443,PRD0049,6,178.36
OI0010264,ORD003444,PRD0106,11,22.39
OI0010265,ORD003444,PRD0066,35,106.81
OI0010266,ORD003444,PRD0062,15,239.86
OI0010267,ORD003444,PRD0124,3,45.26
OI0010268,ORD003444,PRD0132,12,115.18
OI0010269,ORD003445,PRD0047,20,157.02
OI0010270,ORD003445,PRD0093,12,66.58
OI0010271,ORD003445,PRD0017,5,191.07
OI0010272,ORD003445,PRD0051,5,24.49
OI0010273,ORD003445,PRD0064,2,230.86
OI0010274,ORD003446,PRD0122,13,18.49
OI0010275,ORD003446,PRD0149,6,233.51
OI0010276,ORD003447,PRD0087,29,40.72
OI0010277,ORD003447,PRD0126,39,35.6
OI0010278,ORD003447,PRD0103,4,124.22
OI0010279,ORD003448,PRD0075,3,173.74
OI0010280,ORD003448,PRD0047,26,157.02
OI0010281,ORD003448,PRD0016,14,191.36
OI0010282,ORD003449,PRD0052,3,207.39
OI0010283,ORD003449,PRD9999,13,28.11
OI0010284,ORD003450,PRD0013,3,202.19
OI0010285,ORD003450,PRD0070,34,225.75
OI0010286,ORD003451,PRD0124,38,45.26
OI0010287,ORD003451,PRD0034,14,69.78
OI0010288,ORD003451,PRD0009,3,38.6
OI0010289,ORD003451,PRD0042,2,34.49
OI0010290,ORD003451,PRD0106,38,22.39
OI0010291,ORD003452,PRD0054,24,58.91
OI0010292,ORD003452,PRD0104,17,165.96
OI0010293,ORD003453,PRD0091,9,175.98
OI0010294,ORD003453,PRD0036,37,191.05
OI0010295,ORD003453,PRD0136,28,5.82
OI0010296,ORD003453,PRD0095,2,72.24
OI0010297,ORD003453,PRD0069,28,54.19
OI0010298,ORD003454,PRD0077,26,121.36
OI0010299,ORD003454,PRD0002,26,172.3
OI0010300,ORD003454,PRD0105,10,220.36
OI0010301,ORD003454,PRD0142,2,15.65
OI0010302,ORD003455,PRD0025,30,79.83
OI0010303,ORD003455,PRD0079,37,153.34
OI0010304,ORD003455,PRD0092,9,57.63
OI0010305,ORD003455,PRD0086,17,218.7
OI0010306,ORD003456,PRD0134,10,26.01
OI0010307,ORD003457,PRD0095,30,72.24
OI0010308,ORD003458,PRD0089,23,150.86
OI0010309,ORD003458,PRD0064,30,230.86
OI0010310,ORD003458,PRD0051,10,24.49
OI0010311,ORD003458,PRD0017,30,191.07
OI0010312,ORD003458,PRD0101,29,119.36
OI0010313,ORD003459,PRD0075,27,173.74
OI0010314,ORD003459,PRD0130,30,40.15
OI0010315,ORD003459,PRD0144,3,190.91
OI0010316,ORD003459,PRD0031,30,30.67
OI0010317,ORD003460,PRD0012,4,114.28
OI0010318,ORD003460,PRD0015,13,31.62
OI0010319,ORD003460,PRD0139,17,18.24
OI0010320,ORD003460,PRD0120,40,91.06
OI0010321,ORD003461,PRD0091,-26,175.98
OI0010322,ORD003461,PRD0064,22,230.86
OI0010323,ORD003461,PRD0084,20,40.42
OI0010324,ORD003461,PRD0144,37,190.91
OI0010325,ORD003461,PRD0121,12,231.51
OI0010326,ORD003462,PRD0032,13,206.97
OI0010327,ORD003462,PRD0111,23,83.5
OI0010328,ORD003462,PRD0014,32,23.8
OI0010329,ORD003462,PRD0061,23,123.38
OI0010330,ORD003463,PRD0123,15,236.61
OI0010331,ORD003463,PRD0150,40,124.38
OI0010332,ORD003463,PRD0046,9,105.44
OI0010333,ORD003463,PRD0080,1,78.97
OI0010334,ORD003464,PRD000,37,228.98
OI0010335,ORD003464,PRD0080,30,78.97
OI0010336,ORD003464,PRD0076,35,28.95
OI0010337,ORD003464,PRD0052,37,207.39
OI0010338,ORD003464,PRD0037,25,226.8
OI0010339,ORD003465,PRD0044,36,142.63
OI0010340,ORD003465,PRD0112,35,160.95
OI0010341,ORD003465,PRD0085,33,63.68
OI0010342,ORD003465,PRD0144,7,190.91
OI0010343,ORD003465,PRD0136,15,5.82
OI0010344,ORD003466,PRD0087,30,40.72
OI0010345,ORD003466,PRD0129,18,171.21
OI0010346,ORD003466,PRD0104,22,165.96
OI0010347,ORD003466,PRD0094,19,30.93
OI0010348,ORD003467,PRD0089,-22,150.86
OI0010349,ORD003467,PRD0112,7,160.95
OI0010350,ORD003467,PRD0078,35,105.62
OI0010351,ORD003467,PRD0041,5,74.92
OI0010352,ORD003468,PRD0058,3,182.31
OI0010353,ORD003468,PRD0054,15,58.91
OI0010354,ORD003468,PRD0124,7,45.26
OI0010355,ORD003469,PRD0004,35,27.44
OI0010356,ORD003469,PRD0053,15,122.42
OI0010357,ORD003469,PRD0068,33,29.13
OI0010358,ORD003470,PRD0007,8,82.58
OI0010359,ORD003470,PRD0088,17,54.55
OI0010360,ORD003471,PRD0025,30,79.83
OI0010361,ORD003471,PRD0065,10,120.88
OI0010362,ORD003471,PRD0102,4,215.21
OI0010363,ORD003472,PRD0061,31,123.38
OI0010364,ORD003473,PRD0144,6,190.91
OI0010365,ORD003473,PRD0121,27,231.51
OI0010366,ORD003473,PRD0078,28,105.62
OI0010367,ORD003473,PRD0028,12,98.85
OI0010368,ORD003474,PRD0113,31,176.91
OI0010369,ORD003474,PRD0102,15,215.21
OI0010370,ORD003474,PRD0033,37,49.71
OI0010371,ORD003474,PRD0113,12,176.91
OI0010372,ORD003475,PRD0086,7,218.7
OI0010373,ORD003475,PRD0004,29,27.44
OI0010374,ORD003475,PRD0107,31,140.4
OI0010375,ORD003475,PRD0131,18,31.12
OI0010376,ORD003476,PRD0109,14,119.42
OI0010377,ORD003477,PRD0022,27,35.83
OI0010378,ORD003477,PRD0130,28,40.15
OI0010379,ORD003477,PRD0145,8,92.02
OI0010380,ORD003478,PRD0006,7,140.22
OI0010381,ORD003478,PRD0077,36,121.36
OI0010382,ORD003478,PRD0136,15,5.82
OI0010383,ORD003478,PRD0063,3,139.58
OI0010384,ORD003478,PRD0028,25,98.85
OI0010385,ORD003479,PRD0139,27,18.24
OI0010386,ORD003480,PRD0149,36,233.51
OI0010387,ORD003480,PRD0032,8,206.97
OI0010388,ORD003480,PRD0064,14,230.86
OI0010389,ORD003480,PRD0018,39,211.58
OI0010390,ORD003480,PRD0078,20,105.62
OI0010391,ORD003481,PRD0100,6,36.13
OI0010392,ORD003482,PRD0098,34,38.66
OI0010393,ORD003482,PRD0003,7,72.4
OI0010394,ORD003483,PRD0064,28,230.86
OI0010395,ORD003483,PRD0120,30,91.06
OI0010396,ORD003483,PRD0149,-28,233.51
OI0010397,ORD003483,PRD0045,11,7.03
OI0010398,ORD003483,PRD0042,40,34.49
OI0010399,ORD003484,PRD999,30,114.85
OI0010400,ORD003484,PRD0055,8,122.67
OI0010401,ORD003484,PRD0057,27,163.07
OI0010402,ORD003484,PRD0145,35,92.02
OI0010403,ORD003484,PRD0075,40,173.74
OI0010404,ORD003485,PRD0132,12,115.18
OI0010405,ORD003485,PRD0043,29,154.31
OI0010406,ORD003485,PRD0088,35,54.55
OI0010407,ORD003485,PRD0074,3,95.86
OI0010408,ORD003485,PRD0118,39,113.75
OI0010409,ORD003486,PRD0062,10,239.86
OI0010410,ORD003486,PRD0144,2,190.91
OI0010411,ORD003486,PRD0081,5,47.37
OI0010412,ORD003487,PRD0104,16,165.96
OI0010413,ORD003487,PRD0139,21,18.24
OI0010414,ORD003487,PRD0104,21,165.96
OI0010415,ORD003487,PRD0146,20,116.28
OI0010416,ORD003488,PRD0134,3,26.01
OI0010417,ORD003488,PRD0141,31,106.53
OI0010418,ORD003489,PRD0119,18,39.29
OI0010419,ORD003489,PRD0084,12,40.42
OI0010420,ORD003489,PRD0122,8,18.49
OI0010421,ORD003489,PRD0113,11,176.91
OI0010422,ORD003490,PRD0045,37,7.03
OI0010423,ORD003490,PRD0003,33,72.4
OI0010424,ORD003490,PRD0054,40,58.91
OI0010425,ORD003490,PRD0018,16,211.58
OI0010426,ORD003491,PRD0087,17,40.72
OI0010427,ORD003491,PRD0037,29,226.8
OI0010428,ORD003491,PRD0047,33,157.02
OI0010429,ORD003491,PRD0089,13,150.86
OI0010430,ORD003492,PRD0096,15,78.52
OI0010431,ORD003492,PRD0016,8,191.36
OI0010432,ORD003492,PRD0076,36,28.95
OI0010433,ORD003493,PRD0050,36,176.43
OI0010434,ORD003493,PRD0084,28,40.42
OI0010435,ORD003493,PRD0032,3,206.97
OI0010436,ORD003493,PRD0045,8,7.03
OI0010437,ORD003493,PRD0112,23,160.95
OI0010438,ORD003494,PRD0113,40,176.91
OI0010439,ORD003495,PRD0121,35,231.51
OI0010440,ORD003495,PRD0084,40,40.42
OI0010441,ORD003495,PRD0046,40,105.44
OI0010442,ORD003495,PRD0039,32,41.02
OI0010443,ORD003495,PRD0103,21,124.22
OI0010444,ORD003496,PRD0026,16,173.51
OI0010445,ORD003496,PRD0113,26,176.91
OI0010446,ORD003496,PRD0004,12,27.44
OI0010447,ORD003497,PRD0023,38,138.23
OI0010448,ORD003497,PRD0002,12,172.3
OI0010449,ORD003497,PRD0001,24,115.82
OI0010450,ORD003497,PRD0047,28,157.02
OI0010451,ORD003497,PRD0080,23,78.97
OI0010452,ORD003498,PRD0073,21,68.46
OI0010453,ORD003498,PRD0110,12,237.89
OI0010454,ORD003498,PRD0068,16,29.13
OI0010455,ORD003498,PRD0123,18,236.61
OI0010456,ORD003499,PRD0095,22,72.24
OI0010457,ORD003499,PRD0069,36,54.19
OI0010458,ORD003499,PRD0002,14,172.3
OI0010459,ORD003499,PRD0135,17,148.62
OI0010460,ORD003499,PRD0125,13,149.25
OI0010461,ORD003500,PRD0114,28,122.24
OI0010462,ORD003500,PRD0050,13,176.43
OI0010463,ORD003500,PRD0083,12,19.93
OI0010464,ORD003500,PRD0002,32,172.3
OI0010465,ORD003501,PRD0088,31,54.55
OI0010466,ORD003501,PRD0131,2,31.12
OI0010467,ORD003501,PRD0071,2,189.96
OI0010468,ORD003501,PRD0042,4,34.49
OI0010469,ORD003502,PRD0024,13,87.52
OI0010470,ORD003502,PRD0128,7,123.35
OI0010471,ORD003502,PRD0105,18,220.36
OI0010472,ORD003502,PRD0071,7,189.96
OI0010473,ORD003503,PRD0145,23,92.02
OI0010474,ORD003503,PRD0088,5,54.55
OI0010475,ORD003503,PRD0115,7,102.09
OI0010476,ORD003504,PRD0039,12,41.02
OI0010477,ORD003505,PRD0057,27,163.07
OI0010478,ORD003505,PRD0066,24,106.81
OI0010479,ORD003505,PRD0105,18,220.36
OI0010480,ORD003506,PRD0110,14,237.89
OI0010481,ORD003507,PRD0150,24,124.38
OI0010482,ORD003507,PRD0007,27,82.58
OI0010483,ORD003507,PRD0090,1,72.4
OI0010484,ORD003508,PRD0062,25,239.86
OI0010485,ORD003508,PRD0051,16,24.49
OI0010486,ORD003508,PRD0075,11,173.74
OI0010487,ORD003508,PRD0147,11,123.59
OI0010488,ORD003509,PRD0094,34,30.93
OI0010489,ORD003509,PRD0079,38,153.34
OI0010490,ORD003510,PRD0075,19,173.74
OI0010491,ORD003510,PRD0075,4,173.74
OI0010492,ORD003511,PRD0095,12,72.24
OI0010493,ORD003511,PRD0051,27,24.49
OI0010494,ORD003511,PRD0139,19,18.24
OI0010495,ORD003511,PRD0006,17,140.22
OI0010496,ORD003512,PRD000,22,210.6
OI0010497,ORD003512,PRD0067,20,172.46
OI0010498,ORD003512,PRD0082,30,109.81
OI0010499,ORD003513,PRD0076,37,28.95
OI0010500,ORD003513,PRD0062,38,239.86
OI0010501,ORD003513,PRD0101,31,119.36
OI0010502,ORD003513,PRD0053,20,122.42
OI0010503,ORD003513,PRD0116,13,227.68
OI0010504,ORD003514,PRD0144,29,190.91
OI0010505,ORD003514,PRD0059,36,201.86
OI0010506,ORD003514,PRD0039,22,41.02
OI0010507,ORD003514,PRD0080,36,78.97
OI0010508,ORD003514,PRD0097,22,166.76
OI0010509,ORD003515,PRD0096,26,78.52
OI0010510,ORD003516,PRD0023,32,138.23
OI0010511,ORD003516,PRD0124,28,45.26
OI0010512,ORD003516,PRD0077,10,121.36
OI0010513,ORD003516,PRD0068,15,29.13
OI0010514,ORD003517,PRD0091,30,175.98
OI0010515,ORD003517,PRD0094,16,30.93
OI0010516,ORD003518,PRD0134,26,26.01
OI0010517,ORD003518,PRD0147,10,123.59
OI0010518,ORD003518,PRD0018,17,211.58
OI0010519,ORD003518,PRD0140,13,180.3
OI0010520,ORD003519,PRD0010,40,6.66
OI0010521,ORD003519,PRD0084,27,40.42
OI0010522,ORD003519,PRD0088,32,54.55
OI0010523,ORD003520,PRD0117,37,90.73
OI0010524,ORD003521,PRD0004,40,27.44
OI0010525,ORD003521,PRD0137,22,60.23
OI0010526,ORD003521,PRD0025,12,79.83
OI0010527,ORD003521,PRD0115,37,102.09
OI0010528,ORD003521,PRD0120,29,91.06
OI0010529,ORD003522,PRD0144,8,190.91
OI0010530,ORD003522,PRD000,35,158.45
OI0010531,ORD003522,PRD0149,33,233.51
OI0010532,ORD003522,PRD0089,10,150.86
OI0010533,ORD003522,PRD0101,16,119.36
OI0010534,ORD003523,PRD0097,39,166.76
OI0010535,ORD003523,PRD0082,19,109.81
OI0010536,ORD003523,PRD0064,26,230.86
OI0010537,ORD003523,PRD0064,32,230.86
OI0010538,ORD003524,PRD0056,29,107.05
OI0010539,ORD003524,PRD0106,36,22.39
OI0010540,ORD003524,PRD0026,25,173.51
OI0010541,ORD003524,PRD0125,13,149.25
OI0010542,ORD003524,PRD0096,22,78.52
OI0010543,ORD003525,PRD0049,38,178.36
OI0010544,ORD003525,PRD0135,31,148.62
OI0010545,ORD003525,PRD0107,25,140.4
OI0010546,ORD003525,PRD0111,35,83.5
OI0010547,ORD003525,PRD0008,-16,87.17
OI0010548,ORD003526,PRD0007,18,82.58
OI0010549,ORD003526,PRD0139,12,18.24
OI0010550,ORD003526,PRD0119,25,39.29
OI0010551,ORD003526,PRD0085,2,63.68
OI0010552,ORD003526,PRD0042,26,34.49
OI0010553,ORD003527,PRD0060,9,47.82
OI0010554,ORD003527,PRD0008,36,87.17
OI0010555,ORD003527,PRD0017,2,191.07
OI0010556,ORD003527,PRD0064,25,230.86
OI0010557,ORD003527,PRD0068,17,29.13
OI0010558,ORD003528,PRD0072,16,230.67
OI0010559,ORD003528,PRD0098,16,38.66
OI0010560,ORD003528,PRD0077,13,121.36
OI0010561,ORD003528,PRD0107,26,140.4
OI0010562,ORD003528,PRD0066,19,106.81
OI0010563,ORD003529,PRD0028,10,98.85
OI0010564,ORD003529,PRD0097,11,166.76
OI0010565,ORD003529,PRD0103,12,124.22
OI0010566,ORD003530,PRD0053,39,122.42
OI0010567,ORD003530,PRD0109,12,119.42
OI0010568,ORD003530,PRD0104,21,165.96
OI0010569,ORD003530,PRD0084,8,40.42
OI0010570,ORD003530,PRD0089,22,150.86
OI0010571,ORD003531,PRD0010,10,6.66
OI0010572,ORD003531,PRD0033,37,49.71
OI0010573,ORD003531,PRD0101,5,119.36
OI0010574,ORD003531,PRD0139,29,18.24
OI0010575,ORD003531,PRD0020,12,7.41
OI0010576,ORD003532,PRD0061,23,123.38
OI0010577,ORD003532,PRD0080,23,78.97
OI0010578,ORD003533,PRD0097,3,166.76
OI0010579,ORD003533,PRD0120,19,91.06
OI0010580,ORD003534,PRD0034,20,69.78
OI0010581,ORD003534,PRD0021,33,92.86
OI0010582,ORD003535,PRD0004,8,27.44
OI0010583,ORD003536,PRD000,18,115.18
OI0010584,ORD003536,PRD0090,15,72.4
OI0010585,ORD003537,PRD0006,34,140.22
OI0010586,ORD003537,PRD0083,25,19.93
OI0010587,ORD003537,PRD0127,32,116.1
OI0010588,ORD003537,PRD0081,24,47.37
OI0010589,ORD003538,PRD0080,8,78.97
OI0010590,ORD003538,PRD0026,40,173.51
OI0010591,ORD003538,PRD0022,23,35.83
OI0010592,ORD003538,PRD0146,19,116.28
OI0010593,ORD003538,PRD0051,14,24.49
OI0010594,ORD003539,PRD0005,40,143.43
OI0010595,ORD003539,PRD0066,11,106.81
OI0010596,ORD003539,PRD0097,26,166.76
OI0010597,ORD003539,PRD0008,1,87.17
OI0010598,ORD003539,PRD0078,4,105.62
OI0010599,ORD003540,PRD0132,23,115.18
OI0010600,ORD003540,PRD0089,39,150.86
OI0010601,ORD003540,PRD0010,10,6.66
OI0010602,ORD003540,PRD0075,28,173.74
OI0010603,ORD003541,PRD0117,26,90.73
OI0010604,ORD003541,PRD0085,14,63.68
OI0010605,ORD003541,PRD0077,21,121.36
OI0010606,ORD003541,PRD0069,13,54.19
OI0010607,ORD003542,PRD0027,30,38.21
OI0010608,ORD003542,PRD0077,21,121.36
OI0010609,ORD003542,PRD0101,23,119.36
OI0010610,ORD003543,PRD0012,34,114.28
OI0010611,ORD003543,PRD0111,37,83.5
OI0010612,ORD003543,PRD0149,22,233.51
OI0010613,ORD003543,PRD0021,20,92.86
OI0010614,ORD003543,PRD0114,26,122.24
OI0010615,ORD003544,PRD0014,16,23.8
OI0010616,ORD003544,PRD0026,23,173.51
OI0010617,ORD003544,PRD0098,9,38.66
OI0010618,ORD003545,PRD0081,10,47.37
OI0010619,ORD003545,PRD0017,25,191.07
OI0010620,ORD003545,PRD0128,37,123.35
OI0010621,ORD003545,PRD0073,29,68.46
OI0010622,ORD003546,PRD0012,2,114.28
OI0010623,ORD003547,PRD0023,29,138.23
OI0010624,ORD003548,PRD0041,38,74.92
OI0010625,ORD003548,PRD000,24,21.44
OI0010626,ORD003548,PRD000,4,186.05
OI0010627,ORD003549,PRD0045,14,7.03
OI0010628,ORD003549,PRD0144,10,190.91
OI0010629,ORD003549,PRD0070,29,225.75
OI0010630,ORD003550,PRD0131,37,31.12
OI0010631,ORD003550,PRD0019,2,188.65
OI0010632,ORD003550,PRD0083,34,19.93
OI0010633,ORD003550,PRD0132,16,115.18
OI0010634,ORD003550,PRD0073,11,68.46
OI0010635,ORD003551,PRD0127,29,116.1
OI0010636,ORD003551,PRD0062,-32,239.86
OI0010637,ORD003551,PRD0022,24,35.83
OI0010638,ORD003551,PRD0074,11,95.86
OI0010639,ORD003552,PRD0045,26,7.03
OI0010640,ORD003552,PRD0086,5,218.7
OI0010641,ORD003552,PRD0107,23,140.4
OI0010642,ORD003552,PRD0061,23,123.38
OI0010643,ORD003552,PRD0053,25,122.42
OI0010644,ORD003553,PRD0084,30,40.42
OI0010645,ORD003553,PRD0059,9,201.86
OI0010646,ORD003553,PRD0002,31,172.3
OI0010647,ORD003554,PRD0099,14,16.05
OI0010648,ORD003554,PRD0016,14,191.36
OI0010649,ORD003554,PRD0067,34,172.46
OI0010650,ORD003554,PRD0042,37,34.49
OI0010651,ORD003554,PRD0026,13,173.51
OI0010652,ORD003555,PRD0095,23,72.24
OI0010653,ORD003555,PRD0138,17,105.95
OI0010654,ORD003556,PRD0090,28,72.4
OI0010655,ORD003557,PRD0015,39,31.62
OI0010656,ORD003557,PRD0039,18,41.02
OI0010657,ORD003558,PRD0057,17,163.07
OI0010658,ORD003558,PRD0064,3,230.86
OI0010659,ORD003558,PRD0062,29,239.86
OI0010660,ORD003559,PRD0139,7,18.24
OI0010661,ORD003559,PRD0149,32,233.51
OI0010662,ORD003560,PRD0070,35,225.75
OI0010663,ORD003560,PRD0117,15,90.73
OI0010664,ORD003560,PRD0101,18,119.36
OI0010665,ORD003560,PRD0009,22,38.6
OI0010666,ORD003560,PRD0040,14,179.3
OI0010667,ORD003561,PRD0149,37,233.51
OI0010668,ORD003561,PRD0098,4,38.66
OI0010669,ORD003562,PRD0036,2,191.05
OI0010670,ORD003562,PRD0117,39,90.73
OI0010671,ORD003562,PRD0140,39,180.3
OI0010672,ORD003562,PRD0097,26,166.76
OI0010673,ORD003562,PRD0089,13,150.86
OI0010674,ORD003563,PRD0088,14,54.55
OI0010675,ORD003563,PRD0010,24,6.66
OI0010676,ORD003564,PRD0064,16,230.86
OI0010677,ORD003564,PRD0038,2,222.91
OI0010678,ORD003564,PRD0132,2,115.18
OI0010679,ORD003564,PRD0113,24,176.91
OI0010680,ORD003564,PRD0006,26,140.22
OI0010681,ORD003565,PRD0098,29,38.66
OI0010682,ORD003566,PRD0125,22,149.25
OI0010683,ORD003566,PRD0016,27,191.36
OI0010684,ORD003567,PRD0077,30,121.36
OI0010685,ORD003567,PRD0098,36,38.66
OI0010686,ORD003567,PRD0121,6,231.51
OI0010687,ORD003567,PRD0128,27,123.35
OI0010688,ORD003567,PRD0079,39,153.34
OI0010689,ORD003568,PRD0129,6,171.21
OI0010690,ORD003568,PRD0113,6,176.91
OI0010691,ORD003568,PRD0134,15,26.01
OI0010692,ORD003568,PRD0090,7,72.4
OI0010693,ORD003569,PRD0078,12,105.62
OI0010694,ORD003569,PRD0125,10,149.25
OI0010695,ORD003569,PRD0009,13,38.6
OI0010696,ORD003569,PRD0128,21,123.35
OI0010697,ORD003570,PRD0074,29,95.86
OI0010698,ORD003571,PRD0035,20,236.05
OI0010699,ORD003571,PRD0065,18,120.88
OI0010700,ORD003571,PRD0056,10,107.05
OI0010701,ORD003572,PRD0109,10,119.42
OI0010702,ORD003572,PRD0004,17,27.44
OI0010703,ORD003572,PRD0019,9,188.65
OI0010704,ORD003572,PRD0087,35,40.72
OI0010705,ORD003572,PRD0055,35,122.67
OI0010706,ORD003573,PRD0081,21,47.37
OI0010707,ORD003574,PRD0118,40,113.75
OI0010708,ORD003574,PRD0132,1,115.18
OI0010709,ORD003574,PRD0030,8,101.78
OI0010710,ORD003574,PRD0102,25,215.21
OI0010711,ORD003574,PRD0078,37,105.62
OI0010712,ORD003575,PRD0111,19,83.5
OI0010713,ORD003575,PRD0145,21,92.02
OI0010714,ORD003575,PRD0029,27,203.27
OI0010715,ORD003576,PRD0025,22,79.83
OI0010716,ORD003576,PRD0096,29,78.52
OI0010717,ORD003576,PRD0030,18,101.78
OI0010718,ORD003576,PRD0047,27,157.02
OI0010719,ORD003576,PRD0144,2,190.91
OI0010720,ORD003577,PRD0026,34,173.51
OI0010721,ORD003577,PRD0118,-3,113.75
OI0010722,ORD003577,PRD0049,25,178.36
OI0010723,ORD003577,PRD0046,24,105.44
OI0010724,ORD003577,PRD0131,7,31.12
OI0010725,ORD003578,PRD0091,6,175.98
OI0010726,ORD003578,PRD0035,34,236.05
OI0010727,ORD003578,PRD0123,11,236.61
OI0010728,ORD003578,PRD0081,8,47.37
OI0010729,ORD003578,PRD0004,1,27.44
OI0010730,ORD003579,PRD0147,8,123.59
OI0010731,ORD003579,PRD0122,29,18.49
OI0010732,ORD003579,PRD0112,34,160.95
OI0010733,ORD003580,PRD0055,12,122.67
OI0010734,ORD003580,PRD0020,3,7.41
OI0010735,ORD003580,PRD0114,32,122.24
OI0010736,ORD003580,PRD0079,9,153.34
OI0010737,ORD003580,PRD0007,39,82.58
OI0010738,ORD003581,PRD0023,26,138.23
OI0010739,ORD003582,PRD0136,38,5.82
OI0010740,ORD003582,PRD0055,20,122.67
OI0010741,ORD003582,PRD0084,23,40.42
OI0010742,ORD003582,PRD0050,13,176.43
OI0010743,ORD003583,PRD0043,16,154.31
OI0010744,ORD003583,PRD0096,34,78.52
OI0010745,ORD003584,PRD0124,11,45.26
OI0010746,ORD003584,PRD0012,35,114.28
OI0010747,ORD003584,PRD0020,-29,7.41
OI0010748,ORD003584,PRD0011,35,190.23
OI0010749,ORD003584,PRD0056,30,107.05
OI0010750,ORD003585,PRD0081,1,47.37
OI0010751,ORD003586,PRD0149,8,233.51
OI0010752,ORD003587,PRD0141,12,106.53
OI0010753,ORD003587,PRD0043,6,154.31
OI0010754,ORD003587,PRD0069,15,54.19
OI0010755,ORD003587,PRD0039,7,41.02
OI0010756,ORD003587,PRD0013,3,202.19
OI0010757,ORD003588,PRD0061,29,123.38
OI0010758,ORD003588,PRD0108,10,29.96
OI0010759,ORD003588,PRD0140,26,180.3
OI0010760,ORD003589,PRD0134,34,26.01
OI0010761,ORD003590,PRD0032,15,206.97
OI0010762,ORD003590,PRD0106,25,22.39
OI0010763,ORD003590,PRD0092,28,57.63
OI0010764,ORD003590,PRD0088,13,54.55
OI0010765,ORD003591,PRD0134,6,26.01
OI0010766,ORD003591,PRD0061,-23,123.38
OI0010767,ORD003591,PRD0075,25,173.74
OI0010768,ORD003592,PRD0116,6,227.68
OI0010769,ORD003592,PRD0122,10,18.49
OI0010770,ORD003592,PRD0095,19,72.24
OI0010771,ORD003592,PRD0059,22,201.86
OI0010772,ORD003593,PRD0004,28,27.44
OI0010773,ORD003594,PRD0009,14,38.6
OI0010774,ORD003594,PRD0082,21,109.81
OI0010775,ORD003594,PRD0140,35,180.3
OI0010776,ORD003595,PRD0148,8,127.25
OI0010777,ORD003595,PRD0024,8,87.52
OI0010778,ORD003595,PRD0073,20,68.46
OI0010779,ORD003595,PRD0143,31,205.5
OI0010780,ORD003596,PRD0008,23,87.17
OI0010781,ORD003596,PRD0110,16,237.89
OI0010782,ORD003596,PRD0127,39,116.1
OI0010783,ORD003596,PRD0021,17,92.86
OI0010784,ORD003597,PRD0075,12,173.74
OI0010785,ORD003597,PRD0082,40,109.81
OI0010786,ORD003597,PRD0066,37,106.81
OI0010787,ORD003597,PRD0113,32,176.91
OI0010788,ORD003597,PRD0091,5,175.98
OI0010789,ORD003598,PRD0050,-12,176.43
OI0010790,ORD003599,PRD0130,22,40.15
OI0010791,ORD003599,PRD0119,9,39.29
OI0010792,ORD003599,PRD0095,7,72.24
OI0010793,ORD003600,PRD0131,26,31.12
OI0010794,ORD003600,PRD0001,19,115.82
OI0010795,ORD003600,PRD0057,7,163.07
OI0010796,ORD003600,PRD0014,38,23.8
OI0010797,ORD003600,PRD0109,30,119.42
OI0010798,ORD003601,PRD0001,39,115.82
OI0010799,ORD003601,PRD0038,2,222.91
OI0010800,ORD003601,PRD0052,18,207.39
OI0010801,ORD003601,PRD0047,17,157.02
OI0010802,ORD003601,PRD0001,38,115.82
OI0010803,ORD003602,PRD0041,23,74.92
OI0010804,ORD003603,PRD0037,1,226.8
OI0010805,ORD003603,PRD0142,1,15.65
OI0010806,ORD003604,PRD0028,32,98.85
OI0010807,ORD003604,PRD0076,34,28.95
OI0010808,ORD003604,PRD0036,15,191.05
OI0010809,ORD003604,PRD0142,14,15.65
OI0010810,ORD003605,PRD0010,1,6.66
OI0010811,ORD003605,PRD000,17,236.1
OI0010812,ORD003606,PRD0120,20,91.06
OI0010813,ORD003606,PRD0118,5,113.75
OI0010814,ORD003607,PRD0043,18,154.31
OI0010815,ORD003608,PRD0001,12,115.82
OI0010816,ORD003609,PRD0082,2,109.81
OI0010817,ORD003609,PRD0052,9,207.39
OI0010818,ORD003609,PRD0119,9,39.29
OI0010819,ORD003610,PRD0038,26,222.91
OI0010820,ORD003610,PRD0109,23,119.42
OI0010821,ORD003610,PRD0048,29,221.86
OI0010822,ORD003611,PRD0074,14,95.86
OI0010823,ORD003611,PRD0062,28,239.86
OI0010824,ORD003611,PRD0068,38,29.13
OI0010825,ORD003611,PRD0005,34,143.43
OI0010826,ORD003612,PRD0074,29,95.86
OI0010827,ORD003612,PRD0096,3,78.52
OI0010828,ORD003612,PRD0132,19,115.18
OI0010829,ORD003612,PRD0120,4,91.06
OI0010830,ORD003612,PRD0141,18,106.53
OI0010831,ORD003613,PRD0022,11,35.83
OI0010832,ORD003613,PRD0072,4,230.67
OI0010833,ORD003613,PRD0071,19,189.96
OI0010834,ORD003614,PRD0043,40,154.31
OI0010835,ORD003614,PRD0132,36,115.18
OI0010836,ORD003614,PRD0004,5,27.44
OI0010837,ORD003614,PRD0083,1,19.93
OI0010838,ORD003615,PRD0089,13,150.86
OI0010839,ORD003615,PRD0081,4,47.37
OI0010840,ORD003615,PRD0044,5,142.63
OI0010841,ORD003615,PRD0108,23,29.96
OI0010842,ORD003616,PRD0111,19,83.5
OI0010843,ORD003616,PRD0090,6,72.4
OI0010844,ORD003616,PRD0062,35,239.86
OI0010845,ORD003617,PRD0113,1,176.91
OI0010846,ORD003617,PRD0128,37,123.35
OI0010847,ORD003617,PRD0088,27,54.55
OI0010848,ORD003617,PRD0132,29,115.18
OI0010849,ORD003618,PRD0073,31,68.46
OI0010850,ORD003618,PRD0112,37,160.95
OI0010851,ORD003619,PRD0006,35,140.22
OI0010852,ORD003619,PRD0028,13,98.85
OI0010853,ORD003619,PRD0073,16,68.46
OI0010854,ORD003619,PRD0043,15,154.31
OI0010855,ORD003620,PRD0108,19,29.96
OI0010856,ORD003620,PRD0031,4,30.67
OI0010857,ORD003620,PRD0062,30,239.86
OI0010858,ORD003621,PRD0045,31,7.03
OI0010859,ORD003621,PRD0126,23,35.6
OI0010860,ORD003621,PRD0088,18,54.55
OI0010861,ORD003622,PRD0140,2,180.3
OI0010862,ORD003622,PRD0064,9,230.86
OI0010863,ORD003623,PRD0058,15,182.31
OI0010864,ORD003623,PRD0070,9,225.75
OI0010865,ORD003623,PRD0005,39,143.43
OI0010866,ORD003623,PRD0008,18,87.17
OI0010867,ORD003623,PRD0102,39,215.21
OI0010868,ORD003624,PRD0034,31,69.78
OI0010869,ORD003624,PRD0130,35,40.15
OI0010870,ORD003625,PRD0089,39,150.86
OI0010871,ORD003626,PRD0047,9,157.02
OI0010872,ORD003626,PRD0062,4,239.86
OI0010873,ORD003626,PRD0084,24,40.42
OI0010874,ORD003626,PRD0025,29,79.83
OI0010875,ORD003626,PRD0122,26,18.49
OI0010876,ORD003627,PRD0065,8,120.88
OI0010877,ORD003628,PRD0063,28,139.58
OI0010878,ORD003628,PRD0145,27,92.02
OI0010879,ORD003629,PRD0138,17,105.95
OI0010880,ORD003629,PRD0034,8,69.78
OI0010881,ORD003629,PRD0125,10,149.25
OI0010882,ORD003629,PRD0002,38,172.3
OI0010883,ORD003630,PRD0021,14,92.86
OI0010884,ORD003630,PRD0143,21,205.5
OI0010885,ORD003630,PRD0026,9,173.51
OI0010886,ORD003630,PRD0046,32,105.44
OI0010887,ORD003631,PRD0096,26,78.52
OI0010888,ORD003631,PRD0113,16,176.91
OI0010889,ORD003631,PRD0139,26,18.24
OI0010890,ORD003631,PRD0093,15,66.58
OI0010891,ORD003631,PRD0017,36,191.07
OI0010892,ORD003632,PRD0119,34,39.29
OI0010893,ORD003633,PRD0078,-7,105.62
OI0010894,ORD003633,PRD0072,22,230.67
OI0010895,ORD003633,PRD0103,7,124.22
OI0010896,ORD003633,PRD0057,6,163.07
OI0010897,ORD003633,PRD0043,29,154.31
OI0010898,ORD003634,PRD0005,24,143.43
OI0010899,ORD003634,PRD0076,19,28.95
OI0010900,ORD003635,PRD0008,40,87.17
OI0010901,ORD003635,PRD0063,12,139.58
OI0010902,ORD003635,PRD0126,27,35.6
OI0010903,ORD003635,PRD0039,32,41.02
OI0010904,ORD003635,PRD9999,33,73.02
OI0010905,ORD003636,PRD0068,21,29.13
OI0010906,ORD003636,PRD0131,33,31.12
OI0010907,ORD003637,PRD0064,25,230.86
OI0010908,ORD003638,PRD0081,29,47.37
OI0010909,ORD003638,PRD0119,-26,39.29
OI0010910,ORD003638,PRD0061,6,123.38
OI0010911,ORD003639,PRD0073,20,68.46
OI0010912,ORD003640,PRD0069,12,54.19
OI0010913,ORD003640,PRD0006,11,140.22
OI0010914,ORD003641,PRD0031,30,30.67
OI0010915,ORD003641,PRD0056,-29,107.05
OI0010916,ORD003641,PRD0003,3,72.4
OI0010917,ORD003641,PRD0056,2,107.05
OI0010918,ORD003641,PRD0068,36,29.13
OI0010919,ORD003642,PRD0056,20,107.05
OI0010920,ORD003643,PRD0108,6,29.96
OI0010921,ORD003643,PRD0027,6,38.21
OI0010922,ORD003644,PRD0033,4,49.71
OI0010923,ORD003645,PRD0131,32,31.12
OI0010924,ORD003645,PRD0037,14,226.8
OI0010925,ORD003645,PRD0150,4,124.38
OI0010926,ORD003645,PRD0134,5,26.01
OI0010927,ORD003646,PRD0032,28,206.97
OI0010928,ORD003646,PRD0056,10,107.05
OI0010929,ORD003646,PRD0010,14,6.66
OI0010930,ORD003646,PRD0046,18,105.44
OI0010931,ORD003646,PRD0057,34,163.07
OI0010932,ORD003647,PRD0061,35,123.38
OI0010933,ORD003647,PRD0137,34,60.23
OI0010934,ORD003647,PRD0039,26,41.02
OI0010935,ORD003647,PRD0121,32,231.51
OI0010936,ORD003648,PRD0133,3,216.9
OI0010937,ORD003648,PRD0150,10,124.38
OI0010938,ORD003648,PRD0059,31,201.86
OI0010939,ORD003649,PRD0105,2,220.36
OI0010940,ORD003649,PRD0008,25,87.17
OI0010941,ORD003649,PRD0148,-7,127.25
OI0010942,ORD003649,PRD0006,12,140.22
OI0010943,ORD003649,PRD0083,36,19.93
OI0010944,ORD003650,PRD0141,26,106.53
OI0010945,ORD003651,PRD0065,28,120.88
OI0010946,ORD003651,PRD0139,12,18.24
OI0010947,ORD003651,PRD0101,11,119.36
OI0010948,ORD003651,PRD0030,20,101.78
OI0010949,ORD003651,PRD0105,23,220.36
OI0010950,ORD003652,PRD0009,5,38.6
OI0010951,ORD003652,PRD0022,33,35.83
OI0010952,ORD003652,PRD0012,38,114.28
OI0010953,ORD003653,PRD0074,3,95.86
OI0010954,ORD003653,PRD0114,14,122.24
OI0010955,ORD003654,PRD0135,15,148.62
OI0010956,ORD003654,PRD0046,30,105.44
OI0010957,ORD003654,PRD0064,31,230.86
OI0010958,ORD003655,PRD0035,11,236.05
OI0010959,ORD003655,PRD0106,16,22.39
OI0010960,ORD003656,PRD0129,15,171.21
OI0010961,ORD003656,PRD0113,29,176.91
OI0010962,ORD003656,PRD0079,11,153.34
OI0010963,ORD003656,PRD0004,5,27.44
OI0010964,ORD003657,PRD0011,18,190.23
OI0010965,ORD003657,PRD0123,12,236.61
OI0010966,ORD003657,PRD0013,14,202.19
OI0010967,ORD003657,PRD0049,-20,178.36
OI0010968,ORD003658,PRD0032,6,206.97
OI0010969,ORD003659,PRD0096,36,78.52
OI0010970,ORD003659,PRD0140,4,180.3
OI0010971,ORD003659,PRD0144,30,190.91
OI0010972,ORD003659,PRD0126,18,35.6
OI0010973,ORD003660,PRD0020,23,7.41
OI0010974,ORD003660,PRD0025,39,79.83
OI0010975,ORD003661,PRD0111,5,83.5
OI0010976,ORD003661,PRD0120,28,91.06
OI0010977,ORD003661,PRD0059,13,201.86
OI0010978,ORD003662,PRD0007,34,82.58
OI0010979,ORD003662,PRD9999,24,73.7
OI0010980,ORD003663,PRD9999,38,161.39
OI0010981,ORD003663,PRD0006,36,140.22
OI0010982,ORD003664,PRD0072,11,230.67
OI0010983,ORD003664,PRD0098,14,38.66
OI0010984,ORD003664,PRD0059,11,201.86
OI0010985,ORD003664,PRD0050,7,176.43
OI0010986,ORD003665,PRD0030,8,101.78
OI0010987,ORD003665,PRD0064,40,230.86
OI0010988,ORD003665,PRD0079,36,153.34
OI0010989,ORD003665,PRD0080,20,78.97
OI0010990,ORD003665,PRD0019,23,188.65
OI0010991,ORD003666,PRD0141,4,106.53
OI0010992,ORD003666,PRD0106,6,22.39
OI0010993,ORD003666,PRD0022,38,35.83
OI0010994,ORD003667,PRD0058,28,182.31
OI0010995,ORD003668,PRD0057,5,163.07
OI0010996,ORD003668,PRD0076,20,28.95
OI0010997,ORD003669,PRD0070,23,225.75
OI0010998,ORD003669,PRD0146,33,116.28
OI0010999,ORD003669,PRD0057,28,163.07
OI0011000,ORD003669,PRD0019,24,188.65
OI0011001,ORD003670,PRD0148,23,127.25
OI0011002,ORD003670,PRD0085,6,63.68
OI0011003,ORD003670,PRD0051,27,24.49
OI0011004,ORD003671,PRD0027,36,38.21
OI0011005,ORD003672,PRD0081,18,47.37
OI0011006,ORD003672,PRD0006,21,140.22
OI0011007,ORD003672,PRD0102,24,215.21
OI0011008,ORD003672,PRD0035,32,236.05
OI0011009,ORD003673,PRD0095,9,72.24
OI0011010,ORD003673,PRD0054,-39,58.91
OI0011011,ORD003673,PRD0041,28,74.92
OI0011012,ORD003674,PRD0005,25,143.43
OI0011013,ORD003674,PRD0145,27,92.02
OI0011014,ORD003674,PRD0100,28,36.13
OI0011015,ORD003675,PRD0146,33,116.28
OI0011016,ORD003675,PRD0144,12,190.91
OI0011017,ORD003675,PRD0125,9,149.25
OI0011018,ORD003675,PRD0100,23,36.13
OI0011019,ORD003676,PRD0030,24,101.78
OI0011020,ORD003676,PRD0053,9,122.42
OI0011021,ORD003676,PRD0024,23,87.52
OI0011022,ORD003676,PRD0065,15,120.88
OI0011023,ORD003677,PRD0025,38,79.83
OI0011024,ORD003677,PRD0062,9,239.86
OI0011025,ORD003677,PRD0131,11,31.12
OI0011026,ORD003678,PRD0029,2,203.27
OI0011027,ORD003678,PRD9999,37,155.88
OI0011028,ORD003679,PRD0116,7,227.68
OI0011029,ORD003680,PRD0003,20,72.4
OI0011030,ORD003681,PRD0087,6,40.72
OI0011031,ORD003681,PRD0042,3,34.49
OI0011032,ORD003681,PRD0138,16,105.95
OI0011033,ORD003682,PRD0006,31,140.22
OI0011034,ORD003682,PRD0049,37,178.36
OI0011035,ORD003682,PRD0087,24,40.72
OI0011036,ORD003682,PRD0097,40,166.76
OI0011037,ORD003683,PRD0047,35,157.02
OI0011038,ORD003683,PRD0029,8,203.27
OI0011039,ORD003684,PRD0085,-35,63.68
OI0011040,ORD003684,PRD0140,1,180.3
OI0011041,ORD003684,PRD0035,4,236.05
OI0011042,ORD003685,PRD0124,19,45.26
OI0011043,ORD003685,PRD0023,38,138.23
OI0011044,ORD003685,PRD0068,16,29.13
OI0011045,ORD003685,PRD0061,4,123.38
OI0011046,ORD003686,PRD0079,4,153.34
OI0011047,ORD003686,PRD0113,19,176.91
OI0011048,ORD003686,PRD0073,5,68.46
OI0011049,ORD003686,PRD0136,38,5.82
OI0011050,ORD003686,PRD0075,30,173.74
OI0011051,ORD003687,PRD0073,25,68.46
OI0011052,ORD003688,PRD0050,6,176.43
OI0011053,ORD003689,PRD0031,33,30.67
OI0011054,ORD003689,PRD0104,27,165.96
OI0011055,ORD003689,PRD0102,12,215.21
OI0011056,ORD003689,PRD0112,22,160.95
OI0011057,ORD003689,PRD0091,31,175.98
OI0011058,ORD003690,PRD0018,-37,211.58
OI0011059,ORD003690,PRD0012,19,114.28
OI0011060,ORD003691,PRD0016,14,191.36
OI0011061,ORD003691,PRD0070,11,225.75
OI0011062,ORD003691,PRD0014,35,23.8
OI0011063,ORD003692,PRD999,29,174.81
OI0011064,ORD003692,PRD0051,25,24.49
OI0011065,ORD003693,PRD0103,36,124.22
OI0011066,ORD003693,PRD0099,15,16.05
OI0011067,ORD003694,PRD0070,2,225.75
OI0011068,ORD003694,PRD0045,35,7.03
OI0011069,ORD003694,PRD0051,15,24.49
OI0011070,ORD003695,PRD0051,39,24.49
OI0011071,ORD003696,PRD0132,36,115.18
OI0011072,ORD003696,PRD0087,16,40.72
OI0011073,ORD003697,PRD0129,32,171.21
OI0011074,ORD003697,PRD0085,3,63.68
OI0011075,ORD003697,PRD0102,9,215.21
OI0011076,ORD003697,PRD0096,13,78.52
OI0011077,ORD003697,PRD0130,27,40.15
OI0011078,ORD003698,PRD0034,21,69.78
OI0011079,ORD003698,PRD0054,32,58.91
OI0011080,ORD003698,PRD0136,17,5.82
OI0011081,ORD003699,PRD0130,6,40.15
OI0011082,ORD003700,PRD0125,38,149.25
OI0011083,ORD003700,PRD0122,29,18.49
OI0011084,ORD003700,PRD0006,30,140.22
OI0011085,ORD003701,PRD0081,27,47.37
OI0011086,ORD003701,PRD0094,3,30.93
OI0011087,ORD003702,PRD0039,40,41.02
OI0011088,ORD003702,PRD0077,26,121.36
OI0011089,ORD003703,PRD0033,7,49.71
OI0011090,ORD003703,PRD0096,8,78.52
OI0011091,ORD003703,PRD0076,33,28.95
OI0011092,ORD003703,PRD0135,17,148.62
OI0011093,ORD003704,PRD0085,22,63.68
OI0011094,ORD003704,PRD0033,1,49.71
OI0011095,ORD003704,PRD0132,7,115.18
OI0011096,ORD003704,PRD0059,36,201.86
OI0011097,ORD003704,PRD0080,25,78.97
OI0011098,ORD003705,PRD0136,12,5.82
OI0011099,ORD003705,PRD0128,1,123.35
OI0011100,ORD003706,PRD0095,6,72.24
OI0011101,ORD003707,PRD0100,24,36.13
OI0011102,ORD003707,PRD0139,2,18.24
OI0011103,ORD003707,PRD0059,27,201.86
OI0011104,ORD003708,PRD0046,6,105.44
OI0011105,ORD003708,PRD0080,6,78.97
OI0011106,ORD003709,PRD0043,8,154.31
OI0011107,ORD003709,PRD0106,11,22.39
OI0011108,ORD003710,PRD0027,22,38.21
OI0011109,ORD003710,PRD0011,9,190.23
OI0011110,ORD003710,PRD0065,20,120.88
OI0011111,ORD003710,PRD0123,38,236.61
OI0011112,ORD003710,PRD0029,17,203.27
OI0011113,ORD003711,PRD0101,13,119.36
OI0011114,ORD003711,PRD0110,7,237.89
OI0011115,ORD003711,PRD0092,1,57.63
OI0011116,ORD003711,PRD0126,38,35.6
OI0011117,ORD003712,PRD0107,32,140.4
OI0011118,ORD003713,PRD0033,26,49.71
OI0011119,ORD003714,PRD0058,-25,182.31
OI0011120,ORD003715,PRD0082,39,109.81
OI0011121,ORD003715,PRD0027,11,38.21
OI0011122,ORD003715,PRD0129,14,171.21
OI0011123,ORD003715,PRD0110,14,237.89
OI0011124,ORD003716,PRD0047,2,157.02
OI0011125,ORD003717,PRD0007,11,82.58
OI0011126,ORD003717,PRD0015,25,31.62
OI0011127,ORD003717,PRD0108,38,29.96
OI0011128,ORD003717,PRD0073,29,68.46
OI0011129,ORD003718,PRD0038,2,222.91
OI0011130,ORD003718,PRD0128,13,123.35
OI0011131,ORD003718,PRD0144,35,190.91
OI0011132,ORD003718,PRD0070,21,225.75
OI0011133,ORD003718,PRD0032,15,206.97
OI0011134,ORD003719,PRD0077,17,121.36
OI0011135,ORD003720,PRD0147,23,123.59
OI0011136,ORD003720,PRD0146,2,116.28
OI0011137,ORD003720,PRD0128,40,123.35
OI0011138,ORD003720,PRD0144,24,190.91
OI0011139,ORD003720,PRD0069,23,54.19
OI0011140,ORD003721,PRD0004,33,27.44
OI0011141,ORD003721,PRD0094,6,30.93
OI0011142,ORD003722,PRD0078,33,105.62
OI0011143,ORD003722,PRD0135,11,148.62
OI0011144,ORD003723,PRD0060,16,47.82
OI0011145,ORD003723,PRD0080,12,78.97
OI0011146,ORD003723,PRD0084,25,40.42
OI0011147,ORD003723,PRD0127,16,116.1
OI0011148,ORD003724,PRD0106,34,22.39
OI0011149,ORD003724,PRD0068,39,29.13
OI0011150,ORD003724,PRD0072,33,230.67
OI0011151,ORD003725,PRD9999,38,235.16
OI0011152,ORD003725,PRD0031,18,30.67
OI0011153,ORD003725,PRD0093,20,66.58
OI0011154,ORD003725,PRD0126,23,35.6
OI0011155,ORD003726,PRD0068,15,29.13
OI0011156,ORD003726,PRD0059,1,201.86
OI0011157,ORD003727,PRD0132,30,115.18
OI0011158,ORD003727,PRD0110,24,237.89
OI0011159,ORD003728,PRD0090,29,72.4
OI0011160,ORD003728,PRD0032,8,206.97
OI0011161,ORD003728,PRD0082,26,109.81
OI0011162,ORD003728,PRD0021,16,92.86
OI0011163,ORD003729,PRD0065,13,120.88
OI0011164,ORD003729,PRD0095,1,72.24
OI0011165,ORD003729,PRD0150,18,124.38
OI0011166,ORD003729,PRD0037,23,226.8
OI0011167,ORD003729,PRD0015,21,31.62
OI0011168,ORD003730,PRD0016,6,191.36
OI0011169,ORD003731,PRD0070,17,225.75
OI0011170,ORD003731,PRD0034,10,69.78
OI0011171,ORD003732,PRD0137,28,60.23
OI0011172,ORD003732,PRD0128,18,123.35
OI0011173,ORD003732,PRD0115,27,102.09
OI0011174,ORD003732,PRD0135,11,148.62
OI0011175,ORD003733,PRD0110,3,237.89
OI0011176,ORD003733,PRD0042,33,34.49
OI0011177,ORD003733,PRD0007,5,82.58
OI0011178,ORD003734,PRD0097,35,166.76
OI0011179,ORD003734,PRD0089,2,150.86
OI0011180,ORD003734,PRD0089,3,150.86
OI0011181,ORD003734,PRD0094,24,30.93
OI0011182,ORD003735,PRD0052,29,207.39
OI0011183,ORD003736,PRD0149,18,233.51
OI0011184,ORD003736,PRD0076,11,28.95
OI0011185,ORD003736,PRD0074,39,95.86
OI0011186,ORD003736,PRD0083,4,19.93
OI0011187,ORD003736,PRD0092,28,57.63
OI0011188,ORD003737,PRD0019,12,188.65
OI0011189,ORD003737,PRD0125,38,149.25
OI0011190,ORD003737,PRD0128,28,123.35
OI0011191,ORD003737,PRD0037,26,226.8
OI0011192,ORD003738,PRD0078,33,105.62
OI0011193,ORD003738,PRD0092,4,57.63
OI0011194,ORD003739,PRD0026,14,173.51
OI0011195,ORD003739,PRD0063,12,139.58
OI0011196,ORD003739,PRD0058,31,182.31
OI0011197,ORD003739,PRD0126,7,35.6
OI0011198,ORD003740,PRD0112,34,160.95
OI0011199,ORD003740,PRD0095,10,72.24
OI0011200,ORD003740,PRD0087,9,40.72
OI0011201,ORD003741,PRD0109,21,119.42
OI0011202,ORD003741,PRD0088,20,54.55
OI0011203,ORD003741,PRD0084,28,40.42
OI0011204,ORD003741,PRD0019,25,188.65
OI0011205,ORD003741,PRD0033,9,49.71
OI0011206,ORD003742,PRD0035,-35,236.05
OI0011207,ORD003743,PRD0090,16,72.4
OI0011208,ORD003744,PRD0143,11,205.5
OI0011209,ORD003745,PRD0044,37,142.63
OI0011210,ORD003745,PRD0125,19,149.25
OI0011211,ORD003745,PRD0105,11,220.36
OI0011212,ORD003745,PRD0143,11,205.5
OI0011213,ORD003746,PRD0082,37,109.81
OI0011214,ORD003747,PRD0121,24,231.51
OI0011215,ORD003747,PRD0129,19,171.21
OI0011216,ORD003747,PRD0060,7,47.82
OI0011217,ORD003747,PRD0020,20,7.41
OI0011218,ORD003747,PRD0040,13,179.3
OI0011219,ORD003748,PRD0135,14,148.62
OI0011220,ORD003748,PRD0063,17,139.58
OI0011221,ORD003749,PRD0104,31,165.96
OI0011222,ORD003749,PRD0112,11,160.95
OI0011223,ORD003749,PRD0139,35,18.24
OI0011224,ORD003749,PRD0103,10,124.22
OI0011225,ORD003750,PRD0120,33,91.06
OI0011226,ORD003750,PRD0079,34,153.34
OI0011227,ORD003751,PRD0071,13,189.96
OI0011228,ORD003751,PRD0094,37,30.93
OI0011229,ORD003751,PRD0104,16,165.96
OI0011230,ORD003751,PRD0071,40,189.96
OI0011231,ORD003751,PRD0037,21,226.8
OI0011232,ORD003752,PRD0089,35,150.86
OI0011233,ORD003752,PRD0105,28,220.36
OI0011234,ORD003752,PRD0076,7,28.95
OI0011235,ORD003752,PRD0011,3,190.23
OI0011236,ORD003752,PRD0102,3,215.21
OI0011237,ORD003753,PRD0127,31,116.1
OI0011238,ORD003753,PRD0059,32,201.86
OI0011239,ORD003753,PRD0020,13,7.41
OI0011240,ORD003754,PRD0125,13,149.25
OI0011241,ORD003754,PRD0049,39,178.36
OI0011242,ORD003754,PRD0057,22,163.07
OI0011243,ORD003754,PRD0081,18,47.37
OI0011244,ORD003755,PRD0034,4,69.78
OI0011245,ORD003755,PRD0015,19,31.62
OI0011246,ORD003755,PRD0050,27,176.43
OI0011247,ORD003755,PRD0003,2,72.4
OI0011248,ORD003756,PRD0037,11,226.8
OI0011249,ORD003756,PRD0044,30,142.63
OI0011250,ORD003756,PRD999,24,200.87
OI0011251,ORD003757,PRD0077,4,121.36
OI0011252,ORD003757,PRD0074,3,95.86
OI0011253,ORD003757,PRD0108,8,29.96
OI0011254,ORD003757,PRD0149,11,233.51
OI0011255,ORD003758,PRD0025,1,79.83
OI0011256,ORD003759,PRD0058,14,182.31
OI0011257,ORD003760,PRD0027,15,38.21
OI0011258,ORD003760,PRD0150,21,124.38
OI0011259,ORD003760,PRD0041,36,74.92
OI0011260,ORD003760,PRD0027,28,38.21
OI0011261,ORD003760,PRD0068,12,29.13
OI0011262,ORD003761,PRD0017,32,191.07
OI0011263,ORD003761,PRD0132,38,115.18
OI0011264,ORD003761,PRD0062,27,239.86
OI0011265,ORD003761,PRD0042,27,34.49
OI0011266,ORD003762,PRD0015,35,31.62
OI0011267,ORD003762,PRD0130,31,40.15
OI0011268,ORD003762,PRD0048,29,221.86
OI0011269,ORD003763,PRD0039,23,41.02
OI0011270,ORD003763,PRD0021,15,92.86
OI0011271,ORD003763,PRD0016,10,191.36
OI0011272,ORD003764,PRD0124,35,45.26
OI0011273,ORD003764,PRD0016,37,191.36
OI0011274,ORD003765,PRD0015,12,31.62
OI0011275,ORD003766,PRD0029,19,203.27
OI0011276,ORD003766,PRD0098,20,38.66
OI0011277,ORD003767,PRD0017,32,191.07
OI0011278,ORD003767,PRD0092,40,57.63
OI0011279,ORD003767,PRD0113,32,176.91
OI0011280,ORD003767,PRD0022,21,35.83
OI0011281,ORD003767,PRD0003,1,72.4
OI0011282,ORD003768,PRD0020,16,7.41
OI0011283,ORD003768,PRD0010,3,6.66
OI0011284,ORD003768,PRD0055,5,122.67
OI0011285,ORD003768,PRD0143,10,205.5
OI0011286,ORD003768,PRD0047,19,157.02
OI0011287,ORD003769,PRD0061,18,123.38
OI0011288,ORD003770,PRD0011,38,190.23
OI0011289,ORD003770,PRD0011,10,190.23
OI0011290,ORD003770,PRD0056,26,107.05
OI0011291,ORD003770,PRD0100,31,36.13
OI0011292,ORD003770,PRD0054,32,58.91
OI0011293,ORD003771,PRD0044,5,142.63
OI0011294,ORD003772,PRD0054,23,58.91
OI0011295,ORD003773,PRD0091,12,175.98
OI0011296,ORD003774,PRD0142,10,15.65
OI0011297,ORD003774,PRD0091,5,175.98
OI0011298,ORD003774,PRD0032,-40,206.97
OI0011299,ORD003775,PRD999,15,86.13
OI0011300,ORD003776,PRD0033,22,49.71
OI0011301,ORD003776,PRD0074,30,95.86
OI0011302,ORD003776,PRD0089,31,150.86
OI0011303,ORD003777,PRD0027,21,38.21
OI0011304,ORD003777,PRD0089,30,150.86
OI0011305,ORD003777,PRD0107,12,140.4
OI0011306,ORD003777,PRD0138,40,105.95
OI0011307,ORD003778,PRD0101,20,119.36
OI0011308,ORD003778,PRD0042,4,34.49
OI0011309,ORD003778,PRD0126,34,35.6
OI0011310,ORD003779,PRD0005,37,143.43
OI0011311,ORD003779,PRD0004,30,27.44
OI0011312,ORD003780,PRD0117,26,90.73
OI0011313,ORD003780,PRD9999,33,46.81
OI0011314,ORD003780,PRD0113,20,176.91
OI0011315,ORD003781,PRD0150,2,124.38
OI0011316,ORD003781,PRD0043,40,154.31
OI0011317,ORD003781,PRD0141,22,106.53
OI0011318,ORD003781,PRD0118,12,113.75
OI0011319,ORD003781,PRD0037,34,226.8
OI0011320,ORD003782,PRD0142,36,15.65
OI0011321,ORD003783,PRD0100,22,36.13
OI0011322,ORD003784,PRD0099,10,16.05
OI0011323,ORD003784,PRD0049,7,178.36
OI0011324,ORD003784,PRD0150,5,124.38
OI0011325,ORD003784,PRD0135,35,148.62
OI0011326,ORD003784,PRD0079,10,153.34
OI0011327,ORD003785,PRD0037,11,226.8
OI0011328,ORD003785,PRD000,6,182.29
OI0011329,ORD003785,PRD0105,31,220.36
OI0011330,ORD003785,PRD0046,6,105.44
OI0011331,ORD003785,PRD0027,20,38.21
OI0011332,ORD003786,PRD0106,15,22.39
OI0011333,ORD003786,PRD0048,24,221.86
OI0011334,ORD003787,PRD0109,31,119.42
OI0011335,ORD003787,PRD0103,25,124.22
OI0011336,ORD003788,PRD0067,27,172.46
OI0011337,ORD003788,PRD0119,34,39.29
OI0011338,ORD003788,PRD0035,30,236.05
OI0011339,ORD003788,PRD0077,34,121.36
OI0011340,ORD003788,PRD0040,24,179.3
OI0011341,ORD003789,PRD0079,39,153.34
OI0011342,ORD003790,PRD0132,36,115.18
OI0011343,ORD003790,PRD0119,35,39.29
OI0011344,ORD003790,PRD0041,28,74.92
OI0011345,ORD003791,PRD0099,15,16.05
OI0011346,ORD003791,PRD0054,33,58.91
OI0011347,ORD003791,PRD0036,2,191.05
OI0011348,ORD003791,PRD0077,1,121.36
OI0011349,ORD003792,PRD0116,11,227.68
OI0011350,ORD003793,PRD0117,3,90.73
OI0011351,ORD003794,PRD0015,28,31.62
OI0011352,ORD003794,PRD0123,4,236.61
OI0011353,ORD003794,PRD0117,4,90.73
OI0011354,ORD003794,PRD0009,28,38.6
OI0011355,ORD003794,PRD0083,7,19.93
OI0011356,ORD003795,PRD0008,32,87.17
OI0011357,ORD003795,PRD0127,40,116.1
OI0011358,ORD003796,PRD0060,14,47.82
OI0011359,ORD003797,PRD0052,15,207.39
OI0011360,ORD003797,PRD0018,16,211.58
OI0011361,ORD003797,PRD0051,19,24.49
OI0011362,ORD003797,PRD0130,2,40.15
OI0011363,ORD003798,PRD0069,34,54.19
OI0011364,ORD003798,PRD0035,15,236.05
OI0011365,ORD003798,PRD0031,24,30.67
OI0011366,ORD003798,PRD0127,36,116.1
OI0011367,ORD003799,PRD0136,6,5.82
OI0011368,ORD003799,PRD0002,7,172.3
OI0011369,ORD003799,PRD0104,14,165.96
OI0011370,ORD003799,PRD0066,11,106.81
OI0011371,ORD003800,PRD0145,24,92.02
OI0011372,ORD003800,PRD0132,27,115.18
OI0011373,ORD003800,PRD0080,23,78.97
OI0011374,ORD003800,PRD0145,39,92.02
OI0011375,ORD003801,PRD0002,40,172.3
OI0011376,ORD003801,PRD0079,30,153.34
OI0011377,ORD003801,PRD0087,22,40.72
OI0011378,ORD003802,PRD0004,16,27.44
OI0011379,ORD003802,PRD0117,25,90.73
OI0011380,ORD003802,PRD0065,9,120.88
OI0011381,ORD003802,PRD0134,32,26.01
OI0011382,ORD003803,PRD0132,24,115.18
OI0011383,ORD003803,PRD0097,7,166.76
OI0011384,ORD003803,PRD0073,10,68.46
OI0011385,ORD003804,PRD0044,31,142.63
OI0011386,ORD003805,PRD0120,4,91.06
OI0011387,ORD003805,PRD0088,20,54.55
OI0011388,ORD003805,PRD0141,20,106.53
OI0011389,ORD003805,PRD0052,10,207.39
OI0011390,ORD003805,PRD0015,16,31.62
OI0011391,ORD003806,PRD0106,4,22.39
OI0011392,ORD003806,PRD0146,28,116.28
OI0011393,ORD003806,PRD0015,36,31.62
OI0011394,ORD003807,PRD0017,15,191.07
OI0011395,ORD003808,PRD0023,38,138.23
OI0011396,ORD003808,PRD0013,37,202.19
OI0011397,ORD003808,PRD0082,9,109.81
OI0011398,ORD003809,PRD0073,29,68.46
OI0011399,ORD003809,PRD0051,29,24.49
OI0011400,ORD003809,PRD0035,19,236.05
OI0011401,ORD003810,PRD0001,40,115.82
OI0011402,ORD003810,PRD000,38,218.85
OI0011403,ORD003811,PRD0051,6,24.49
OI0011404,ORD003811,PRD0049,25,178.36
OI0011405,ORD003811,PRD0095,13,72.24
OI0011406,ORD003811,PRD0013,3,202.19
OI0011407,ORD003812,PRD0132,12,115.18
OI0011408,ORD003813,PRD0111,18,83.5
OI0011409,ORD003813,PRD0107,3,140.4
OI0011410,ORD003813,PRD0050,-27,176.43
OI0011411,ORD003813,PRD0116,33,227.68
OI0011412,ORD003813,PRD0052,37,207.39
OI0011413,ORD003814,PRD0147,15,123.59
OI0011414,ORD003814,PRD0026,21,173.51
OI0011415,ORD003814,PRD0067,17,172.46
OI0011416,ORD003815,PRD0031,37,30.67
OI0011417,ORD003815,PRD0137,4,60.23
OI0011418,ORD003816,PRD0086,14,218.7
OI0011419,ORD003816,PRD0145,7,92.02
OI0011420,ORD003816,PRD0011,5,190.23
OI0011421,ORD003816,PRD0026,34,173.51
OI0011422,ORD003816,PRD0026,12,173.51
OI0011423,ORD003817,PRD0050,40,176.43
OI0011424,ORD003818,PRD0043,36,154.31
OI0011425,ORD003818,PRD0059,39,201.86
OI0011426,ORD003818,PRD0040,20,179.3
OI0011427,ORD003818,PRD0072,36,230.67
OI0011428,ORD003819,PRD0140,34,180.3
OI0011429,ORD003819,PRD0064,8,230.86
OI0011430,ORD003819,PRD0073,14,68.46
OI0011431,ORD003819,PRD0005,34,143.43
OI0011432,ORD003819,PRD0029,18,203.27
OI0011433,ORD003820,PRD0085,29,63.68
OI0011434,ORD003820,PRD0023,36,138.23
OI0011435,ORD003820,PRD0058,31,182.31
OI0011436,ORD003820,PRD0133,36,216.9
OI0011437,ORD003820,PRD0044,3,142.63
OI0011438,ORD003821,PRD0083,14,19.93
OI0011439,ORD003821,PRD0113,14,176.91
OI0011440,ORD003821,PRD0036,39,191.05
OI0011441,ORD003821,PRD0105,39,220.36
OI0011442,ORD003822,PRD0139,2,18.24
OI0011443,ORD003822,PRD0120,9,91.06
OI0011444,ORD003822,PRD0035,19,236.05
OI0011445,ORD003823,PRD0130,2,40.15
OI0011446,ORD003823,PRD0020,7,7.41
OI0011447,ORD003823,PRD0030,25,101.78
OI0011448,ORD003823,PRD0070,6,225.75
OI0011449,ORD003824,PRD0131,17,31.12
OI0011450,ORD003824,PRD0055,30,122.67
OI0011451,ORD003824,PRD0048,10,221.86
OI0011452,ORD003825,PRD0001,1,115.82
OI0011453,ORD003826,PRD0068,8,29.13
OI0011454,ORD003826,PRD0080,35,78.97
OI0011455,ORD003826,PRD0013,31,202.19
OI0011456,ORD003826,PRD0108,17,29.96
OI0011457,ORD003826,PRD0030,19,101.78
OI0011458,ORD003827,PRD0116,28,227.68
OI0011459,ORD003827,PRD0026,36,173.51
OI0011460,ORD003827,PRD0092,9,57.63
OI0011461,ORD003827,PRD0037,2,226.8
OI0011462,ORD003827,PRD0036,25,191.05
OI0011463,ORD003828,PRD0074,1,95.86
OI0011464,ORD003828,PRD0140,1,180.3
OI0011465,ORD003828,PRD0022,23,35.83
OI0011466,ORD003828,PRD0122,36,18.49
OI0011467,ORD003829,PRD0031,7,30.67
OI0011468,ORD003829,PRD0077,4,121.36
OI0011469,ORD003829,PRD0030,39,101.78
OI0011470,ORD003829,PRD0059,22,201.86
OI0011471,ORD003829,PRD0063,24,139.58
OI0011472,ORD003830,PRD0025,14,79.83
OI0011473,ORD003830,PRD0107,26,140.4
OI0011474,ORD003830,PRD0123,16,236.61
OI0011475,ORD003831,PRD0094,16,30.93
OI0011476,ORD003831,PRD999,15,139.56
OI0011477,ORD003831,PRD0025,27,79.83
OI0011478,ORD003832,PRD0127,1,116.1
OI0011479,ORD003832,PRD0100,25,36.13
OI0011480,ORD003832,PRD0090,8,72.4
OI0011481,ORD003833,PRD0042,12,34.49
OI0011482,ORD003833,PRD0120,20,91.06
OI0011483,ORD003833,PRD0037,34,226.8
OI0011484,ORD003833,PRD0058,23,182.31
OI0011485,ORD003833,PRD0026,8,173.51
OI0011486,ORD003834,PRD0043,13,154.31
OI0011487,ORD003834,PRD0087,6,40.72
OI0011488,ORD003834,PRD0116,5,227.68
OI0011489,ORD003834,PRD0067,16,172.46
OI0011490,ORD003835,PRD0042,4,34.49
OI0011491,ORD003835,PRD0096,6,78.52
OI0011492,ORD003835,PRD0104,30,165.96
OI0011493,ORD003836,PRD0008,35,87.17
OI0011494,ORD003836,PRD0010,21,6.66
OI0011495,ORD003836,PRD0103,11,124.22
OI0011496,ORD003837,PRD0110,19,237.89
OI0011497,ORD003837,PRD0088,1,54.55
OI0011498,ORD003837,PRD0069,6,54.19
OI0011499,ORD003837,PRD0148,3,127.25
OI0011500,ORD003837,PRD0047,5,157.02
OI0011501,ORD003838,PRD0090,24,72.4
OI0011502,ORD003839,PRD0100,1,36.13
OI0011503,ORD003839,PRD0106,10,22.39
OI0011504,ORD003839,PRD0017,7,191.07
OI0011505,ORD003839,PRD0079,5,153.34
OI0011506,ORD003840,PRD0119,16,39.29
OI0011507,ORD003840,PRD000,21,107.37
OI0011508,ORD003841,PRD0090,16,72.4
OI0011509,ORD003841,PRD0130,2,40.15
OI0011510,ORD003841,PRD0006,12,140.22
OI0011511,ORD003842,PRD0087,31,40.72
OI0011512,ORD003842,PRD0130,8,40.15
OI0011513,ORD003842,PRD0057,32,163.07
OI0011514,ORD003843,PRD0079,18,153.34
OI0011515,ORD003843,PRD0063,-34,139.58
OI0011516,ORD003843,PRD0104,21,165.96
OI0011517,ORD003843,PRD0027,6,38.21
OI0011518,ORD003843,PRD0010,15,6.66
OI0011519,ORD003844,PRD999,40,152.55
OI0011520,ORD003844,PRD0126,33,35.6
OI0011521,ORD003844,PRD0005,22,143.43
OI0011522,ORD003844,PRD0032,13,206.97
OI0011523,ORD003845,PRD0070,8,225.75
OI0011524,ORD003845,PRD0044,11,142.63
OI0011525,ORD003845,PRD0024,27,87.52
OI0011526,ORD003845,PRD0087,19,40.72
OI0011527,ORD003845,PRD0124,32,45.26
OI0011528,ORD003846,PRD0001,39,115.82
OI0011529,ORD003846,PRD0036,13,191.05
OI0011530,ORD003846,PRD0083,16,19.93
OI0011531,ORD003847,PRD0096,34,78.52
OI0011532,ORD003847,PRD0021,24,92.86
OI0011533,ORD003847,PRD0020,28,7.41
OI0011534,ORD003847,PRD0032,33,206.97
OI0011535,ORD003847,PRD0129,9,171.21
OI0011536,ORD003848,PRD0106,3,22.39
OI0011537,ORD003848,PRD0050,13,176.43
OI0011538,ORD003848,PRD0043,12,154.31
OI0011539,ORD003848,PRD0036,19,191.05
OI0011540,ORD003849,PRD0102,22,215.21
OI0011541,ORD003849,PRD0038,2,222.91
OI0011542,ORD003850,PRD0010,27,6.66
OI0011543,ORD003850,PRD0108,21,29.96
OI0011544,ORD003850,PRD0053,36,122.42
OI0011545,ORD003851,PRD0107,35,140.4
OI0011546,ORD003851,PRD0018,17,211.58
OI0011547,ORD003851,PRD0094,27,30.93
OI0011548,ORD003851,PRD0010,1,6.66
OI0011549,ORD003851,PRD0059,22,201.86
OI0011550,ORD003852,PRD0104,12,165.96
OI0011551,ORD003852,PRD0115,34,102.09
OI0011552,ORD003853,PRD0024,6,87.52
OI0011553,ORD003853,PRD0059,5,201.86
OI0011554,ORD003854,PRD0129,11,171.21
OI0011555,ORD003854,PRD0004,22,27.44
OI0011556,ORD003854,PRD0120,9,91.06
OI0011557,ORD003854,PRD0119,32,39.29
OI0011558,ORD003855,PRD0139,12,18.24
OI0011559,ORD003855,PRD0097,20,166.76
OI0011560,ORD003855,PRD0070,40,225.75
OI0011561,ORD003855,PRD0095,40,72.24
OI0011562,ORD003856,PRD0055,33,122.67
OI0011563,ORD003857,PRD0003,40,72.4
OI0011564,ORD003857,PRD0134,1,26.01
OI0011565,ORD003857,PRD0123,36,236.61
OI0011566,ORD003857,PRD0085,28,63.68
OI0011567,ORD003857,PRD0036,38,191.05
OI0011568,ORD003858,PRD0133,32,216.9
OI0011569,ORD003859,PRD0102,24,215.21
OI0011570,ORD003859,PRD0012,22,114.28
OI0011571,ORD003859,PRD0077,38,121.36
OI0011572,ORD003860,PRD0048,25,221.86
OI0011573,ORD003860,PRD0043,38,154.31
OI0011574,ORD003861,PRD0034,1,69.78
OI0011575,ORD003861,PRD0054,23,58.91
OI0011576,ORD003861,PRD0068,10,29.13
OI0011577,ORD003862,PRD0009,-21,38.6
OI0011578,ORD003862,PRD0016,4,191.36
OI0011579,ORD003862,PRD0092,7,57.63
OI0011580,ORD003863,PRD0054,3,58.91
OI0011581,ORD003863,PRD0024,39,87.52
OI0011582,ORD003864,PRD0023,13,138.23
OI0011583,ORD003864,PRD0111,25,83.5
OI0011584,ORD003864,PRD0040,36,179.3
OI0011585,ORD003864,PRD0118,37,113.75
OI0011586,ORD003864,PRD0124,2,45.26
OI0011587,ORD003865,PRD0021,27,92.86
OI0011588,ORD003865,PRD0123,9,236.61
OI0011589,ORD003865,PRD0015,14,31.62
OI0011590,ORD003865,PRD0119,19,39.29
OI0011591,ORD003865,PRD0121,11,231.51
OI0011592,ORD003866,PRD0003,6,72.4
OI0011593,ORD003867,PRD0051,36,24.49
OI0011594,ORD003868,PRD0124,3,45.26
OI0011595,ORD003868,PRD0007,4,82.58
OI0011596,ORD003868,PRD0094,20,30.93
OI0011597,ORD003868,PRD0042,35,34.49
OI0011598,ORD003869,PRD0025,12,79.83
OI0011599,ORD003869,PRD0010,37,6.66
OI0011600,ORD003869,PRD0117,35,90.73
OI0011601,ORD003869,PRD0066,26,106.81
OI0011602,ORD003869,PRD0074,15,95.86
OI0011603,ORD003870,PRD0030,24,101.78
OI0011604,ORD003871,PRD0065,13,120.88
OI0011605,ORD003871,PRD0106,19,22.39
OI0011606,ORD003871,PRD0073,35,68.46
OI0011607,ORD003871,PRD0083,17,19.93
OI0011608,ORD003872,PRD0057,36,163.07
OI0011609,ORD003872,PRD0128,9,123.35
OI0011610,ORD003873,PRD0097,1,166.76
OI0011611,ORD003873,PRD0131,14,31.12
OI0011612,ORD003873,PRD0079,34,153.34
OI0011613,ORD003873,PRD0014,18,23.8
OI0011614,ORD003873,PRD0088,2,54.55
OI0011615,ORD003874,PRD0106,17,22.39
OI0011616,ORD003874,PRD0119,4,39.29
OI0011617,ORD003874,PRD0032,4,206.97
OI0011618,ORD003874,PRD0042,3,34.49
OI0011619,ORD003874,PRD0063,3,139.58
OI0011620,ORD003875,PRD0011,10,190.23
OI0011621,ORD003875,PRD0041,37,74.92
OI0011622,ORD003876,PRD0110,10,237.89
OI0011623,ORD003876,PRD0102,3,215.21
OI0011624,ORD003876,PRD0064,11,230.86
OI0011625,ORD003877,PRD0069,10,54.19
OI0011626,ORD003878,PRD0102,39,215.21
OI0011627,ORD003878,PRD0146,23,116.28
OI0011628,ORD003878,PRD0009,13,38.6
OI0011629,ORD003878,PRD0144,35,190.91
OI0011630,ORD003878,PRD9999,5,229.07
OI0011631,ORD003879,PRD0140,33,180.3
OI0011632,ORD003880,PRD0122,23,18.49
OI0011633,ORD003880,PRD000,17,155.84
OI0011634,ORD003880,PRD0102,22,215.21
OI0011635,ORD003880,PRD0102,23,215.21
OI0011636,ORD003881,PRD0024,4,87.52
OI0011637,ORD003881,PRD0093,4,66.58
OI0011638,ORD003882,PRD0078,21,105.62
OI0011639,ORD003883,PRD0120,28,91.06
OI0011640,ORD003884,PRD0039,18,41.02
OI0011641,ORD003884,PRD0025,32,79.83
OI0011642,ORD003884,PRD0113,12,176.91
OI0011643,ORD003884,PRD0101,4,119.36
OI0011644,ORD003884,PRD0093,21,66.58
OI0011645,ORD003885,PRD0009,27,38.6
OI0011646,ORD003885,PRD0090,37,72.4
OI0011647,ORD003885,PRD0109,21,119.42
OI0011648,ORD003886,PRD0109,29,119.42
OI0011649,ORD003886,PRD0044,16,142.63
OI0011650,ORD003887,PRD0061,21,123.38
OI0011651,ORD003888,PRD0083,9,19.93
OI0011652,ORD003888,PRD0150,25,124.38
OI0011653,ORD003888,PRD0086,20,218.7
OI0011654,ORD003888,PRD0055,3,122.67
OI0011655,ORD003889,PRD0088,7,54.55
OI0011656,ORD003889,PRD0036,29,191.05
OI0011657,ORD003889,PRD0131,27,31.12
OI0011658,ORD003889,PRD0107,9,140.4
OI0011659,ORD003889,PRD0056,14,107.05
OI0011660,ORD003890,PRD0005,39,143.43
OI0011661,ORD003890,PRD0001,12,115.82
OI0011662,ORD003890,PRD0116,12,227.68
OI0011663,ORD003891,PRD0045,1,7.03
OI0011664,ORD003891,PRD0004,4,27.44
OI0011665,ORD003891,PRD0083,11,19.93
OI0011666,ORD003891,PRD0140,30,180.3
OI0011667,ORD003892,PRD0039,14,41.02
OI0011668,ORD003892,PRD0029,16,203.27
OI0011669,ORD003893,PRD0117,20,90.73
OI0011670,ORD003893,PRD0124,8,45.26
OI0011671,ORD003893,PRD0116,29,227.68
OI0011672,ORD003894,PRD0136,20,5.82
OI0011673,ORD003894,PRD0011,9,190.23
OI0011674,ORD003895,PRD0029,40,203.27
OI0011675,ORD003895,PRD0136,3,5.82
OI0011676,ORD003895,PRD0078,3,105.62
OI0011677,ORD003895,PRD0037,7,226.8
OI0011678,ORD003896,PRD0053,10,122.42
OI0011679,ORD003896,PRD0067,35,172.46
OI0011680,ORD003897,PRD0087,21,40.72
OI0011681,ORD003897,PRD0087,40,40.72
OI0011682,ORD003897,PRD0082,15,109.81
OI0011683,ORD003897,PRD0005,3,143.43
OI0011684,ORD003898,PRD0113,14,176.91
OI0011685,ORD003898,PRD0035,1,236.05
OI0011686,ORD003898,PRD0064,36,230.86
OI0011687,ORD003898,PRD0068,28,29.13
OI0011688,ORD003899,PRD0129,3,171.21
OI0011689,ORD003900,PRD0001,30,115.82
OI0011690,ORD003901,PRD0129,2,171.21
OI0011691,ORD003901,PRD0067,33,172.46
OI0011692,ORD003901,PRD0042,39,34.49
OI0011693,ORD003902,PRD0134,11,26.01
OI0011694,ORD003902,PRD9999,11,54.28
OI0011695,ORD003902,PRD0100,39,36.13
OI0011696,ORD003902,PRD0135,1,148.62
OI0011697,ORD003903,PRD0067,28,172.46
OI0011698,ORD003903,PRD0033,38,49.71
OI0011699,ORD003903,PRD9999,31,183.99
OI0011700,ORD003903,PRD0070,12,225.75
OI0011701,ORD003903,PRD0120,32,91.06
OI0011702,ORD003904,PRD0088,17,54.55
OI0011703,ORD003904,PRD0117,27,90.73
OI0011704,ORD003904,PRD0143,28,205.5
OI0011705,ORD003905,PRD0132,35,115.18
OI0011706,ORD003905,PRD0048,19,221.86
OI0011707,ORD003905,PRD0111,7,83.5
OI0011708,ORD003906,PRD0014,20,23.8
OI0011709,ORD003906,PRD0099,13,16.05
OI0011710,ORD003906,PRD0056,39,107.05
OI0011711,ORD003906,PRD0076,2,28.95
OI0011712,ORD003906,PRD0111,11,83.5
OI0011713,ORD003907,PRD0016,1,191.36
OI0011714,ORD003907,PRD0143,35,205.5
OI0011715,ORD003907,PRD0098,25,38.66
OI0011716,ORD003907,PRD0005,40,143.43
OI0011717,ORD003908,PRD0033,9,49.71
OI0011718,ORD003908,PRD0024,18,87.52
OI0011719,ORD003908,PRD0022,29,35.83
OI0011720,ORD003909,PRD0094,2,30.93
OI0011721,ORD003910,PRD000,35,162.27
OI0011722,ORD003910,PRD0087,30,40.72
OI0011723,ORD003911,PRD0004,29,27.44
OI0011724,ORD003911,PRD0067,8,172.46
OI0011725,ORD003912,PRD0100,17,36.13
OI0011726,ORD003912,PRD0009,20,38.6
OI0011727,ORD003912,PRD0115,22,102.09
OI0011728,ORD003912,PRD0135,5,148.62
OI0011729,ORD003913,PRD0045,10,7.03
OI0011730,ORD003914,PRD0058,17,182.31
OI0011731,ORD003914,PRD0020,19,7.41
OI0011732,ORD003915,PRD0065,40,120.88
OI0011733,ORD003915,PRD0061,31,123.38
OI0011734,ORD003915,PRD0148,4,127.25
OI0011735,ORD003915,PRD0116,4,227.68
OI0011736,ORD003915,PRD0098,25,38.66
OI0011737,ORD003916,PRD0041,20,74.92
OI0011738,ORD003917,PRD0068,7,29.13
OI0011739,ORD003917,PRD0094,7,30.93
OI0011740,ORD003917,PRD0147,10,123.59
OI0011741,ORD003917,PRD0109,32,119.42
OI0011742,ORD003918,PRD0002,31,172.3
OI0011743,ORD003919,PRD0138,-17,105.95
OI0011744,ORD003919,PRD0070,37,225.75
OI0011745,ORD003919,PRD0096,6,78.52
OI0011746,ORD003920,PRD0001,19,115.82
OI0011747,ORD003920,PRD0035,36,236.05
OI0011748,ORD003920,PRD0132,27,115.18
OI0011749,ORD003920,PRD0137,14,60.23
OI0011750,ORD003921,PRD0041,30,74.92
OI0011751,ORD003922,PRD0119,22,39.29
OI0011752,ORD003922,PRD0050,40,176.43
OI0011753,ORD003922,PRD000,31,123.34
OI0011754,ORD003923,PRD0026,37,173.51
OI0011755,ORD003924,PRD0050,27,176.43
OI0011756,ORD003924,PRD0039,33,41.02
OI0011757,ORD003924,PRD0091,35,175.98
OI0011758,ORD003924,PRD0091,32,175.98
OI0011759,ORD003924,PRD0055,30,122.67
OI0011760,ORD003925,PRD0104,4,165.96
OI0011761,ORD003925,PRD0147,38,123.59
OI0011762,ORD003925,PRD0121,27,231.51
OI0011763,ORD003926,PRD0148,26,127.25
OI0011764,ORD003926,PRD0066,11,106.81
OI0011765,ORD003927,PRD0010,7,6.66
OI0011766,ORD003927,PRD0103,6,124.22
OI0011767,ORD003927,PRD0008,14,87.17
OI0011768,ORD003927,PRD0111,11,83.5
OI0011769,ORD003928,PRD0024,23,87.52
OI0011770,ORD003928,PRD0037,33,226.8
OI0011771,ORD003928,PRD0121,14,231.51
OI0011772,ORD003928,PRD0094,13,30.93
OI0011773,ORD003929,PRD0114,32,122.24
OI0011774,ORD003929,PRD0002,13,172.3
OI0011775,ORD003930,PRD0003,30,72.4
OI0011776,ORD003930,PRD0088,33,54.55
OI0011777,ORD003931,PRD0143,24,205.5
OI0011778,ORD003931,PRD0069,1,54.19
OI0011779,ORD003932,PRD0029,20,203.27
OI0011780,ORD003932,PRD0109,35,119.42
OI0011781,ORD003933,PRD0036,19,191.05
OI0011782,ORD003933,PRD0062,24,239.86
OI0011783,ORD003933,PRD0013,34,202.19
OI0011784,ORD003934,PRD0126,7,35.6
OI0011785,ORD003934,PRD0145,25,92.02
OI0011786,ORD003935,PRD0060,18,47.82
OI0011787,ORD003935,PRD0120,30,91.06
OI0011788,ORD003935,PRD0095,7,72.24
OI0011789,ORD003935,PRD0081,22,47.37
OI0011790,ORD003936,PRD0104,24,165.96
OI0011791,ORD003936,PRD0127,37,116.1
OI0011792,ORD003936,PRD0098,12,38.66
OI0011793,ORD003936,PRD0122,3,18.49
OI0011794,ORD003937,PRD0116,36,227.68
OI0011795,ORD003937,PRD0041,30,74.92
OI0011796,ORD003938,PRD9999,11,155.29
OI0011797,ORD003938,PRD0096,39,78.52
OI0011798,ORD003938,PRD0117,23,90.73
OI0011799,ORD003938,PRD0049,37,178.36
OI0011800,ORD003938,PRD0030,3,101.78
OI0011801,ORD003939,PRD0149,1,233.51
OI0011802,ORD003939,PRD0102,1,215.21
OI0011803,ORD003939,PRD0060,20,47.82
OI0011804,ORD003939,PRD0107,3,140.4
OI0011805,ORD003940,PRD0113,12,176.91
OI0011806,ORD003941,PRD0103,28,124.22
OI0011807,ORD003942,PRD0145,38,92.02
OI0011808,ORD003943,PRD0036,40,191.05
OI0011809,ORD003943,PRD0027,27,38.21
OI0011810,ORD003944,PRD0118,20,113.75
OI0011811,ORD003944,PRD0012,-24,114.28
OI0011812,ORD003945,PRD0118,32,113.75
OI0011813,ORD003945,PRD0071,26,189.96
OI0011814,ORD003945,PRD0126,13,35.6
OI0011815,ORD003945,PRD0140,38,180.3
OI0011816,ORD003945,PRD0011,15,190.23
OI0011817,ORD003946,PRD0040,32,179.3
OI0011818,ORD003946,PRD0024,13,87.52
OI0011819,ORD003946,PRD0133,30,216.9
OI0011820,ORD003946,PRD0006,25,140.22
OI0011821,ORD003946,PRD0046,7,105.44
OI0011822,ORD003947,PRD0108,31,29.96
OI0011823,ORD003947,PRD0070,34,225.75
OI0011824,ORD003947,PRD0023,32,138.23
OI0011825,ORD003948,PRD0144,15,190.91
OI0011826,ORD003948,PRD0106,17,22.39
OI0011827,ORD003948,PRD0072,3,230.67
OI0011828,ORD003949,PRD0116,14,227.68
OI0011829,ORD003949,PRD0021,6,92.86
OI0011830,ORD003949,PRD0036,18,191.05
OI0011831,ORD003949,PRD0100,30,36.13
OI0011832,ORD003950,PRD0142,22,15.65
OI0011833,ORD003950,PRD0104,9,165.96
OI0011834,ORD003950,PRD0019,5,188.65
OI0011835,ORD003951,PRD0008,4,87.17
OI0011836,ORD003951,PRD0088,10,54.55
OI0011837,ORD003951,PRD0009,8,38.6
OI0011838,ORD003952,PRD0124,30,45.26
OI0011839,ORD003952,PRD0135,35,148.62
OI0011840,ORD003952,PRD0091,31,175.98
OI0011841,ORD003952,PRD0003,4,72.4
OI0011842,ORD003953,PRD0085,25,63.68
OI0011843,ORD003954,PRD0019,5,188.65
OI0011844,ORD003955,PRD0121,23,231.51
OI0011845,ORD003956,PRD0003,28,72.4
OI0011846,ORD003957,PRD0145,4,92.02
OI0011847,ORD003957,PRD9999,13,104.6
OI0011848,ORD003958,PRD0094,21,30.93
OI0011849,ORD003958,PRD0134,12,26.01
OI0011850,ORD003958,PRD0085,25,63.68
OI0011851,ORD003958,PRD0001,21,115.82
OI0011852,ORD003959,PRD0059,4,201.86
OI0011853,ORD003959,PRD0105,8,220.36
OI0011854,ORD003960,PRD0041,4,74.92
OI0011855,ORD003961,PRD000,24,216.23
OI0011856,ORD003961,PRD0025,40,79.83
OI0011857,ORD003961,PRD0081,34,47.37
OI0011858,ORD003961,PRD0130,22,40.15
OI0011859,ORD003961,PRD0068,6,29.13
OI0011860,ORD003962,PRD0110,18,237.89
OI0011861,ORD003962,PRD0073,34,68.46
OI0011862,ORD003962,PRD0031,18,30.67
OI0011863,ORD003963,PRD0148,16,127.25
OI0011864,ORD003963,PRD0090,35,72.4
OI0011865,ORD003963,PRD0001,32,115.82
OI0011866,ORD003964,PRD0132,21,115.18
OI0011867,ORD003964,PRD0003,10,72.4
OI0011868,ORD003965,PRD0150,34,124.38
OI0011869,ORD003965,PRD0046,30,105.44
OI0011870,ORD003965,PRD0052,12,207.39
OI0011871,ORD003965,PRD0068,12,29.13
OI0011872,ORD003965,PRD0143,8,205.5
OI0011873,ORD003966,PRD0006,17,140.22
OI0011874,ORD003966,PRD0028,11,98.85
OI0011875,ORD003966,PRD0062,6,239.86
OI0011876,ORD003967,PRD0105,19,220.36
OI0011877,ORD003968,PRD0055,4,122.67
OI0011878,ORD003968,PRD0091,2,175.98
OI0011879,ORD003969,PRD0061,21,123.38
OI0011880,ORD003970,PRD0026,33,173.51
OI0011881,ORD003970,PRD0050,16,176.43
OI0011882,ORD003970,PRD9999,21,172.37
OI0011883,ORD003970,PRD0009,33,38.6
OI0011884,ORD003970,PRD0035,22,236.05
OI0011885,ORD003971,PRD0071,21,189.96
OI0011886,ORD003971,PRD0032,34,206.97
OI0011887,ORD003972,PRD0119,34,39.29
OI0011888,ORD003972,PRD0074,1,95.86
OI0011889,ORD003972,PRD0141,14,106.53
OI0011890,ORD003972,PRD0004,1,27.44
OI0011891,ORD003973,PRD0057,36,163.07
OI0011892,ORD003974,PRD0142,8,15.65
OI0011893,ORD003974,PRD0147,20,123.59
OI0011894,ORD003974,PRD0138,35,105.95
OI0011895,ORD003974,PRD0096,28,78.52
OI0011896,ORD003974,PRD0006,20,140.22
OI0011897,ORD003975,PRD0034,33,69.78
OI0011898,ORD003975,PRD0047,1,157.02
OI0011899,ORD003975,PRD0026,3,173.51
OI0011900,ORD003975,PRD0067,23,172.46
OI0011901,ORD003975,PRD0068,7,29.13
OI0011902,ORD003976,PRD0095,2,72.24
OI0011903,ORD003976,PRD0112,28,160.95
OI0011904,ORD003976,PRD0032,27,206.97
OI0011905,ORD003976,PRD0104,6,165.96
OI0011906,ORD003976,PRD0018,18,211.58
OI0011907,ORD003977,PRD0119,37,39.29
OI0011908,ORD003977,PRD0143,26,205.5
OI0011909,ORD003977,PRD0050,2,176.43
OI0011910,ORD003977,PRD0109,9,119.42
OI0011911,ORD003977,PRD0119,15,39.29
OI0011912,ORD003978,PRD0036,39,191.05
OI0011913,ORD003978,PRD0016,5,191.36
OI0011914,ORD003979,PRD0118,4,113.75
OI0011915,ORD003979,PRD0114,17,122.24
OI0011916,ORD003980,PRD0097,6,166.76
OI0011917,ORD003980,PRD0063,28,139.58
OI0011918,ORD003981,PRD0132,1,115.18
OI0011919,ORD003982,PRD0147,37,123.59
OI0011920,ORD003982,PRD0005,34,143.43
OI0011921,ORD003982,PRD0023,27,138.23
OI0011922,ORD003982,PRD0129,7,171.21
OI0011923,ORD003982,PRD0032,16,206.97
OI0011924,ORD003983,PRD0143,16,205.5
OI0011925,ORD003984,PRD0139,18,18.24
OI0011926,ORD003985,PRD0099,19,16.05
OI0011927,ORD003985,PRD0058,8,182.31
OI0011928,ORD003986,PRD0080,34,78.97
OI0011929,ORD003986,PRD0134,36,26.01
OI0011930,ORD003986,PRD0026,18,173.51
OI0011931,ORD003987,PRD0085,19,63.68
OI0011932,ORD003987,PRD0117,-3,90.73
OI0011933,ORD003988,PRD0126,11,35.6
OI0011934,ORD003988,PRD0120,22,91.06
OI0011935,ORD003989,PRD0078,2,105.62
OI0011936,ORD003989,PRD0003,17,72.4
OI0011937,ORD003989,PRD0046,9,105.44
OI0011938,ORD003989,PRD0008,-27,87.17
OI0011939,ORD003990,PRD0025,2,79.83
OI0011940,ORD003990,PRD0007,3,82.58
OI0011941,ORD003990,PRD0076,5,28.95
OI0011942,ORD003990,PRD9999,9,55.64
OI0011943,ORD003990,PRD0097,29,166.76
OI0011944,ORD003991,PRD0008,23,87.17
OI0011945,ORD003991,PRD0006,5,140.22
OI0011946,ORD003992,PRD0146,1,116.28
OI0011947,ORD003992,PRD0139,20,18.24
OI0011948,ORD003992,PRD0075,25,173.74
OI0011949,ORD003992,PRD0050,21,176.43
OI0011950,ORD003992,PRD0138,30,105.95
OI0011951,ORD003993,PRD0097,30,166.76
OI0011952,ORD003994,PRD0133,27,216.9
OI0011953,ORD003994,PRD0144,21,190.91
OI0011954,ORD003994,PRD0046,24,105.44
OI0011955,ORD003995,PRD0148,39,127.25
OI0011956,ORD003995,PRD0031,4,30.67
OI0011957,ORD003995,PRD0142,38,15.65
OI0011958,ORD003995,PRD0054,1,58.91
OI0011959,ORD003996,PRD0011,39,190.23
OI0011960,ORD003996,PRD0026,36,173.51
OI0011961,ORD003996,PRD0115,32,102.09
OI0011962,ORD003996,PRD0105,15,220.36
OI0011963,ORD003997,PRD0057,2,163.07
OI0011964,ORD003997,PRD999,36,207.53
OI0011965,ORD003998,PRD0140,8,180.3
OI0011966,ORD003999,PRD0034,33,69.78
OI0011967,ORD003999,PRD9999,30,69.5
OI0011968,ORD003999,PRD0039,38,41.02
OI0011969,ORD004000,PRD0042,26,34.49
OI0011970,ORD004000,PRD0050,11,176.43
OI0011971,ORD004001,PRD0050,35,176.43
OI0011972,ORD004001,PRD0039,14,41.02
OI0011973,ORD004002,PRD0017,19,191.07
OI0011974,ORD004002,PRD0003,10,72.4
OI0011975,ORD004002,PRD0142,6,15.65
OI0011976,ORD004002,PRD0066,2,106.81
OI0011977,ORD004003,PRD0038,6,222.91
OI0011978,ORD004003,PRD0086,10,218.7
OI0011979,ORD004003,PRD0130,19,40.15
OI0011980,ORD004004,PRD0029,2,203.27
OI0011981,ORD004004,PRD0016,39,191.36
OI0011982,ORD004004,PRD0108,27,29.96
OI0011983,ORD004004,PRD0136,10,5.82
OI0011984,ORD004004,PRD0034,18,69.78
OI0011985,ORD004005,PRD0039,16,41.02
OI0011986,ORD004005,PRD0134,38,26.01
OI0011987,ORD004005,PRD0062,35,239.86
OI0011988,ORD004006,PRD0132,22,115.18
OI0011989,ORD004007,PRD0018,39,211.58
OI0011990,ORD004007,PRD0082,33,109.81
OI0011991,ORD004007,PRD0144,33,190.91
OI0011992,ORD004007,PRD0088,-24,54.55
OI0011993,ORD004008,PRD0134,21,26.01
OI0011994,ORD004008,PRD0147,16,123.59
OI0011995,ORD004008,PRD0008,5,87.17
OI0011996,ORD004009,PRD0020,25,7.41
OI0011997,ORD004010,PRD0034,35,69.78
OI0011998,ORD004010,PRD0116,28,227.68
OI0011999,ORD004010,PRD0057,28,163.07
OI0012000,ORD004011,PRD0062,2,239.86
OI0012001,ORD004011,PRD0020,6,7.41
OI0012002,ORD004012,PRD0094,40,30.93
OI0012003,ORD004012,PRD0001,21,115.82
OI0012004,ORD004012,PRD0143,6,205.5
OI0012005,ORD004012,PRD0016,12,191.36
OI0012006,ORD004013,PRD0087,6,40.72
OI0012007,ORD004013,PRD0138,5,105.95
OI0012008,ORD004013,PRD0049,21,178.36
OI0012009,ORD004013,PRD0029,5,203.27
OI0012010,ORD004014,PRD0116,1,227.68
OI0012011,ORD004014,PRD0074,24,95.86
OI0012012,ORD004014,PRD0023,39,138.23
OI0012013,ORD004015,PRD0024,14,87.52
OI0012014,ORD004015,PRD0045,35,7.03
OI0012015,ORD004016,PRD0090,24,72.4
OI0012016,ORD004016,PRD0068,7,29.13
OI0012017,ORD004016,PRD0005,33,143.43
OI0012018,ORD004017,PRD0014,1,23.8
OI0012019,ORD004017,PRD0133,13,216.9
OI0012020,ORD004017,PRD0103,28,124.22
OI0012021,ORD004017,PRD0131,20,31.12
OI0012022,ORD004017,PRD0019,30,188.65
OI0012023,ORD004018,PRD0108,3,29.96
OI0012024,ORD004018,PRD0046,22,105.44
OI0012025,ORD004019,PRD0016,18,191.36
OI0012026,ORD004019,PRD0045,2,7.03
OI0012027,ORD004019,PRD0027,38,38.21
OI0012028,ORD004020,PRD0070,19,225.75
OI0012029,ORD004021,PRD0010,5,6.66
OI0012030,ORD004021,PRD0048,30,221.86
OI0012031,ORD004021,PRD0050,15,176.43
OI0012032,ORD004021,PRD0039,1,41.02
OI0012033,ORD004021,PRD0048,2,221.86
OI0012034,ORD004022,PRD0083,35,19.93
OI0012035,ORD004023,PRD0074,10,95.86
OI0012036,ORD004023,PRD0065,26,120.88
OI0012037,ORD004024,PRD0047,6,157.02
OI0012038,ORD004024,PRD0105,16,220.36
OI0012039,ORD004024,PRD0039,22,41.02
OI0012040,ORD004025,PRD0030,31,101.78
OI0012041,ORD004025,PRD0025,10,79.83
OI0012042,ORD004025,PRD0146,5,116.28
OI0012043,ORD004025,PRD0106,40,22.39
OI0012044,ORD004025,PRD0054,-25,58.91
OI0012045,ORD004026,PRD0037,28,226.8
OI0012046,ORD004026,PRD0044,11,142.63
OI0012047,ORD004026,PRD0004,2,27.44
OI0012048,ORD004026,PRD0132,7,115.18
OI0012049,ORD004027,PRD0096,18,78.52
OI0012050,ORD004027,PRD0148,25,127.25
OI0012051,ORD004027,PRD0070,2,225.75
OI0012052,ORD004028,PRD0092,13,57.63
OI0012053,ORD004028,PRD999,39,119.15
OI0012054,ORD004028,PRD0070,19,225.75
OI0012055,ORD004028,PRD0103,37,124.22
OI0012056,ORD004028,PRD0135,32,148.62
OI0012057,ORD004029,PRD0076,10,28.95
OI0012058,ORD004029,PRD0117,34,90.73
OI0012059,ORD004029,PRD0009,13,38.6
OI0012060,ORD004029,PRD0145,38,92.02
OI0012061,ORD004030,PRD0132,35,115.18
OI0012062,ORD004030,PRD0138,7,105.95
OI0012063,ORD004030,PRD0006,34,140.22
OI0012064,ORD004031,PRD0122,9,18.49
OI0012065,ORD004031,PRD0078,17,105.62
OI0012066,ORD004031,PRD0124,9,45.26
OI0012067,ORD004031,PRD0055,26,122.67
OI0012068,ORD004032,PRD0118,8,113.75
OI0012069,ORD004032,PRD0138,10,105.95
OI0012070,ORD004033,PRD0026,3,173.51
OI0012071,ORD004033,PRD0138,34,105.95
OI0012072,ORD004033,PRD0108,18,29.96
OI0012073,ORD004034,PRD0146,17,116.28
OI0012074,ORD004034,PRD0113,12,176.91
OI0012075,ORD004034,PRD0134,38,26.01
OI0012076,ORD004035,PRD0032,8,206.97
OI0012077,ORD004036,PRD0034,32,69.78
OI0012078,ORD004036,PRD0076,24,28.95
OI0012079,ORD004036,PRD0021,19,92.86
OI0012080,ORD004037,PRD0020,22,7.41
OI0012081,ORD004037,PRD0119,6,39.29
OI0012082,ORD004037,PRD0029,12,203.27
OI0012083,ORD004038,PRD0045,28,7.03
OI0012084,ORD004038,PRD0140,33,180.3
OI0012085,ORD004038,PRD0120,14,91.06
OI0012086,ORD004038,PRD0033,30,49.71
OI0012087,ORD004038,PRD0063,31,139.58
OI0012088,ORD004039,PRD0084,10,40.42
OI0012089,ORD004039,PRD0045,40,7.03
OI0012090,ORD004039,PRD0093,37,66.58
OI0012091,ORD004040,PRD0108,22,29.96
OI0012092,ORD004040,PRD0124,22,45.26
OI0012093,ORD004040,PRD0150,10,124.38
OI0012094,ORD004040,PRD0030,18,101.78
OI0012095,ORD004041,PRD0041,32,74.92
OI0012096,ORD004042,PRD0041,29,74.92
OI0012097,ORD004043,PRD0139,33,18.24
OI0012098,ORD004043,PRD0142,17,15.65
OI0012099,ORD004043,PRD0068,11,29.13
OI0012100,ORD004043,PRD0101,38,119.36
OI0012101,ORD004043,PRD0083,12,19.93
OI0012102,ORD004044,PRD0001,37,115.82
OI0012103,ORD004044,PRD0134,4,26.01
OI0012104,ORD004044,PRD0037,35,226.8
OI0012105,ORD004044,PRD0031,15,30.67
OI0012106,ORD004045,PRD0078,35,105.62
OI0012107,ORD004045,PRD0041,21,74.92
OI0012108,ORD004045,PRD0140,29,180.3
OI0012109,ORD004046,PRD0104,12,165.96
OI0012110,ORD004046,PRD0111,27,83.5
OI0012111,ORD004047,PRD0003,21,72.4
OI0012112,ORD004048,PRD0120,17,91.06
OI0012113,ORD004049,PRD0050,12,176.43
OI0012114,ORD004049,PRD0144,33,190.91
OI0012115,ORD004049,PRD0105,24,220.36
OI0012116,ORD004050,PRD0040,40,179.3
OI0012117,ORD004051,PRD0053,35,122.42
OI0012118,ORD004051,PRD0055,3,122.67
OI0012119,ORD004051,PRD0128,19,123.35
OI0012120,ORD004051,PRD0070,22,225.75
OI0012121,ORD004051,PRD0041,39,74.92
OI0012122,ORD004052,PRD0108,5,29.96
OI0012123,ORD004052,PRD0139,14,18.24
OI0012124,ORD004052,PRD0005,2,143.43
OI0012125,ORD004053,PRD0085,37,63.68
OI0012126,ORD004053,PRD0104,30,165.96
OI0012127,ORD004054,PRD0013,19,202.19
OI0012128,ORD004054,PRD0140,18,180.3
OI0012129,ORD004054,PRD0139,40,18.24
OI0012130,ORD004055,PRD0133,32,216.9
OI0012131,ORD004055,PRD0042,8,34.49
OI0012132,ORD004055,PRD0127,15,116.1
OI0012133,ORD004056,PRD0045,18,7.03
OI0012134,ORD004056,PRD0118,24,113.75
OI0012135,ORD004056,PRD0100,32,36.13
OI0012136,ORD004056,PRD0094,35,30.93
OI0012137,ORD004056,PRD0111,23,83.5
OI0012138,ORD004057,PRD0051,27,24.49
OI0012139,ORD004058,PRD0144,16,190.91
OI0012140,ORD004058,PRD0058,8,182.31
OI0012141,ORD004058,PRD0116,7,227.68
OI0012142,ORD004058,PRD0018,12,211.58
OI0012143,ORD004059,PRD0114,23,122.24
OI0012144,ORD004060,PRD0124,9,45.26
OI0012145,ORD004061,PRD0147,12,123.59
OI0012146,ORD004061,PRD0144,16,190.91
OI0012147,ORD004061,PRD0039,1,41.02
OI0012148,ORD004061,PRD0133,13,216.9
OI0012149,ORD004062,PRD0046,3,105.44
OI0012150,ORD004062,PRD0055,11,122.67
OI0012151,ORD004062,PRD0069,25,54.19
OI0012152,ORD004063,PRD0052,17,207.39
OI0012153,ORD004063,PRD9999,34,122.54
OI0012154,ORD004063,PRD000,37,178.57
OI0012155,ORD004063,PRD0106,23,22.39
OI0012156,ORD004063,PRD0077,19,121.36
OI0012157,ORD004064,PRD0016,29,191.36
OI0012158,ORD004064,PRD0072,30,230.67
OI0012159,ORD004064,PRD0128,29,123.35
OI0012160,ORD004065,PRD0102,23,215.21
OI0012161,ORD004065,PRD0037,3,226.8
OI0012162,ORD004065,PRD0034,23,69.78
OI0012163,ORD004065,PRD0103,22,124.22
OI0012164,ORD004065,PRD0077,5,121.36
OI0012165,ORD004066,PRD0110,7,237.89
OI0012166,ORD004066,PRD0040,33,179.3
OI0012167,ORD004066,PRD0036,3,191.05
OI0012168,ORD004066,PRD0060,40,47.82
OI0012169,ORD004067,PRD0065,33,120.88
OI0012170,ORD004067,PRD0133,5,216.9
OI0012171,ORD004067,PRD0050,9,176.43
OI0012172,ORD004068,PRD0149,28,233.51
OI0012173,ORD004068,PRD0016,11,191.36
OI0012174,ORD004068,PRD0138,27,105.95
OI0012175,ORD004068,PRD0068,37,29.13
OI0012176,ORD004068,PRD0087,6,40.72
OI0012177,ORD004069,PRD0140,31,180.3
OI0012178,ORD004069,PRD0082,31,109.81
OI0012179,ORD004069,PRD0015,23,31.62
OI0012180,ORD004069,PRD0016,12,191.36
OI0012181,ORD004069,PRD0084,5,40.42
OI0012182,ORD004070,PRD0145,9,92.02
OI0012183,ORD004070,PRD0095,33,72.24
OI0012184,ORD004070,PRD0070,16,225.75
OI0012185,ORD004070,PRD0040,30,179.3
OI0012186,ORD004071,PRD0028,19,98.85
OI0012187,ORD004071,PRD0063,10,139.58
OI0012188,ORD004071,PRD0132,30,115.18
OI0012189,ORD004072,PRD0093,23,66.58
OI0012190,ORD004072,PRD0001,17,115.82
OI0012191,ORD004072,PRD0150,38,124.38
OI0012192,ORD004072,PRD0061,33,123.38
OI0012193,ORD004073,PRD0006,23,140.22
OI0012194,ORD004073,PRD0004,7,27.44
OI0012195,ORD004073,PRD0129,22,171.21
OI0012196,ORD004073,PRD0105,20,220.36
OI0012197,ORD004073,PRD0047,22,157.02
OI0012198,ORD004074,PRD0089,7,150.86
OI0012199,ORD004075,PRD0073,8,68.46
OI0012200,ORD004075,PRD0011,34,190.23
OI0012201,ORD004075,PRD0008,15,87.17
OI0012202,ORD004075,PRD0054,35,58.91
OI0012203,ORD004076,PRD0078,13,105.62
OI0012204,ORD004076,PRD0050,2,176.43
OI0012205,ORD004076,PRD0015,10,31.62
OI0012206,ORD004076,PRD0042,36,34.49
OI0012207,ORD004077,PRD0068,19,29.13
OI0012208,ORD004077,PRD0011,13,190.23
OI0012209,ORD004077,PRD0015,31,31.62
OI0012210,ORD004077,PRD0045,40,7.03
OI0012211,ORD004078,PRD0150,35,124.38
OI0012212,ORD004078,PRD0049,-24,178.36
OI0012213,ORD004078,PRD0022,24,35.83
OI0012214,ORD004078,PRD0082,40,109.81
OI0012215,ORD004078,PRD0106,10,22.39
OI0012216,ORD004079,PRD0078,40,105.62
OI0012217,ORD004079,PRD0079,37,153.34
OI0012218,ORD004079,PRD0034,39,69.78
OI0012219,ORD004079,PRD0097,2,166.76
OI0012220,ORD004079,PRD0018,1,211.58
OI0012221,ORD004080,PRD0045,29,7.03
OI0012222,ORD004080,PRD0039,24,41.02
OI0012223,ORD004080,PRD0045,19,7.03
OI0012224,ORD004080,PRD0104,11,165.96
OI0012225,ORD004081,PRD0014,38,23.8
OI0012226,ORD004081,PRD0116,38,227.68
OI0012227,ORD004081,PRD0056,36,107.05
OI0012228,ORD004081,PRD0078,35,105.62
OI0012229,ORD004081,PRD000,11,78.88
OI0012230,ORD004082,PRD0147,38,123.59
OI0012231,ORD004082,PRD0091,10,175.98
OI0012232,ORD004082,PRD000,10,138.88
OI0012233,ORD004082,PRD0051,37,24.49
OI0012234,ORD004083,PRD0038,30,222.91
OI0012235,ORD004083,PRD0096,2,78.52
OI0012236,ORD004083,PRD0072,5,230.67
OI0012237,ORD004084,PRD0017,13,191.07
OI0012238,ORD004084,PRD0018,16,211.58
OI0012239,ORD004084,PRD0084,38,40.42
OI0012240,ORD004084,PRD0117,1,90.73
OI0012241,ORD004085,PRD0014,34,23.8
OI0012242,ORD004085,PRD0063,35,139.58
OI0012243,ORD004085,PRD0017,12,191.07
OI0012244,ORD004085,PRD0145,33,92.02
OI0012245,ORD004085,PRD0109,9,119.42
OI0012246,ORD004086,PRD0134,8,26.01
OI0012247,ORD004086,PRD0090,28,72.4
OI0012248,ORD004086,PRD0070,35,225.75
OI0012249,ORD004086,PRD0072,25,230.67
OI0012250,ORD004087,PRD0017,37,191.07
OI0012251,ORD004087,PRD0063,3,139.58
OI0012252,ORD004087,PRD0136,33,5.82
OI0012253,ORD004088,PRD0054,19,58.91
OI0012254,ORD004088,PRD0099,34,16.05
OI0012255,ORD004088,PRD0070,30,225.75
OI0012256,ORD004089,PRD0093,1,66.58
OI0012257,ORD004089,PRD0072,34,230.67
OI0012258,ORD004089,PRD0045,14,7.03
OI0012259,ORD004089,PRD0075,4,173.74
OI0012260,ORD004090,PRD0138,15,105.95
OI0012261,ORD004090,PRD0060,32,47.82
OI0012262,ORD004090,PRD0057,19,163.07
OI0012263,ORD004090,PRD0106,29,22.39
OI0012264,ORD004090,PRD0149,24,233.51
OI0012265,ORD004091,PRD0055,29,122.67
OI0012266,ORD004091,PRD0011,28,190.23
OI0012267,ORD004092,PRD0083,22,19.93
OI0012268,ORD004092,PRD0128,13,123.35
OI0012269,ORD004092,PRD000,35,114.38
OI0012270,ORD004092,PRD0110,31,237.89
OI0012271,ORD004092,PRD0135,18,148.62
OI0012272,ORD004093,PRD0003,37,72.4
OI0012273,ORD004094,PRD0146,5,116.28
OI0012274,ORD004095,PRD0067,39,172.46
OI0012275,ORD004095,PRD0118,33,113.75
OI0012276,ORD004095,PRD0064,17,230.86
OI0012277,ORD004095,PRD0149,4,233.51
OI0012278,ORD004095,PRD0006,18,140.22
OI0012279,ORD004096,PRD0075,24,173.74
OI0012280,ORD004097,PRD0138,32,105.95
OI0012281,ORD004097,PRD999,7,224.83
OI0012282,ORD004097,PRD0013,8,202.19
OI0012283,ORD004097,PRD0078,28,105.62
OI0012284,ORD004097,PRD0103,37,124.22
OI0012285,ORD004098,PRD0133,24,216.9
OI0012286,ORD004098,PRD000,4,188.21
OI0012287,ORD004098,PRD0115,19,102.09
OI0012288,ORD004098,PRD0085,4,63.68
OI0012289,ORD004099,PRD0028,22,98.85
OI0012290,ORD004100,PRD0119,8,39.29
OI0012291,ORD004100,PRD0104,7,165.96
OI0012292,ORD004100,PRD0014,6,23.8
OI0012293,ORD004100,PRD0135,8,148.62
OI0012294,ORD004100,PRD0146,7,116.28
OI0012295,ORD004101,PRD0104,25,165.96
OI0012296,ORD004101,PRD0044,11,142.63
OI0012297,ORD004101,PRD0108,36,29.96
OI0012298,ORD004102,PRD0050,1,176.43
OI0012299,ORD004102,PRD0033,9,49.71
OI0012300,ORD004103,PRD0078,9,105.62
OI0012301,ORD004103,PRD0096,7,78.52
OI0012302,ORD004103,PRD0095,7,72.24
OI0012303,ORD004104,PRD0112,4,160.95
OI0012304,ORD004104,PRD0032,16,206.97
OI0012305,ORD004104,PRD0044,35,142.63
OI0012306,ORD004105,PRD0005,17,143.43
OI0012307,ORD004105,PRD0126,26,35.6
OI0012308,ORD004106,PRD0121,11,231.51
OI0012309,ORD004106,PRD0063,22,139.58
OI0012310,ORD004106,PRD0029,1,203.27
OI0012311,ORD004106,PRD0076,33,28.95
OI0012312,ORD004106,PRD0079,2,153.34
OI0012313,ORD004107,PRD0134,10,26.01
OI0012314,ORD004107,PRD0008,22,87.17
OI0012315,ORD004108,PRD0046,28,105.44
OI0012316,ORD004108,PRD0094,40,30.93
OI0012317,ORD004108,PRD0039,36,41.02
OI0012318,ORD004108,PRD0097,33,166.76
OI0012319,ORD004108,PRD0078,31,105.62
OI0012320,ORD004109,PRD0104,14,165.96
OI0012321,ORD004109,PRD0114,31,122.24
OI0012322,ORD004109,PRD0001,7,115.82
OI0012323,ORD004109,PRD0101,17,119.36
OI0012324,ORD004109,PRD0014,37,23.8
OI0012325,ORD004110,PRD0098,-19,38.66
OI0012326,ORD004110,PRD0111,40,83.5
OI0012327,ORD004111,PRD0048,5,221.86
OI0012328,ORD004111,PRD0065,31,120.88
OI0012329,ORD004111,PRD0102,32,215.21
OI0012330,ORD004111,PRD0150,27,124.38
OI0012331,ORD004111,PRD0052,35,207.39
OI0012332,ORD004112,PRD0023,18,138.23
OI0012333,ORD004112,PRD0149,18,233.51
OI0012334,ORD004112,PRD0122,20,18.49
OI0012335,ORD004113,PRD0075,2,173.74
OI0012336,ORD004113,PRD0011,7,190.23
OI0012337,ORD004113,PRD0057,35,163.07
OI0012338,ORD004113,PRD0015,19,31.62
OI0012339,ORD004113,PRD0070,21,225.75
OI0012340,ORD004114,PRD0121,2,231.51
OI0012341,ORD004115,PRD0061,14,123.38
OI0012342,ORD004116,PRD0130,34,40.15
OI0012343,ORD004116,PRD0074,8,95.86
OI0012344,ORD004116,PRD0080,40,78.97
OI0012345,ORD004117,PRD0140,12,180.3
OI0012346,ORD004117,PRD0104,2,165.96
OI0012347,ORD004118,PRD0064,30,230.86
OI0012348,ORD004118,PRD0110,1,237.89
OI0012349,ORD004118,PRD0026,40,173.51
OI0012350,ORD004118,PRD0017,30,191.07
OI0012351,ORD004119,PRD0132,16,115.18
OI0012352,ORD004120,PRD999,38,114.64
OI0012353,ORD004120,PRD0120,12,91.06
OI0012354,ORD004120,PRD0015,2,31.62
OI0012355,ORD004120,PRD0039,7,41.02
OI0012356,ORD004120,PRD0115,17,102.09
OI0012357,ORD004121,PRD0040,24,179.3
OI0012358,ORD004121,PRD0142,23,15.65
OI0012359,ORD004121,PRD0004,14,27.44
OI0012360,ORD004121,PRD0035,21,236.05
OI0012361,ORD004121,PRD0014,9,23.8
OI0012362,ORD004122,PRD0019,-27,188.65
OI0012363,ORD004122,PRD0052,7,207.39
OI0012364,ORD004122,PRD0066,15,106.81
OI0012365,ORD004123,PRD0145,27,92.02
OI0012366,ORD004124,PRD0057,23,163.07
OI0012367,ORD004124,PRD0045,40,7.03
OI0012368,ORD004124,PRD0092,11,57.63
OI0012369,ORD004124,PRD0033,24,49.71
OI0012370,ORD004124,PRD0119,11,39.29
OI0012371,ORD004125,PRD9999,2,83.37
OI0012372,ORD004125,PRD0080,18,78.97
OI0012373,ORD004125,PRD0107,10,140.4
OI0012374,ORD004125,PRD0104,40,165.96
OI0012375,ORD004126,PRD0121,7,231.51
OI0012376,ORD004126,PRD0007,25,82.58
OI0012377,ORD004126,PRD0097,39,166.76
OI0012378,ORD004127,PRD0014,3,23.8
OI0012379,ORD004127,PRD0012,26,114.28
OI0012380,ORD004127,PRD0063,26,139.58
OI0012381,ORD004127,PRD0123,30,236.61
OI0012382,ORD004127,PRD0037,10,226.8
OI0012383,ORD004128,PRD0015,22,31.62
OI0012384,ORD004128,PRD0007,15,82.58
OI0012385,ORD004128,PRD0147,28,123.59
OI0012386,ORD004129,PRD0072,27,230.67
OI0012387,ORD004129,PRD0078,5,105.62
OI0012388,ORD004129,PRD0079,26,153.34
OI0012389,ORD004129,PRD0075,31,173.74
OI0012390,ORD004130,PRD0126,12,35.6
OI0012391,ORD004131,PRD0036,20,191.05
OI0012392,ORD004131,PRD0084,35,40.42
OI0012393,ORD004131,PRD0040,7,179.3
OI0012394,ORD004131,PRD0043,36,154.31
OI0012395,ORD004132,PRD0012,19,114.28
OI0012396,ORD004132,PRD0034,2,69.78
OI0012397,ORD004132,PRD0049,14,178.36
OI0012398,ORD004133,PRD0108,27,29.96
OI0012399,ORD004133,PRD0035,38,236.05
OI0012400,ORD004133,PRD0131,15,31.12
OI0012401,ORD004133,PRD0072,39,230.67
OI0012402,ORD004133,PRD0129,29,171.21
OI0012403,ORD004134,PRD0060,38,47.82
OI0012404,ORD004135,PRD0069,37,54.19
OI0012405,ORD004135,PRD0133,37,216.9
OI0012406,ORD004135,PRD0088,2,54.55
OI0012407,ORD004136,PRD0147,8,123.59
OI0012408,ORD004136,PRD0042,25,34.49
OI0012409,ORD004136,PRD0106,7,22.39
OI0012410,ORD004136,PRD0046,29,105.44
OI0012411,ORD004136,PRD0145,38,92.02
OI0012412,ORD004137,PRD0001,14,115.82
OI0012413,ORD004137,PRD0007,23,82.58
OI0012414,ORD004137,PRD0088,31,54.55
OI0012415,ORD004137,PRD0134,4,26.01
OI0012416,ORD004137,PRD0006,16,140.22
OI0012417,ORD004138,PRD0079,24,153.34
OI0012418,ORD004138,PRD0081,3,47.37
OI0012419,ORD004138,PRD0014,36,23.8
OI0012420,ORD004138,PRD0098,30,38.66
OI0012421,ORD004138,PRD0052,13,207.39
OI0012422,ORD004139,PRD0063,9,139.58
OI0012423,ORD004139,PRD0149,17,233.51
OI0012424,ORD004140,PRD0138,23,105.95
OI0012425,ORD004140,PRD0075,8,173.74
OI0012426,ORD004140,PRD0142,8,15.65
OI0012427,ORD004140,PRD0125,-18,149.25
OI0012428,ORD004141,PRD0147,25,123.59
OI0012429,ORD004141,PRD0144,16,190.91
OI0012430,ORD004141,PRD0106,12,22.39
OI0012431,ORD004141,PRD0138,11,105.95
OI0012432,ORD004142,PRD0080,2,78.97
OI0012433,ORD004142,PRD0100,7,36.13
OI0012434,ORD004142,PRD0063,18,139.58
OI0012435,ORD004142,PRD0132,35,115.18
OI0012436,ORD004143,PRD0096,2,78.52
OI0012437,ORD004143,PRD0042,4,34.49
OI0012438,ORD004144,PRD0044,34,142.63
OI0012439,ORD004144,PRD0093,28,66.58
OI0012440,ORD004144,PRD0108,33,29.96
OI0012441,ORD004144,PRD0150,40,124.38
OI0012442,ORD004144,PRD0127,39,116.1
OI0012443,ORD004145,PRD0039,31,41.02
OI0012444,ORD004145,PRD0059,9,201.86
OI0012445,ORD004145,PRD0084,15,40.42
OI0012446,ORD004145,PRD0144,39,190.91
OI0012447,ORD004145,PRD0068,15,29.13
OI0012448,ORD004146,PRD0128,25,123.35
OI0012449,ORD004146,PRD0118,20,113.75
OI0012450,ORD004147,PRD0080,15,78.97
OI0012451,ORD004147,PRD0026,31,173.51
OI0012452,ORD004147,PRD0019,6,188.65
OI0012453,ORD004147,PRD0070,5,225.75
OI0012454,ORD004147,PRD0138,8,105.95
OI0012455,ORD004148,PRD0023,26,138.23
OI0012456,ORD004148,PRD0129,38,171.21
OI0012457,ORD004148,PRD0149,14,233.51
OI0012458,ORD004149,PRD0021,36,92.86
OI0012459,ORD004149,PRD0036,16,191.05
OI0012460,ORD004149,PRD0011,23,190.23
OI0012461,ORD004149,PRD0028,5,98.85
OI0012462,ORD004149,PRD0023,37,138.23
OI0012463,ORD004150,PRD0116,25,227.68
OI0012464,ORD004151,PRD0129,19,171.21
OI0012465,ORD004151,PRD0129,30,171.21
OI0012466,ORD004151,PRD0096,9,78.52
OI0012467,ORD004152,PRD0105,32,220.36
OI0012468,ORD004152,PRD0141,20,106.53
OI0012469,ORD004152,PRD0131,25,31.12
OI0012470,ORD004152,PRD0085,34,63.68
OI0012471,ORD004153,PRD0042,25,34.49
OI0012472,ORD004154,PRD0112,35,160.95
OI0012473,ORD004154,PRD0010,4,6.66
OI0012474,ORD004154,PRD0094,34,30.93
OI0012475,ORD004155,PRD0135,24,148.62
OI0012476,ORD004155,PRD0056,35,107.05
OI0012477,ORD004156,PRD0148,14,127.25
OI0012478,ORD004156,PRD0011,22,190.23
OI0012479,ORD004156,PRD0020,37,7.41
OI0012480,ORD004156,PRD0022,7,35.83
OI0012481,ORD004157,PRD0051,39,24.49
OI0012482,ORD004157,PRD0083,25,19.93
OI0012483,ORD004158,PRD0097,32,166.76
OI0012484,ORD004158,PRD0101,36,119.36
OI0012485,ORD004158,PRD0022,18,35.83
OI0012486,ORD004158,PRD0103,-6,124.22
OI0012487,ORD004158,PRD0028,25,98.85
OI0012488,ORD004159,PRD0034,39,69.78
OI0012489,ORD004159,PRD0070,18,225.75
OI0012490,ORD004159,PRD0013,40,202.19
OI0012491,ORD004159,PRD0042,16,34.49
OI0012492,ORD004159,PRD0082,12,109.81
OI0012493,ORD004160,PRD0003,26,72.4
OI0012494,ORD004160,PRD0017,5,191.07
OI0012495,ORD004160,PRD0143,13,205.5
OI0012496,ORD004161,PRD0032,14,206.97
OI0012497,ORD004161,PRD0098,26,38.66
OI0012498,ORD004161,PRD0010,27,6.66
OI0012499,ORD004161,PRD0144,15,190.91
OI0012500,ORD004162,PRD0064,22,230.86
OI0012501,ORD004163,PRD0135,5,148.62
OI0012502,ORD004163,PRD0103,22,124.22
OI0012503,ORD004163,PRD0096,14,78.52
OI0012504,ORD004164,PRD0120,14,91.06
OI0012505,ORD004164,PRD0043,29,154.31
OI0012506,ORD004164,PRD0150,24,124.38
OI0012507,ORD004165,PRD0031,33,30.67
OI0012508,ORD004165,PRD0125,31,149.25
OI0012509,ORD004165,PRD0147,7,123.59
OI0012510,ORD004165,PRD0051,40,24.49
OI0012511,ORD004165,PRD0045,10,7.03
OI0012512,ORD004166,PRD0015,7,31.62
OI0012513,ORD004166,PRD0007,3,82.58
OI0012514,ORD004166,PRD0031,30,30.67
OI0012515,ORD004166,PRD0016,5,191.36
OI0012516,ORD004166,PRD0120,37,91.06
OI0012517,ORD004167,PRD0045,32,7.03
OI0012518,ORD004167,PRD0047,5,157.02
OI0012519,ORD004168,PRD0071,36,189.96
OI0012520,ORD004168,PRD0036,26,191.05
OI0012521,ORD004168,PRD0075,37,173.74
OI0012522,ORD004168,PRD0130,40,40.15
OI0012523,ORD004168,PRD0004,8,27.44
OI0012524,ORD004169,PRD0099,24,16.05
OI0012525,ORD004169,PRD0070,11,225.75
OI0012526,ORD004169,PRD0107,13,140.4
OI0012527,ORD004169,PRD0134,39,26.01
OI0012528,ORD004170,PRD0032,12,206.97
OI0012529,ORD004170,PRD0117,18,90.73
OI0012530,ORD004171,PRD0039,33,41.02
OI0012531,ORD004171,PRD0136,38,5.82
OI0012532,ORD004171,PRD0061,19,123.38
OI0012533,ORD004171,PRD0126,3,35.6
OI0012534,ORD004172,PRD0015,31,31.62
OI0012535,ORD004172,PRD0097,26,166.76
OI0012536,ORD004172,PRD0022,11,35.83
OI0012537,ORD004173,PRD0032,-34,206.97
OI0012538,ORD004173,PRD0132,19,115.18
OI0012539,ORD004173,PRD0141,15,106.53
OI0012540,ORD004173,PRD0096,16,78.52
OI0012541,ORD004173,PRD0134,27,26.01
OI0012542,ORD004174,PRD0123,-21,236.61
OI0012543,ORD004174,PRD0120,37,91.06
OI0012544,ORD004174,PRD0115,28,102.09
OI0012545,ORD004174,PRD0062,8,239.86
OI0012546,ORD004175,PRD0022,26,35.83
OI0012547,ORD004176,PRD0025,39,79.83
OI0012548,ORD004176,PRD0133,32,216.9
OI0012549,ORD004176,PRD0142,36,15.65
OI0012550,ORD004176,PRD0147,24,123.59
OI0012551,ORD004176,PRD0086,11,218.7
OI0012552,ORD004177,PRD0007,33,82.58
OI0012553,ORD004177,PRD0117,32,90.73
OI0012554,ORD004177,PRD0087,35,40.72
OI0012555,ORD004177,PRD0132,16,115.18
OI0012556,ORD004177,PRD0112,27,160.95
OI0012557,ORD004178,PRD0136,7,5.82
OI0012558,ORD004178,PRD0103,7,124.22
OI0012559,ORD004178,PRD0006,24,140.22
OI0012560,ORD004178,PRD0020,27,7.41
OI0012561,ORD004178,PRD0142,3,15.65
OI0012562,ORD004179,PRD0055,32,122.67
OI0012563,ORD004179,PRD0026,21,173.51
OI0012564,ORD004179,PRD0026,9,173.51
OI0012565,ORD004179,PRD0093,33,66.58
OI0012566,ORD004179,PRD0062,19,239.86
OI0012567,ORD004180,PRD0117,3,90.73
OI0012568,ORD004181,PRD0029,23,203.27
OI0012569,ORD004181,PRD0119,13,39.29
OI0012570,ORD004181,PRD0045,15,7.03
OI0012571,ORD004182,PRD0108,19,29.96
OI0012572,ORD004182,PRD0088,9,54.55
OI0012573,ORD004183,PRD0067,39,172.46
OI0012574,ORD004183,PRD0029,18,203.27
OI0012575,ORD004183,PRD0127,15,116.1
OI0012576,ORD004183,PRD0089,2,150.86
OI0012577,ORD004183,PRD0103,39,124.22
OI0012578,ORD004184,PRD0007,24,82.58
OI0012579,ORD004184,PRD0116,4,227.68
OI0012580,ORD004184,PRD0149,4,233.51
OI0012581,ORD004184,PRD0126,35,35.6
OI0012582,ORD004185,PRD0005,16,143.43
OI0012583,ORD004185,PRD0105,7,220.36
OI0012584,ORD004186,PRD0132,9,115.18
OI0012585,ORD004186,PRD0034,33,69.78
OI0012586,ORD004186,PRD0040,20,179.3
OI0012587,ORD004187,PRD0126,6,35.6
OI0012588,ORD004187,PRD0054,39,58.91
OI0012589,ORD004187,PRD0079,6,153.34
OI0012590,ORD004187,PRD0076,7,28.95
OI0012591,ORD004187,PRD0109,23,119.42
OI0012592,ORD004188,PRD0082,40,109.81
OI0012593,ORD004188,PRD0013,35,202.19
OI0012594,ORD004188,PRD0028,14,98.85
OI0012595,ORD004188,PRD0080,4,78.97
OI0012596,ORD004188,PRD0115,7,102.09
OI0012597,ORD004189,PRD0071,6,189.96
OI0012598,ORD004189,PRD0084,37,40.42
OI0012599,ORD004189,PRD0131,28,31.12
OI0012600,ORD004189,PRD0009,10,38.6
OI0012601,ORD004189,PRD0136,13,5.82
OI0012602,ORD004190,PRD0083,27,19.93
OI0012603,ORD004191,PRD0006,29,140.22
OI0012604,ORD004191,PRD0051,25,24.49
OI0012605,ORD004191,PRD0038,10,222.91
OI0012606,ORD004191,PRD0019,8,188.65
OI0012607,ORD004192,PRD0144,25,190.91
OI0012608,ORD004192,PRD0008,8,87.17
OI0012609,ORD004193,PRD0080,12,78.97
OI0012610,ORD004193,PRD0001,6,115.82
OI0012611,ORD004194,PRD0019,27,188.65
OI0012612,ORD004195,PRD0030,35,101.78
OI0012613,ORD004195,PRD0118,26,113.75
OI0012614,ORD004195,PRD0069,9,54.19
OI0012615,ORD004195,PRD0038,9,222.91
OI0012616,ORD004196,PRD0033,26,49.71
OI0012617,ORD004197,PRD0087,17,40.72
OI0012618,ORD004197,PRD0116,32,227.68
OI0012619,ORD004197,PRD0069,28,54.19
OI0012620,ORD004197,PRD0056,8,107.05
OI0012621,ORD004197,PRD0094,2,30.93
OI0012622,ORD004198,PRD0022,15,35.83
OI0012623,ORD004198,PRD0109,9,119.42
OI0012624,ORD004198,PRD0074,39,95.86
OI0012625,ORD004198,PRD0126,32,35.6
OI0012626,ORD004198,PRD0114,33,122.24
OI0012627,ORD004199,PRD0005,16,143.43
OI0012628,ORD004199,PRD0132,27,115.18
OI0012629,ORD004200,PRD0040,10,179.3
OI0012630,ORD004200,PRD0004,32,27.44
OI0012631,ORD004200,PRD0114,7,122.24
OI0012632,ORD004200,PRD0014,37,23.8
OI0012633,ORD004200,PRD0044,22,142.63
OI0012634,ORD004201,PRD0066,33,106.81
OI0012635,ORD004202,PRD0107,4,140.4
OI0012636,ORD004202,PRD0139,29,18.24
OI0012637,ORD004202,PRD0037,22,226.8
OI0012638,ORD004202,PRD0126,10,35.6
OI0012639,ORD004203,PRD0101,9,119.36
OI0012640,ORD004203,PRD0145,-32,92.02
OI0012641,ORD004204,PRD0117,9,90.73
OI0012642,ORD004204,PRD0002,23,172.3
OI0012643,ORD004204,PRD0132,26,115.18
OI0012644,ORD004204,PRD0116,38,227.68
OI0012645,ORD004204,PRD0086,14,218.7
OI0012646,ORD004205,PRD0122,8,18.49
OI0012647,ORD004205,PRD0011,6,190.23
OI0012648,ORD004205,PRD0092,34,57.63
OI0012649,ORD004205,PRD0011,23,190.23
OI0012650,ORD004205,PRD0048,35,221.86
OI0012651,ORD004206,PRD0136,33,5.82
OI0012652,ORD004206,PRD0064,20,230.86
OI0012653,ORD004207,PRD0107,34,140.4
OI0012654,ORD004207,PRD0036,15,191.05
OI0012655,ORD004207,PRD0030,27,101.78
OI0012656,ORD004207,PRD0083,19,19.93
OI0012657,ORD004207,PRD0147,14,123.59
OI0012658,ORD004208,PRD0046,8,105.44
OI0012659,ORD004209,PRD0056,32,107.05
OI0012660,ORD004209,PRD0047,1,157.02
OI0012661,ORD004209,PRD0134,15,26.01
OI0012662,ORD004209,PRD0076,17,28.95
OI0012663,ORD004209,PRD0134,31,26.01
OI0012664,ORD004210,PRD0028,29,98.85
OI0012665,ORD004210,PRD0007,24,82.58
OI0012666,ORD004210,PRD0063,22,139.58
OI0012667,ORD004210,PRD0047,12,157.02
OI0012668,ORD004211,PRD0105,1,220.36
OI0012669,ORD004211,PRD0085,10,63.68
OI0012670,ORD004211,PRD0141,35,106.53
OI0012671,ORD004211,PRD0079,28,153.34
OI0012672,ORD004211,PRD0100,8,36.13
OI0012673,ORD004212,PRD0029,17,203.27
OI0012674,ORD004213,PRD0136,17,5.82
OI0012675,ORD004213,PRD0131,20,31.12
OI0012676,ORD004214,PRD0125,28,149.25
OI0012677,ORD004214,PRD0136,20,5.82
OI0012678,ORD004215,PRD0079,19,153.34
OI0012679,ORD004215,PRD0012,7,114.28
OI0012680,ORD004215,PRD0092,38,57.63
OI0012681,ORD004215,PRD0139,6,18.24
OI0012682,ORD004215,PRD0059,35,201.86
OI0012683,ORD004216,PRD0111,35,83.5
OI0012684,ORD004216,PRD0135,34,148.62
OI0012685,ORD004216,PRD0100,2,36.13
OI0012686,ORD004217,PRD0021,29,92.86
OI0012687,ORD004217,PRD0028,39,98.85
OI0012688,ORD004217,PRD0132,15,115.18
OI0012689,ORD004217,PRD0059,3,201.86
OI0012690,ORD004218,PRD0145,19,92.02
OI0012691,ORD004219,PRD0005,13,143.43
OI0012692,ORD004219,PRD0063,29,139.58
OI0012693,ORD004219,PRD0082,22,109.81
OI0012694,ORD004219,PRD0078,39,105.62
OI0012695,ORD004219,PRD0127,6,116.1
OI0012696,ORD004220,PRD0038,8,222.91
OI0012697,ORD004220,PRD0023,13,138.23
OI0012698,ORD004220,PRD0015,34,31.62
OI0012699,ORD004221,PRD0013,7,202.19
OI0012700,ORD004221,PRD0134,23,26.01
OI0012701,ORD004221,PRD0137,19,60.23
OI0012702,ORD004221,PRD0025,13,79.83
OI0012703,ORD004221,PRD0076,16,28.95
OI0012704,ORD004222,PRD0027,16,38.21
OI0012705,ORD004222,PRD0121,18,231.51
OI0012706,ORD004223,PRD0048,29,221.86
OI0012707,ORD004223,PRD0143,26,205.5
OI0012708,ORD004223,PRD0074,6,95.86
OI0012709,ORD004223,PRD0059,39,201.86
OI0012710,ORD004223,PRD0103,26,124.22
OI0012711,ORD004224,PRD0111,10,83.5
OI0012712,ORD004224,PRD0004,2,27.44
OI0012713,ORD004224,PRD0097,14,166.76
OI0012714,ORD004225,PRD0035,13,236.05
OI0012715,ORD004225,PRD0056,14,107.05
OI0012716,ORD004225,PRD0050,15,176.43
OI0012717,ORD004225,PRD0002,35,172.3
OI0012718,ORD004225,PRD0127,40,116.1
OI0012719,ORD004226,PRD0006,2,140.22
OI0012720,ORD004226,PRD0079,23,153.34
OI0012721,ORD004226,PRD0017,5,191.07
OI0012722,ORD004226,PRD0031,19,30.67
OI0012723,ORD004226,PRD0097,2,166.76
OI0012724,ORD004227,PRD0017,19,191.07
OI0012725,ORD004228,PRD0149,13,233.51
OI0012726,ORD004228,PRD0131,1,31.12
OI0012727,ORD004228,PRD0044,1,142.63
OI0012728,ORD004228,PRD0011,29,190.23
OI0012729,ORD004228,PRD0098,40,38.66
OI0012730,ORD004229,PRD0023,29,138.23
OI0012731,ORD004229,PRD0072,32,230.67
OI0012732,ORD004230,PRD0143,15,205.5
OI0012733,ORD004231,PRD0092,1,57.63
OI0012734,ORD004231,PRD0105,19,220.36
OI0012735,ORD004231,PRD0037,7,226.8
OI0012736,ORD004231,PRD0031,21,30.67
OI0012737,ORD004232,PRD0099,8,16.05
OI0012738,ORD004232,PRD0130,22,40.15
OI0012739,ORD004232,PRD0119,18,39.29
OI0012740,ORD004232,PRD0044,16,142.63
OI0012741,ORD004232,PRD0064,29,230.86
OI0012742,ORD004233,PRD0033,34,49.71
OI0012743,ORD004233,PRD0023,10,138.23
OI0012744,ORD004234,PRD0022,11,35.83
OI0012745,ORD004235,PRD0114,20,122.24
OI0012746,ORD004235,PRD0021,37,92.86
OI0012747,ORD004236,PRD0126,22,35.6
OI0012748,ORD004236,PRD0083,3,19.93
OI0012749,ORD004236,PRD0115,31,102.09
OI0012750,ORD004236,PRD0142,-1,15.65
OI0012751,ORD004236,PRD0146,31,116.28
OI0012752,ORD004237,PRD0122,21,18.49
OI0012753,ORD004237,PRD0061,3,123.38
OI0012754,ORD004237,PRD0094,4,30.93
OI0012755,ORD004237,PRD0107,8,140.4
OI0012756,ORD004238,PRD0079,7,153.34
OI0012757,ORD004238,PRD0005,3,143.43
OI0012758,ORD004239,PRD0087,35,40.72
OI0012759,ORD004239,PRD0018,7,211.58
OI0012760,ORD004240,PRD0010,29,6.66
OI0012761,ORD004241,PRD0082,34,109.81
OI0012762,ORD004241,PRD0149,32,233.51
OI0012763,ORD004241,PRD0010,32,6.66
OI0012764,ORD004241,PRD000,26,181.82
OI0012765,ORD004242,PRD0036,10,191.05
OI0012766,ORD004243,PRD0098,29,38.66
OI0012767,ORD004244,PRD0028,21,98.85
OI0012768,ORD004244,PRD0019,5,188.65
OI0012769,ORD004245,PRD0112,32,160.95
OI0012770,ORD004246,PRD0096,2,78.52
OI0012771,ORD004247,PRD0043,18,154.31
OI0012772,ORD004247,PRD0104,27,165.96
OI0012773,ORD004247,PRD0128,36,123.35
OI0012774,ORD004248,PRD0093,16,66.58
OI0012775,ORD004248,PRD0033,27,49.71
OI0012776,ORD004249,PRD0139,12,18.24
OI0012777,ORD004250,PRD0090,40,72.4
OI0012778,ORD004250,PRD0034,31,69.78
OI0012779,ORD004250,PRD0059,29,201.86
OI0012780,ORD004250,PRD0096,-20,78.52
OI0012781,ORD004250,PRD0123,17,236.61
OI0012782,ORD004251,PRD0029,7,203.27
OI0012783,ORD004252,PRD0109,6,119.42
OI0012784,ORD004252,PRD0107,38,140.4
OI0012785,ORD004252,PRD0025,22,79.83
OI0012786,ORD004252,PRD0062,12,239.86
OI0012787,ORD004253,PRD0104,19,165.96
OI0012788,ORD004253,PRD0121,26,231.51
OI0012789,ORD004253,PRD0054,9,58.91
OI0012790,ORD004253,PRD0023,22,138.23
OI0012791,ORD004253,PRD0016,27,191.36
OI0012792,ORD004254,PRD0116,39,227.68
OI0012793,ORD004254,PRD0005,23,143.43
OI0012794,ORD004255,PRD0059,13,201.86
OI0012795,ORD004255,PRD0030,12,101.78
OI0012796,ORD004255,PRD0107,37,140.4
OI0012797,ORD004255,PRD0027,1,38.21
OI0012798,ORD004256,PRD0118,3,113.75
OI0012799,ORD004257,PRD0057,23,163.07
OI0012800,ORD004257,PRD0090,25,72.4
OI0012801,ORD004258,PRD0015,13,31.62
OI0012802,ORD004258,PRD0018,27,211.58
OI0012803,ORD004258,PRD0137,3,60.23
OI0012804,ORD004259,PRD0100,22,36.13
OI0012805,ORD004259,PRD0062,22,239.86
OI0012806,ORD004259,PRD0036,14,191.05
OI0012807,ORD004259,PRD0124,14,45.26
OI0012808,ORD004260,PRD0041,24,74.92
OI0012809,ORD004260,PRD0109,23,119.42
OI0012810,ORD004260,PRD0088,35,54.55
OI0012811,ORD004260,PRD0073,32,68.46
OI0012812,ORD004261,PRD0032,5,206.97
OI0012813,ORD004262,PRD0109,9,119.42
OI0012814,ORD004263,PRD0121,10,231.51
OI0012815,ORD004263,PRD0056,28,107.05
OI0012816,ORD004263,PRD0002,14,172.3
OI0012817,ORD004263,PRD0126,14,35.6
OI0012818,ORD004264,PRD0036,21,191.05
OI0012819,ORD004265,PRD0090,3,72.4
OI0012820,ORD004265,PRD0028,31,98.85
OI0012821,ORD004266,PRD0147,23,123.59
OI0012822,ORD004267,PRD0122,19,18.49
OI0012823,ORD004267,PRD000,9,168.13
OI0012824,ORD004268,PRD0103,15,124.22
OI0012825,ORD004268,PRD0098,27,38.66
OI0012826,ORD004268,PRD0089,25,150.86
OI0012827,ORD004268,PRD0095,29,72.24
OI0012828,ORD004268,PRD0084,23,40.42
OI0012829,ORD004269,PRD0107,32,140.4
OI0012830,ORD004269,PRD0144,7,190.91
OI0012831,ORD004270,PRD0125,21,149.25
OI0012832,ORD004270,PRD0105,30,220.36
OI0012833,ORD004270,PRD0124,2,45.26
OI0012834,ORD004270,PRD0051,26,24.49
OI0012835,ORD004271,PRD0014,34,23.8
OI0012836,ORD004271,PRD0079,32,153.34
OI0012837,ORD004271,PRD0051,11,24.49
OI0012838,ORD004271,PRD0092,17,57.63
OI0012839,ORD004272,PRD0038,7,222.91
OI0012840,ORD004272,PRD0129,-5,171.21
OI0012841,ORD004273,PRD999,26,158.8
OI0012842,ORD004273,PRD0124,32,45.26
OI0012843,ORD004273,PRD0113,11,176.91
OI0012844,ORD004274,PRD0038,39,222.91
OI0012845,ORD004274,PRD0096,23,78.52
OI0012846,ORD004274,PRD0096,4,78.52
OI0012847,ORD004275,PRD0033,1,49.71
OI0012848,ORD004275,PRD0119,25,39.29
OI0012849,ORD004275,PRD0079,37,153.34
OI0012850,ORD004275,PRD0131,38,31.12
OI0012851,ORD004276,PRD0120,26,91.06
OI0012852,ORD004277,PRD0010,19,6.66
OI0012853,ORD004277,PRD0143,40,205.5
OI0012854,ORD004277,PRD0076,-28,28.95
OI0012855,ORD004277,PRD0036,14,191.05
OI0012856,ORD004278,PRD0021,21,92.86
OI0012857,ORD004279,PRD0036,26,191.05
OI0012858,ORD004279,PRD0032,33,206.97
OI0012859,ORD004280,PRD0077,33,121.36
OI0012860,ORD004280,PRD0146,37,116.28
OI0012861,ORD004280,PRD0051,18,24.49
OI0012862,ORD004281,PRD0140,21,180.3
OI0012863,ORD004282,PRD0053,39,122.42
OI0012864,ORD004282,PRD0093,9,66.58
OI0012865,ORD004282,PRD0018,25,211.58
OI0012866,ORD004282,PRD0036,30,191.05
OI0012867,ORD004282,PRD0026,19,173.51
OI0012868,ORD004283,PRD0139,1,18.24
OI0012869,ORD004283,PRD0037,18,226.8
OI0012870,ORD004284,PRD0020,7,7.41
OI0012871,ORD004284,PRD0143,16,205.5
OI0012872,ORD004284,PRD0006,11,140.22
OI0012873,ORD004285,PRD0011,31,190.23
OI0012874,ORD004285,PRD0104,32,165.96
OI0012875,ORD004285,PRD0062,40,239.86
OI0012876,ORD004286,PRD0115,29,102.09
OI0012877,ORD004286,PRD0064,10,230.86
OI0012878,ORD004286,PRD0109,1,119.42
OI0012879,ORD004287,PRD0142,34,15.65
OI0012880,ORD004287,PRD0136,2,5.82
OI0012881,ORD004288,PRD0034,10,69.78
OI0012882,ORD004288,PRD0147,24,123.59
OI0012883,ORD004289,PRD0051,22,24.49
OI0012884,ORD004289,PRD0053,40,122.42
OI0012885,ORD004290,PRD0083,13,19.93
OI0012886,ORD004290,PRD0054,35,58.91
OI0012887,ORD004291,PRD0031,8,30.67
OI0012888,ORD004291,PRD0129,14,171.21
OI0012889,ORD004292,PRD0064,15,230.86
OI0012890,ORD004292,PRD0075,24,173.74
OI0012891,ORD004292,PRD0110,3,237.89
OI0012892,ORD004292,PRD0005,37,143.43
OI0012893,ORD004293,PRD0056,33,107.05
OI0012894,ORD004293,PRD0102,16,215.21
OI0012895,ORD004294,PRD0056,36,107.05
OI0012896,ORD004294,PRD0126,21,35.6
OI0012897,ORD004294,PRD0009,11,38.6
OI0012898,ORD004294,PRD0014,13,23.8
OI0012899,ORD004294,PRD0092,38,57.63
OI0012900,ORD004295,PRD0069,25,54.19
OI0012901,ORD004295,PRD0142,38,15.65
OI0012902,ORD004296,PRD0068,12,29.13
OI0012903,ORD004296,PRD0034,3,69.78
OI0012904,ORD004297,PRD0055,10,122.67
OI0012905,ORD004297,PRD0102,1,215.21
OI0012906,ORD004298,PRD0132,21,115.18
OI0012907,ORD004299,PRD0135,27,148.62
OI0012908,ORD004299,PRD0075,35,173.74
OI0012909,ORD004299,PRD0006,35,140.22
OI0012910,ORD004299,PRD0023,2,138.23
OI0012911,ORD004299,PRD0021,21,92.86
OI0012912,ORD004300,PRD0021,-1,92.86
OI0012913,ORD004301,PRD0105,27,220.36
OI0012914,ORD004302,PRD0149,8,233.51
OI0012915,ORD004302,PRD0081,19,47.37
OI0012916,ORD004302,PRD0093,20,66.58
OI0012917,ORD004303,PRD0117,13,90.73
OI0012918,ORD004303,PRD0035,5,236.05
OI0012919,ORD004304,PRD0035,23,236.05
OI0012920,ORD004304,PRD0080,2,78.97
OI0012921,ORD004305,PRD0008,10,87.17
OI0012922,ORD004306,PRD0120,19,91.06
OI0012923,ORD004306,PRD0041,6,74.92
OI0012924,ORD004306,PRD0004,7,27.44
OI0012925,ORD004306,PRD0125,26,149.25
OI0012926,ORD004306,PRD0011,31,190.23
OI0012927,ORD004307,PRD0032,1,206.97
OI0012928,ORD004307,PRD0135,26,148.62
OI0012929,ORD004307,PRD0005,37,143.43
OI0012930,ORD004307,PRD0143,21,205.5
OI0012931,ORD004308,PRD0144,26,190.91
OI0012932,ORD004308,PRD000,14,114.76
OI0012933,ORD004308,PRD0028,17,98.85
OI0012934,ORD004308,PRD0062,23,239.86
OI0012935,ORD004309,PRD0075,16,173.74
OI0012936,ORD004309,PRD0021,37,92.86
OI0012937,ORD004309,PRD0061,4,123.38
OI0012938,ORD004309,PRD0098,10,38.66
OI0012939,ORD004309,PRD0063,28,139.58
OI0012940,ORD004310,PRD0102,8,215.21
OI0012941,ORD004310,PRD0061,19,123.38
OI0012942,ORD004311,PRD0042,1,34.49
OI0012943,ORD004312,PRD0066,-22,106.81
OI0012944,ORD004312,PRD0126,12,35.6
OI0012945,ORD004313,PRD0014,39,23.8
OI0012946,ORD004313,PRD0123,17,236.61
OI0012947,ORD004313,PRD0059,14,201.86
OI0012948,ORD004314,PRD0017,8,191.07
OI0012949,ORD004314,PRD0097,32,166.76
OI0012950,ORD004314,PRD0057,30,163.07
OI0012951,ORD004314,PRD0030,20,101.78
OI0012952,ORD004314,PRD0015,5,31.62
OI0012953,ORD004315,PRD0007,4,82.58
OI0012954,ORD004315,PRD0039,40,41.02
OI0012955,ORD004316,PRD0111,3,83.5
OI0012956,ORD004317,PRD0132,3,115.18
OI0012957,ORD004317,PRD0008,38,87.17
OI0012958,ORD004317,PRD0131,12,31.12
OI0012959,ORD004317,PRD0008,14,87.17
OI0012960,ORD004317,PRD0062,33,239.86
OI0012961,ORD004318,PRD0062,5,239.86
OI0012962,ORD004318,PRD0124,28,45.26
OI0012963,ORD004318,PRD0009,24,38.6
OI0012964,ORD004318,PRD0144,29,190.91
OI0012965,ORD004319,PRD0031,28,30.67
OI0012966,ORD004320,PRD0003,26,72.4
OI0012967,ORD004320,PRD0124,30,45.26
OI0012968,ORD004321,PRD0051,-20,24.49
OI0012969,ORD004321,PRD0142,17,15.65
OI0012970,ORD004321,PRD0038,31,222.91
OI0012971,ORD004321,PRD0041,13,74.92
OI0012972,ORD004322,PRD0072,13,230.67
OI0012973,ORD004322,PRD0007,6,82.58
OI0012974,ORD004322,PRD0004,39,27.44
OI0012975,ORD004322,PRD0028,3,98.85
OI0012976,ORD004322,PRD0015,12,31.62
OI0012977,ORD004323,PRD0137,12,60.23
OI0012978,ORD004323,PRD0014,35,23.8
OI0012979,ORD004323,PRD000,32,34.92
OI0012980,ORD004324,PRD0145,13,92.02
OI0012981,ORD004324,PRD0001,28,115.82
OI0012982,ORD004324,PRD0020,5,7.41
OI0012983,ORD004325,PRD0079,15,153.34
OI0012984,ORD004325,PRD0045,25,7.03
OI0012985,ORD004325,PRD0044,8,142.63
OI0012986,ORD004326,PRD0070,17,225.75
OI0012987,ORD004327,PRD0068,32,29.13
OI0012988,ORD004327,PRD0056,2,107.05
OI0012989,ORD004327,PRD0140,10,180.3
OI0012990,ORD004327,PRD0134,32,26.01
OI0012991,ORD004327,PRD9999,28,146.67
OI0012992,ORD004328,PRD0007,34,82.58
OI0012993,ORD004328,PRD0024,22,87.52
OI0012994,ORD004328,PRD0133,14,216.9
OI0012995,ORD004328,PRD0013,20,202.19
OI0012996,ORD004329,PRD0057,2,163.07
OI0012997,ORD004330,PRD0136,4,5.82
OI0012998,ORD004330,PRD0123,28,236.61
OI0012999,ORD004330,PRD0116,7,227.68
OI0013000,ORD004331,PRD0090,9,72.4
OI0013001,ORD004331,PRD0129,24,171.21
OI0013002,ORD004331,PRD0114,11,122.24
OI0013003,ORD004332,PRD0115,7,102.09
OI0013004,ORD004333,PRD0073,5,68.46
OI0013005,ORD004333,PRD0015,28,31.62
OI0013006,ORD004333,PRD0020,22,7.41
OI0013007,ORD004333,PRD0030,10,101.78
OI0013008,ORD004333,PRD0111,18,83.5
OI0013009,ORD004334,PRD0115,29,102.09
OI0013010,ORD004334,PRD0004,7,27.44
OI0013011,ORD004334,PRD0056,39,107.05
OI0013012,ORD004335,PRD0034,6,69.78
OI0013013,ORD004335,PRD0018,17,211.58
OI0013014,ORD004335,PRD0035,31,236.05
OI0013015,ORD004336,PRD0008,27,87.17
OI0013016,ORD004336,PRD0020,3,7.41
OI0013017,ORD004336,PRD0070,-13,225.75
OI0013018,ORD004337,PRD0119,10,39.29
OI0013019,ORD004337,PRD0129,39,171.21
OI0013020,ORD004337,PRD0001,4,115.82
OI0013021,ORD004337,PRD0094,39,30.93
OI0013022,ORD004337,PRD0079,27,153.34
OI0013023,ORD004338,PRD0147,17,123.59
OI0013024,ORD004338,PRD0097,33,166.76
OI0013025,ORD004338,PRD0086,17,218.7
OI0013026,ORD004338,PRD0101,27,119.36
OI0013027,ORD004339,PRD0059,15,201.86
OI0013028,ORD004339,PRD0114,26,122.24
OI0013029,ORD004339,PRD0040,40,179.3
OI0013030,ORD004340,PRD0022,30,35.83
OI0013031,ORD004340,PRD0110,27,237.89
OI0013032,ORD004340,PRD0138,23,105.95
OI0013033,ORD004341,PRD0114,11,122.24
OI0013034,ORD004341,PRD0024,30,87.52
OI0013035,ORD004341,PRD0008,10,87.17
OI0013036,ORD004341,PRD0078,6,105.62
OI0013037,ORD004342,PRD0139,24,18.24
OI0013038,ORD004343,PRD0049,35,178.36
OI0013039,ORD004343,PRD0120,7,91.06
OI0013040,ORD004343,PRD9999,32,127.44
OI0013041,ORD004343,PRD0117,34,90.73
OI0013042,ORD004343,PRD0103,11,124.22
OI0013043,ORD004344,PRD0086,35,218.7
OI0013044,ORD004344,PRD0136,20,5.82
OI0013045,ORD004344,PRD0117,17,90.73
OI0013046,ORD004344,PRD0013,38,202.19
OI0013047,ORD004344,PRD0100,14,36.13
OI0013048,ORD004345,PRD0052,16,207.39
OI0013049,ORD004346,PRD0131,1,31.12
OI0013050,ORD004347,PRD0136,23,5.82
OI0013051,ORD004347,PRD0002,35,172.3
OI0013052,ORD004347,PRD0009,39,38.6
OI0013053,ORD004347,PRD0036,4,191.05
OI0013054,ORD004348,PRD999,1,72.74
OI0013055,ORD004348,PRD0129,9,171.21
OI0013056,ORD004348,PRD0096,17,78.52
OI0013057,ORD004348,PRD0084,14,40.42
OI0013058,ORD004349,PRD0129,16,171.21
OI0013059,ORD004349,PRD0119,22,39.29
OI0013060,ORD004350,PRD0027,2,38.21
OI0013061,ORD004350,PRD0091,18,175.98
OI0013062,ORD004350,PRD0127,30,116.1
OI0013063,ORD004351,PRD0112,31,160.95
OI0013064,ORD004351,PRD0010,4,6.66
OI0013065,ORD004351,PRD0150,21,124.38
OI0013066,ORD004352,PRD0012,23,114.28
OI0013067,ORD004352,PRD0037,28,226.8
OI0013068,ORD004353,PRD0149,12,233.51
OI0013069,ORD004353,PRD0112,11,160.95
OI0013070,ORD004353,PRD0106,34,22.39
OI0013071,ORD004353,PRD0122,26,18.49
OI0013072,ORD004353,PRD0134,16,26.01
OI0013073,ORD004354,PRD0090,22,72.4
OI0013074,ORD004354,PRD0090,29,72.4
OI0013075,ORD004354,PRD0092,10,57.63
OI0013076,ORD004355,PRD0149,12,233.51
OI0013077,ORD004355,PRD0144,40,190.91
OI0013078,ORD004356,PRD0008,4,87.17
OI0013079,ORD004356,PRD0073,3,68.46
OI0013080,ORD004357,PRD0107,32,140.4
OI0013081,ORD004358,PRD0072,32,230.67
OI0013082,ORD004358,PRD0102,20,215.21
OI0013083,ORD004358,PRD0030,38,101.78
OI0013084,ORD004358,PRD0077,3,121.36
OI0013085,ORD004359,PRD0010,13,6.66
OI0013086,ORD004360,PRD0059,5,201.86
OI0013087,ORD004360,PRD0150,33,124.38
OI0013088,ORD004360,PRD0076,8,28.95
OI0013089,ORD004361,PRD0118,17,113.75
OI0013090,ORD004361,PRD0051,13,24.49
OI0013091,ORD004362,PRD0125,28,149.25
OI0013092,ORD004362,PRD0138,24,105.95
OI0013093,ORD004362,PRD0032,15,206.97
OI0013094,ORD004362,PRD0079,12,153.34
OI0013095,ORD004362,PRD0085,14,63.68
OI0013096,ORD004363,PRD0017,4,191.07
OI0013097,ORD004364,PRD0041,36,74.92
OI0013098,ORD004364,PRD0062,26,239.86
OI0013099,ORD004364,PRD0089,35,150.86
OI0013100,ORD004364,PRD0044,25,142.63
OI0013101,ORD004365,PRD0102,31,215.21
OI0013102,ORD004365,PRD0075,27,173.74
OI0013103,ORD004365,PRD0117,6,90.73
OI0013104,ORD004365,PRD0003,5,72.4
OI0013105,ORD004366,PRD0074,36,95.86
OI0013106,ORD004366,PRD0118,26,113.75
OI0013107,ORD004366,PRD0063,23,139.58
OI0013108,ORD004366,PRD0001,39,115.82
OI0013109,ORD004366,PRD0142,25,15.65
OI0013110,ORD004367,PRD0145,14,92.02
OI0013111,ORD004367,PRD0135,33,148.62
OI0013112,ORD004367,PRD0103,34,124.22
OI0013113,ORD004367,PRD0099,16,16.05
OI0013114,ORD004368,PRD0107,18,140.4
OI0013115,ORD004368,PRD0148,25,127.25
OI0013116,ORD004368,PRD0129,10,171.21
OI0013117,ORD004368,PRD0072,16,230.67
OI0013118,ORD004368,PRD0004,14,27.44
OI0013119,ORD004369,PRD0095,18,72.24
OI0013120,ORD004369,PRD0039,4,41.02
OI0013121,ORD004369,PRD0123,18,236.61
OI0013122,ORD004369,PRD0035,11,236.05
OI0013123,ORD004369,PRD0137,37,60.23
OI0013124,ORD004370,PRD9999,18,43.18
OI0013125,ORD004370,PRD0063,40,139.58
OI0013126,ORD004370,PRD0108,28,29.96
OI0013127,ORD004370,PRD0059,34,201.86
OI0013128,ORD004370,PRD0021,2,92.86
OI0013129,ORD004371,PRD0054,35,58.91
OI0013130,ORD004371,PRD0122,26,18.49
OI0013131,ORD004371,PRD0049,15,178.36
OI0013132,ORD004372,PRD0142,26,15.65
OI0013133,ORD004372,PRD0008,3,87.17
OI0013134,ORD004372,PRD0019,30,188.65
OI0013135,ORD004372,PRD0004,17,27.44
OI0013136,ORD004372,PRD0095,5,72.24
OI0013137,ORD004373,PRD0058,34,182.31
OI0013138,ORD004373,PRD0002,31,172.3
OI0013139,ORD004373,PRD0070,34,225.75
OI0013140,ORD004374,PRD0146,31,116.28
OI0013141,ORD004374,PRD0132,24,115.18
OI0013142,ORD004375,PRD0005,9,143.43
OI0013143,ORD004375,PRD0094,39,30.93
OI0013144,ORD004376,PRD999,23,151.94
OI0013145,ORD004376,PRD0032,36,206.97
OI0013146,ORD004376,PRD0088,28,54.55
OI0013147,ORD004377,PRD0040,22,179.3
OI0013148,ORD004377,PRD0141,15,106.53
OI0013149,ORD004377,PRD0139,8,18.24
OI0013150,ORD004378,PRD0120,21,91.06
OI0013151,ORD004378,PRD0117,5,90.73
OI0013152,ORD004378,PRD999,21,198.38
OI0013153,ORD004378,PRD0007,40,82.58
OI0013154,ORD004379,PRD0076,36,28.95
OI0013155,ORD004379,PRD0042,26,34.49
OI0013156,ORD004379,PRD0110,27,237.89
OI0013157,ORD004380,PRD0144,40,190.91
OI0013158,ORD004380,PRD0039,28,41.02
OI0013159,ORD004380,PRD0118,3,113.75
OI0013160,ORD004380,PRD0031,10,30.67
OI0013161,ORD004380,PRD0093,33,66.58
OI0013162,ORD004381,PRD0034,34,69.78
OI0013163,ORD004382,PRD0060,27,47.82
OI0013164,ORD004383,PRD0037,5,226.8
OI0013165,ORD004383,PRD0108,3,29.96
OI0013166,ORD004383,PRD0093,14,66.58
OI0013167,ORD004384,PRD0093,32,66.58
OI0013168,ORD004384,PRD0095,14,72.24
OI0013169,ORD004385,PRD0001,13,115.82
OI0013170,ORD004385,PRD0147,12,123.59
OI0013171,ORD004385,PRD0002,9,172.3
OI0013172,ORD004385,PRD0052,37,207.39
OI0013173,ORD004385,PRD0138,2,105.95
OI0013174,ORD004386,PRD0143,23,205.5
OI0013175,ORD004386,PRD0150,18,124.38
OI0013176,ORD004387,PRD0011,6,190.23
OI0013177,ORD004387,PRD0025,7,79.83
OI0013178,ORD004387,PRD0093,10,66.58
OI0013179,ORD004387,PRD0066,14,106.81
OI0013180,ORD004388,PRD0148,7,127.25
OI0013181,ORD004388,PRD0135,34,148.62
OI0013182,ORD004388,PRD0047,39,157.02
OI0013183,ORD004388,PRD0046,40,105.44
OI0013184,ORD004389,PRD0146,10,116.28
OI0013185,ORD004389,PRD0082,12,109.81
OI0013186,ORD004390,PRD0128,17,123.35
OI0013187,ORD004390,PRD0075,40,173.74
OI0013188,ORD004390,PRD0061,7,123.38
OI0013189,ORD004390,PRD0007,7,82.58
OI0013190,ORD004391,PRD0068,30,29.13
OI0013191,ORD004391,PRD0150,5,124.38
OI0013192,ORD004391,PRD0074,30,95.86
OI0013193,ORD004391,PRD0050,7,176.43
OI0013194,ORD004392,PRD0033,21,49.71
OI0013195,ORD004393,PRD0143,10,205.5
OI0013196,ORD004393,PRD0037,14,226.8
OI0013197,ORD004394,PRD0149,6,233.51
OI0013198,ORD004394,PRD0141,3,106.53
OI0013199,ORD004395,PRD0031,14,30.67
OI0013200,ORD004395,PRD0091,4,175.98
OI0013201,ORD004395,PRD0104,19,165.96
OI0013202,ORD004395,PRD0009,19,38.6
OI0013203,ORD004395,PRD0063,19,139.58
OI0013204,ORD004396,PRD0109,26,119.42
OI0013205,ORD004397,PRD0104,11,165.96
OI0013206,ORD004397,PRD0007,26,82.58
OI0013207,ORD004397,PRD0108,2,29.96
OI0013208,ORD004397,PRD0070,5,225.75
OI0013209,ORD004398,PRD0022,8,35.83
OI0013210,ORD004398,PRD0124,13,45.26
OI0013211,ORD004398,PRD0141,30,106.53
OI0013212,ORD004399,PRD0119,17,39.29
OI0013213,ORD004399,PRD0134,15,26.01
OI0013214,ORD004400,PRD0004,8,27.44
OI0013215,ORD004401,PRD0007,21,82.58
OI0013216,ORD004402,PRD0005,28,143.43
OI0013217,ORD004402,PRD0042,7,34.49
OI0013218,ORD004402,PRD0004,18,27.44
OI0013219,ORD004402,PRD0070,23,225.75
OI0013220,ORD004402,PRD0064,1,230.86
OI0013221,ORD004403,PRD0145,39,92.02
OI0013222,ORD004404,PRD0088,15,54.55
OI0013223,ORD004404,PRD0127,3,116.1
OI0013224,ORD004404,PRD0129,37,171.21
OI0013225,ORD004405,PRD0045,40,7.03
OI0013226,ORD004405,PRD0108,30,29.96
OI0013227,ORD004405,PRD0036,5,191.05
OI0013228,ORD004405,PRD0148,32,127.25
OI0013229,ORD004405,PRD0059,12,201.86
OI0013230,ORD004406,PRD0020,4,7.41
OI0013231,ORD004406,PRD0038,21,222.91
OI0013232,ORD004406,PRD0059,25,201.86
OI0013233,ORD004406,PRD0011,26,190.23
OI0013234,ORD004406,PRD0054,31,58.91
OI0013235,ORD004407,PRD0061,24,123.38
OI0013236,ORD004407,PRD0144,33,190.91
OI0013237,ORD004407,PRD0143,16,205.5
OI0013238,ORD004407,PRD0042,36,34.49
OI0013239,ORD004408,PRD0142,24,15.65
OI0013240,ORD004408,PRD0115,6,102.09
OI0013241,ORD004408,PRD0092,11,57.63
OI0013242,ORD004408,PRD0016,24,191.36
OI0013243,ORD004409,PRD0093,32,66.58
OI0013244,ORD004409,PRD0026,11,173.51
OI0013245,ORD004409,PRD0004,14,27.44
OI0013246,ORD004409,PRD0113,26,176.91
OI0013247,ORD004410,PRD0086,30,218.7
OI0013248,ORD004410,PRD0092,30,57.63
OI0013249,ORD004410,PRD0005,6,143.43
OI0013250,ORD004411,PRD0028,34,98.85
OI0013251,ORD004411,PRD0051,40,24.49
OI0013252,ORD004411,PRD0099,17,16.05
OI0013253,ORD004411,PRD0013,8,202.19
OI0013254,ORD004411,PRD0131,5,31.12
OI0013255,ORD004412,PRD0033,7,49.71
OI0013256,ORD004412,PRD0016,35,191.36
OI0013257,ORD004412,PRD0081,25,47.37
OI0013258,ORD004412,PRD0147,27,123.59
OI0013259,ORD004412,PRD0085,38,63.68
OI0013260,ORD004413,PRD0005,37,143.43
OI0013261,ORD004413,PRD0096,21,78.52
OI0013262,ORD004413,PRD0027,17,38.21
OI0013263,ORD004413,PRD0099,23,16.05
OI0013264,ORD004414,PRD0065,26,120.88
OI0013265,ORD004414,PRD0061,29,123.38
OI0013266,ORD004414,PRD0004,27,27.44
OI0013267,ORD004415,PRD0106,8,22.39
OI0013268,ORD004415,PRD0099,22,16.05
OI0013269,ORD004415,PRD0002,34,172.3
OI0013270,ORD004415,PRD0074,13,95.86
OI0013271,ORD004415,PRD0120,22,91.06
OI0013272,ORD004416,PRD0108,35,29.96
OI0013273,ORD004416,PRD0106,35,22.39
OI0013274,ORD004416,PRD0145,-22,92.02
OI0013275,ORD004416,PRD0092,6,57.63
OI0013276,ORD004417,PRD0115,31,102.09
OI0013277,ORD004418,PRD0028,1,98.85
OI0013278,ORD004418,PRD0046,37,105.44
OI0013279,ORD004418,PRD0046,20,105.44
OI0013280,ORD004418,PRD0119,15,39.29
OI0013281,ORD004419,PRD0020,6,7.41
OI0013282,ORD004419,PRD0072,10,230.67
OI0013283,ORD004419,PRD0093,39,66.58
OI0013284,ORD004419,PRD0119,4,39.29
OI0013285,ORD004419,PRD0026,3,173.51
OI0013286,ORD004420,PRD0040,22,179.3
OI0013287,ORD004420,PRD0129,14,171.21
OI0013288,ORD004421,PRD0146,27,116.28
OI0013289,ORD004421,PRD0040,9,179.3
OI0013290,ORD004421,PRD0113,7,176.91
OI0013291,ORD004421,PRD9999,14,207.73
OI0013292,ORD004422,PRD0085,29,63.68
OI0013293,ORD004422,PRD0111,39,83.5
OI0013294,ORD004423,PRD0107,25,140.4
OI0013295,ORD004423,PRD0078,18,105.62
OI0013296,ORD004424,PRD0086,37,218.7
OI0013297,ORD004424,PRD0047,19,157.02
OI0013298,ORD004424,PRD0003,8,72.4
OI0013299,ORD004424,PRD0134,38,26.01
OI0013300,ORD004425,PRD0030,12,101.78
OI0013301,ORD004426,PRD0008,40,87.17
OI0013302,ORD004426,PRD0088,36,54.55
OI0013303,ORD004426,PRD0078,26,105.62
OI0013304,ORD004426,PRD0101,20,119.36
OI0013305,ORD004426,PRD0131,23,31.12
OI0013306,ORD004427,PRD9999,34,215.87
OI0013307,ORD004427,PRD0137,36,60.23
OI0013308,ORD004428,PRD0124,23,45.26
OI0013309,ORD004428,PRD0142,9,15.65
OI0013310,ORD004428,PRD0073,18,68.46
OI0013311,ORD004428,PRD0033,29,49.71
OI0013312,ORD004428,PRD0007,12,82.58
OI0013313,ORD004429,PRD0135,4,148.62
OI0013314,ORD004429,PRD0111,8,83.5
OI0013315,ORD004430,PRD0048,15,221.86
OI0013316,ORD004431,PRD0124,10,45.26
OI0013317,ORD004431,PRD0028,10,98.85
OI0013318,ORD004431,PRD0108,17,29.96
OI0013319,ORD004431,PRD0045,23,7.03
OI0013320,ORD004432,PRD0073,16,68.46
OI0013321,ORD004432,PRD0053,6,122.42
OI0013322,ORD004432,PRD0147,23,123.59
OI0013323,ORD004433,PRD0033,14,49.71
OI0013324,ORD004434,PRD0145,40,92.02
OI0013325,ORD004434,PRD0088,5,54.55
OI0013326,ORD004434,PRD0139,32,18.24
OI0013327,ORD004435,PRD0065,15,120.88
OI0013328,ORD004435,PRD0026,39,173.51
OI0013329,ORD004436,PRD0098,23,38.66
OI0013330,ORD004436,PRD0010,38,6.66
OI0013331,ORD004436,PRD0056,37,107.05
OI0013332,ORD004436,PRD0029,12,203.27
OI0013333,ORD004436,PRD0098,-10,38.66
OI0013334,ORD004437,PRD0013,32,202.19
OI0013335,ORD004438,PRD0029,13,203.27
OI0013336,ORD004438,PRD0028,29,98.85
OI0013337,ORD004438,PRD0083,-32,19.93
OI0013338,ORD004438,PRD0075,18,173.74
OI0013339,ORD004438,PRD0085,10,63.68
OI0013340,ORD004439,PRD0140,-28,180.3
OI0013341,ORD004439,PRD0050,22,176.43
OI0013342,ORD004439,PRD0065,26,120.88
OI0013343,ORD004439,PRD0142,14,15.65
OI0013344,ORD004439,PRD0071,31,189.96
OI0013345,ORD004440,PRD0120,14,91.06
OI0013346,ORD004440,PRD0024,4,87.52
OI0013347,ORD004440,PRD0059,7,201.86
OI0013348,ORD004440,PRD0068,8,29.13
OI0013349,ORD004440,PRD0105,37,220.36
OI0013350,ORD004441,PRD0093,39,66.58
OI0013351,ORD004441,PRD0087,38,40.72
OI0013352,ORD004441,PRD0127,31,116.1
OI0013353,ORD004441,PRD0015,8,31.62
OI0013354,ORD004441,PRD0024,29,87.52
OI0013355,ORD004442,PRD0136,39,5.82
OI0013356,ORD004443,PRD0031,19,30.67
OI0013357,ORD004443,PRD0138,29,105.95
OI0013358,ORD004443,PRD0119,9,39.29
OI0013359,ORD004444,PRD0105,13,220.36
OI0013360,ORD004445,PRD0004,3,27.44
OI0013361,ORD004446,PRD0042,29,34.49
OI0013362,ORD004446,PRD0021,38,92.86
OI0013363,ORD004446,PRD0113,10,176.91
OI0013364,ORD004447,PRD0069,15,54.19
OI0013365,ORD004447,PRD0128,13,123.35
OI0013366,ORD004447,PRD0137,11,60.23
OI0013367,ORD004448,PRD0102,26,215.21
OI0013368,ORD004449,PRD0107,32,140.4
OI0013369,ORD004449,PRD0121,7,231.51
OI0013370,ORD004449,PRD0043,4,154.31
OI0013371,ORD004450,PRD0126,25,35.6
OI0013372,ORD004450,PRD0077,29,121.36
OI0013373,ORD004450,PRD0108,11,29.96
OI0013374,ORD004450,PRD0084,35,40.42
OI0013375,ORD004451,PRD0056,20,107.05
OI0013376,ORD004452,PRD999,18,68.79
OI0013377,ORD004452,PRD0047,27,157.02
OI0013378,ORD004452,PRD0032,4,206.97
OI0013379,ORD004452,PRD0043,12,154.31
OI0013380,ORD004452,PRD0083,20,19.93
OI0013381,ORD004453,PRD0079,22,153.34
OI0013382,ORD004453,PRD0099,37,16.05
OI0013383,ORD004453,PRD0018,11,211.58
OI0013384,ORD004453,PRD0071,6,189.96
OI0013385,ORD004454,PRD0077,35,121.36
OI0013386,ORD004455,PRD0085,24,63.68
OI0013387,ORD004455,PRD0048,21,221.86
OI0013388,ORD004456,PRD0026,-14,173.51
OI0013389,ORD004457,PRD0150,29,124.38
OI0013390,ORD004458,PRD0031,5,30.67
OI0013391,ORD004458,PRD0086,-2,218.7
OI0013392,ORD004458,PRD0097,40,166.76
OI0013393,ORD004459,PRD0123,11,236.61
OI0013394,ORD004459,PRD0071,13,189.96
OI0013395,ORD004459,PRD0125,10,149.25
OI0013396,ORD004460,PRD0124,27,45.26
OI0013397,ORD004461,PRD0088,11,54.55
OI0013398,ORD004461,PRD000,29,212.31
OI0013399,ORD004461,PRD0051,29,24.49
OI0013400,ORD004462,PRD0078,32,105.62
OI0013401,ORD004462,PRD0124,16,45.26
OI0013402,ORD004462,PRD0019,7,188.65
OI0013403,ORD004463,PRD0030,7,101.78
OI0013404,ORD004463,PRD0131,14,31.12
OI0013405,ORD004464,PRD0101,34,119.36
OI0013406,ORD004464,PRD0113,40,176.91
OI0013407,ORD004465,PRD0093,31,66.58
OI0013408,ORD004465,PRD0037,1,226.8
OI0013409,ORD004466,PRD0046,20,105.44
OI0013410,ORD004466,PRD0104,12,165.96
OI0013411,ORD004467,PRD0052,34,207.39
OI0013412,ORD004467,PRD0031,8,30.67
OI0013413,ORD004467,PRD0115,6,102.09
OI0013414,ORD004467,PRD0132,38,115.18
OI0013415,ORD004468,PRD0147,25,123.59
OI0013416,ORD004468,PRD0053,32,122.42
OI0013417,ORD004468,PRD0039,28,41.02
OI0013418,ORD004468,PRD0149,24,233.51
OI0013419,ORD004469,PRD0112,16,160.95
OI0013420,ORD004469,PRD0080,2,78.97
OI0013421,ORD004470,PRD0110,32,237.89
OI0013422,ORD004470,PRD0007,7,82.58
OI0013423,ORD004470,PRD0031,39,30.67
OI0013424,ORD004471,PRD0095,3,72.24
OI0013425,ORD004471,PRD0025,14,79.83
OI0013426,ORD004472,PRD0026,25,173.51
OI0013427,ORD004472,PRD0003,7,72.4
OI0013428,ORD004472,PRD0001,5,115.82
OI0013429,ORD004472,PRD0093,28,66.58
OI0013430,ORD004473,PRD0126,13,35.6
OI0013431,ORD004473,PRD0052,16,207.39
OI0013432,ORD004473,PRD0035,40,236.05
OI0013433,ORD004474,PRD0008,5,87.17
OI0013434,ORD004474,PRD0040,15,179.3
OI0013435,ORD004475,PRD0125,31,149.25
OI0013436,ORD004475,PRD0108,38,29.96
OI0013437,ORD004475,PRD0118,34,113.75
OI0013438,ORD004475,PRD0046,6,105.44
OI0013439,ORD004476,PRD0110,20,237.89
OI0013440,ORD004476,PRD0071,36,189.96
OI0013441,ORD004477,PRD0097,25,166.76
OI0013442,ORD004477,PRD0002,3,172.3
OI0013443,ORD004477,PRD0051,27,24.49
OI0013444,ORD004478,PRD0022,5,35.83
OI0013445,ORD004478,PRD0088,26,54.55
OI0013446,ORD004478,PRD0048,36,221.86
OI0013447,ORD004478,PRD0134,7,26.01
OI0013448,ORD004478,PRD0085,2,63.68
OI0013449,ORD004479,PRD0011,12,190.23
OI0013450,ORD004480,PRD0126,31,35.6
OI0013451,ORD004480,PRD0098,1,38.66
OI0013452,ORD004480,PRD0030,29,101.78
OI0013453,ORD004480,PRD0029,21,203.27
OI0013454,ORD004481,PRD0004,17,27.44
OI0013455,ORD004481,PRD0072,32,230.67
OI0013456,ORD004481,PRD0043,35,154.31
OI0013457,ORD004482,PRD0059,26,201.86
OI0013458,ORD004483,PRD0149,39,233.51
OI0013459,ORD004483,PRD0099,7,16.05
OI0013460,ORD004483,PRD0129,32,171.21
OI0013461,ORD004484,PRD0146,23,116.28
OI0013462,ORD004485,PRD0065,10,120.88
OI0013463,ORD004486,PRD0123,39,236.61
OI0013464,ORD004486,PRD0007,33,82.58
OI0013465,ORD004486,PRD0147,16,123.59
OI0013466,ORD004486,PRD0091,23,175.98
OI0013467,ORD004486,PRD0068,37,29.13
OI0013468,ORD004487,PRD0070,11,225.75
OI0013469,ORD004487,PRD0099,28,16.05
OI0013470,ORD004487,PRD0102,30,215.21
OI0013471,ORD004487,PRD0088,19,54.55
OI0013472,ORD004488,PRD0087,13,40.72
OI0013473,ORD004488,PRD0132,9,115.18
OI0013474,ORD004488,PRD0045,40,7.03
OI0013475,ORD004488,PRD0084,18,40.42
OI0013476,ORD004489,PRD0014,24,23.8
OI0013477,ORD004489,PRD0064,22,230.86
OI0013478,ORD004489,PRD0035,39,236.05
OI0013479,ORD004489,PRD0025,33,79.83
OI0013480,ORD004490,PRD0029,10,203.27
OI0013481,ORD004490,PRD0055,38,122.67
OI0013482,ORD004491,PRD0065,5,120.88
OI0013483,ORD004492,PRD0096,16,78.52
OI0013484,ORD004492,PRD0118,27,113.75
OI0013485,ORD004492,PRD0072,28,230.67
OI0013486,ORD004492,PRD0078,39,105.62
OI0013487,ORD004492,PRD0001,30,115.82
OI0013488,ORD004493,PRD0068,40,29.13
OI0013489,ORD004493,PRD0083,24,19.93
OI0013490,ORD004493,PRD0045,35,7.03
OI0013491,ORD004493,PRD0010,9,6.66
OI0013492,ORD004494,PRD0022,33,35.83
OI0013493,ORD004494,PRD0126,37,35.6
OI0013494,ORD004495,PRD0120,30,91.06
OI0013495,ORD004496,PRD0100,13,36.13
OI0013496,ORD004496,PRD0068,34,29.13
OI0013497,ORD004496,PRD0019,18,188.65
OI0013498,ORD004496,PRD0009,14,38.6
OI0013499,ORD004496,PRD0101,31,119.36
OI0013500,ORD004497,PRD0096,32,78.52
OI0013501,ORD004497,PRD0142,2,15.65
OI0013502,ORD004498,PRD0136,23,5.82
OI0013503,ORD004498,PRD0115,19,102.09
OI0013504,ORD004498,PRD0112,37,160.95
OI0013505,ORD004498,PRD0009,21,38.6
OI0013506,ORD004499,PRD0081,10,47.37
OI0013507,ORD004499,PRD0094,38,30.93
OI0013508,ORD004499,PRD0125,3,149.25
OI0013509,ORD004500,PRD0026,7,173.51
OI0013510,ORD004500,PRD0077,7,121.36
OI0013511,ORD004500,PRD0056,6,107.05
OI0013512,ORD004500,PRD0008,7,87.17
OI0013513,ORD004500,PRD0040,11,179.3
OI0013514,ORD004501,PRD0012,5,114.28
OI0013515,ORD004501,PRD0027,35,38.21
OI0013516,ORD004502,PRD0020,8,7.41
OI0013517,ORD004502,PRD0096,24,78.52
OI0013518,ORD004502,PRD0090,38,72.4
OI0013519,ORD004502,PRD0014,32,23.8
OI0013520,ORD004503,PRD0107,14,140.4
OI0013521,ORD004503,PRD000,34,220.05
OI0013522,ORD004504,PRD0135,16,148.62
OI0013523,ORD004504,PRD0039,5,41.02
OI0013524,ORD004504,PRD0056,3,107.05
OI0013525,ORD004505,PRD0043,5,154.31
OI0013526,ORD004505,PRD0093,18,66.58
OI0013527,ORD004505,PRD0118,40,113.75
OI0013528,ORD004505,PRD0017,7,191.07
OI0013529,ORD004505,PRD0041,31,74.92
OI0013530,ORD004506,PRD0039,31,41.02
OI0013531,ORD004506,PRD0046,36,105.44
OI0013532,ORD004506,PRD0002,10,172.3
OI0013533,ORD004507,PRD0026,14,173.51
OI0013534,ORD004507,PRD0054,1,58.91
OI0013535,ORD004508,PRD0062,39,239.86
OI0013536,ORD004508,PRD0037,16,226.8
OI0013537,ORD004508,PRD0058,24,182.31
OI0013538,ORD004509,PRD0147,8,123.59
OI0013539,ORD004509,PRD0139,2,18.24
OI0013540,ORD004509,PRD0045,13,7.03
OI0013541,ORD004509,PRD0025,11,79.83
OI0013542,ORD004509,PRD0016,2,191.36
OI0013543,ORD004510,PRD0080,6,78.97
OI0013544,ORD004510,PRD0131,30,31.12
OI0013545,ORD004510,PRD0028,34,98.85
OI0013546,ORD004510,PRD0097,29,166.76
OI0013547,ORD004510,PRD0106,32,22.39
OI0013548,ORD004511,PRD0111,37,83.5
OI0013549,ORD004512,PRD0132,3,115.18
OI0013550,ORD004512,PRD0101,9,119.36
OI0013551,ORD004512,PRD0023,7,138.23
OI0013552,ORD004512,PRD0028,37,98.85
OI0013553,ORD004513,PRD0072,24,230.67
OI0013554,ORD004513,PRD0112,34,160.95
OI0013555,ORD004513,PRD0015,2,31.62
OI0013556,ORD004513,PRD0113,28,176.91
OI0013557,ORD004513,PRD0044,29,142.63
OI0013558,ORD004514,PRD0009,15,38.6
OI0013559,ORD004514,PRD0030,37,101.78
OI0013560,ORD004514,PRD0024,28,87.52
OI0013561,ORD004515,PRD0120,2,91.06
OI0013562,ORD004515,PRD0081,28,47.37
OI0013563,ORD004515,PRD0110,39,237.89
OI0013564,ORD004515,PRD0014,37,23.8
OI0013565,ORD004515,PRD0041,-13,74.92
OI0013566,ORD004516,PRD0023,27,138.23
OI0013567,ORD004516,PRD0094,19,30.93
OI0013568,ORD004516,PRD0050,24,176.43
OI0013569,ORD004517,PRD0062,18,239.86
OI0013570,ORD004517,PRD0133,35,216.9
OI0013571,ORD004517,PRD0037,20,226.8
OI0013572,ORD004517,PRD0105,18,220.36
OI0013573,ORD004518,PRD0063,3,139.58
OI0013574,ORD004519,PRD0137,5,60.23
OI0013575,ORD004519,PRD0118,38,113.75
OI0013576,ORD004519,PRD0104,34,165.96
OI0013577,ORD004520,PRD0082,38,109.81
OI0013578,ORD004521,PRD0061,36,123.38
OI0013579,ORD004521,PRD0074,29,95.86
OI0013580,ORD004521,PRD0054,37,58.91
OI0013581,ORD004521,PRD0037,10,226.8
OI0013582,ORD004521,PRD0086,9,218.7
OI0013583,ORD004522,PRD0037,35,226.8
OI0013584,ORD004522,PRD0001,23,115.82
OI0013585,ORD004523,PRD0147,5,123.59
OI0013586,ORD004523,PRD0114,24,122.24
OI0013587,ORD004524,PRD0072,32,230.67
OI0013588,ORD004525,PRD0039,14,41.02
OI0013589,ORD004525,PRD0090,18,72.4
OI0013590,ORD004525,PRD0038,32,222.91
OI0013591,ORD004526,PRD0085,11,63.68
OI0013592,ORD004527,PRD0054,31,58.91
OI0013593,ORD004528,PRD0033,37,49.71
OI0013594,ORD004528,PRD0052,1,207.39
OI0013595,ORD004528,PRD0100,15,36.13
OI0013596,ORD004528,PRD0076,35,28.95
OI0013597,ORD004528,PRD0048,7,221.86
OI0013598,ORD004529,PRD0111,19,83.5
OI0013599,ORD004530,PRD0105,3,220.36
OI0013600,ORD004531,PRD0052,9,207.39
OI0013601,ORD004531,PRD0029,8,203.27
OI0013602,ORD004531,PRD0114,23,122.24
OI0013603,ORD004532,PRD0028,35,98.85
OI0013604,ORD004532,PRD0091,6,175.98
OI0013605,ORD004533,PRD0116,13,227.68
OI0013606,ORD004533,PRD0078,3,105.62
OI0013607,ORD004533,PRD0005,17,143.43
OI0013608,ORD004533,PRD0027,22,38.21
OI0013609,ORD004534,PRD0031,3,30.67
OI0013610,ORD004534,PRD0078,30,105.62
OI0013611,ORD004535,PRD0051,19,24.49
OI0013612,ORD004535,PRD0113,23,176.91
OI0013613,ORD004535,PRD0109,6,119.42
OI0013614,ORD004535,PRD0016,26,191.36
OI0013615,ORD004535,PRD999,1,231.7
OI0013616,ORD004536,PRD0035,17,236.05
OI0013617,ORD004537,PRD0053,13,122.42
OI0013618,ORD004537,PRD0058,5,182.31
OI0013619,ORD004537,PRD0007,36,82.58
OI0013620,ORD004537,PRD0094,30,30.93
OI0013621,ORD004538,PRD0092,28,57.63
OI0013622,ORD004538,PRD0058,27,182.31
OI0013623,ORD004539,PRD0139,6,18.24
OI0013624,ORD004540,PRD0022,16,35.83
OI0013625,ORD004540,PRD0116,23,227.68
OI0013626,ORD004541,PRD0148,16,127.25
OI0013627,ORD004541,PRD0028,34,98.85
OI0013628,ORD004541,PRD0084,17,40.42
OI0013629,ORD004541,PRD0125,22,149.25
OI0013630,ORD004541,PRD0100,19,36.13
OI0013631,ORD004542,PRD0036,30,191.05
OI0013632,ORD004542,PRD0112,37,160.95
OI0013633,ORD004543,PRD0086,22,218.7
OI0013634,ORD004543,PRD0095,3,72.24
OI0013635,ORD004544,PRD0135,21,148.62
OI0013636,ORD004544,PRD0051,12,24.49
OI0013637,ORD004544,PRD0109,39,119.42
OI0013638,ORD004544,PRD0053,5,122.42
OI0013639,ORD004544,PRD0065,36,120.88
OI0013640,ORD004545,PRD0119,18,39.29
OI0013641,ORD004546,PRD0043,36,154.31
OI0013642,ORD004546,PRD0024,25,87.52
OI0013643,ORD004546,PRD0047,28,157.02
OI0013644,ORD004546,PRD0071,36,189.96
OI0013645,ORD004546,PRD0070,37,225.75
OI0013646,ORD004547,PRD0095,13,72.24
OI0013647,ORD004547,PRD0014,40,23.8
OI0013648,ORD004547,PRD0112,26,160.95
OI0013649,ORD004548,PRD0102,34,215.21
OI0013650,ORD004549,PRD0012,2,114.28
OI0013651,ORD004549,PRD0109,9,119.42
OI0013652,ORD004549,PRD0004,7,27.44
OI0013653,ORD004549,PRD0147,9,123.59
OI0013654,ORD004550,PRD0091,18,175.98
OI0013655,ORD004550,PRD0050,24,176.43
OI0013656,ORD004550,PRD0004,15,27.44
OI0013657,ORD004551,PRD0085,9,63.68
OI0013658,ORD004551,PRD0110,3,237.89
OI0013659,ORD004552,PRD0035,38,236.05
OI0013660,ORD004552,PRD0077,34,121.36
OI0013661,ORD004553,PRD0028,20,98.85
OI0013662,ORD004553,PRD0124,4,45.26
OI0013663,ORD004553,PRD0008,23,87.17
OI0013664,ORD004553,PRD0080,34,78.97
OI0013665,ORD004554,PRD0013,18,202.19
OI0013666,ORD004554,PRD0123,32,236.61
OI0013667,ORD004555,PRD0077,38,121.36
OI0013668,ORD004556,PRD0030,11,101.78
OI0013669,ORD004556,PRD0031,4,30.67
OI0013670,ORD004556,PRD0140,32,180.3
OI0013671,ORD004557,PRD0009,14,38.6
OI0013672,ORD004557,PRD9999,7,206.11
OI0013673,ORD004557,PRD0056,3,107.05
OI0013674,ORD004557,PRD0105,12,220.36
OI0013675,ORD004557,PRD0003,28,72.4
OI0013676,ORD004558,PRD0049,5,178.36
OI0013677,ORD004558,PRD0022,21,35.83
OI0013678,ORD004558,PRD0100,30,36.13
OI0013679,ORD004559,PRD0014,37,23.8
OI0013680,ORD004559,PRD0121,32,231.51
OI0013681,ORD004560,PRD0053,1,122.42
OI0013682,ORD004560,PRD0099,20,16.05
OI0013683,ORD004561,PRD0107,36,140.4
OI0013684,ORD004561,PRD0050,11,176.43
OI0013685,ORD004562,PRD0012,8,114.28
OI0013686,ORD004562,PRD0090,4,72.4
OI0013687,ORD004562,PRD0146,15,116.28
OI0013688,ORD004562,PRD0001,30,115.82
OI0013689,ORD004562,PRD0047,39,157.02
OI0013690,ORD004563,PRD0027,19,38.21
OI0013691,ORD004563,PRD0106,34,22.39
OI0013692,ORD004563,PRD0044,10,142.63
OI0013693,ORD004563,PRD0027,6,38.21
OI0013694,ORD004564,PRD0020,1,7.41
OI0013695,ORD004564,PRD0119,10,39.29
OI0013696,ORD004564,PRD0074,33,95.86
OI0013697,ORD004564,PRD0075,17,173.74
OI0013698,ORD004564,PRD0062,30,239.86
OI0013699,ORD004565,PRD0016,9,191.36
OI0013700,ORD004565,PRD0142,5,15.65
OI0013701,ORD004565,PRD0069,39,54.19
OI0013702,ORD004565,PRD0143,6,205.5
OI0013703,ORD004565,PRD0051,39,24.49
OI0013704,ORD004566,PRD0016,7,191.36
OI0013705,ORD004567,PRD0150,27,124.38
OI0013706,ORD004567,PRD0055,23,122.67
OI0013707,ORD004567,PRD0049,40,178.36
OI0013708,ORD004568,PRD0049,5,178.36
OI0013709,ORD004568,PRD0029,5,203.27
OI0013710,ORD004568,PRD0144,38,190.91
OI0013711,ORD004569,PRD0012,31,114.28
OI0013712,ORD004569,PRD0145,31,92.02
OI0013713,ORD004569,PRD0035,13,236.05
OI0013714,ORD004569,PRD0077,39,121.36
OI0013715,ORD004569,PRD0127,15,116.1
OI0013716,ORD004570,PRD0012,14,114.28
OI0013717,ORD004570,PRD0024,29,87.52
OI0013718,ORD004570,PRD0138,26,105.95
OI0013719,ORD004571,PRD0094,36,30.93
OI0013720,ORD004571,PRD0044,39,142.63
OI0013721,ORD004572,PRD0126,30,35.6
OI0013722,ORD004573,PRD0058,30,182.31
OI0013723,ORD004573,PRD0078,36,105.62
OI0013724,ORD004573,PRD0112,23,160.95
OI0013725,ORD004573,PRD0070,30,225.75
OI0013726,ORD004573,PRD0030,25,101.78
OI0013727,ORD004574,PRD0073,3,68.46
OI0013728,ORD004574,PRD0055,1,122.67
OI0013729,ORD004575,PRD0056,36,107.05
OI0013730,ORD004575,PRD0126,19,35.6
OI0013731,ORD004575,PRD0038,15,222.91
OI0013732,ORD004575,PRD0097,16,166.76
OI0013733,ORD004576,PRD0136,34,5.82
OI0013734,ORD004576,PRD0049,10,178.36
OI0013735,ORD004576,PRD0104,39,165.96
OI0013736,ORD004576,PRD0117,9,90.73
OI0013737,ORD004577,PRD0072,8,230.67
OI0013738,ORD004578,PRD0090,2,72.4
OI0013739,ORD004578,PRD0050,11,176.43
OI0013740,ORD004578,PRD0105,12,220.36
OI0013741,ORD004579,PRD0113,37,176.91
OI0013742,ORD004579,PRD0100,6,36.13
OI0013743,ORD004579,PRD0120,2,91.06
OI0013744,ORD004579,PRD0041,15,74.92
OI0013745,ORD004580,PRD0082,18,109.81
OI0013746,ORD004580,PRD0073,14,68.46
OI0013747,ORD004580,PRD0090,38,72.4
OI0013748,ORD004580,PRD0065,16,120.88
OI0013749,ORD004581,PRD0133,32,216.9
OI0013750,ORD004581,PRD0066,33,106.81
OI0013751,ORD004581,PRD0099,2,16.05
OI0013752,ORD004582,PRD0103,11,124.22
OI0013753,ORD004582,PRD999,13,173.54
OI0013754,ORD004582,PRD0064,20,230.86
OI0013755,ORD004582,PRD0109,19,119.42
OI0013756,ORD004583,PRD0054,35,58.91
OI0013757,ORD004583,PRD0100,11,36.13
OI0013758,ORD004583,PRD0139,31,18.24
OI0013759,ORD004583,PRD0047,10,157.02
OI0013760,ORD004583,PRD0065,22,120.88
OI0013761,ORD004584,PRD999,36,50.87
OI0013762,ORD004584,PRD0043,25,154.31
OI0013763,ORD004585,PRD0075,23,173.74
OI0013764,ORD004585,PRD0146,6,116.28
OI0013765,ORD004585,PRD0043,1,154.31
OI0013766,ORD004586,PRD0019,16,188.65
OI0013767,ORD004586,PRD0031,15,30.67
OI0013768,ORD004586,PRD0064,5,230.86
OI0013769,ORD004587,PRD0059,34,201.86
OI0013770,ORD004587,PRD0150,7,124.38
OI0013771,ORD004588,PRD0094,25,30.93
OI0013772,ORD004588,PRD0080,9,78.97
OI0013773,ORD004588,PRD0120,10,91.06
OI0013774,ORD004588,PRD0128,13,123.35
OI0013775,ORD004589,PRD0084,23,40.42
OI0013776,ORD004589,PRD0137,30,60.23
OI0013777,ORD004589,PRD0133,6,216.9
OI0013778,ORD004590,PRD0051,15,24.49
OI0013779,ORD004590,PRD0030,7,101.78
OI0013780,ORD004590,PRD0145,26,92.02
OI0013781,ORD004591,PRD0139,13,18.24
OI0013782,ORD004591,PRD0044,1,142.63
OI0013783,ORD004591,PRD0124,19,45.26
OI0013784,ORD004592,PRD0053,33,122.42
OI0013785,ORD004593,PRD0071,1,189.96
OI0013786,ORD004594,PRD0079,7,153.34
OI0013787,ORD004594,PRD0071,32,189.96
OI0013788,ORD004594,PRD0056,34,107.05
OI0013789,ORD004595,PRD0091,34,175.98
OI0013790,ORD004595,PRD0039,14,41.02
OI0013791,ORD004595,PRD0079,40,153.34
OI0013792,ORD004595,PRD0109,33,119.42
OI0013793,ORD004596,PRD0022,40,35.83
OI0013794,ORD004596,PRD0040,35,179.3
OI0013795,ORD004596,PRD0043,7,154.31
OI0013796,ORD004596,PRD0050,22,176.43
OI0013797,ORD004596,PRD0075,4,173.74
OI0013798,ORD004597,PRD0011,38,190.23
OI0013799,ORD004597,PRD0112,38,160.95
OI0013800,ORD004598,PRD0121,25,231.51
OI0013801,ORD004598,PRD0051,17,24.49
OI0013802,ORD004598,PRD0134,27,26.01
OI0013803,ORD004598,PRD0114,28,122.24
OI0013804,ORD004598,PRD0130,24,40.15
OI0013805,ORD004599,PRD0118,2,113.75
OI0013806,ORD004599,PRD0076,26,28.95
OI0013807,ORD004600,PRD0085,5,63.68
OI0013808,ORD004601,PRD0042,25,34.49
OI0013809,ORD004601,PRD0072,16,230.67
OI0013810,ORD004601,PRD0109,12,119.42
OI0013811,ORD004602,PRD0012,3,114.28
OI0013812,ORD004603,PRD0053,35,122.42
OI0013813,ORD004603,PRD0105,28,220.36
OI0013814,ORD004603,PRD0020,17,7.41
OI0013815,ORD004603,PRD0063,15,139.58
OI0013816,ORD004603,PRD0113,3,176.91
OI0013817,ORD004604,PRD0096,35,78.52
OI0013818,ORD004605,PRD0140,12,180.3
OI0013819,ORD004605,PRD0085,7,63.68
OI0013820,ORD004605,PRD0002,31,172.3
OI0013821,ORD004606,PRD0083,19,19.93
OI0013822,ORD004606,PRD0081,5,47.37
OI0013823,ORD004607,PRD0143,31,205.5
OI0013824,ORD004607,PRD0057,27,163.07
OI0013825,ORD004607,PRD0097,22,166.76
OI0013826,ORD004607,PRD0135,33,148.62
OI0013827,ORD004608,PRD0100,29,36.13
OI0013828,ORD004608,PRD0055,37,122.67
OI0013829,ORD004608,PRD0018,2,211.58
OI0013830,ORD004608,PRD0075,34,173.74
OI0013831,ORD004609,PRD0112,37,160.95
OI0013832,ORD004609,PRD0023,39,138.23
OI0013833,ORD004609,PRD0058,24,182.31
OI0013834,ORD004609,PRD0146,19,116.28
OI0013835,ORD004610,PRD0016,14,191.36
OI0013836,ORD004610,PRD0071,40,189.96
OI0013837,ORD004610,PRD0115,11,102.09
OI0013838,ORD004610,PRD0120,9,91.06
OI0013839,ORD004610,PRD0006,3,140.22
OI0013840,ORD004611,PRD0043,30,154.31
OI0013841,ORD004611,PRD0066,24,106.81
OI0013842,ORD004612,PRD0045,23,7.03
OI0013843,ORD004612,PRD0080,29,78.97
OI0013844,ORD004612,PRD0137,-10,60.23
OI0013845,ORD004613,PRD0025,25,79.83
OI0013846,ORD004613,PRD0056,17,107.05
OI0013847,ORD004613,PRD0002,11,172.3
OI0013848,ORD004613,PRD0066,36,106.81
OI0013849,ORD004613,PRD0070,17,225.75
OI0013850,ORD004614,PRD0085,37,63.68
OI0013851,ORD004614,PRD0132,40,115.18
OI0013852,ORD004614,PRD0067,31,172.46
OI0013853,ORD004614,PRD0110,7,237.89
OI0013854,ORD004615,PRD0008,21,87.17
OI0013855,ORD004615,PRD0125,16,149.25
OI0013856,ORD004616,PRD0068,3,29.13
OI0013857,ORD004616,PRD0055,34,122.67
OI0013858,ORD004617,PRD0009,7,38.6
OI0013859,ORD004617,PRD0035,24,236.05
OI0013860,ORD004617,PRD0084,35,40.42
OI0013861,ORD004618,PRD0011,-30,190.23
OI0013862,ORD004619,PRD0106,29,22.39
OI0013863,ORD004619,PRD0085,22,63.68
OI0013864,ORD004620,PRD0143,38,205.5
OI0013865,ORD004620,PRD0123,25,236.61
OI0013866,ORD004620,PRD0146,34,116.28
OI0013867,ORD004620,PRD0120,35,91.06
OI0013868,ORD004620,PRD000,2,64.76
OI0013869,ORD004621,PRD0114,10,122.24
OI0013870,ORD004621,PRD0052,3,207.39
OI0013871,ORD004621,PRD0023,29,138.23
OI0013872,ORD004621,PRD0037,-2,226.8
OI0013873,ORD004622,PRD0057,22,163.07
OI0013874,ORD004622,PRD0013,29,202.19
OI0013875,ORD004623,PRD0060,5,47.82
OI0013876,ORD004623,PRD0038,8,222.91
OI0013877,ORD004623,PRD0134,35,26.01
OI0013878,ORD004624,PRD0075,16,173.74
OI0013879,ORD004624,PRD0062,33,239.86
OI0013880,ORD004625,PRD0075,23,173.74
OI0013881,ORD004625,PRD0067,18,172.46
OI0013882,ORD004625,PRD0086,3,218.7
OI0013883,ORD004626,PRD0119,23,39.29
OI0013884,ORD004626,PRD0051,34,24.49
OI0013885,ORD004626,PRD0063,17,139.58
OI0013886,ORD004627,PRD0064,6,230.86
OI0013887,ORD004627,PRD0137,35,60.23
OI0013888,ORD004627,PRD0093,35,66.58
OI0013889,ORD004627,PRD0070,5,225.75
OI0013890,ORD004628,PRD0138,40,105.95
OI0013891,ORD004628,PRD0105,35,220.36
OI0013892,ORD004629,PRD0062,26,239.86
OI0013893,ORD004630,PRD0115,11,102.09
OI0013894,ORD004630,PRD0110,2,237.89
OI0013895,ORD004630,PRD0073,12,68.46
OI0013896,ORD004630,PRD0048,32,221.86
OI0013897,ORD004631,PRD0050,40,176.43
OI0013898,ORD004632,PRD0077,37,121.36
OI0013899,ORD004632,PRD0124,33,45.26
OI0013900,ORD004632,PRD0019,9,188.65
OI0013901,ORD004632,PRD0023,21,138.23
OI0013902,ORD004632,PRD0133,15,216.9
OI0013903,ORD004633,PRD0009,16,38.6
OI0013904,ORD004633,PRD0041,3,74.92
OI0013905,ORD004633,PRD0022,13,35.83
OI0013906,ORD004634,PRD0129,35,171.21
OI0013907,ORD004635,PRD0109,29,119.42
OI0013908,ORD004635,PRD0044,4,142.63
OI0013909,ORD004635,PRD0075,24,173.74
OI0013910,ORD004635,PRD0009,19,38.6
OI0013911,ORD004636,PRD0036,19,191.05
OI0013912,ORD004636,PRD0076,26,28.95
OI0013913,ORD004636,PRD0124,21,45.26
OI0013914,ORD004637,PRD0068,4,29.13
OI0013915,ORD004637,PRD0074,14,95.86
OI0013916,ORD004638,PRD0147,5,123.59
OI0013917,ORD004638,PRD0124,16,45.26
OI0013918,ORD004638,PRD0142,38,15.65
OI0013919,ORD004638,PRD0137,34,60.23
OI0013920,ORD004639,PRD0002,35,172.3
OI0013921,ORD004639,PRD0019,3,188.65
OI0013922,ORD004639,PRD0110,12,237.89
OI0013923,ORD004639,PRD0142,40,15.65
OI0013924,ORD004639,PRD0019,6,188.65
OI0013925,ORD004640,PRD0102,32,215.21
OI0013926,ORD004641,PRD0022,20,35.83
OI0013927,ORD004641,PRD0057,12,163.07
OI0013928,ORD004641,PRD0117,40,90.73
OI0013929,ORD004642,PRD0027,35,38.21
OI0013930,ORD004642,PRD0022,40,35.83
OI0013931,ORD004642,PRD0132,5,115.18
OI0013932,ORD004642,PRD0030,9,101.78
OI0013933,ORD004642,PRD0117,28,90.73
OI0013934,ORD004643,PRD0120,28,91.06
OI0013935,ORD004643,PRD0071,19,189.96
OI0013936,ORD004643,PRD0085,37,63.68
OI0013937,ORD004643,PRD0138,31,105.95
OI0013938,ORD004643,PRD0131,9,31.12
OI0013939,ORD004644,PRD0108,18,29.96
OI0013940,ORD004644,PRD0070,11,225.75
OI0013941,ORD004645,PRD0007,4,82.58
OI0013942,ORD004645,PRD0091,30,175.98
OI0013943,ORD004645,PRD0040,40,179.3
OI0013944,ORD004645,PRD0029,38,203.27
OI0013945,ORD004646,PRD999,39,56.89
OI0013946,ORD004647,PRD0057,26,163.07
OI0013947,ORD004647,PRD0078,2,105.62
OI0013948,ORD004647,PRD0046,16,105.44
OI0013949,ORD004647,PRD0060,23,47.82
OI0013950,ORD004648,PRD0003,28,72.4
OI0013951,ORD004649,PRD0046,14,105.44
OI0013952,ORD004649,PRD0147,11,123.59
OI0013953,ORD004649,PRD0109,26,119.42
OI0013954,ORD004649,PRD0112,10,160.95
OI0013955,ORD004650,PRD0059,25,201.86
OI0013956,ORD004651,PRD0125,15,149.25
OI0013957,ORD004651,PRD0066,21,106.81
OI0013958,ORD004651,PRD0018,35,211.58
OI0013959,ORD004651,PRD0078,15,105.62
OI0013960,ORD004651,PRD0020,39,7.41
OI0013961,ORD004652,PRD0121,37,231.51
OI0013962,ORD004653,PRD0094,34,30.93
OI0013963,ORD004653,PRD0022,5,35.83
OI0013964,ORD004653,PRD0091,7,175.98
OI0013965,ORD004653,PRD0026,18,173.51
OI0013966,ORD004653,PRD0070,29,225.75
OI0013967,ORD004654,PRD0036,20,191.05
OI0013968,ORD004654,PRD0084,5,40.42
OI0013969,ORD004655,PRD0128,9,123.35
OI0013970,ORD004656,PRD0131,39,31.12
OI0013971,ORD004656,PRD0036,15,191.05
OI0013972,ORD004657,PRD0141,28,106.53
OI0013973,ORD004658,PRD0052,12,207.39
OI0013974,ORD004658,PRD0011,6,190.23
OI0013975,ORD004659,PRD0042,21,34.49
OI0013976,ORD004659,PRD0067,4,172.46
OI0013977,ORD004659,PRD0016,-33,191.36
OI0013978,ORD004659,PRD0072,35,230.67
OI0013979,ORD004659,PRD0119,30,39.29
OI0013980,ORD004660,PRD0060,37,47.82
OI0013981,ORD004660,PRD0128,39,123.35
OI0013982,ORD004660,PRD0089,37,150.86
OI0013983,ORD004661,PRD0108,6,29.96
OI0013984,ORD004661,PRD0126,24,35.6
OI0013985,ORD004662,PRD0074,3,95.86
OI0013986,ORD004663,PRD0008,7,87.17
OI0013987,ORD004663,PRD0114,17,122.24
OI0013988,ORD004664,PRD0133,7,216.9
OI0013989,ORD004665,PRD0033,25,49.71
OI0013990,ORD004665,PRD0068,32,29.13
OI0013991,ORD004666,PRD0054,30,58.91
OI0013992,ORD004666,PRD0092,17,57.63
OI0013993,ORD004666,PRD0071,35,189.96
OI0013994,ORD004666,PRD0034,39,69.78
OI0013995,ORD004666,PRD0063,31,139.58
OI0013996,ORD004667,PRD0043,20,154.31
OI0013997,ORD004667,PRD0071,33,189.96
OI0013998,ORD004667,PRD0029,17,203.27
OI0013999,ORD004667,PRD0149,2,233.51
OI0014000,ORD004668,PRD0032,32,206.97
OI0014001,ORD004668,PRD0050,1,176.43
OI0014002,ORD004668,PRD0037,29,226.8
OI0014003,ORD004668,PRD0025,13,79.83
OI0014004,ORD004668,PRD0026,6,173.51
OI0014005,ORD004669,PRD0108,7,29.96
OI0014006,ORD004669,PRD0004,32,27.44
OI0014007,ORD004669,PRD0075,38,173.74
OI0014008,ORD004669,PRD0069,35,54.19
OI0014009,ORD004669,PRD0150,29,124.38
OI0014010,ORD004670,PRD0126,18,35.6
OI0014011,ORD004670,PRD0005,7,143.43
OI0014012,ORD004670,PRD0109,-34,119.42
OI0014013,ORD004670,PRD0019,10,188.65
OI0014014,ORD004671,PRD0091,33,175.98
OI0014015,ORD004671,PRD0150,30,124.38
OI0014016,ORD004671,PRD0073,6,68.46
OI0014017,ORD004671,PRD0049,26,178.36
OI0014018,ORD004671,PRD0006,29,140.22
OI0014019,ORD004672,PRD0015,6,31.62
OI0014020,ORD004672,PRD0075,22,173.74
OI0014021,ORD004672,PRD0130,-26,40.15
OI0014022,ORD004672,PRD0078,11,105.62
OI0014023,ORD004673,PRD0147,5,123.59
OI0014024,ORD004674,PRD0143,22,205.5
OI0014025,ORD004674,PRD0028,21,98.85
OI0014026,ORD004674,PRD0142,24,15.65
OI0014027,ORD004674,PRD0003,8,72.4
OI0014028,ORD004674,PRD0048,24,221.86
OI0014029,ORD004675,PRD0010,26,6.66
OI0014030,ORD004676,PRD0069,10,54.19
OI0014031,ORD004676,PRD0072,40,230.67
OI0014032,ORD004676,PRD0129,13,171.21
OI0014033,ORD004677,PRD0062,10,239.86
OI0014034,ORD004677,PRD0121,40,231.51
OI0014035,ORD004677,PRD0059,28,201.86
OI0014036,ORD004677,PRD0092,35,57.63
OI0014037,ORD004677,PRD0032,10,206.97
OI0014038,ORD004678,PRD0033,-24,49.71
OI0014039,ORD004678,PRD0018,29,211.58
OI0014040,ORD004678,PRD0011,22,190.23
OI0014041,ORD004678,PRD0046,39,105.44
OI0014042,ORD004678,PRD0002,12,172.3
OI0014043,ORD004679,PRD0103,6,124.22
OI0014044,ORD004679,PRD0086,14,218.7
OI0014045,ORD004679,PRD0008,23,87.17
OI0014046,ORD004679,PRD0101,30,119.36
OI0014047,ORD004680,PRD0149,32,233.51
OI0014048,ORD004680,PRD0039,13,41.02
OI0014049,ORD004680,PRD0119,18,39.29
OI0014050,ORD004681,PRD0099,28,16.05
OI0014051,ORD004681,PRD0018,38,211.58
OI0014052,ORD004681,PRD0057,32,163.07
OI0014053,ORD004682,PRD0077,23,121.36
OI0014054,ORD004682,PRD0076,20,28.95
OI0014055,ORD004683,PRD0039,1,41.02
OI0014056,ORD004683,PRD0149,22,233.51
OI0014057,ORD004683,PRD0045,35,7.03
OI0014058,ORD004683,PRD0017,6,191.07
OI0014059,ORD004684,PRD0036,11,191.05
OI0014060,ORD004684,PRD0012,17,114.28
OI0014061,ORD004684,PRD0113,11,176.91
OI0014062,ORD004685,PRD0139,32,18.24
OI0014063,ORD004685,PRD0043,5,154.31
OI0014064,ORD004685,PRD0074,31,95.86
OI0014065,ORD004685,PRD0007,26,82.58
OI0014066,ORD004686,PRD0078,20,105.62
OI0014067,ORD004686,PRD0019,15,188.65
OI0014068,ORD004686,PRD0076,1,28.95
OI0014069,ORD004686,PRD0073,12,68.46
OI0014070,ORD004686,PRD0088,5,54.55
OI0014071,ORD004687,PRD0056,7,107.05
OI0014072,ORD004687,PRD0099,8,16.05
OI0014073,ORD004687,PRD0120,28,91.06
OI0014074,ORD004687,PRD0038,7,222.91
OI0014075,ORD004688,PRD000,3,103.19
OI0014076,ORD004689,PRD0069,39,54.19
OI0014077,ORD004689,PRD0010,39,6.66
OI0014078,ORD004689,PRD0035,34,236.05
OI0014079,ORD004689,PRD0054,13,58.91
OI0014080,ORD004689,PRD0121,24,231.51
OI0014081,ORD004690,PRD0103,5,124.22
OI0014082,ORD004690,PRD0131,25,31.12
OI0014083,ORD004690,PRD0008,35,87.17
OI0014084,ORD004690,PRD0014,21,23.8
OI0014085,ORD004690,PRD0094,12,30.93
OI0014086,ORD004691,PRD0147,26,123.59
OI0014087,ORD004691,PRD0100,18,36.13
OI0014088,ORD004691,PRD0095,31,72.24
OI0014089,ORD004692,PRD0007,9,82.58
OI0014090,ORD004692,PRD0081,33,47.37
OI0014091,ORD004692,PRD0066,33,106.81
OI0014092,ORD004692,PRD0055,6,122.67
OI0014093,ORD004692,PRD0132,36,115.18
OI0014094,ORD004693,PRD0083,13,19.93
OI0014095,ORD004693,PRD0132,30,115.18
OI0014096,ORD004693,PRD0005,20,143.43
OI0014097,ORD004694,PRD0077,36,121.36
OI0014098,ORD004694,PRD0149,4,233.51
OI0014099,ORD004694,PRD0047,28,157.02
OI0014100,ORD004695,PRD0124,3,45.26
OI0014101,ORD004696,PRD0139,22,18.24
OI0014102,ORD004696,PRD0027,20,38.21
OI0014103,ORD004696,PRD0021,3,92.86
OI0014104,ORD004696,PRD0072,6,230.67
OI0014105,ORD004696,PRD0117,20,90.73
OI0014106,ORD004697,PRD0088,8,54.55
OI0014107,ORD004697,PRD0131,15,31.12
OI0014108,ORD004697,PRD0126,32,35.6
OI0014109,ORD004697,PRD0144,7,190.91
OI0014110,ORD004698,PRD0135,22,148.62
OI0014111,ORD004698,PRD0015,1,31.62
OI0014112,ORD004698,PRD0124,16,45.26
OI0014113,ORD004699,PRD0003,34,72.4
OI0014114,ORD004699,PRD0127,23,116.1
OI0014115,ORD004699,PRD0102,36,215.21
OI0014116,ORD004700,PRD0004,16,27.44
OI0014117,ORD004701,PRD0108,16,29.96
OI0014118,ORD004701,PRD0101,28,119.36
OI0014119,ORD004702,PRD0029,2,203.27
OI0014120,ORD004702,PRD0090,4,72.4
OI0014121,ORD004702,PRD0077,15,121.36
OI0014122,ORD004702,PRD0089,22,150.86
OI0014123,ORD004702,PRD0055,23,122.67
OI0014124,ORD004703,PRD0033,16,49.71
OI0014125,ORD004703,PRD0124,29,45.26
OI0014126,ORD004704,PRD0086,16,218.7
OI0014127,ORD004704,PRD0078,28,105.62
OI0014128,ORD004704,PRD0009,19,38.6
OI0014129,ORD004704,PRD0053,15,122.42
OI0014130,ORD004705,PRD0127,22,116.1
OI0014131,ORD004705,PRD0034,26,69.78
OI0014132,ORD004705,PRD0094,29,30.93
OI0014133,ORD004705,PRD0147,1,123.59
OI0014134,ORD004706,PRD0116,10,227.68
OI0014135,ORD004706,PRD0097,9,166.76
OI0014136,ORD004706,PRD0007,31,82.58
OI0014137,ORD004707,PRD0117,9,90.73
OI0014138,ORD004707,PRD0027,1,38.21
OI0014139,ORD004707,PRD0036,37,191.05
OI0014140,ORD004707,PRD0106,11,22.39
OI0014141,ORD004707,PRD0109,33,119.42
OI0014142,ORD004708,PRD0023,8,138.23
OI0014143,ORD004708,PRD0084,16,40.42
OI0014144,ORD004708,PRD0008,12,87.17
OI0014145,ORD004709,PRD000,29,5.95
OI0014146,ORD004709,PRD0088,23,54.55
OI0014147,ORD004709,PRD0123,35,236.61
OI0014148,ORD004709,PRD0150,30,124.38
OI0014149,ORD004710,PRD0129,19,171.21
OI0014150,ORD004710,PRD0132,39,115.18
OI0014151,ORD004711,PRD0021,16,92.86
OI0014152,ORD004711,PRD0084,10,40.42
OI0014153,ORD004711,PRD0024,23,87.52
OI0014154,ORD004711,PRD0145,29,92.02
OI0014155,ORD004711,PRD0100,23,36.13
OI0014156,ORD004712,PRD0007,14,82.58
OI0014157,ORD004713,PRD0106,17,22.39
OI0014158,ORD004713,PRD0107,-22,140.4
OI0014159,ORD004714,PRD0043,19,154.31
OI0014160,ORD004714,PRD0069,1,54.19
OI0014161,ORD004714,PRD0023,12,138.23
OI0014162,ORD004715,PRD0081,12,47.37
OI0014163,ORD004715,PRD0019,26,188.65
OI0014164,ORD004715,PRD0009,8,38.6
OI0014165,ORD004715,PRD0063,20,139.58
OI0014166,ORD004716,PRD0092,25,57.63
OI0014167,ORD004716,PRD0085,38,63.68
OI0014168,ORD004716,PRD0026,30,173.51
OI0014169,ORD004716,PRD0033,27,49.71
OI0014170,ORD004716,PRD0136,16,5.82
OI0014171,ORD004717,PRD0044,23,142.63
OI0014172,ORD004718,PRD0124,1,45.26
OI0014173,ORD004719,PRD0133,2,216.9
OI0014174,ORD004719,PRD0036,40,191.05
OI0014175,ORD004719,PRD0116,16,227.68
OI0014176,ORD004719,PRD0003,23,72.4
OI0014177,ORD004719,PRD0107,34,140.4
OI0014178,ORD004720,PRD0079,30,153.34
OI0014179,ORD004720,PRD0046,20,105.44
OI0014180,ORD004721,PRD0004,2,27.44
OI0014181,ORD004721,PRD0116,25,227.68
OI0014182,ORD004721,PRD0018,18,211.58
OI0014183,ORD004721,PRD0094,27,30.93
OI0014184,ORD004721,PRD0124,23,45.26
OI0014185,ORD004722,PRD0073,15,68.46
OI0014186,ORD004723,PRD0091,20,175.98
OI0014187,ORD004723,PRD0077,19,121.36
OI0014188,ORD004724,PRD0144,38,190.91
OI0014189,ORD004724,PRD0127,33,116.1
OI0014190,ORD004725,PRD0098,12,38.66
OI0014191,ORD004725,PRD0021,6,92.86
OI0014192,ORD004726,PRD0148,34,127.25
OI0014193,ORD004726,PRD0043,17,154.31
OI0014194,ORD004726,PRD0032,34,206.97
OI0014195,ORD004726,PRD0019,-12,188.65
OI0014196,ORD004726,PRD0077,4,121.36
OI0014197,ORD004727,PRD0046,21,105.44
OI0014198,ORD004727,PRD0138,15,105.95
OI0014199,ORD004727,PRD0079,19,153.34
OI0014200,ORD004727,PRD0144,14,190.91
OI0014201,ORD004727,PRD0123,31,236.61
OI0014202,ORD004728,PRD0051,28,24.49
OI0014203,ORD004728,PRD0070,24,225.75
OI0014204,ORD004728,PRD9999,19,67.43
OI0014205,ORD004729,PRD0019,23,188.65
OI0014206,ORD004729,PRD9999,38,228.83
OI0014207,ORD004729,PRD0083,31,19.93
OI0014208,ORD004729,PRD0073,27,68.46
OI0014209,ORD004729,PRD0012,21,114.28
OI0014210,ORD004730,PRD0137,10,60.23
OI0014211,ORD004730,PRD0031,35,30.67
OI0014212,ORD004730,PRD0107,34,140.4
OI0014213,ORD004730,PRD0059,5,201.86
OI0014214,ORD004730,PRD0084,39,40.42
OI0014215,ORD004731,PRD0072,1,230.67
OI0014216,ORD004731,PRD0054,37,58.91
OI0014217,ORD004732,PRD0022,7,35.83
OI0014218,ORD004733,PRD0035,19,236.05
OI0014219,ORD004733,PRD0004,37,27.44
OI0014220,ORD004733,PRD0012,5,114.28
OI0014221,ORD004733,PRD0024,12,87.52
OI0014222,ORD004734,PRD0060,4,47.82
OI0014223,ORD004734,PRD0087,10,40.72
OI0014224,ORD004735,PRD0075,33,173.74
OI0014225,ORD004735,PRD0063,23,139.58
OI0014226,ORD004735,PRD0099,4,16.05
OI0014227,ORD004735,PRD0092,16,57.63
OI0014228,ORD004736,PRD0066,5,106.81
OI0014229,ORD004737,PRD0086,1,218.7
OI0014230,ORD004737,PRD0068,38,29.13
OI0014231,ORD004737,PRD0123,26,236.61
OI0014232,ORD004737,PRD0008,26,87.17
OI0014233,ORD004738,PRD0080,1,78.97
OI0014234,ORD004738,PRD0082,29,109.81
OI0014235,ORD004738,PRD0067,30,172.46
OI0014236,ORD004739,PRD0001,21,115.82
OI0014237,ORD004740,PRD0075,39,173.74
OI0014238,ORD004740,PRD0098,29,38.66
OI0014239,ORD004740,PRD0135,2,148.62
OI0014240,ORD004740,PRD0029,33,203.27
OI0014241,ORD004740,PRD0075,14,173.74
OI0014242,ORD004741,PRD0118,16,113.75
OI0014243,ORD004741,PRD0051,5,24.49
OI0014244,ORD004742,PRD0020,39,7.41
OI0014245,ORD004742,PRD0150,37,124.38
OI0014246,ORD004742,PRD0020,25,7.41
OI0014247,ORD004742,PRD0040,25,179.3
OI0014248,ORD004742,PRD0122,23,18.49
OI0014249,ORD004743,PRD0077,37,121.36
OI0014250,ORD004743,PRD0095,-20,72.24
OI0014251,ORD004743,PRD0009,33,38.6
OI0014252,ORD004744,PRD0075,27,173.74
OI0014253,ORD004744,PRD0092,6,57.63
OI0014254,ORD004744,PRD0078,14,105.62
OI0014255,ORD004745,PRD0014,18,23.8
OI0014256,ORD004745,PRD000,7,183.3
OI0014257,ORD004745,PRD0061,20,123.38
OI0014258,ORD004745,PRD0001,38,115.82
OI0014259,ORD004745,PRD0092,34,57.63
OI0014260,ORD004746,PRD0104,40,165.96
OI0014261,ORD004746,PRD0105,16,220.36
OI0014262,ORD004746,PRD0079,37,153.34
OI0014263,ORD004746,PRD0088,37,54.55
OI0014264,ORD004746,PRD0079,12,153.34
OI0014265,ORD004747,PRD0078,37,105.62
OI0014266,ORD004747,PRD0027,23,38.21
OI0014267,ORD004747,PRD0134,12,26.01
OI0014268,ORD004748,PRD0027,4,38.21
OI0014269,ORD004749,PRD0102,3,215.21
OI0014270,ORD004749,PRD0095,11,72.24
OI0014271,ORD004749,PRD0083,1,19.93
OI0014272,ORD004749,PRD0009,-39,38.6
OI0014273,ORD004750,PRD0009,32,38.6
OI0014274,ORD004751,PRD0013,31,202.19
OI0014275,ORD004751,PRD0007,26,82.58
OI0014276,ORD004751,PRD0037,23,226.8
OI0014277,ORD004751,PRD0094,20,30.93
OI0014278,ORD004752,PRD0108,25,29.96
OI0014279,ORD004752,PRD0102,39,215.21
OI0014280,ORD004752,PRD0078,4,105.62
OI0014281,ORD004752,PRD0126,1,35.6
OI0014282,ORD004752,PRD0045,34,7.03
OI0014283,ORD004753,PRD0114,26,122.24
OI0014284,ORD004753,PRD999,10,189.78
OI0014285,ORD004754,PRD0014,12,23.8
OI0014286,ORD004755,PRD0087,35,40.72
OI0014287,ORD004755,PRD0072,15,230.67
OI0014288,ORD004755,PRD0069,14,54.19
OI0014289,ORD004756,PRD0041,39,74.92
OI0014290,ORD004756,PRD0127,33,116.1
OI0014291,ORD004756,PRD0106,29,22.39
OI0014292,ORD004756,PRD0093,34,66.58
OI0014293,ORD004757,PRD0053,4,122.42
OI0014294,ORD004757,PRD0080,10,78.97
OI0014295,ORD004757,PRD0095,-2,72.24
OI0014296,ORD004757,PRD0079,9,153.34
OI0014297,ORD004758,PRD0145,7,92.02
OI0014298,ORD004758,PRD0092,5,57.63
OI0014299,ORD004758,PRD0013,1,202.19
OI0014300,ORD004759,PRD0038,18,222.91
OI0014301,ORD004759,PRD0135,19,148.62
OI0014302,ORD004760,PRD0057,22,163.07
OI0014303,ORD004760,PRD0103,38,124.22
OI0014304,ORD004761,PRD0085,-11,63.68
OI0014305,ORD004761,PRD0093,7,66.58
OI0014306,ORD004761,PRD0009,2,38.6
OI0014307,ORD004761,PRD0122,13,18.49
OI0014308,ORD004761,PRD0020,3,7.41
OI0014309,ORD004762,PRD0101,6,119.36
OI0014310,ORD004762,PRD9999,6,141.87
OI0014311,ORD004763,PRD0132,28,115.18
OI0014312,ORD004763,PRD0051,12,24.49
OI0014313,ORD004763,PRD0022,9,35.83
OI0014314,ORD004763,PRD0141,33,106.53
OI0014315,ORD004764,PRD0111,40,83.5
OI0014316,ORD004764,PRD0106,17,22.39
OI0014317,ORD004765,PRD0099,39,16.05
OI0014318,ORD004765,PRD0053,10,122.42
OI0014319,ORD004765,PRD0102,33,215.21
OI0014320,ORD004765,PRD0061,19,123.38
OI0014321,ORD004765,PRD0020,9,7.41
OI0014322,ORD004766,PRD0119,35,39.29
OI0014323,ORD004767,PRD0037,-23,226.8
OI0014324,ORD004767,PRD0024,12,87.52
OI0014325,ORD004767,PRD0056,18,107.05
OI0014326,ORD004767,PRD0021,2,92.86
OI0014327,ORD004767,PRD0030,21,101.78
OI0014328,ORD004768,PRD0094,1,30.93
OI0014329,ORD004769,PRD0092,8,57.63
OI0014330,ORD004769,PRD0015,1,31.62
OI0014331,ORD004769,PRD0105,34,220.36
OI0014332,ORD004769,PRD0047,7,157.02
OI0014333,ORD004770,PRD0116,8,227.68
OI0014334,ORD004771,PRD0136,29,5.82
OI0014335,ORD004772,PRD0103,18,124.22
OI0014336,ORD004773,PRD0137,10,60.23
OI0014337,ORD004773,PRD0027,32,38.21
OI0014338,ORD004774,PRD0004,33,27.44
OI0014339,ORD004774,PRD0056,17,107.05
OI0014340,ORD004774,PRD0062,3,239.86
OI0014341,ORD004774,PRD0111,2,83.5
OI0014342,ORD004774,PRD0030,22,101.78
OI0014343,ORD004775,PRD0135,16,148.62
OI0014344,ORD004775,PRD0061,19,123.38
OI0014345,ORD004775,PRD0096,5,78.52
OI0014346,ORD004775,PRD0118,27,113.75
OI0014347,ORD004776,PRD0023,9,138.23
OI0014348,ORD004776,PRD0126,2,35.6
OI0014349,ORD004776,PRD0089,11,150.86
OI0014350,ORD004776,PRD0034,27,69.78
OI0014351,ORD004776,PRD0003,3,72.4
OI0014352,ORD004777,PRD0004,26,27.44
OI0014353,ORD004777,PRD0031,37,30.67
OI0014354,ORD004777,PRD0094,27,30.93
OI0014355,ORD004777,PRD0057,5,163.07
OI0014356,ORD004777,PRD0003,3,72.4
OI0014357,ORD004778,PRD0061,-36,123.38
OI0014358,ORD004778,PRD0010,9,6.66
OI0014359,ORD004778,PRD0014,16,23.8
OI0014360,ORD004779,PRD0052,20,207.39
OI0014361,ORD004779,PRD0141,22,106.53
OI0014362,ORD004779,PRD0094,19,30.93
OI0014363,ORD004779,PRD0069,20,54.19
OI0014364,ORD004779,PRD0122,9,18.49
OI0014365,ORD004780,PRD0065,15,120.88
OI0014366,ORD004780,PRD0036,12,191.05
OI0014367,ORD004780,PRD0006,34,140.22
OI0014368,ORD004780,PRD0139,36,18.24
OI0014369,ORD004780,PRD0124,31,45.26
OI0014370,ORD004781,PRD0091,14,175.98
OI0014371,ORD004781,PRD9999,7,237.92
OI0014372,ORD004781,PRD0063,40,139.58
OI0014373,ORD004782,PRD0144,27,190.91
OI0014374,ORD004782,PRD0045,8,7.03
OI0014375,ORD004783,PRD0142,-27,15.65
OI0014376,ORD004783,PRD0047,9,157.02
OI0014377,ORD004783,PRD0125,35,149.25
OI0014378,ORD004784,PRD0038,32,222.91
OI0014379,ORD004785,PRD0128,28,123.35
OI0014380,ORD004785,PRD0016,32,191.36
OI0014381,ORD004786,PRD0100,34,36.13
OI0014382,ORD004786,PRD0121,28,231.51
OI0014383,ORD004786,PRD0045,15,7.03
OI0014384,ORD004787,PRD0036,16,191.05
OI0014385,ORD004787,PRD000,30,146.81
OI0014386,ORD004788,PRD0023,22,138.23
OI0014387,ORD004788,PRD0079,21,153.34
OI0014388,ORD004789,PRD0026,-14,173.51
OI0014389,ORD004789,PRD0008,26,87.17
OI0014390,ORD004789,PRD0050,8,176.43
OI0014391,ORD004789,PRD0002,28,172.3
OI0014392,ORD004790,PRD0081,26,47.37
OI0014393,ORD004790,PRD0003,15,72.4
OI0014394,ORD004790,PRD0032,9,206.97
OI0014395,ORD004790,PRD0012,31,114.28
OI0014396,ORD004790,PRD0149,14,233.51
OI0014397,ORD004791,PRD0003,25,72.4
OI0014398,ORD004792,PRD0111,34,83.5
OI0014399,ORD004792,PRD0106,36,22.39
OI0014400,ORD004793,PRD0059,9,201.86
OI0014401,ORD004794,PRD0054,38,58.91
OI0014402,ORD004794,PRD0057,6,163.07
OI0014403,ORD004794,PRD0079,18,153.34
OI0014404,ORD004794,PRD0049,3,178.36
OI0014405,ORD004795,PRD0041,34,74.92
OI0014406,ORD004795,PRD999,11,224.68
OI0014407,ORD004796,PRD0025,16,79.83
OI0014408,ORD004796,PRD0023,34,138.23
OI0014409,ORD004796,PRD0007,21,82.58
OI0014410,ORD004796,PRD0005,3,143.43
OI0014411,ORD004797,PRD0088,9,54.55
OI0014412,ORD004797,PRD0095,17,72.24
OI0014413,ORD004797,PRD0099,15,16.05
OI0014414,ORD004798,PRD0012,16,114.28
OI0014415,ORD004798,PRD0122,22,18.49
OI0014416,ORD004799,PRD0075,24,173.74
OI0014417,ORD004799,PRD0058,10,182.31
OI0014418,ORD004800,PRD0123,10,236.61
OI0014419,ORD004800,PRD0090,16,72.4
OI0014420,ORD004800,PRD0143,24,205.5
OI0014421,ORD004800,PRD0129,11,171.21
OI0014422,ORD004800,PRD0118,32,113.75
OI0014423,ORD004801,PRD0054,3,58.91
OI0014424,ORD004801,PRD0126,34,35.6
OI0014425,ORD004802,PRD0137,5,60.23
OI0014426,ORD004802,PRD0024,26,87.52
OI0014427,ORD004802,PRD0064,34,230.86
OI0014428,ORD004802,PRD0019,4,188.65
OI0014429,ORD004803,PRD0091,20,175.98
OI0014430,ORD004803,PRD0094,24,30.93
OI0014431,ORD004803,PRD0054,40,58.91
OI0014432,ORD004804,PRD0029,17,203.27
OI0014433,ORD004804,PRD0014,1,23.8
OI0014434,ORD004804,PRD0041,35,74.92
OI0014435,ORD004804,PRD0074,7,95.86
OI0014436,ORD004804,PRD0108,18,29.96
OI0014437,ORD004805,PRD0097,3,166.76
OI0014438,ORD004805,PRD0066,20,106.81
OI0014439,ORD004805,PRD0008,38,87.17
OI0014440,ORD004806,PRD0076,36,28.95
OI0014441,ORD004806,PRD0079,3,153.34
OI0014442,ORD004807,PRD0053,20,122.42
OI0014443,ORD004807,PRD0020,18,7.41
OI0014444,ORD004807,PRD0012,11,114.28
OI0014445,ORD004808,PRD0086,2,218.7
OI0014446,ORD004808,PRD0054,13,58.91
OI0014447,ORD004808,PRD0054,24,58.91
OI0014448,ORD004809,PRD0091,28,175.98
OI0014449,ORD004810,PRD0037,22,226.8
OI0014450,ORD004810,PRD0026,7,173.51
OI0014451,ORD004810,PRD0021,13,92.86
OI0014452,ORD004810,PRD0089,21,150.86
OI0014453,ORD004811,PRD0022,32,35.83
OI0014454,ORD004812,PRD0064,4,230.86
OI0014455,ORD004813,PRD0098,8,38.66
OI0014456,ORD004813,PRD0132,29,115.18
OI0014457,ORD004813,PRD0134,1,26.01
OI0014458,ORD004813,PRD0087,17,40.72
OI0014459,ORD004813,PRD0003,3,72.4
OI0014460,ORD004814,PRD0102,24,215.21
OI0014461,ORD004814,PRD0131,37,31.12
OI0014462,ORD004814,PRD0127,6,116.1
OI0014463,ORD004814,PRD0021,18,92.86
OI0014464,ORD004814,PRD0097,17,166.76
OI0014465,ORD004815,PRD0083,31,19.93
OI0014466,ORD004815,PRD0097,6,166.76
OI0014467,ORD004815,PRD0107,18,140.4
OI0014468,ORD004815,PRD0059,37,201.86
OI0014469,ORD004816,PRD0064,13,230.86
OI0014470,ORD004816,PRD0052,34,207.39
OI0014471,ORD004816,PRD0120,12,91.06
OI0014472,ORD004816,PRD0098,7,38.66
OI0014473,ORD004817,PRD0032,9,206.97
OI0014474,ORD004817,PRD0117,3,90.73
OI0014475,ORD004818,PRD0032,30,206.97
OI0014476,ORD004818,PRD0060,32,47.82
OI0014477,ORD004818,PRD0101,26,119.36
OI0014478,ORD004818,PRD0045,4,7.03
OI0014479,ORD004819,PRD0050,15,176.43
OI0014480,ORD004819,PRD0072,21,230.67
OI0014481,ORD004820,PRD0044,27,142.63
OI0014482,ORD004821,PRD0058,26,182.31
OI0014483,ORD004822,PRD0147,4,123.59
OI0014484,ORD004822,PRD0072,38,230.67
OI0014485,ORD004823,PRD0021,17,92.86
OI0014486,ORD004823,PRD0041,26,74.92
OI0014487,ORD004823,PRD0099,-26,16.05
OI0014488,ORD004823,PRD000,20,9.08
OI0014489,ORD004824,PRD0011,19,190.23
OI0014490,ORD004825,PRD0103,36,124.22
OI0014491,ORD004826,PRD0018,19,211.58
OI0014492,ORD004827,PRD0017,12,191.07
OI0014493,ORD004827,PRD0142,5,15.65
OI0014494,ORD004827,PRD0108,40,29.96
OI0014495,ORD004827,PRD0137,1,60.23
OI0014496,ORD004827,PRD0097,39,166.76
OI0014497,ORD004828,PRD0134,30,26.01
OI0014498,ORD004828,PRD0044,5,142.63
OI0014499,ORD004829,PRD0051,37,24.49
OI0014500,ORD004829,PRD0029,11,203.27
OI0014501,ORD004829,PRD0092,34,57.63
OI0014502,ORD004829,PRD0083,25,19.93
OI0014503,ORD004830,PRD0061,20,123.38
OI0014504,ORD004830,PRD0021,29,92.86
OI0014505,ORD004830,PRD0095,28,72.24
OI0014506,ORD004831,PRD0150,32,124.38
OI0014507,ORD004831,PRD0061,7,123.38
OI0014508,ORD004832,PRD0019,17,188.65
OI0014509,ORD004833,PRD0013,2,202.19
OI0014510,ORD004833,PRD0044,23,142.63
OI0014511,ORD004833,PRD0016,26,191.36
OI0014512,ORD004833,PRD0062,27,239.86
OI0014513,ORD004833,PRD0012,33,114.28
OI0014514,ORD004834,PRD0064,22,230.86
OI0014515,ORD004834,PRD0032,19,206.97
OI0014516,ORD004835,PRD0083,17,19.93
OI0014517,ORD004835,PRD0129,8,171.21
OI0014518,ORD004835,PRD0054,16,58.91
OI0014519,ORD004835,PRD0010,7,6.66
OI0014520,ORD004836,PRD0033,29,49.71
OI0014521,ORD004837,PRD0096,4,78.52
OI0014522,ORD004838,PRD0063,32,139.58
OI0014523,ORD004838,PRD0032,4,206.97
OI0014524,ORD004838,PRD0062,40,239.86
OI0014525,ORD004838,PRD0029,32,203.27
OI0014526,ORD004838,PRD0060,39,47.82
OI0014527,ORD004839,PRD0136,30,5.82
OI0014528,ORD004839,PRD0017,3,191.07
OI0014529,ORD004839,PRD0037,31,226.8
OI0014530,ORD004839,PRD0063,18,139.58
OI0014531,ORD004839,PRD0111,16,83.5
OI0014532,ORD004840,PRD0071,24,189.96
OI0014533,ORD004840,PRD0107,2,140.4
OI0014534,ORD004841,PRD0115,17,102.09
OI0014535,ORD004841,PRD0048,17,221.86
OI0014536,ORD004841,PRD0073,2,68.46
OI0014537,ORD004841,PRD0103,25,124.22
OI0014538,ORD004841,PRD0129,25,171.21
OI0014539,ORD004842,PRD0141,37,106.53
OI0014540,ORD004842,PRD0082,11,109.81
OI0014541,ORD004842,PRD0135,15,148.62
OI0014542,ORD004843,PRD0131,33,31.12
OI0014543,ORD004844,PRD0121,39,231.51
OI0014544,ORD004844,PRD0122,3,18.49
OI0014545,ORD004844,PRD0053,10,122.42
OI0014546,ORD004844,PRD0139,31,18.24
OI0014547,ORD004844,PRD0118,16,113.75
OI0014548,ORD004845,PRD0118,28,113.75
OI0014549,ORD004846,PRD0021,5,92.86
OI0014550,ORD004846,PRD0025,29,79.83
OI0014551,ORD004847,PRD0136,18,5.82
OI0014552,ORD004848,PRD0130,18,40.15
OI0014553,ORD004848,PRD0116,14,227.68
OI0014554,ORD004848,PRD0128,36,123.35
OI0014555,ORD004849,PRD0124,24,45.26
OI0014556,ORD004849,PRD0122,10,18.49
OI0014557,ORD004849,PRD0079,34,153.34
OI0014558,ORD004850,PRD0106,36,22.39
OI0014559,ORD004850,PRD0014,13,23.8
OI0014560,ORD004851,PRD0127,40,116.1
OI0014561,ORD004851,PRD0029,21,203.27
OI0014562,ORD004851,PRD0061,28,123.38
OI0014563,ORD004852,PRD0076,19,28.95
OI0014564,ORD004852,PRD0105,31,220.36
OI0014565,ORD004852,PRD0118,1,113.75
OI0014566,ORD004852,PRD0149,28,233.51
OI0014567,ORD004853,PRD0037,37,226.8
OI0014568,ORD004853,PRD0065,32,120.88
OI0014569,ORD004853,PRD0093,40,66.58
OI0014570,ORD004853,PRD0045,40,7.03
OI0014571,ORD004853,PRD0020,39,7.41
OI0014572,ORD004854,PRD0142,3,15.65
OI0014573,ORD004854,PRD0052,13,207.39
OI0014574,ORD004855,PRD0056,11,107.05
OI0014575,ORD004855,PRD0004,14,27.44
OI0014576,ORD004855,PRD0100,14,36.13
OI0014577,ORD004856,PRD0002,18,172.3
OI0014578,ORD004856,PRD0063,18,139.58
OI0014579,ORD004856,PRD0035,18,236.05
OI0014580,ORD004857,PRD0069,26,54.19
OI0014581,ORD004857,PRD0008,20,87.17
OI0014582,ORD004857,PRD0123,37,236.61
OI0014583,ORD004857,PRD0132,30,115.18
OI0014584,ORD004857,PRD0112,9,160.95
OI0014585,ORD004858,PRD0033,7,49.71
OI0014586,ORD004858,PRD0133,34,216.9
OI0014587,ORD004859,PRD0071,2,189.96
OI0014588,ORD004859,PRD0025,35,79.83
OI0014589,ORD004859,PRD0069,39,54.19
OI0014590,ORD004859,PRD0011,24,190.23
OI0014591,ORD004859,PRD0101,37,119.36
OI0014592,ORD004860,PRD0081,3,47.37
OI0014593,ORD004860,PRD0117,18,90.73
OI0014594,ORD004861,PRD0011,30,190.23
OI0014595,ORD004861,PRD0018,27,211.58
OI0014596,ORD004861,PRD0069,28,54.19
OI0014597,ORD004862,PRD0095,38,72.24
OI0014598,ORD004862,PRD0043,34,154.31
OI0014599,ORD004862,PRD0021,5,92.86
OI0014600,ORD004863,PRD0116,20,227.68
OI0014601,ORD004863,PRD0014,7,23.8
OI0014602,ORD004864,PRD0082,35,109.81
OI0014603,ORD004865,PRD0056,7,107.05
OI0014604,ORD004865,PRD0070,36,225.75
OI0014605,ORD004865,PRD0073,18,68.46
OI0014606,ORD004865,PRD0107,15,140.4
OI0014607,ORD004866,PRD0072,40,230.67
OI0014608,ORD004866,PRD0076,25,28.95
OI0014609,ORD004866,PRD0024,1,87.52
OI0014610,ORD004867,PRD0003,39,72.4
OI0014611,ORD004867,PRD0146,22,116.28
OI0014612,ORD004867,PRD0108,33,29.96
OI0014613,ORD004868,PRD0059,26,201.86
OI0014614,ORD004868,PRD0010,38,6.66
OI0014615,ORD004868,PRD0119,39,39.29
OI0014616,ORD004868,PRD0147,9,123.59
OI0014617,ORD004868,PRD0108,31,29.96
OI0014618,ORD004869,PRD0127,25,116.1
OI0014619,ORD004869,PRD0085,1,63.68
OI0014620,ORD004870,PRD0029,38,203.27
OI0014621,ORD004870,PRD0134,12,26.01
OI0014622,ORD004870,PRD0073,10,68.46
OI0014623,ORD004871,PRD9999,5,205.41
OI0014624,ORD004871,PRD0089,38,150.86
OI0014625,ORD004871,PRD0119,5,39.29
OI0014626,ORD004871,PRD0088,23,54.55
OI0014627,ORD004871,PRD0005,8,143.43
OI0014628,ORD004872,PRD0060,21,47.82
OI0014629,ORD004872,PRD0001,40,115.82
OI0014630,ORD004872,PRD0099,5,16.05
OI0014631,ORD004873,PRD0068,9,29.13
OI0014632,ORD004873,PRD0058,34,182.31
OI0014633,ORD004874,PRD0142,19,15.65
OI0014634,ORD004874,PRD0039,-35,41.02
OI0014635,ORD004874,PRD0103,5,124.22
OI0014636,ORD004875,PRD0112,28,160.95
OI0014637,ORD004875,PRD0136,40,5.82
OI0014638,ORD004875,PRD0046,5,105.44
OI0014639,ORD004875,PRD0028,17,98.85
OI0014640,ORD004876,PRD0143,22,205.5
OI0014641,ORD004876,PRD0038,7,222.91
OI0014642,ORD004877,PRD0095,20,72.24
OI0014643,ORD004878,PRD0063,8,139.58
OI0014644,ORD004879,PRD0088,29,54.55
OI0014645,ORD004879,PRD0092,9,57.63
OI0014646,ORD004880,PRD0093,8,66.58
OI0014647,ORD004881,PRD0005,39,143.43
OI0014648,ORD004881,PRD0064,33,230.86
OI0014649,ORD004881,PRD0012,13,114.28
OI0014650,ORD004881,PRD0034,13,69.78
OI0014651,ORD004882,PRD0011,9,190.23
OI0014652,ORD004882,PRD0134,7,26.01
OI0014653,ORD004883,PRD0034,5,69.78
OI0014654,ORD004884,PRD0106,32,22.39
OI0014655,ORD004884,PRD0126,25,35.6
OI0014656,ORD004884,PRD0088,40,54.55
OI0014657,ORD004885,PRD0066,34,106.81
OI0014658,ORD004885,PRD0051,3,24.49
OI0014659,ORD004886,PRD0070,38,225.75
OI0014660,ORD004886,PRD0065,24,120.88
OI0014661,ORD004886,PRD0047,35,157.02
OI0014662,ORD004886,PRD0104,26,165.96
OI0014663,ORD004887,PRD0016,1,191.36
OI0014664,ORD004887,PRD0113,22,176.91
OI0014665,ORD004887,PRD0030,26,101.78
OI0014666,ORD004887,PRD0135,15,148.62
OI0014667,ORD004887,PRD0048,6,221.86
OI0014668,ORD004888,PRD0035,22,236.05
OI0014669,ORD004888,PRD0121,21,231.51
OI0014670,ORD004888,PRD0117,24,90.73
OI0014671,ORD004888,PRD0099,23,16.05
OI0014672,ORD004888,PRD0021,23,92.86
OI0014673,ORD004889,PRD0001,34,115.82
OI0014674,ORD004890,PRD0059,2,201.86
OI0014675,ORD004890,PRD0145,15,92.02
OI0014676,ORD004890,PRD0023,7,138.23
OI0014677,ORD004890,PRD0016,30,191.36
OI0014678,ORD004890,PRD0147,19,123.59
OI0014679,ORD004891,PRD0056,36,107.05
OI0014680,ORD004891,PRD0120,14,91.06
OI0014681,ORD004891,PRD0001,1,115.82
OI0014682,ORD004892,PRD0112,6,160.95
OI0014683,ORD004892,PRD0092,9,57.63
OI0014684,ORD004892,PRD0027,8,38.21
OI0014685,ORD004892,PRD0127,34,116.1
OI0014686,ORD004893,PRD0122,39,18.49
OI0014687,ORD004893,PRD0059,17,201.86
OI0014688,ORD004893,PRD0109,2,119.42
OI0014689,ORD004893,PRD0129,21,171.21
OI0014690,ORD004894,PRD000,29,55.14
OI0014691,ORD004894,PRD0126,16,35.6
OI0014692,ORD004894,PRD0017,26,191.07
OI0014693,ORD004894,PRD0145,19,92.02
OI0014694,ORD004895,PRD0088,6,54.55
OI0014695,ORD004896,PRD0078,-16,105.62
OI0014696,ORD004896,PRD0139,39,18.24
OI0014697,ORD004896,PRD0058,36,182.31
OI0014698,ORD004897,PRD0106,31,22.39
OI0014699,ORD004897,PRD0013,34,202.19
OI0014700,ORD004898,PRD0075,-17,173.74
OI0014701,ORD004898,PRD0072,17,230.67
OI0014702,ORD004899,PRD0067,36,172.46
OI0014703,ORD004899,PRD0023,32,138.23
OI0014704,ORD004900,PRD0104,22,165.96
OI0014705,ORD004900,PRD0014,30,23.8
OI0014706,ORD004901,PRD0085,3,63.68
OI0014707,ORD004901,PRD0105,25,220.36
OI0014708,ORD004901,PRD0001,33,115.82
OI0014709,ORD004901,PRD0009,34,38.6
OI0014710,ORD004902,PRD0049,34,178.36
OI0014711,ORD004902,PRD0094,23,30.93
OI0014712,ORD004902,PRD0101,35,119.36
OI0014713,ORD004902,PRD0134,31,26.01
OI0014714,ORD004903,PRD0096,35,78.52
OI0014715,ORD004903,PRD0089,35,150.86
OI0014716,ORD004904,PRD0129,8,171.21
OI0014717,ORD004904,PRD0018,2,211.58
OI0014718,ORD004904,PRD0030,32,101.78
OI0014719,ORD004904,PRD0051,40,24.49
OI0014720,ORD004904,PRD0038,4,222.91
OI0014721,ORD004905,PRD0060,16,47.82
OI0014722,ORD004905,PRD0078,25,105.62
OI0014723,ORD004905,PRD0131,16,31.12
OI0014724,ORD004906,PRD0006,18,140.22
OI0014725,ORD004906,PRD0048,27,221.86
OI0014726,ORD004906,PRD0075,2,173.74
OI0014727,ORD004906,PRD0143,39,205.5
OI0014728,ORD004906,PRD0113,38,176.91
OI0014729,ORD004907,PRD0093,16,66.58
OI0014730,ORD004907,PRD0002,27,172.3
OI0014731,ORD004908,PRD0052,1,207.39
OI0014732,ORD004908,PRD0139,13,18.24
OI0014733,ORD004908,PRD0052,9,207.39
OI0014734,ORD004908,PRD0011,1,190.23
OI0014735,ORD004909,PRD0101,27,119.36
OI0014736,ORD004909,PRD0116,40,227.68
OI0014737,ORD004909,PRD0083,1,19.93
OI0014738,ORD004909,PRD0027,24,38.21
OI0014739,ORD004910,PRD0001,39,115.82
OI0014740,ORD004910,PRD0110,12,237.89
OI0014741,ORD004911,PRD0031,11,30.67
OI0014742,ORD004911,PRD0109,2,119.42
OI0014743,ORD004911,PRD0103,15,124.22
OI0014744,ORD004912,PRD0042,13,34.49
OI0014745,ORD004912,PRD0079,10,153.34
OI0014746,ORD004913,PRD0067,32,172.46
OI0014747,ORD004913,PRD0083,29,19.93
OI0014748,ORD004913,PRD0031,20,30.67
OI0014749,ORD004913,PRD0083,6,19.93
OI0014750,ORD004914,PRD0020,9,7.41
OI0014751,ORD004914,PRD0061,34,123.38
OI0014752,ORD004914,PRD0069,13,54.19
OI0014753,ORD004914,PRD0141,7,106.53
OI0014754,ORD004914,PRD0091,17,175.98
OI0014755,ORD004915,PRD0067,3,172.46
OI0014756,ORD004915,PRD0143,16,205.5
OI0014757,ORD004915,PRD0028,34,98.85
OI0014758,ORD004915,PRD0060,22,47.82
OI0014759,ORD004916,PRD0037,36,226.8
OI0014760,ORD004917,PRD0117,24,90.73
OI0014761,ORD004918,PRD0037,15,226.8
OI0014762,ORD004918,PRD0134,3,26.01
OI0014763,ORD004918,PRD0078,17,105.62
OI0014764,ORD004918,PRD0130,31,40.15
OI0014765,ORD004919,PRD0113,10,176.91
OI0014766,ORD004919,PRD0014,11,23.8
OI0014767,ORD004919,PRD0147,-34,123.59
OI0014768,ORD004919,PRD0051,38,24.49
OI0014769,ORD004919,PRD0025,40,79.83
OI0014770,ORD004920,PRD0036,21,191.05
OI0014771,ORD004920,PRD0080,8,78.97
OI0014772,ORD004920,PRD0017,21,191.07
OI0014773,ORD004921,PRD0064,36,230.86
OI0014774,ORD004921,PRD0051,20,24.49
OI0014775,ORD004921,PRD0042,32,34.49
OI0014776,ORD004922,PRD0032,10,206.97
OI0014777,ORD004922,PRD0029,16,203.27
OI0014778,ORD004923,PRD0127,34,116.1
OI0014779,ORD004923,PRD0009,24,38.6
OI0014780,ORD004924,PRD0015,18,31.62
OI0014781,ORD004924,PRD0086,23,218.7
OI0014782,ORD004924,PRD0052,15,207.39
OI0014783,ORD004925,PRD0104,22,165.96
OI0014784,ORD004926,PRD0076,38,28.95
OI0014785,ORD004927,PRD0048,4,221.86
OI0014786,ORD004927,PRD0095,20,72.24
OI0014787,ORD004927,PRD0135,28,148.62
OI0014788,ORD004927,PRD0076,22,28.95
OI0014789,ORD004928,PRD0127,36,116.1
OI0014790,ORD004928,PRD0029,16,203.27
OI0014791,ORD004928,PRD0121,29,231.51
OI0014792,ORD004929,PRD0043,8,154.31
OI0014793,ORD004929,PRD0037,28,226.8
OI0014794,ORD004930,PRD0061,16,123.38
OI0014795,ORD004931,PRD0113,20,176.91
OI0014796,ORD004931,PRD0002,11,172.3
OI0014797,ORD004931,PRD0025,29,79.83
OI0014798,ORD004932,PRD0004,36,27.44
OI0014799,ORD004932,PRD0092,5,57.63
OI0014800,ORD004932,PRD0016,24,191.36
OI0014801,ORD004933,PRD0010,29,6.66
OI0014802,ORD004934,PRD0050,18,176.43
OI0014803,ORD004935,PRD0054,6,58.91
OI0014804,ORD004935,PRD0085,8,63.68
OI0014805,ORD004935,PRD0043,38,154.31
OI0014806,ORD004935,PRD0079,13,153.34
OI0014807,ORD004935,PRD0124,13,45.26
OI0014808,ORD004936,PRD0119,27,39.29
OI0014809,ORD004936,PRD0126,15,35.6
OI0014810,ORD004936,PRD0038,25,222.91
OI0014811,ORD004937,PRD0115,11,102.09
OI0014812,ORD004938,PRD0043,27,154.31
OI0014813,ORD004939,PRD0083,26,19.93
OI0014814,ORD004940,PRD0119,29,39.29
OI0014815,ORD004940,PRD0014,23,23.8
OI0014816,ORD004941,PRD0011,39,190.23
OI0014817,ORD004941,PRD0121,6,231.51
OI0014818,ORD004941,PRD0050,16,176.43
OI0014819,ORD004942,PRD0075,14,173.74
OI0014820,ORD004942,PRD0031,37,30.67
OI0014821,ORD004942,PRD0070,31,225.75
OI0014822,ORD004943,PRD0054,5,58.91
OI0014823,ORD004943,PRD0136,1,5.82
OI0014824,ORD004944,PRD0055,14,122.67
OI0014825,ORD004944,PRD0095,29,72.24
OI0014826,ORD004944,PRD0053,3,122.42
OI0014827,ORD004944,PRD0004,13,27.44
OI0014828,ORD004944,PRD0067,1,172.46
OI0014829,ORD004945,PRD0085,39,63.68
OI0014830,ORD004946,PRD0016,15,191.36
OI0014831,ORD004946,PRD0118,33,113.75
OI0014832,ORD004946,PRD0029,4,203.27
OI0014833,ORD004947,PRD0066,11,106.81
OI0014834,ORD004947,PRD0093,24,66.58
OI0014835,ORD004948,PRD0056,1,107.05
OI0014836,ORD004948,PRD0098,26,38.66
OI0014837,ORD004948,PRD0113,27,176.91
OI0014838,ORD004948,PRD0110,10,237.89
OI0014839,ORD004948,PRD0136,9,5.82
OI0014840,ORD004949,PRD0100,1,36.13
OI0014841,ORD004949,PRD0011,40,190.23
OI0014842,ORD004949,PRD0014,17,23.8
OI0014843,ORD004949,PRD0148,39,127.25
OI0014844,ORD004949,PRD0060,37,47.82
OI0014845,ORD004950,PRD0053,38,122.42
OI0014846,ORD004950,PRD0129,23,171.21
OI0014847,ORD004951,PRD0071,3,189.96
OI0014848,ORD004951,PRD0100,28,36.13
OI0014849,ORD004951,PRD0041,29,74.92
OI0014850,ORD004952,PRD0007,15,82.58
OI0014851,ORD004953,PRD0071,27,189.96
OI0014852,ORD004954,PRD0059,16,201.86
OI0014853,ORD004954,PRD0140,22,180.3
OI0014854,ORD004954,PRD0094,13,30.93
OI0014855,ORD004954,PRD0050,7,176.43
OI0014856,ORD004955,PRD0140,2,180.3
OI0014857,ORD004955,PRD0039,3,41.02
OI0014858,ORD004956,PRD0073,23,68.46
OI0014859,ORD004957,PRD0099,6,16.05
OI0014860,ORD004957,PRD0010,29,6.66
OI0014861,ORD004957,PRD0092,1,57.63
OI0014862,ORD004957,PRD0035,10,236.05
OI0014863,ORD004958,PRD0086,23,218.7
OI0014864,ORD004959,PRD0006,39,140.22
OI0014865,ORD004959,PRD0140,40,180.3
OI0014866,ORD004960,PRD0102,12,215.21
OI0014867,ORD004960,PRD0079,39,153.34
OI0014868,ORD004960,PRD0007,2,82.58
OI0014869,ORD004960,PRD0083,11,19.93
OI0014870,ORD004960,PRD0023,34,138.23
OI0014871,ORD004961,PRD0123,36,236.61
OI0014872,ORD004961,PRD0143,15,205.5
OI0014873,ORD004962,PRD0044,28,142.63
OI0014874,ORD004962,PRD0064,28,230.86
OI0014875,ORD004962,PRD0088,19,54.55
OI0014876,ORD004963,PRD0150,19,124.38
OI0014877,ORD004963,PRD0110,5,237.89
OI0014878,ORD004963,PRD0084,13,40.42
OI0014879,ORD004963,PRD0070,28,225.75
OI0014880,ORD004964,PRD0022,2,35.83
OI0014881,ORD004964,PRD0099,23,16.05
OI0014882,ORD004964,PRD0145,19,92.02
OI0014883,ORD004965,PRD0026,23,173.51
OI0014884,ORD004965,PRD0110,22,237.89
OI0014885,ORD004965,PRD0006,37,140.22
OI0014886,ORD004965,PRD0088,14,54.55
OI0014887,ORD004966,PRD0001,19,115.82
OI0014888,ORD004966,PRD0031,26,30.67
OI0014889,ORD004966,PRD0113,16,176.91
OI0014890,ORD004967,PRD0007,18,82.58
OI0014891,ORD004967,PRD0057,8,163.07
OI0014892,ORD004967,PRD0138,3,105.95
OI0014893,ORD004967,PRD0134,22,26.01
OI0014894,ORD004968,PRD0106,34,22.39
OI0014895,ORD004968,PRD0071,16,189.96
OI0014896,ORD004968,PRD0020,10,7.41
OI0014897,ORD004968,PRD0048,3,221.86
OI0014898,ORD004969,PRD0005,35,143.43
OI0014899,ORD004969,PRD0116,31,227.68
OI0014900,ORD004969,PRD0036,39,191.05
OI0014901,ORD004970,PRD0099,6,16.05
OI0014902,ORD004970,PRD0095,19,72.24
OI0014903,ORD004970,PRD0138,37,105.95
OI0014904,ORD004971,PRD0123,19,236.61
OI0014905,ORD004972,PRD0019,12,188.65
OI0014906,ORD004972,PRD0137,8,60.23
OI0014907,ORD004972,PRD0063,2,139.58
OI0014908,ORD004972,PRD0012,5,114.28
OI0014909,ORD004973,PRD0076,24,28.95
OI0014910,ORD004973,PRD0011,3,190.23
OI0014911,ORD004973,PRD0133,4,216.9
OI0014912,ORD004974,PRD0106,-31,22.39
OI0014913,ORD004974,PRD0101,18,119.36
OI0014914,ORD004974,PRD0049,5,178.36
OI0014915,ORD004974,PRD0038,18,222.91
OI0014916,ORD004975,PRD0079,28,153.34
OI0014917,ORD004975,PRD9999,3,65.46
OI0014918,ORD004975,PRD0067,8,172.46
OI0014919,ORD004975,PRD0134,35,26.01
OI0014920,ORD004976,PRD0096,33,78.52
OI0014921,ORD004977,PRD0076,8,28.95
OI0014922,ORD004977,PRD0149,18,233.51
OI0014923,ORD004977,PRD0009,17,38.6
OI0014924,ORD004978,PRD0110,15,237.89
OI0014925,ORD004978,PRD0085,11,63.68
OI0014926,ORD004979,PRD0112,18,160.95
OI0014927,ORD004979,PRD0149,21,233.51
OI0014928,ORD004979,PRD0029,18,203.27
OI0014929,ORD004980,PRD0144,1,190.91
OI0014930,ORD004980,PRD0149,35,233.51
OI0014931,ORD004980,PRD0145,25,92.02
OI0014932,ORD004981,PRD0110,-23,237.89
OI0014933,ORD004981,PRD0078,-22,105.62
OI0014934,ORD004981,PRD0109,9,119.42
OI0014935,ORD004981,PRD0027,28,38.21
OI0014936,ORD004981,PRD0145,16,92.02
OI0014937,ORD004982,PRD0144,28,190.91
OI0014938,ORD004982,PRD0018,10,211.58
OI0014939,ORD004982,PRD0131,27,31.12
OI0014940,ORD004982,PRD0004,36,27.44
OI0014941,ORD004983,PRD0101,18,119.36
OI0014942,ORD004983,PRD0093,28,66.58
OI0014943,ORD004984,PRD0109,11,119.42
OI0014944,ORD004985,PRD0109,30,119.42
OI0014945,ORD004986,PRD0051,6,24.49
OI0014946,ORD004986,PRD0036,33,191.05
OI0014947,ORD004986,PRD0044,34,142.63
OI0014948,ORD004987,PRD0015,27,31.62
OI0014949,ORD004987,PRD0059,18,201.86
OI0014950,ORD004987,PRD0022,13,35.83
OI0014951,ORD004988,PRD0048,19,221.86
OI0014952,ORD004988,PRD0005,1,143.43
OI0014953,ORD004988,PRD0101,23,119.36
OI0014954,ORD004989,PRD0143,33,205.5
OI0014955,ORD004990,PRD0028,4,98.85
OI0014956,ORD004990,PRD0051,30,24.49
OI0014957,ORD004991,PRD0117,5,90.73
OI0014958,ORD004991,PRD0133,1,216.9
OI0014959,ORD004991,PRD0038,1,222.91
OI0014960,ORD004992,PRD0086,15,218.7
OI0014961,ORD004992,PRD0110,22,237.89
OI0014962,ORD004992,PRD0145,8,92.02
OI0014963,ORD004992,PRD0139,-35,18.24
OI0014964,ORD004992,PRD0082,40,109.81
OI0014965,ORD004993,PRD0055,12,122.67
OI0014966,ORD004993,PRD0068,3,29.13
OI0014967,ORD004993,PRD0033,-12,49.71
OI0014968,ORD004993,PRD0050,32,176.43
OI0014969,ORD004994,PRD0129,26,171.21
OI0014970,ORD004994,PRD0145,3,92.02
OI0014971,ORD004994,PRD0114,22,122.24
OI0014972,ORD004995,PRD0150,36,124.38
OI0014973,ORD004995,PRD0002,9,172.3
OI0014974,ORD004996,PRD0044,22,142.63
OI0014975,ORD004996,PRD0057,40,163.07
OI0014976,ORD004996,PRD0042,30,34.49
OI0014977,ORD004997,PRD0118,19,113.75
OI0014978,ORD004997,PRD0025,1,79.83
OI0014979,ORD004997,PRD0026,36,173.51
OI0014980,ORD004997,PRD0029,4,203.27
OI0014981,ORD004997,PRD0018,10,211.58
OI0014982,ORD004998,PRD0034,24,69.78
OI0014983,ORD004998,PRD0136,14,5.82
OI0014984,ORD004999,PRD0031,19,30.67
OI0014985,ORD004999,PRD0072,30,230.67
OI0014986,ORD005000,PRD0109,7,119.42
OI0014987,ORD005000,PRD0094,28,30.93
OI0014988,ORD005000,PRD0105,33,220.36
OI0014989,ORD005001,PRD0019,35,188.65
OI0014990,ORD005001,PRD0133,26,216.9
OI0014991,ORD005001,PRD0138,8,105.95
OI0014992,ORD005002,PRD0132,3,115.18
OI0014993,ORD005002,PRD0145,23,92.02
OI0014994,ORD005003,PRD0131,22,31.12
OI0014995,ORD005003,PRD0077,3,121.36
OI0014996,ORD005003,PRD0019,3,188.65
OI0014997,ORD005004,PRD0140,1,180.3
OI0014998,ORD005004,PRD0047,22,157.02
OI0014999,ORD005004,PRD0112,36,160.95
OI0015000,ORD005004,PRD0147,30,123.59
OI0015001,ORD005005,PRD0116,38,227.68
OI0015002,ORD005005,PRD0133,5,216.9
OI0015003,ORD005005,PRD0073,21,68.46
OI0015004,ORD005005,PRD0018,30,211.58
OI0015005,ORD005005,PRD0148,15,127.25
OI0015006,ORD005006,PRD0030,5,101.78
OI0015007,ORD005006,PRD0089,23,150.86
OI0015008,ORD005006,PRD000,32,100.14
OI0015009,ORD005007,PRD0145,20,92.02
OI0015010,ORD005007,PRD0043,30,154.31
OI0015011,ORD005007,PRD0019,25,188.65
OI0015012,ORD005008,PRD0090,39,72.4
OI0015013,ORD005008,PRD0061,39,123.38
OI0015014,ORD005008,PRD0132,38,115.18
OI0015015,ORD005008,PRD0032,37,206.97
OI0015016,ORD005008,PRD0148,31,127.25
OI0015017,ORD005009,PRD0076,-15,28.95
OI0015018,ORD005009,PRD0042,34,34.49
OI0015019,ORD005010,PRD0046,6,105.44
OI0015020,ORD005010,PRD0148,15,127.25
OI0015021,ORD005010,PRD0062,6,239.86
OI0015022,ORD005011,PRD999,22,88.45
OI0015023,ORD005011,PRD0015,6,31.62
OI0015024,ORD005011,PRD0013,23,202.19
OI0015025,ORD005011,PRD0075,-15,173.74
OI0015026,ORD005012,PRD0074,37,95.86
OI0015027,ORD005012,PRD0124,37,45.26
OI0015028,ORD005012,PRD0027,38,38.21
OI0015029,ORD005012,PRD0086,18,218.7
OI0015030,ORD005013,PRD0139,35,18.24
OI0015031,ORD005013,PRD0136,2,5.82
OI0015032,ORD005013,PRD0097,32,166.76
OI0015033,ORD005013,PRD0110,7,237.89
OI0015034,ORD005013,PRD0125,12,149.25
OI0015035,ORD005014,PRD0019,28,188.65
OI0015036,ORD005014,PRD0128,9,123.35
OI0015037,ORD005015,PRD0113,40,176.91
OI0015038,ORD005016,PRD0134,34,26.01
OI0015039,ORD005016,PRD0050,35,176.43
OI0015040,ORD005016,PRD0071,26,189.96
OI0015041,ORD005016,PRD0022,13,35.83
OI0015042,ORD005016,PRD0084,8,40.42
OI0015043,ORD005017,PRD0027,30,38.21
OI0015044,ORD005017,PRD0033,2,49.71
OI0015045,ORD005018,PRD0132,8,115.18
OI0015046,ORD005018,PRD0050,35,176.43
OI0015047,ORD005018,PRD0013,36,202.19
OI0015048,ORD005018,PRD0044,40,142.63
OI0015049,ORD005018,PRD0082,16,109.81
OI0015050,ORD005019,PRD9999,33,237.74
OI0015051,ORD005019,PRD0036,33,191.05
OI0015052,ORD005020,PRD0135,38,148.62
OI0015053,ORD005020,PRD0023,14,138.23
OI0015054,ORD005020,PRD0057,23,163.07
OI0015055,ORD005020,PRD0010,31,6.66
OI0015056,ORD005020,PRD0056,20,107.05
OI0015057,ORD005021,PRD0052,13,207.39
OI0015058,ORD005022,PRD0115,2,102.09
OI0015059,ORD005023,PRD0006,11,140.22
OI0015060,ORD005023,PRD0043,24,154.31
OI0015061,ORD005024,PRD0067,18,172.46
OI0015062,ORD005024,PRD0045,23,7.03
OI0015063,ORD005024,PRD0115,27,102.09
OI0015064,ORD005024,PRD0134,23,26.01
OI0015065,ORD005024,PRD0077,7,121.36
OI0015066,ORD005025,PRD0144,36,190.91
OI0015067,ORD005025,PRD0113,8,176.91
OI0015068,ORD005025,PRD0071,10,189.96
OI0015069,ORD005026,PRD0092,11,57.63
OI0015070,ORD005026,PRD0001,39,115.82
OI0015071,ORD005027,PRD0128,39,123.35
OI0015072,ORD005027,PRD0113,24,176.91
OI0015073,ORD005027,PRD0005,7,143.43
OI0015074,ORD005027,PRD0036,16,191.05
OI0015075,ORD005028,PRD0009,10,38.6
OI0015076,ORD005028,PRD0061,33,123.38
OI0015077,ORD005028,PRD0015,6,31.62
OI0015078,ORD005028,PRD0019,30,188.65
OI0015079,ORD005028,PRD0098,38,38.66
OI0015080,ORD005029,PRD0009,35,38.6
OI0015081,ORD005029,PRD0048,32,221.86
OI0015082,ORD005029,PRD0094,6,30.93
OI0015083,ORD005030,PRD0108,40,29.96
OI0015084,ORD005030,PRD0106,37,22.39
OI0015085,ORD005030,PRD0062,40,239.86
OI0015086,ORD005030,PRD0036,13,191.05
OI0015087,ORD005031,PRD0019,30,188.65
OI0015088,ORD005031,PRD0117,26,90.73
OI0015089,ORD005031,PRD0122,28,18.49
OI0015090,ORD005031,PRD0012,16,114.28
OI0015091,ORD005032,PRD0110,6,237.89
OI0015092,ORD005032,PRD0004,13,27.44
OI0015093,ORD005033,PRD0084,15,40.42
OI0015094,ORD005033,PRD0022,30,35.83
OI0015095,ORD005033,PRD0144,27,190.91
OI0015096,ORD005033,PRD0136,6,5.82
OI0015097,ORD005033,PRD0106,17,22.39
OI0015098,ORD005034,PRD0122,5,18.49
OI0015099,ORD005034,PRD0058,8,182.31
OI0015100,ORD005034,PRD0084,34,40.42
OI0015101,ORD005034,PRD0035,39,236.05
OI0015102,ORD005035,PRD0012,38,114.28
OI0015103,ORD005035,PRD0109,24,119.42
OI0015104,ORD005036,PRD0128,27,123.35
OI0015105,ORD005036,PRD0038,15,222.91
OI0015106,ORD005036,PRD0060,1,47.82
OI0015107,ORD005036,PRD0056,15,107.05
OI0015108,ORD005036,PRD0144,12,190.91
OI0015109,ORD005037,PRD0088,30,54.55
OI0015110,ORD005037,PRD0114,27,122.24
OI0015111,ORD005038,PRD0131,24,31.12
OI0015112,ORD005038,PRD0075,25,173.74
OI0015113,ORD005038,PRD0111,35,83.5
OI0015114,ORD005038,PRD0059,10,201.86
OI0015115,ORD005038,PRD0091,24,175.98
OI0015116,ORD005039,PRD0019,8,188.65
OI0015117,ORD005039,PRD0135,23,148.62
OI0015118,ORD005039,PRD0110,15,237.89
OI0015119,ORD005039,PRD0058,11,182.31
OI0015120,ORD005040,PRD0109,25,119.42
OI0015121,ORD005040,PRD0112,20,160.95
OI0015122,ORD005040,PRD0062,24,239.86
OI0015123,ORD005040,PRD0098,34,38.66
OI0015124,ORD005041,PRD0111,11,83.5
OI0015125,ORD005041,PRD0149,11,233.51
OI0015126,ORD005041,PRD0095,31,72.24
OI0015127,ORD005041,PRD0024,4,87.52
OI0015128,ORD005041,PRD0019,39,188.65
OI0015129,ORD005042,PRD0017,33,191.07
OI0015130,ORD005042,PRD0090,19,72.4
OI0015131,ORD005043,PRD0012,14,114.28
OI0015132,ORD005043,PRD0031,24,30.67
OI0015133,ORD005043,PRD0146,3,116.28
OI0015134,ORD005043,PRD0057,33,163.07
OI0015135,ORD005044,PRD0123,19,236.61
OI0015136,ORD005044,PRD0147,12,123.59
OI0015137,ORD005045,PRD0061,-1,123.38
OI0015138,ORD005045,PRD0114,5,122.24
OI0015139,ORD005045,PRD0084,10,40.42
OI0015140,ORD005045,PRD0028,16,98.85
OI0015141,ORD005046,PRD000,24,32.43
OI0015142,ORD005046,PRD0077,10,121.36
OI0015143,ORD005046,PRD0142,2,15.65
OI0015144,ORD005047,PRD0013,-28,202.19
OI0015145,ORD005047,PRD0123,16,236.61
OI0015146,ORD005047,PRD0126,23,35.6
OI0015147,ORD005048,PRD0007,36,82.58
OI0015148,ORD005048,PRD0016,37,191.36
OI0015149,ORD005049,PRD0013,39,202.19
OI0015150,ORD005049,PRD0138,33,105.95
OI0015151,ORD005050,PRD0014,18,23.8
OI0015152,ORD005050,PRD0124,5,45.26
OI0015153,ORD005050,PRD000,-1,23.7
OI0015154,ORD005050,PRD0030,30,101.78
OI0015155,ORD005050,PRD0110,27,237.89
OI0015156,ORD005051,PRD0045,7,7.03
OI0015157,ORD005051,PRD0112,21,160.95
OI0015158,ORD005051,PRD0015,21,31.62
OI0015159,ORD005051,PRD0027,37,38.21
OI0015160,ORD005051,PRD0022,35,35.83
OI0015161,ORD005052,PRD0071,5,189.96
OI0015162,ORD005052,PRD0044,7,142.63
OI0015163,ORD005053,PRD0072,21,230.67
OI0015164,ORD005053,PRD0005,39,143.43
OI0015165,ORD005053,PRD0054,14,58.91
OI0015166,ORD005053,PRD0075,15,173.74
OI0015167,ORD005054,PRD0101,30,119.36
OI0015168,ORD005055,PRD0142,5,15.65
OI0015169,ORD005055,PRD0070,13,225.75
OI0015170,ORD005055,PRD0030,27,101.78
OI0015171,ORD005056,PRD0042,38,34.49
OI0015172,ORD005056,PRD0073,12,68.46
OI0015173,ORD005056,PRD0045,38,7.03
OI0015174,ORD005057,PRD0003,22,72.4
OI0015175,ORD005057,PRD0114,36,122.24
OI0015176,ORD005057,PRD0002,13,172.3
OI0015177,ORD005057,PRD0035,15,236.05
OI0015178,ORD005058,PRD0053,-40,122.42
OI0015179,ORD005058,PRD0005,35,143.43
OI0015180,ORD005058,PRD0087,9,40.72
OI0015181,ORD005059,PRD0014,40,23.8
OI0015182,ORD005059,PRD0063,34,139.58
OI0015183,ORD005059,PRD0081,25,47.37
OI0015184,ORD005059,PRD0041,23,74.92
OI0015185,ORD005059,PRD0056,14,107.05
OI0015186,ORD005060,PRD0032,5,206.97
OI0015187,ORD005060,PRD0047,25,157.02
OI0015188,ORD005061,PRD0047,40,157.02
OI0015189,ORD005061,PRD0056,37,107.05
OI0015190,ORD005062,PRD0147,6,123.59
OI0015191,ORD005062,PRD0132,32,115.18
OI0015192,ORD005062,PRD0045,20,7.03
OI0015193,ORD005062,PRD000,23,130.67
OI0015194,ORD005062,PRD0135,11,148.62
OI0015195,ORD005063,PRD0057,5,163.07
OI0015196,ORD005063,PRD0065,20,120.88
OI0015197,ORD005063,PRD0063,35,139.58
OI0015198,ORD005063,PRD0116,17,227.68
OI0015199,ORD005064,PRD0048,1,221.86
OI0015200,ORD005064,PRD0077,9,121.36
OI0015201,ORD005064,PRD0039,19,41.02
OI0015202,ORD005064,PRD0138,8,105.95
OI0015203,ORD005064,PRD0024,30,87.52
OI0015204,ORD005065,PRD0094,31,30.93
OI0015205,ORD005065,PRD0073,1,68.46
OI0015206,ORD005065,PRD0035,15,236.05
OI0015207,ORD005066,PRD0130,2,40.15
OI0015208,ORD005066,PRD0081,39,47.37
OI0015209,ORD005066,PRD0134,37,26.01
OI0015210,ORD005066,PRD0142,35,15.65
OI0015211,ORD005066,PRD0025,7,79.83
OI0015212,ORD005067,PRD0072,17,230.67
OI0015213,ORD005067,PRD000,20,150.2
OI0015214,ORD005067,PRD0141,36,106.53
OI0015215,ORD005067,PRD0115,22,102.09
OI0015216,ORD005068,PRD0077,9,121.36
OI0015217,ORD005069,PRD0079,21,153.34
OI0015218,ORD005069,PRD0120,6,91.06
OI0015219,ORD005070,PRD0008,26,87.17
OI0015220,ORD005070,PRD0024,25,87.52
OI0015221,ORD005070,PRD0062,5,239.86
OI0015222,ORD005070,PRD0149,11,233.51
OI0015223,ORD005070,PRD0083,33,19.93
OI0015224,ORD005071,PRD0099,7,16.05
OI0015225,ORD005071,PRD0002,25,172.3
OI0015226,ORD005071,PRD0111,32,83.5
OI0015227,ORD005071,PRD0012,32,114.28
OI0015228,ORD005071,PRD0042,13,34.49
OI0015229,ORD005072,PRD0074,33,95.86
OI0015230,ORD005072,PRD0048,18,221.86
OI0015231,ORD005072,PRD0093,22,66.58
OI0015232,ORD005072,PRD0134,2,26.01
OI0015233,ORD005073,PRD0107,26,140.4
OI0015234,ORD005073,PRD0029,27,203.27
OI0015235,ORD005073,PRD0078,6,105.62
OI0015236,ORD005074,PRD0134,13,26.01
OI0015237,ORD005074,PRD0099,1,16.05
OI0015238,ORD005075,PRD0120,9,91.06
OI0015239,ORD005075,PRD999,1,87.96
OI0015240,ORD005075,PRD0013,19,202.19
OI0015241,ORD005076,PRD0081,10,47.37
OI0015242,ORD005076,PRD0101,22,119.36
OI0015243,ORD005076,PRD0006,32,140.22
OI0015244,ORD005076,PRD0065,20,120.88
OI0015245,ORD005077,PRD0086,8,218.7
OI0015246,ORD005077,PRD0035,27,236.05
OI0015247,ORD005077,PRD999,5,73.28
OI0015248,ORD005077,PRD0085,1,63.68
OI0015249,ORD005077,PRD0059,6,201.86
OI0015250,ORD005078,PRD0117,39,90.73
OI0015251,ORD005078,PRD0068,3,29.13
OI0015252,ORD005078,PRD0042,24,34.49
OI0015253,ORD005078,PRD0110,36,237.89
OI0015254,ORD005078,PRD0085,33,63.68
OI0015255,ORD005079,PRD0010,11,6.66
OI0015256,ORD005079,PRD0049,19,178.36
OI0015257,ORD005079,PRD0057,8,163.07
OI0015258,ORD005080,PRD0022,38,35.83
OI0015259,ORD005080,PRD0148,11,127.25
OI0015260,ORD005080,PRD0090,18,72.4
OI0015261,ORD005081,PRD0025,11,79.83
OI0015262,ORD005081,PRD0049,6,178.36
OI0015263,ORD005081,PRD0091,38,175.98
OI0015264,ORD005081,PRD0073,25,68.46
OI0015265,ORD005081,PRD0004,4,27.44
OI0015266,ORD005082,PRD0079,34,153.34
OI0015267,ORD005083,PRD0072,8,230.67
OI0015268,ORD005084,PRD0115,18,102.09
OI0015269,ORD005084,PRD0007,36,82.58
OI0015270,ORD005084,PRD0120,17,91.06
OI0015271,ORD005084,PRD0135,5,148.62
OI0015272,ORD005085,PRD0121,30,231.51
OI0015273,ORD005085,PRD0017,-25,191.07
OI0015274,ORD005085,PRD0018,33,211.58
OI0015275,ORD005085,PRD0045,30,7.03
OI0015276,ORD005086,PRD0010,33,6.66
OI0015277,ORD005086,PRD0123,39,236.61
OI0015278,ORD005086,PRD0013,20,202.19
OI0015279,ORD005087,PRD0012,7,114.28
OI0015280,ORD005087,PRD0079,29,153.34
OI0015281,ORD005087,PRD0027,40,38.21
OI0015282,ORD005087,PRD0052,21,207.39
OI0015283,ORD005087,PRD0098,19,38.66
OI0015284,ORD005088,PRD0055,19,122.67
OI0015285,ORD005088,PRD0087,15,40.72
OI0015286,ORD005088,PRD0106,6,22.39
OI0015287,ORD005088,PRD0103,-31,124.22
OI0015288,ORD005089,PRD0026,16,173.51
OI0015289,ORD005090,PRD0051,1,24.49
OI0015290,ORD005091,PRD0048,23,221.86
OI0015291,ORD005092,PRD0062,37,239.86
OI0015292,ORD005092,PRD0078,39,105.62
OI0015293,ORD005092,PRD0007,8,82.58
OI0015294,ORD005093,PRD0111,3,83.5
OI0015295,ORD005094,PRD0033,11,49.71
OI0015296,ORD005094,PRD0066,18,106.81
OI0015297,ORD005094,PRD0123,12,236.61
OI0015298,ORD005094,PRD0014,16,23.8
OI0015299,ORD005095,PRD0085,15,63.68
OI0015300,ORD005095,PRD0090,22,72.4
OI0015301,ORD005095,PRD0127,11,116.1
OI0015302,ORD005096,PRD0121,4,231.51
OI0015303,ORD005096,PRD0110,24,237.89
OI0015304,ORD005096,PRD0011,2,190.23
OI0015305,ORD005097,PRD0123,21,236.61
OI0015306,ORD005097,PRD0126,37,35.6
OI0015307,ORD005097,PRD0102,23,215.21
OI0015308,ORD005097,PRD0092,11,57.63
OI0015309,ORD005098,PRD0047,19,157.02
OI0015310,ORD005099,PRD0137,35,60.23
OI0015311,ORD005100,PRD0086,27,218.7
OI0015312,ORD005100,PRD0022,37,35.83
OI0015313,ORD005100,PRD0069,1,54.19
OI0015314,ORD005101,PRD0064,9,230.86
OI0015315,ORD005101,PRD0080,11,78.97
OI0015316,ORD005102,PRD0074,39,95.86
OI0015317,ORD005102,PRD0005,30,143.43
OI0015318,ORD005103,PRD0077,25,121.36
OI0015319,ORD005103,PRD9999,12,214.4
OI0015320,ORD005103,PRD0143,19,205.5
OI0015321,ORD005103,PRD0149,28,233.51
OI0015322,ORD005104,PRD0144,21,190.91
OI0015323,ORD005104,PRD0067,26,172.46
OI0015324,ORD005104,PRD0095,9,72.24
OI0015325,ORD005105,PRD0018,35,211.58
OI0015326,ORD005105,PRD0102,12,215.21
OI0015327,ORD005105,PRD0037,3,226.8
OI0015328,ORD005106,PRD0117,11,90.73
OI0015329,ORD005107,PRD0040,4,179.3
OI0015330,ORD005108,PRD0013,19,202.19
OI0015331,ORD005108,PRD0069,7,54.19
OI0015332,ORD005108,PRD0074,8,95.86
OI0015333,ORD005109,PRD0007,26,82.58
OI0015334,ORD005109,PRD0099,21,16.05
OI0015335,ORD005110,PRD0053,18,122.42
OI0015336,ORD005110,PRD0076,6,28.95
OI0015337,ORD005110,PRD0019,23,188.65
OI0015338,ORD005110,PRD0025,9,79.83
OI0015339,ORD005110,PRD0088,10,54.55
OI0015340,ORD005111,PRD0005,19,143.43
OI0015341,ORD005112,PRD0073,9,68.46
OI0015342,ORD005112,PRD0042,17,34.49
OI0015343,ORD005112,PRD0120,40,91.06
OI0015344,ORD005112,PRD0141,17,106.53
OI0015345,ORD005113,PRD0049,13,178.36
OI0015346,ORD005113,PRD0058,18,182.31
OI0015347,ORD005113,PRD0098,7,38.66
OI0015348,ORD005113,PRD0074,40,95.86
OI0015349,ORD005114,PRD0136,17,5.82
OI0015350,ORD005114,PRD0122,11,18.49
OI0015351,ORD005115,PRD0015,23,31.62
OI0015352,ORD005115,PRD000,40,217.98
OI0015353,ORD005115,PRD0029,28,203.27
OI0015354,ORD005115,PRD0099,16,16.05
OI0015355,ORD005116,PRD0034,9,69.78
OI0015356,ORD005116,PRD0085,8,63.68
OI0015357,ORD005116,PRD0062,9,239.86
OI0015358,ORD005116,PRD0076,13,28.95
OI0015359,ORD005117,PRD0129,40,171.21
OI0015360,ORD005117,PRD0050,25,176.43
OI0015361,ORD005118,PRD0146,29,116.28
OI0015362,ORD005118,PRD0150,32,124.38
OI0015363,ORD005119,PRD0098,37,38.66
OI0015364,ORD005120,PRD0118,13,113.75
OI0015365,ORD005120,PRD0023,16,138.23
OI0015366,ORD005121,PRD0090,40,72.4
OI0015367,ORD005121,PRD0093,28,66.58
OI0015368,ORD005121,PRD0073,12,68.46
OI0015369,ORD005122,PRD0043,37,154.31
OI0015370,ORD005122,PRD0031,11,30.67
OI0015371,ORD005122,PRD0059,40,201.86
OI0015372,ORD005123,PRD0102,15,215.21
OI0015373,ORD005123,PRD0118,40,113.75
OI0015374,ORD005123,PRD0130,18,40.15
OI0015375,ORD005123,PRD0008,21,87.17
OI0015376,ORD005124,PRD0060,37,47.82
OI0015377,ORD005124,PRD0015,31,31.62
OI0015378,ORD005125,PRD0048,21,221.86
OI0015379,ORD005125,PRD0097,30,166.76
OI0015380,ORD005125,PRD0075,15,173.74
OI0015381,ORD005126,PRD0075,25,173.74
OI0015382,ORD005126,PRD0121,11,231.51
OI0015383,ORD005126,PRD0049,1,178.36
OI0015384,ORD005126,PRD0015,39,31.62
OI0015385,ORD005126,PRD0008,10,87.17
OI0015386,ORD005127,PRD0102,37,215.21
OI0015387,ORD005127,PRD0042,4,34.49
OI0015388,ORD005127,PRD0124,37,45.26
OI0015389,ORD005127,PRD0085,22,63.68
OI0015390,ORD005128,PRD0018,18,211.58
OI0015391,ORD005128,PRD0072,5,230.67
OI0015392,ORD005128,PRD0127,4,116.1
OI0015393,ORD005128,PRD0060,11,47.82
OI0015394,ORD005129,PRD0097,30,166.76
OI0015395,ORD005130,PRD0130,2,40.15
OI0015396,ORD005130,PRD0150,24,124.38
OI0015397,ORD005130,PRD0141,23,106.53
OI0015398,ORD005130,PRD0030,30,101.78
OI0015399,ORD005130,PRD0031,9,30.67
OI0015400,ORD005131,PRD0109,18,119.42
OI0015401,ORD005132,PRD0092,5,57.63
OI0015402,ORD005132,PRD0026,22,173.51
OI0015403,ORD005132,PRD0041,-11,74.92
OI0015404,ORD005132,PRD0097,7,166.76
OI0015405,ORD005133,PRD0132,11,115.18
OI0015406,ORD005133,PRD0028,12,98.85
OI0015407,ORD005133,PRD0111,16,83.5
OI0015408,ORD005134,PRD0078,32,105.62
OI0015409,ORD005135,PRD0043,17,154.31
OI0015410,ORD005135,PRD0010,39,6.66
OI0015411,ORD005135,PRD0059,13,201.86
OI0015412,ORD005135,PRD0007,21,82.58
OI0015413,ORD005136,PRD0050,31,176.43
OI0015414,ORD005136,PRD0034,23,69.78
OI0015415,ORD005136,PRD0101,16,119.36
OI0015416,ORD005136,PRD0048,3,221.86
OI0015417,ORD005136,PRD0027,30,38.21
OI0015418,ORD005137,PRD0096,11,78.52
OI0015419,ORD005138,PRD0108,10,29.96
OI0015420,ORD005138,PRD0129,35,171.21
OI0015421,ORD005138,PRD0032,1,206.97
OI0015422,ORD005138,PRD0127,20,116.1
OI0015423,ORD005139,PRD0047,18,157.02
OI0015424,ORD005139,PRD0135,2,148.62
OI0015425,ORD005139,PRD0127,9,116.1
OI0015426,ORD005139,PRD0041,1,74.92
OI0015427,ORD005139,PRD0130,24,40.15
OI0015428,ORD005140,PRD0147,34,123.59
OI0015429,ORD005140,PRD0067,38,172.46
OI0015430,ORD005141,PRD0039,35,41.02
OI0015431,ORD005141,PRD0080,15,78.97
OI0015432,ORD005141,PRD0049,-20,178.36
OI0015433,ORD005141,PRD0094,17,30.93
OI0015434,ORD005142,PRD0108,34,29.96
OI0015435,ORD005142,PRD0136,2,5.82
OI0015436,ORD005142,PRD0027,28,38.21
OI0015437,ORD005142,PRD0103,31,124.22
OI0015438,ORD005142,PRD0076,3,28.95
OI0015439,ORD005143,PRD0079,10,153.34
OI0015440,ORD005143,PRD0033,12,49.71
OI0015441,ORD005143,PRD9999,16,95.83
OI0015442,ORD005143,PRD0138,10,105.95
OI0015443,ORD005144,PRD0019,-10,188.65
OI0015444,ORD005144,PRD0074,11,95.86
OI0015445,ORD005145,PRD0103,16,124.22
OI0015446,ORD005145,PRD0047,29,157.02
OI0015447,ORD005145,PRD0031,12,30.67
OI0015448,ORD005146,PRD0105,19,220.36
OI0015449,ORD005147,PRD0069,26,54.19
OI0015450,ORD005148,PRD0061,38,123.38
OI0015451,ORD005148,PRD999,19,40.28
OI0015452,ORD005148,PRD0062,24,239.86
OI0015453,ORD005149,PRD0136,20,5.82
OI0015454,ORD005150,PRD0142,1,15.65
OI0015455,ORD005150,PRD0102,16,215.21
OI0015456,ORD005150,PRD0014,-17,23.8
OI0015457,ORD005151,PRD0108,9,29.96
OI0015458,ORD005151,PRD0121,37,231.51
OI0015459,ORD005151,PRD0010,38,6.66
OI0015460,ORD005151,PRD0012,17,114.28
OI0015461,ORD005152,PRD0035,-3,236.05
OI0015462,ORD005152,PRD0097,24,166.76
OI0015463,ORD005152,PRD0044,21,142.63
OI0015464,ORD005152,PRD0127,10,116.1
OI0015465,ORD005152,PRD0107,39,140.4
OI0015466,ORD005153,PRD0103,39,124.22
OI0015467,ORD005153,PRD0138,5,105.95
OI0015468,ORD005153,PRD0129,31,171.21
OI0015469,ORD005153,PRD0150,34,124.38
OI0015470,ORD005153,PRD0118,30,113.75
OI0015471,ORD005154,PRD0121,37,231.51
OI0015472,ORD005154,PRD0085,24,63.68
OI0015473,ORD005154,PRD0096,27,78.52
OI0015474,ORD005154,PRD0017,31,191.07
OI0015475,ORD005154,PRD0012,8,114.28
OI0015476,ORD005155,PRD0144,22,190.91
OI0015477,ORD005155,PRD0038,39,222.91
OI0015478,ORD005155,PRD0142,8,15.65
OI0015479,ORD005155,PRD0143,1,205.5
OI0015480,ORD005156,PRD0117,17,90.73
OI0015481,ORD005156,PRD0129,34,171.21
OI0015482,ORD005156,PRD0112,4,160.95
OI0015483,ORD005157,PRD0144,18,190.91
OI0015484,ORD005158,PRD0037,18,226.8
OI0015485,ORD005158,PRD0024,-30,87.52
OI0015486,ORD005158,PRD0027,31,38.21
OI0015487,ORD005159,PRD0134,12,26.01
OI0015488,ORD005159,PRD0064,-23,230.86
OI0015489,ORD005159,PRD0080,2,78.97
OI0015490,ORD005159,PRD0069,37,54.19
OI0015491,ORD005160,PRD0148,13,127.25
OI0015492,ORD005160,PRD0109,29,119.42
OI0015493,ORD005161,PRD0133,37,216.9
OI0015494,ORD005161,PRD0104,12,165.96
OI0015495,ORD005161,PRD0009,17,38.6
OI0015496,ORD005161,PRD0106,12,22.39
OI0015497,ORD005162,PRD0128,33,123.35
OI0015498,ORD005163,PRD0141,21,106.53
OI0015499,ORD005163,PRD0030,-6,101.78
OI0015500,ORD005163,PRD0112,21,160.95
OI0015501,ORD005164,PRD0061,38,123.38
OI0015502,ORD005164,PRD0115,13,102.09
OI0015503,ORD005164,PRD0079,28,153.34
OI0015504,ORD005165,PRD0068,38,29.13
OI0015505,ORD005166,PRD0149,8,233.51
OI0015506,ORD005167,PRD0149,19,233.51
OI0015507,ORD005167,PRD0018,2,211.58
OI0015508,ORD005167,PRD0093,20,66.58
OI0015509,ORD005168,PRD0038,7,222.91
OI0015510,ORD005168,PRD0022,11,35.83
OI0015511,ORD005168,PRD0087,17,40.72
OI0015512,ORD005169,PRD0114,29,122.24
OI0015513,ORD005169,PRD0031,5,30.67
OI0015514,ORD005170,PRD0122,8,18.49
OI0015515,ORD005170,PRD0063,9,139.58
OI0015516,ORD005170,PRD0040,3,179.3
OI0015517,ORD005170,PRD0122,4,18.49
OI0015518,ORD005171,PRD0119,9,39.29
OI0015519,ORD005171,PRD0100,-16,36.13
OI0015520,ORD005171,PRD0132,9,115.18
OI0015521,ORD005171,PRD0049,9,178.36
OI0015522,ORD005171,PRD0050,15,176.43
OI0015523,ORD005172,PRD0126,32,35.6
OI0015524,ORD005172,PRD0023,21,138.23
OI0015525,ORD005173,PRD0144,31,190.91
OI0015526,ORD005173,PRD0062,13,239.86
OI0015527,ORD005173,PRD0011,37,190.23
OI0015528,ORD005173,PRD0143,38,205.5
OI0015529,ORD005173,PRD0004,2,27.44
OI0015530,ORD005174,PRD0055,24,122.67
OI0015531,ORD005175,PRD0086,30,218.7
OI0015532,ORD005176,PRD0048,4,221.86
OI0015533,ORD005177,PRD0040,20,179.3
OI0015534,ORD005178,PRD0093,10,66.58
OI0015535,ORD005178,PRD0101,31,119.36
OI0015536,ORD005178,PRD0018,26,211.58
OI0015537,ORD005179,PRD0096,2,78.52
OI0015538,ORD005180,PRD0080,12,78.97
OI0015539,ORD005180,PRD0081,31,47.37
OI0015540,ORD005180,PRD0145,38,92.02
OI0015541,ORD005181,PRD0001,28,115.82
OI0015542,ORD005181,PRD0027,40,38.21
OI0015543,ORD005181,PRD0128,14,123.35
OI0015544,ORD005181,PRD0065,21,120.88
OI0015545,ORD005181,PRD0031,10,30.67
OI0015546,ORD005182,PRD0105,37,220.36
OI0015547,ORD005182,PRD0142,8,15.65
OI0015548,ORD005183,PRD0092,25,57.63
OI0015549,ORD005184,PRD0094,17,30.93
OI0015550,ORD005184,PRD0013,17,202.19
OI0015551,ORD005184,PRD0071,30,189.96
OI0015552,ORD005185,PRD0007,36,82.58
OI0015553,ORD005186,PRD0146,27,116.28
OI0015554,ORD005186,PRD0003,28,72.4
OI0015555,ORD005186,PRD0094,24,30.93
OI0015556,ORD005186,PRD0068,31,29.13
OI0015557,ORD005187,PRD0110,16,237.89
OI0015558,ORD005187,PRD0046,17,105.44
OI0015559,ORD005188,PRD0113,36,176.91
OI0015560,ORD005188,PRD0100,27,36.13
OI0015561,ORD005188,PRD0088,6,54.55
OI0015562,ORD005188,PRD0030,6,101.78
OI0015563,ORD005188,PRD0018,4,211.58
OI0015564,ORD005189,PRD0060,4,47.82
OI0015565,ORD005189,PRD0077,27,121.36
OI0015566,ORD005189,PRD0138,37,105.95
OI0015567,ORD005189,PRD0011,35,190.23
OI0015568,ORD005189,PRD0051,6,24.49
OI0015569,ORD005190,PRD0080,22,78.97
OI0015570,ORD005190,PRD0041,18,74.92
OI0015571,ORD005190,PRD0148,36,127.25
OI0015572,ORD005190,PRD0116,39,227.68
OI0015573,ORD005190,PRD0057,6,163.07
OI0015574,ORD005191,PRD0013,19,202.19
OI0015575,ORD005191,PRD0072,-23,230.67
OI0015576,ORD005192,PRD000,34,200.29
OI0015577,ORD005192,PRD0132,25,115.18
OI0015578,ORD005192,PRD0015,11,31.62
OI0015579,ORD005193,PRD0099,19,16.05
OI0015580,ORD005193,PRD0052,25,207.39
OI0015581,ORD005193,PRD0031,30,30.67
OI0015582,ORD005193,PRD0113,16,176.91
OI0015583,ORD005193,PRD0117,37,90.73
OI0015584,ORD005194,PRD0001,21,115.82
OI0015585,ORD005194,PRD0013,26,202.19
OI0015586,ORD005195,PRD0059,12,201.86
OI0015587,ORD005195,PRD0100,3,36.13
OI0015588,ORD005196,PRD0038,11,222.91
OI0015589,ORD005197,PRD0001,27,115.82
OI0015590,ORD005197,PRD0118,30,113.75
OI0015591,ORD005198,PRD0140,39,180.3
OI0015592,ORD005198,PRD0065,9,120.88
OI0015593,ORD005198,PRD0066,30,106.81
OI0015594,ORD005198,PRD0143,13,205.5
OI0015595,ORD005198,PRD0036,33,191.05
OI0015596,ORD005199,PRD0132,3,115.18
OI0015597,ORD005200,PRD0128,3,123.35
OI0015598,ORD005200,PRD0053,12,122.42
OI0015599,ORD005201,PRD0030,24,101.78
OI0015600,ORD005201,PRD0041,9,74.92
OI0015601,ORD005201,PRD0062,21,239.86
OI0015602,ORD005201,PRD0074,1,95.86
OI0015603,ORD005202,PRD0077,28,121.36
OI0015604,ORD005202,PRD0068,4,29.13
OI0015605,ORD005202,PRD0036,10,191.05
OI0015606,ORD005203,PRD0096,13,78.52
OI0015607,ORD005203,PRD0088,25,54.55
OI0015608,ORD005203,PRD0148,17,127.25
OI0015609,ORD005204,PRD0018,5,211.58
OI0015610,ORD005204,PRD0021,1,92.86
OI0015611,ORD005204,PRD0133,38,216.9
OI0015612,ORD005205,PRD0097,35,166.76
OI0015613,ORD005206,PRD0008,28,87.17
OI0015614,ORD005206,PRD0130,40,40.15
OI0015615,ORD005206,PRD0087,5,40.72
OI0015616,ORD005207,PRD0100,4,36.13
OI0015617,ORD005207,PRD0052,31,207.39
OI0015618,ORD005207,PRD0009,12,38.6
OI0015619,ORD005207,PRD0061,17,123.38
OI0015620,ORD005207,PRD0037,35,226.8
OI0015621,ORD005208,PRD0102,7,215.21
OI0015622,ORD005209,PRD0108,16,29.96
OI0015623,ORD005209,PRD0114,17,122.24
OI0015624,ORD005209,PRD0074,11,95.86
OI0015625,ORD005210,PRD0094,22,30.93
OI0015626,ORD005210,PRD0142,26,15.65
OI0015627,ORD005210,PRD0085,19,63.68
OI0015628,ORD005210,PRD0120,13,91.06
OI0015629,ORD005210,PRD0039,27,41.02
OI0015630,ORD005211,PRD0109,24,119.42
OI0015631,ORD005211,PRD0004,31,27.44
OI0015632,ORD005211,PRD0065,35,120.88
OI0015633,ORD005211,PRD0055,32,122.67
OI0015634,ORD005212,PRD0136,19,5.82
OI0015635,ORD005212,PRD0142,17,15.65
OI0015636,ORD005212,PRD0146,36,116.28
OI0015637,ORD005213,PRD0064,26,230.86
OI0015638,ORD005214,PRD0088,22,54.55
OI0015639,ORD005214,PRD0030,34,101.78
OI0015640,ORD005214,PRD0039,31,41.02
OI0015641,ORD005215,PRD0054,1,58.91
OI0015642,ORD005215,PRD0033,30,49.71
OI0015643,ORD005215,PRD0145,21,92.02
OI0015644,ORD005215,PRD0113,30,176.91
OI0015645,ORD005216,PRD0040,12,179.3
OI0015646,ORD005217,PRD0022,26,35.83
OI0015647,ORD005217,PRD0056,14,107.05
OI0015648,ORD005218,PRD0010,21,6.66
OI0015649,ORD005218,PRD0025,23,79.83
OI0015650,ORD005218,PRD0073,22,68.46
OI0015651,ORD005219,PRD0091,8,175.98
OI0015652,ORD005220,PRD0022,39,35.83
OI0015653,ORD005221,PRD0114,27,122.24
OI0015654,ORD005222,PRD0138,35,105.95
OI0015655,ORD005222,PRD0043,15,154.31
OI0015656,ORD005222,PRD999,39,29.51
OI0015657,ORD005223,PRD0022,8,35.83
OI0015658,ORD005223,PRD0022,35,35.83
OI0015659,ORD005223,PRD0037,28,226.8
OI0015660,ORD005223,PRD0059,13,201.86
OI0015661,ORD005224,PRD0062,2,239.86
OI0015662,ORD005224,PRD0028,1,98.85
OI0015663,ORD005224,PRD0116,6,227.68
OI0015664,ORD005224,PRD0029,8,203.27
OI0015665,ORD005225,PRD0119,14,39.29
OI0015666,ORD005225,PRD0138,15,105.95
OI0015667,ORD005226,PRD0120,7,91.06
OI0015668,ORD005227,PRD0036,24,191.05
OI0015669,ORD005227,PRD0026,5,173.51
OI0015670,ORD005227,PRD0149,39,233.51
OI0015671,ORD005228,PRD0037,19,226.8
OI0015672,ORD005228,PRD999,23,186.78
OI0015673,ORD005228,PRD0124,37,45.26
OI0015674,ORD005228,PRD0002,21,172.3
OI0015675,ORD005229,PRD0141,32,106.53
OI0015676,ORD005230,PRD0042,6,34.49
OI0015677,ORD005230,PRD0070,34,225.75
OI0015678,ORD005231,PRD0119,-26,39.29
OI0015679,ORD005231,PRD0067,20,172.46
OI0015680,ORD005231,PRD0030,17,101.78
OI0015681,ORD005232,PRD0050,34,176.43
OI0015682,ORD005232,PRD0141,32,106.53
OI0015683,ORD005232,PRD0029,22,203.27
OI0015684,ORD005232,PRD0139,8,18.24
OI0015685,ORD005233,PRD0008,32,87.17
OI0015686,ORD005233,PRD0148,10,127.25
OI0015687,ORD005234,PRD0092,36,57.63
OI0015688,ORD005234,PRD0043,19,154.31
OI0015689,ORD005234,PRD0076,27,28.95
OI0015690,ORD005234,PRD0102,29,215.21
OI0015691,ORD005234,PRD0005,35,143.43
OI0015692,ORD005235,PRD0045,24,7.03
OI0015693,ORD005235,PRD0019,29,188.65
OI0015694,ORD005235,PRD0039,34,41.02
OI0015695,ORD005235,PRD0084,18,40.42
OI0015696,ORD005236,PRD0018,28,211.58
OI0015697,ORD005236,PRD0042,34,34.49
OI0015698,ORD005237,PRD0018,17,211.58
OI0015699,ORD005237,PRD0039,26,41.02
OI0015700,ORD005237,PRD0125,18,149.25
OI0015701,ORD005237,PRD0009,23,38.6
OI0015702,ORD005238,PRD0098,25,38.66
OI0015703,ORD005239,PRD0052,18,207.39
OI0015704,ORD005239,PRD0116,33,227.68
OI0015705,ORD005239,PRD0061,29,123.38
OI0015706,ORD005239,PRD0022,28,35.83
OI0015707,ORD005239,PRD0111,1,83.5
OI0015708,ORD005240,PRD0140,39,180.3
OI0015709,ORD005240,PRD0137,33,60.23
OI0015710,ORD005240,PRD0048,37,221.86
OI0015711,ORD005240,PRD9999,33,156.0
OI0015712,ORD005241,PRD0023,14,138.23
OI0015713,ORD005241,PRD0097,10,166.76
OI0015714,ORD005241,PRD0098,34,38.66
OI0015715,ORD005242,PRD0140,17,180.3
OI0015716,ORD005243,PRD0028,12,98.85
OI0015717,ORD005243,PRD0006,17,140.22
OI0015718,ORD005243,PRD0097,32,166.76
OI0015719,ORD005243,PRD0035,23,236.05
OI0015720,ORD005244,PRD0050,4,176.43
OI0015721,ORD005245,PRD0046,18,105.44
OI0015722,ORD005246,PRD0031,30,30.67
OI0015723,ORD005246,PRD0005,25,143.43
OI0015724,ORD005246,PRD0020,37,7.41
OI0015725,ORD005246,PRD0100,29,36.13
OI0015726,ORD005246,PRD0072,33,230.67
OI0015727,ORD005247,PRD0001,22,115.82
OI0015728,ORD005247,PRD0150,16,124.38
OI0015729,ORD005247,PRD0150,40,124.38
OI0015730,ORD005247,PRD0117,20,90.73
OI0015731,ORD005247,PRD0070,33,225.75
OI0015732,ORD005248,PRD0052,1,207.39
OI0015733,ORD005248,PRD0107,1,140.4
OI0015734,ORD005249,PRD0138,11,105.95
OI0015735,ORD005249,PRD0010,5,6.66
OI0015736,ORD005249,PRD0018,13,211.58
OI0015737,ORD005250,PRD0087,9,40.72
OI0015738,ORD005251,PRD0044,33,142.63
OI0015739,ORD005251,PRD0114,29,122.24
OI0015740,ORD005251,PRD0103,27,124.22
OI0015741,ORD005251,PRD0056,32,107.05
OI0015742,ORD005252,PRD0146,39,116.28
OI0015743,ORD005252,PRD0027,25,38.21
OI0015744,ORD005253,PRD0038,7,222.91
OI0015745,ORD005253,PRD0144,12,190.91
OI0015746,ORD005253,PRD0057,34,163.07
OI0015747,ORD005253,PRD0106,28,22.39
OI0015748,ORD005254,PRD0026,17,173.51
OI0015749,ORD005254,PRD0005,17,143.43
OI0015750,ORD005254,PRD0129,19,171.21
OI0015751,ORD005254,PRD0030,33,101.78
OI0015752,ORD005254,PRD0090,20,72.4
OI0015753,ORD005255,PRD999,34,88.69
OI0015754,ORD005255,PRD0111,25,83.5
OI0015755,ORD005255,PRD0019,9,188.65
OI0015756,ORD005255,PRD0113,39,176.91
OI0015757,ORD005255,PRD0002,9,172.3
OI0015758,ORD005256,PRD0066,38,106.81
OI0015759,ORD005256,PRD0063,15,139.58
OI0015760,ORD005256,PRD0092,23,57.63
OI0015761,ORD005256,PRD0020,8,7.41
OI0015762,ORD005256,PRD0084,20,40.42
OI0015763,ORD005257,PRD0041,36,74.92
OI0015764,ORD005257,PRD0047,21,157.02
OI0015765,ORD005257,PRD0090,18,72.4
OI0015766,ORD005257,PRD0094,4,30.93
OI0015767,ORD005258,PRD0008,40,87.17
OI0015768,ORD005258,PRD0054,5,58.91
OI0015769,ORD005258,PRD0004,18,27.44
OI0015770,ORD005259,PRD0003,32,72.4
OI0015771,ORD005259,PRD0064,7,230.86
OI0015772,ORD005260,PRD0085,14,63.68
OI0015773,ORD005260,PRD0142,25,15.65
OI0015774,ORD005261,PRD0100,10,36.13
OI0015775,ORD005261,PRD0037,4,226.8
OI0015776,ORD005261,PRD0018,9,211.58
OI0015777,ORD005261,PRD0126,24,35.6
OI0015778,ORD005262,PRD0080,25,78.97
OI0015779,ORD005262,PRD0030,9,101.78
OI0015780,ORD005262,PRD0011,39,190.23
OI0015781,ORD005263,PRD0124,6,45.26
OI0015782,ORD005263,PRD0006,26,140.22
OI0015783,ORD005263,PRD0072,8,230.67
OI0015784,ORD005264,PRD0016,5,191.36
OI0015785,ORD005264,PRD0135,29,148.62
OI0015786,ORD005264,PRD000,17,209.28
OI0015787,ORD005264,PRD0133,27,216.9
OI0015788,ORD005265,PRD0136,4,5.82
OI0015789,ORD005265,PRD0067,12,172.46
OI0015790,ORD005265,PRD0052,25,207.39
OI0015791,ORD005266,PRD0128,10,123.35
OI0015792,ORD005266,PRD0047,1,157.02
OI0015793,ORD005266,PRD0100,30,36.13
OI0015794,ORD005266,PRD0065,11,120.88
OI0015795,ORD005266,PRD0050,7,176.43
OI0015796,ORD005267,PRD0068,38,29.13
OI0015797,ORD005267,PRD0141,17,106.53
OI0015798,ORD005267,PRD0024,34,87.52
OI0015799,ORD005267,PRD0017,34,191.07
OI0015800,ORD005268,PRD0135,14,148.62
OI0015801,ORD005268,PRD0027,8,38.21
OI0015802,ORD005269,PRD0070,37,225.75
OI0015803,ORD005269,PRD0094,10,30.93
OI0015804,ORD005269,PRD0016,18,191.36
OI0015805,ORD005269,PRD9999,2,16.71
OI0015806,ORD005270,PRD0018,12,211.58
OI0015807,ORD005270,PRD0103,14,124.22
OI0015808,ORD005270,PRD0058,18,182.31
OI0015809,ORD005271,PRD0128,5,123.35
OI0015810,ORD005272,PRD0110,8,237.89
OI0015811,ORD005272,PRD0009,9,38.6
OI0015812,ORD005272,PRD0073,5,68.46
OI0015813,ORD005272,PRD0029,17,203.27
OI0015814,ORD005272,PRD0005,32,143.43
OI0015815,ORD005273,PRD000,28,101.89
OI0015816,ORD005274,PRD0100,2,36.13
OI0015817,ORD005274,PRD999,9,205.72
OI0015818,ORD005275,PRD0115,37,102.09
OI0015819,ORD005275,PRD0076,3,28.95
OI0015820,ORD005275,PRD0010,15,6.66
OI0015821,ORD005275,PRD0106,38,22.39
OI0015822,ORD005275,PRD0032,34,206.97
OI0015823,ORD005276,PRD0101,17,119.36
OI0015824,ORD005277,PRD0046,14,105.44
OI0015825,ORD005277,PRD0017,6,191.07
OI0015826,ORD005277,PRD0128,20,123.35
OI0015827,ORD005278,PRD0097,26,166.76
OI0015828,ORD005278,PRD0072,39,230.67
OI0015829,ORD005278,PRD0014,33,23.8
OI0015830,ORD005278,PRD0056,19,107.05
OI0015831,ORD005278,PRD000,17,228.65
OI0015832,ORD005279,PRD0055,19,122.67
OI0015833,ORD005280,PRD0139,15,18.24
OI0015834,ORD005280,PRD0066,38,106.81
OI0015835,ORD005280,PRD0075,26,173.74
OI0015836,ORD005280,PRD0135,12,148.62
OI0015837,ORD005281,PRD0117,10,90.73
OI0015838,ORD005281,PRD0062,32,239.86
OI0015839,ORD005281,PRD0084,16,40.42
OI0015840,ORD005282,PRD0008,4,87.17
OI0015841,ORD005282,PRD0064,35,230.86
OI0015842,ORD005283,PRD0063,24,139.58
OI0015843,ORD005283,PRD0148,28,127.25
OI0015844,ORD005284,PRD0102,32,215.21
OI0015845,ORD005284,PRD0065,26,120.88
OI0015846,ORD005284,PRD0042,24,34.49
OI0015847,ORD005284,PRD0018,29,211.58
OI0015848,ORD005285,PRD0099,2,16.05
OI0015849,ORD005285,PRD0064,3,230.86
OI0015850,ORD005285,PRD0012,12,114.28
OI0015851,ORD005285,PRD0094,7,30.93
OI0015852,ORD005286,PRD0084,34,40.42
OI0015853,ORD005286,PRD0001,10,115.82
OI0015854,ORD005287,PRD0057,23,163.07
OI0015855,ORD005287,PRD0143,34,205.5
OI0015856,ORD005288,PRD0063,30,139.58
OI0015857,ORD005288,PRD0116,40,227.68
OI0015858,ORD005289,PRD0073,33,68.46
OI0015859,ORD005289,PRD0005,34,143.43
OI0015860,ORD005289,PRD0086,13,218.7
OI0015861,ORD005289,PRD0135,2,148.62
OI0015862,ORD005289,PRD0004,10,27.44
OI0015863,ORD005290,PRD0079,3,153.34
OI0015864,ORD005290,PRD0144,9,190.91
OI0015865,ORD005290,PRD0102,38,215.21
OI0015866,ORD005290,PRD0131,18,31.12
OI0015867,ORD005290,PRD0026,6,173.51
OI0015868,ORD005291,PRD0087,39,40.72
OI0015869,ORD005292,PRD0105,18,220.36
OI0015870,ORD005292,PRD0005,2,143.43
OI0015871,ORD005292,PRD0059,15,201.86
OI0015872,ORD005292,PRD0016,21,191.36
OI0015873,ORD005293,PRD0071,25,189.96
OI0015874,ORD005293,PRD0080,14,78.97
OI0015875,ORD005293,PRD0147,5,123.59
OI0015876,ORD005293,PRD0077,26,121.36
OI0015877,ORD005293,PRD0056,31,107.05
OI0015878,ORD005294,PRD0066,33,106.81
OI0015879,ORD005295,PRD0134,15,26.01
OI0015880,ORD005295,PRD0030,39,101.78
OI0015881,ORD005295,PRD0062,19,239.86
OI0015882,ORD005296,PRD0136,17,5.82
OI0015883,ORD005296,PRD0140,20,180.3
OI0015884,ORD005297,PRD0105,14,220.36
OI0015885,ORD005297,PRD0071,39,189.96
OI0015886,ORD005297,PRD0137,24,60.23
OI0015887,ORD005297,PRD0027,26,38.21
OI0015888,ORD005297,PRD0105,25,220.36
OI0015889,ORD005298,PRD0102,25,215.21
OI0015890,ORD005299,PRD0069,40,54.19
OI0015891,ORD005300,PRD0044,13,142.63
OI0015892,ORD005300,PRD0127,18,116.1
OI0015893,ORD005300,PRD0029,27,203.27
OI0015894,ORD005300,PRD0092,24,57.63
OI0015895,ORD005301,PRD0139,39,18.24
OI0015896,ORD005302,PRD0008,31,87.17
OI0015897,ORD005302,PRD0084,27,40.42
OI0015898,ORD005302,PRD0061,29,123.38
OI0015899,ORD005302,PRD0083,25,19.93
OI0015900,ORD005302,PRD0070,36,225.75
OI0015901,ORD005303,PRD0091,33,175.98
OI0015902,ORD005303,PRD0133,14,216.9
OI0015903,ORD005303,PRD0005,15,143.43
OI0015904,ORD005303,PRD0145,25,92.02
OI0015905,ORD005303,PRD0025,36,79.83
OI0015906,ORD005304,PRD0121,8,231.51
OI0015907,ORD005305,PRD0126,17,35.6
OI0015908,ORD005305,PRD0111,11,83.5
OI0015909,ORD005305,PRD0038,11,222.91
OI0015910,ORD005306,PRD0123,31,236.61
OI0015911,ORD005307,PRD0025,33,79.83
OI0015912,ORD005307,PRD0085,21,63.68
OI0015913,ORD005308,PRD0060,22,47.82
OI0015914,ORD005308,PRD0119,7,39.29
OI0015915,ORD005308,PRD0148,8,127.25
OI0015916,ORD005308,PRD0045,26,7.03
OI0015917,ORD005308,PRD0024,12,87.52
OI0015918,ORD005309,PRD0022,12,35.83
OI0015919,ORD005309,PRD0007,11,82.58
OI0015920,ORD005309,PRD0120,36,91.06
OI0015921,ORD005309,PRD0136,28,5.82
OI0015922,ORD005310,PRD0123,27,236.61
OI0015923,ORD005310,PRD0014,28,23.8
OI0015924,ORD005311,PRD0138,14,105.95
OI0015925,ORD005311,PRD0076,22,28.95
OI0015926,ORD005311,PRD0140,38,180.3
OI0015927,ORD005311,PRD0063,36,139.58
OI0015928,ORD005311,PRD0062,15,239.86
OI0015929,ORD005312,PRD0111,22,83.5
OI0015930,ORD005312,PRD0061,3,123.38
OI0015931,ORD005313,PRD0003,3,72.4
OI0015932,ORD005313,PRD0066,17,106.81
OI0015933,ORD005313,PRD0027,9,38.21
OI0015934,ORD005314,PRD0145,15,92.02
OI0015935,ORD005314,PRD0020,26,7.41
OI0015936,ORD005314,PRD0146,10,116.28
OI0015937,ORD005315,PRD0024,16,87.52
OI0015938,ORD005316,PRD0090,21,72.4
OI0015939,ORD005316,PRD0041,32,74.92
OI0015940,ORD005317,PRD0051,20,24.49
OI0015941,ORD005317,PRD0150,36,124.38
OI0015942,ORD005317,PRD0131,28,31.12
OI0015943,ORD005317,PRD0048,13,221.86
OI0015944,ORD005317,PRD0042,22,34.49
OI0015945,ORD005318,PRD0025,34,79.83
OI0015946,ORD005318,PRD0149,31,233.51
OI0015947,ORD005318,PRD0010,40,6.66
OI0015948,ORD005318,PRD0042,34,34.49
OI0015949,ORD005318,PRD0123,17,236.61
OI0015950,ORD005319,PRD0127,-22,116.1
OI0015951,ORD005320,PRD0047,18,157.02
OI0015952,ORD005320,PRD0087,19,40.72
OI0015953,ORD005320,PRD0088,11,54.55
OI0015954,ORD005321,PRD0107,30,140.4
OI0015955,ORD005321,PRD0043,19,154.31
OI0015956,ORD005321,PRD0115,30,102.09
OI0015957,ORD005321,PRD0043,17,154.31
OI0015958,ORD005322,PRD0106,15,22.39
OI0015959,ORD005323,PRD0090,6,72.4
OI0015960,ORD005323,PRD0074,30,95.86
OI0015961,ORD005323,PRD0057,11,163.07
OI0015962,ORD005324,PRD0034,35,69.78
OI0015963,ORD005324,PRD0054,39,58.91
OI0015964,ORD005324,PRD0014,35,23.8
OI0015965,ORD005324,PRD0043,40,154.31
OI0015966,ORD005324,PRD0079,34,153.34
OI0015967,ORD005325,PRD0128,24,123.35
OI0015968,ORD005325,PRD0041,21,74.92
OI0015969,ORD005325,PRD0015,33,31.62
OI0015970,ORD005325,PRD0088,13,54.55
OI0015971,ORD005326,PRD0009,17,38.6
OI0015972,ORD005327,PRD0011,9,190.23
OI0015973,ORD005327,PRD0068,8,29.13
OI0015974,ORD005327,PRD0074,35,95.86
OI0015975,ORD005327,PRD0103,35,124.22
OI0015976,ORD005328,PRD0029,3,203.27
OI0015977,ORD005329,PRD0037,17,226.8
OI0015978,ORD005329,PRD9999,12,99.35
OI0015979,ORD005329,PRD0122,17,18.49
OI0015980,ORD005329,PRD0110,8,237.89
OI0015981,ORD005329,PRD0073,12,68.46
OI0015982,ORD005330,PRD0022,14,35.83
OI0015983,ORD005330,PRD0077,40,121.36
OI0015984,ORD005331,PRD0133,10,216.9
OI0015985,ORD005331,PRD0102,5,215.21
OI0015986,ORD005331,PRD0110,37,237.89
OI0015987,ORD005332,PRD0097,33,166.76
OI0015988,ORD005332,PRD0111,32,83.5
OI0015989,ORD005333,PRD0142,28,15.65
OI0015990,ORD005333,PRD0146,12,116.28
OI0015991,ORD005333,PRD0048,18,221.86
OI0015992,ORD005334,PRD000,6,145.49
OI0015993,ORD005334,PRD0059,19,201.86
OI0015994,ORD005335,PRD0125,33,149.25
OI0015995,ORD005335,PRD0037,21,226.8
OI0015996,ORD005335,PRD0097,2,166.76
OI0015997,ORD005335,PRD0010,37,6.66
OI0015998,ORD005336,PRD0102,7,215.21
OI0015999,ORD005337,PRD0047,26,157.02
OI0016000,ORD005337,PRD0124,35,45.26
OI0016001,ORD005337,PRD0052,35,207.39
OI0016002,ORD005338,PRD0121,14,231.51
OI0016003,ORD005338,PRD0081,1,47.37
OI0016004,ORD005338,PRD0070,29,225.75
OI0016005,ORD005338,PRD0057,6,163.07
OI0016006,ORD005339,PRD0002,30,172.3
OI0016007,ORD005339,PRD0082,17,109.81
OI0016008,ORD005339,PRD0103,7,124.22
OI0016009,ORD005339,PRD0065,39,120.88
OI0016010,ORD005340,PRD0144,-32,190.91
OI0016011,ORD005340,PRD0145,2,92.02
OI0016012,ORD005341,PRD0046,33,105.44
OI0016013,ORD005341,PRD0031,19,30.67
OI0016014,ORD005342,PRD0103,24,124.22
OI0016015,ORD005342,PRD0047,1,157.02
OI0016016,ORD005342,PRD999,32,148.98
OI0016017,ORD005342,PRD0122,32,18.49
OI0016018,ORD005342,PRD0013,3,202.19
OI0016019,ORD005343,PRD0148,8,127.25
OI0016020,ORD005344,PRD0072,2,230.67
OI0016021,ORD005344,PRD0048,7,221.86
OI0016022,ORD005344,PRD0029,35,203.27
OI0016023,ORD005345,PRD0101,18,119.36
OI0016024,ORD005345,PRD0014,7,23.8
OI0016025,ORD005346,PRD0070,31,225.75
OI0016026,ORD005346,PRD0076,4,28.95
OI0016027,ORD005347,PRD0003,29,72.4
OI0016028,ORD005347,PRD0031,33,30.67
OI0016029,ORD005347,PRD0142,37,15.65
OI0016030,ORD005348,PRD0126,11,35.6
OI0016031,ORD005348,PRD0098,7,38.66
OI0016032,ORD005348,PRD0142,39,15.65
OI0016033,ORD005348,PRD0136,22,5.82
OI0016034,ORD005349,PRD0013,8,202.19
OI0016035,ORD005349,PRD0077,1,121.36
OI0016036,ORD005349,PRD0013,10,202.19
OI0016037,ORD005349,PRD0094,18,30.93
OI0016038,ORD005349,PRD0116,14,227.68
OI0016039,ORD005350,PRD0145,7,92.02
OI0016040,ORD005350,PRD0137,5,60.23
OI0016041,ORD005350,PRD0010,18,6.66
OI0016042,ORD005350,PRD0079,5,153.34
OI0016043,ORD005351,PRD0004,35,27.44
OI0016044,ORD005351,PRD0127,25,116.1
OI0016045,ORD005351,PRD0111,36,83.5
OI0016046,ORD005351,PRD0100,3,36.13
OI0016047,ORD005351,PRD0136,35,5.82
OI0016048,ORD005352,PRD0134,35,26.01
OI0016049,ORD005352,PRD0105,18,220.36
OI0016050,ORD005352,PRD0059,20,201.86
OI0016051,ORD005352,PRD0127,20,116.1
OI0016052,ORD005352,PRD0101,25,119.36
OI0016053,ORD005353,PRD0023,4,138.23
OI0016054,ORD005353,PRD0136,34,5.82
OI0016055,ORD005353,PRD0111,5,83.5
OI0016056,ORD005353,PRD999,23,172.7
OI0016057,ORD005353,PRD0072,3,230.67
OI0016058,ORD005354,PRD0001,3,115.82
OI0016059,ORD005354,PRD0093,39,66.58
OI0016060,ORD005355,PRD0079,27,153.34
OI0016061,ORD005355,PRD0013,13,202.19
OI0016062,ORD005355,PRD0005,26,143.43
OI0016063,ORD005355,PRD0126,28,35.6
OI0016064,ORD005355,PRD0125,13,149.25
OI0016065,ORD005356,PRD0068,3,29.13
OI0016066,ORD005356,PRD0049,22,178.36
OI0016067,ORD005356,PRD0122,40,18.49
OI0016068,ORD005356,PRD0129,6,171.21
OI0016069,ORD005357,PRD0111,14,83.5
OI0016070,ORD005358,PRD000,15,171.79
OI0016071,ORD005359,PRD0027,7,38.21
OI0016072,ORD005359,PRD0118,30,113.75
OI0016073,ORD005359,PRD0041,8,74.92
OI0016074,ORD005359,PRD0110,20,237.89
OI0016075,ORD005360,PRD0086,18,218.7
OI0016076,ORD005360,PRD0134,39,26.01
OI0016077,ORD005361,PRD0014,11,23.8
OI0016078,ORD005361,PRD0062,35,239.86
OI0016079,ORD005362,PRD0144,36,190.91
OI0016080,ORD005362,PRD0096,27,78.52
OI0016081,ORD005363,PRD0118,-22,113.75
OI0016082,ORD005363,PRD0022,18,35.83
OI0016083,ORD005363,PRD0067,11,172.46
OI0016084,ORD005363,PRD0088,13,54.55
OI0016085,ORD005363,PRD0124,10,45.26
OI0016086,ORD005364,PRD0121,40,231.51
OI0016087,ORD005365,PRD0121,24,231.51
OI0016088,ORD005366,PRD0036,31,191.05
OI0016089,ORD005367,PRD0072,30,230.67
OI0016090,ORD005367,PRD0067,13,172.46
OI0016091,ORD005367,PRD0102,2,215.21
OI0016092,ORD005368,PRD0142,23,15.65
OI0016093,ORD005369,PRD0042,31,34.49
OI0016094,ORD005370,PRD0042,11,34.49
OI0016095,ORD005371,PRD0131,27,31.12
OI0016096,ORD005371,PRD0022,37,35.83
OI0016097,ORD005371,PRD0140,37,180.3
OI0016098,ORD005371,PRD0131,29,31.12
OI0016099,ORD005372,PRD0028,24,98.85
OI0016100,ORD005372,PRD0045,11,7.03
OI0016101,ORD005373,PRD0039,29,41.02
OI0016102,ORD005373,PRD0116,30,227.68
OI0016103,ORD005373,PRD0109,1,119.42
OI0016104,ORD005373,PRD0022,18,35.83
OI0016105,ORD005373,PRD9999,9,46.05
OI0016106,ORD005374,PRD0043,14,154.31
OI0016107,ORD005375,PRD0140,12,180.3
OI0016108,ORD005376,PRD0018,16,211.58
OI0016109,ORD005376,PRD0072,-12,230.67
OI0016110,ORD005377,PRD0110,5,237.89
OI0016111,ORD005377,PRD0061,15,123.38
OI0016112,ORD005377,PRD0050,29,176.43
OI0016113,ORD005377,PRD0103,4,124.22
OI0016114,ORD005377,PRD0127,38,116.1
OI0016115,ORD005378,PRD0012,7,114.28
OI0016116,ORD005378,PRD0121,27,231.51
OI0016117,ORD005378,PRD0148,8,127.25
OI0016118,ORD005378,PRD0086,19,218.7
OI0016119,ORD005379,PRD0072,23,230.67
OI0016120,ORD005379,PRD0121,3,231.51
OI0016121,ORD005380,PRD0044,8,142.63
OI0016122,ORD005380,PRD0025,8,79.83
OI0016123,ORD005380,PRD0020,21,7.41
OI0016124,ORD005380,PRD0118,13,113.75
OI0016125,ORD005381,PRD0043,6,154.31
OI0016126,ORD005381,PRD0085,3,63.68
OI0016127,ORD005381,PRD0059,7,201.86
OI0016128,ORD005382,PRD0024,12,87.52
OI0016129,ORD005382,PRD0143,35,205.5
OI0016130,ORD005382,PRD0096,26,78.52
OI0016131,ORD005382,PRD0099,24,16.05
OI0016132,ORD005383,PRD0048,19,221.86
OI0016133,ORD005383,PRD0021,3,92.86
OI0016134,ORD005383,PRD0120,19,91.06
OI0016135,ORD005383,PRD0030,10,101.78
OI0016136,ORD005384,PRD0003,9,72.4
OI0016137,ORD005384,PRD0135,36,148.62
OI0016138,ORD005384,PRD0145,-10,92.02
OI0016139,ORD005384,PRD0026,16,173.51
OI0016140,ORD005385,PRD0004,33,27.44
OI0016141,ORD005385,PRD0098,6,38.66
OI0016142,ORD005385,PRD0004,39,27.44
OI0016143,ORD005385,PRD0053,35,122.42
OI0016144,ORD005385,PRD0003,35,72.4
OI0016145,ORD005386,PRD0089,13,150.86
OI0016146,ORD005386,PRD0080,8,78.97
OI0016147,ORD005386,PRD0050,23,176.43
OI0016148,ORD005387,PRD0121,16,231.51
OI0016149,ORD005387,PRD0038,19,222.91
OI0016150,ORD005387,PRD0052,8,207.39
OI0016151,ORD005387,PRD0033,7,49.71
OI0016152,ORD005387,PRD0093,38,66.58
OI0016153,ORD005388,PRD0067,13,172.46
OI0016154,ORD005388,PRD0012,24,114.28
OI0016155,ORD005389,PRD0081,40,47.37
OI0016156,ORD005389,PRD0080,11,78.97
OI0016157,ORD005390,PRD0128,37,123.35
OI0016158,ORD005390,PRD0097,39,166.76
OI0016159,ORD005390,PRD0018,37,211.58
OI0016160,ORD005390,PRD0044,24,142.63
OI0016161,ORD005390,PRD0138,28,105.95
OI0016162,ORD005391,PRD0116,17,227.68
OI0016163,ORD005391,PRD0122,20,18.49
OI0016164,ORD005391,PRD0077,8,121.36
OI0016165,ORD005392,PRD0130,7,40.15
OI0016166,ORD005392,PRD0012,18,114.28
OI0016167,ORD005393,PRD0104,17,165.96
OI0016168,ORD005394,PRD0147,13,123.59
OI0016169,ORD005394,PRD0125,3,149.25
OI0016170,ORD005394,PRD0144,26,190.91
OI0016171,ORD005394,PRD0141,32,106.53
OI0016172,ORD005395,PRD0089,2,150.86
OI0016173,ORD005395,PRD0143,23,205.5
OI0016174,ORD005395,PRD0035,39,236.05
OI0016175,ORD005395,PRD0061,38,123.38
OI0016176,ORD005396,PRD0106,9,22.39
OI0016177,ORD005396,PRD0112,25,160.95
OI0016178,ORD005396,PRD0047,37,157.02
OI0016179,ORD005397,PRD0086,21,218.7
OI0016180,ORD005397,PRD0029,22,203.27
OI0016181,ORD005397,PRD0002,9,172.3
OI0016182,ORD005397,PRD0009,26,38.6
OI0016183,ORD005397,PRD0114,21,122.24
OI0016184,ORD005398,PRD0059,13,201.86
OI0016185,ORD005398,PRD0145,18,92.02
OI0016186,ORD005399,PRD0007,9,82.58
OI0016187,ORD005400,PRD0033,4,49.71
OI0016188,ORD005400,PRD0039,9,41.02
OI0016189,ORD005400,PRD0012,38,114.28
OI0016190,ORD005400,PRD0041,3,74.92
OI0016191,ORD005400,PRD0123,13,236.61
OI0016192,ORD005401,PRD0143,27,205.5
OI0016193,ORD005402,PRD0009,39,38.6
OI0016194,ORD005402,PRD0022,17,35.83
OI0016195,ORD005402,PRD0109,28,119.42
OI0016196,ORD005402,PRD0126,33,35.6
OI0016197,ORD005402,PRD0047,13,157.02
OI0016198,ORD005403,PRD0130,2,40.15
OI0016199,ORD005404,PRD0076,23,28.95
OI0016200,ORD005405,PRD0123,25,236.61
OI0016201,ORD005405,PRD0124,16,45.26
OI0016202,ORD005405,PRD0101,13,119.36
OI0016203,ORD005405,PRD0124,30,45.26
OI0016204,ORD005405,PRD0029,14,203.27
OI0016205,ORD005406,PRD0095,18,72.24
OI0016206,ORD005406,PRD0147,17,123.59
OI0016207,ORD005406,PRD0036,40,191.05
OI0016208,ORD005406,PRD0015,12,31.62
OI0016209,ORD005406,PRD0079,5,153.34
OI0016210,ORD005407,PRD0080,27,78.97
OI0016211,ORD005407,PRD0084,-25,40.42
OI0016212,ORD005408,PRD0053,34,122.42
OI0016213,ORD005408,PRD0020,7,7.41
OI0016214,ORD005409,PRD0033,21,49.71
OI0016215,ORD005410,PRD0059,24,201.86
OI0016216,ORD005410,PRD0048,24,221.86
OI0016217,ORD005411,PRD000,36,116.4
OI0016218,ORD005411,PRD0050,20,176.43
OI0016219,ORD005411,PRD0045,14,7.03
OI0016220,ORD005411,PRD0069,37,54.19
OI0016221,ORD005411,PRD0039,20,41.02
OI0016222,ORD005412,PRD0038,2,222.91
OI0016223,ORD005412,PRD0033,17,49.71
OI0016224,ORD005412,PRD0113,3,176.91
OI0016225,ORD005412,PRD0090,36,72.4
OI0016226,ORD005413,PRD0022,26,35.83
OI0016227,ORD005413,PRD0086,26,218.7
OI0016228,ORD005413,PRD0034,37,69.78
OI0016229,ORD005413,PRD0125,31,149.25
OI0016230,ORD005414,PRD0084,30,40.42
OI0016231,ORD005414,PRD0028,29,98.85
OI0016232,ORD005414,PRD0019,19,188.65
OI0016233,ORD005414,PRD0028,1,98.85
OI0016234,ORD005415,PRD0019,26,188.65
OI0016235,ORD005415,PRD0033,6,49.71
OI0016236,ORD005416,PRD0036,35,191.05
OI0016237,ORD005416,PRD0020,6,7.41
OI0016238,ORD005416,PRD0113,36,176.91
OI0016239,ORD005416,PRD0062,27,239.86
OI0016240,ORD005416,PRD0009,26,38.6
OI0016241,ORD005417,PRD0011,7,190.23
OI0016242,ORD005417,PRD0017,32,191.07
OI0016243,ORD005418,PRD0115,27,102.09
OI0016244,ORD005419,PRD0088,19,54.55
OI0016245,ORD005419,PRD0050,13,176.43
OI0016246,ORD005420,PRD0010,19,6.66
OI0016247,ORD005420,PRD0113,33,176.91
OI0016248,ORD005420,PRD0055,14,122.67
OI0016249,ORD005420,PRD0005,25,143.43
OI0016250,ORD005420,PRD999,12,237.41
OI0016251,ORD005421,PRD0061,3,123.38
OI0016252,ORD005421,PRD0121,8,231.51
OI0016253,ORD005421,PRD0062,10,239.86
OI0016254,ORD005422,PRD0090,29,72.4
OI0016255,ORD005423,PRD0132,9,115.18
OI0016256,ORD005423,PRD0100,16,36.13
OI0016257,ORD005424,PRD0079,-25,153.34
OI0016258,ORD005424,PRD0112,32,160.95
OI0016259,ORD005424,PRD0027,1,38.21
OI0016260,ORD005424,PRD999,35,99.23
OI0016261,ORD005424,PRD0073,9,68.46
OI0016262,ORD005425,PRD0039,24,41.02
OI0016263,ORD005425,PRD0060,28,47.82
OI0016264,ORD005425,PRD0050,19,176.43
OI0016265,ORD005425,PRD0135,33,148.62
OI0016266,ORD005426,PRD0070,24,225.75
OI0016267,ORD005426,PRD0140,6,180.3
OI0016268,ORD005427,PRD0033,36,49.71
OI0016269,ORD005427,PRD0067,30,172.46
OI0016270,ORD005427,PRD0078,12,105.62
OI0016271,ORD005427,PRD0145,35,92.02
OI0016272,ORD005428,PRD0118,12,113.75
OI0016273,ORD005428,PRD9999,26,191.55
OI0016274,ORD005429,PRD0038,17,222.91
OI0016275,ORD005430,PRD0010,30,6.66
OI0016276,ORD005430,PRD0122,37,18.49
OI0016277,ORD005431,PRD0141,7,106.53
OI0016278,ORD005431,PRD0008,33,87.17
OI0016279,ORD005431,PRD0064,34,230.86
OI0016280,ORD005431,PRD0105,6,220.36
OI0016281,ORD005432,PRD999,15,62.28
OI0016282,ORD005432,PRD0117,23,90.73
OI0016283,ORD005432,PRD0147,22,123.59
OI0016284,ORD005433,PRD0101,35,119.36
OI0016285,ORD005433,PRD0128,7,123.35
OI0016286,ORD005433,PRD0045,6,7.03
OI0016287,ORD005433,PRD0031,16,30.67
OI0016288,ORD005433,PRD0021,26,92.86
OI0016289,ORD005434,PRD0076,-7,28.95
OI0016290,ORD005434,PRD0048,7,221.86
OI0016291,ORD005434,PRD0133,30,216.9
OI0016292,ORD005435,PRD0039,20,41.02
OI0016293,ORD005435,PRD0098,19,38.66
OI0016294,ORD005435,PRD0068,26,29.13
OI0016295,ORD005436,PRD0010,12,6.66
OI0016296,ORD005437,PRD0091,32,175.98
OI0016297,ORD005437,PRD0136,10,5.82
OI0016298,ORD005437,PRD0053,36,122.42
OI0016299,ORD005437,PRD0051,-28,24.49
OI0016300,ORD005438,PRD0061,7,123.38
OI0016301,ORD005438,PRD0032,29,206.97
OI0016302,ORD005438,PRD0149,34,233.51
OI0016303,ORD005438,PRD0073,10,68.46
OI0016304,ORD005439,PRD0029,14,203.27
OI0016305,ORD005439,PRD0078,40,105.62
OI0016306,ORD005439,PRD0027,9,38.21
OI0016307,ORD005440,PRD0001,18,115.82
OI0016308,ORD005440,PRD0053,39,122.42
OI0016309,ORD005440,PRD0055,8,122.67
OI0016310,ORD005441,PRD0116,19,227.68
OI0016311,ORD005442,PRD000,20,48.01
OI0016312,ORD005442,PRD0149,10,233.51
OI0016313,ORD005442,PRD0105,31,220.36
OI0016314,ORD005442,PRD0082,33,109.81
OI0016315,ORD005443,PRD0031,40,30.67
OI0016316,ORD005444,PRD0063,7,139.58
OI0016317,ORD005444,PRD0149,30,233.51
OI0016318,ORD005445,PRD0144,32,190.91
OI0016319,ORD005445,PRD0116,17,227.68
OI0016320,ORD005445,PRD0079,32,153.34
OI0016321,ORD005445,PRD0040,39,179.3
OI0016322,ORD005446,PRD0001,17,115.82
OI0016323,ORD005446,PRD0124,19,45.26
OI0016324,ORD005446,PRD0096,33,78.52
OI0016325,ORD005446,PRD0142,2,15.65
OI0016326,ORD005446,PRD0099,10,16.05
OI0016327,ORD005447,PRD0058,11,182.31
OI0016328,ORD005447,PRD0039,21,41.02
OI0016329,ORD005447,PRD0091,11,175.98
OI0016330,ORD005447,PRD0043,15,154.31
OI0016331,ORD005448,PRD0120,16,91.06
OI0016332,ORD005449,PRD0112,35,160.95
OI0016333,ORD005449,PRD0116,34,227.68
OI0016334,ORD005449,PRD0129,12,171.21
OI0016335,ORD005450,PRD0150,24,124.38
OI0016336,ORD005450,PRD0074,17,95.86
OI0016337,ORD005451,PRD0044,18,142.63
OI0016338,ORD005452,PRD0138,13,105.95
OI0016339,ORD005452,PRD0104,6,165.96
OI0016340,ORD005452,PRD0063,9,139.58
OI0016341,ORD005453,PRD0046,12,105.44
OI0016342,ORD005453,PRD0090,10,72.4
OI0016343,ORD005453,PRD0098,-1,38.66
OI0016344,ORD005454,PRD0042,29,34.49
OI0016345,ORD005454,PRD0117,26,90.73
OI0016346,ORD005454,PRD0134,5,26.01
OI0016347,ORD005455,PRD0060,3,47.82
OI0016348,ORD005455,PRD0118,36,113.75
OI0016349,ORD005455,PRD0061,3,123.38
OI0016350,ORD005456,PRD0084,19,40.42
OI0016351,ORD005456,PRD0097,28,166.76
OI0016352,ORD005456,PRD0125,26,149.25
OI0016353,ORD005457,PRD0140,25,180.3
OI0016354,ORD005457,PRD0046,33,105.44
OI0016355,ORD005457,PRD0081,34,47.37
OI0016356,ORD005457,PRD0013,4,202.19
OI0016357,ORD005458,PRD0131,10,31.12
OI0016358,ORD005458,PRD0110,20,237.89
OI0016359,ORD005459,PRD0071,23,189.96
OI0016360,ORD005459,PRD0048,20,221.86
OI0016361,ORD005460,PRD0105,15,220.36
OI0016362,ORD005460,PRD0030,14,101.78
OI0016363,ORD005460,PRD0021,27,92.86
OI0016364,ORD005460,PRD0094,23,30.93
OI0016365,ORD005460,PRD0011,13,190.23
OI0016366,ORD005461,PRD0108,24,29.96
OI0016367,ORD005462,PRD0145,37,92.02
OI0016368,ORD005463,PRD0100,23,36.13
OI0016369,ORD005463,PRD0014,18,23.8
OI0016370,ORD005464,PRD0039,13,41.02
OI0016371,ORD005464,PRD0037,29,226.8
OI0016372,ORD005465,PRD0038,6,222.91
OI0016373,ORD005465,PRD0058,26,182.31
OI0016374,ORD005465,PRD0044,16,142.63
OI0016375,ORD005465,PRD0073,2,68.46
OI0016376,ORD005466,PRD0028,16,98.85
OI0016377,ORD005466,PRD0135,25,148.62
OI0016378,ORD005467,PRD0096,18,78.52
OI0016379,ORD005467,PRD0021,12,92.86
OI0016380,ORD005467,PRD0130,-13,40.15
OI0016381,ORD005467,PRD0070,14,225.75
OI0016382,ORD005468,PRD0051,21,24.49
OI0016383,ORD005468,PRD0141,11,106.53
OI0016384,ORD005469,PRD0093,3,66.58
OI0016385,ORD005469,PRD0125,37,149.25
OI0016386,ORD005469,PRD0124,20,45.26
OI0016387,ORD005469,PRD0144,5,190.91
OI0016388,ORD005470,PRD0142,16,15.65
OI0016389,ORD005470,PRD0098,10,38.66
OI0016390,ORD005470,PRD0030,38,101.78
OI0016391,ORD005470,PRD0149,31,233.51
OI0016392,ORD005471,PRD0015,29,31.62
OI0016393,ORD005471,PRD0038,40,222.91
OI0016394,ORD005472,PRD0090,21,72.4
OI0016395,ORD005473,PRD0040,4,179.3
OI0016396,ORD005474,PRD0026,4,173.51
OI0016397,ORD005474,PRD0044,22,142.63
OI0016398,ORD005475,PRD0045,23,7.03
OI0016399,ORD005476,PRD0127,34,116.1
OI0016400,ORD005476,PRD0061,16,123.38
OI0016401,ORD005476,PRD0090,8,72.4
OI0016402,ORD005476,PRD0147,18,123.59
OI0016403,ORD005476,PRD0099,19,16.05
OI0016404,ORD005477,PRD0036,33,191.05
OI0016405,ORD005477,PRD0118,37,113.75
OI0016406,ORD005477,PRD0131,2,31.12
OI0016407,ORD005477,PRD0064,36,230.86
OI0016408,ORD005477,PRD0092,37,57.63
OI0016409,ORD005478,PRD0142,34,15.65
OI0016410,ORD005478,PRD0121,28,231.51
OI0016411,ORD005479,PRD0035,7,236.05
OI0016412,ORD005479,PRD0112,28,160.95
OI0016413,ORD005480,PRD0084,37,40.42
OI0016414,ORD005480,PRD0016,3,191.36
OI0016415,ORD005480,PRD0008,31,87.17
OI0016416,ORD005480,PRD0111,-9,83.5
OI0016417,ORD005480,PRD0140,27,180.3
OI0016418,ORD005481,PRD0105,38,220.36
OI0016419,ORD005481,PRD0109,7,119.42
OI0016420,ORD005481,PRD0096,24,78.52
OI0016421,ORD005481,PRD0127,23,116.1
OI0016422,ORD005481,PRD0041,25,74.92
OI0016423,ORD005482,PRD0022,18,35.83
OI0016424,ORD005482,PRD999,32,38.23
OI0016425,ORD005483,PRD0137,34,60.23
OI0016426,ORD005483,PRD0037,34,226.8
OI0016427,ORD005484,PRD0059,36,201.86
OI0016428,ORD005484,PRD0060,31,47.82
OI0016429,ORD005484,PRD0007,29,82.58
OI0016430,ORD005484,PRD0124,2,45.26
OI0016431,ORD005485,PRD0134,35,26.01
OI0016432,ORD005485,PRD0080,13,78.97
OI0016433,ORD005486,PRD0040,18,179.3
OI0016434,ORD005486,PRD0053,27,122.42
OI0016435,ORD005486,PRD0136,22,5.82
OI0016436,ORD005486,PRD0047,22,157.02
OI0016437,ORD005487,PRD0049,13,178.36
OI0016438,ORD005487,PRD0013,40,202.19
OI0016439,ORD005488,PRD0079,8,153.34
OI0016440,ORD005488,PRD0087,2,40.72
OI0016441,ORD005489,PRD0117,40,90.73
OI0016442,ORD005489,PRD0129,35,171.21
OI0016443,ORD005489,PRD0092,11,57.63
OI0016444,ORD005490,PRD0082,40,109.81
OI0016445,ORD005490,PRD0143,16,205.5
OI0016446,ORD005490,PRD0052,15,207.39
OI0016447,ORD005490,PRD0107,12,140.4
OI0016448,ORD005490,PRD0129,25,171.21
OI0016449,ORD005491,PRD0096,38,78.52
OI0016450,ORD005491,PRD0009,1,38.6
OI0016451,ORD005491,PRD0119,29,39.29
OI0016452,ORD005491,PRD0010,2,6.66
OI0016453,ORD005492,PRD0115,22,102.09
OI0016454,ORD005492,PRD0058,15,182.31
OI0016455,ORD005492,PRD0016,33,191.36
OI0016456,ORD005492,PRD0025,14,79.83
OI0016457,ORD005492,PRD0071,34,189.96
OI0016458,ORD005493,PRD0144,8,190.91
OI0016459,ORD005493,PRD0015,31,31.62
OI0016460,ORD005493,PRD0140,10,180.3
OI0016461,ORD005494,PRD0125,16,149.25
OI0016462,ORD005494,PRD0013,38,202.19
OI0016463,ORD005494,PRD0035,39,236.05
OI0016464,ORD005495,PRD0033,36,49.71
OI0016465,ORD005495,PRD0149,23,233.51
OI0016466,ORD005495,PRD0087,38,40.72
OI0016467,ORD005496,PRD0052,30,207.39
OI0016468,ORD005497,PRD0123,36,236.61
OI0016469,ORD005497,PRD0011,10,190.23
OI0016470,ORD005498,PRD0068,11,29.13
OI0016471,ORD005498,PRD0003,35,72.4
OI0016472,ORD005498,PRD0084,32,40.42
OI0016473,ORD005498,PRD0148,37,127.25
OI0016474,ORD005498,PRD0114,13,122.24
OI0016475,ORD005499,PRD0081,18,47.37
OI0016476,ORD005499,PRD0148,39,127.25
OI0016477,ORD005500,PRD0021,10,92.86
OI0016478,ORD005501,PRD0142,1,15.65
OI0016479,ORD005501,PRD0033,9,49.71
OI0016480,ORD005501,PRD0023,22,138.23
OI0016481,ORD005501,PRD0003,6,72.4
OI0016482,ORD005501,PRD0032,7,206.97
OI0016483,ORD005502,PRD0047,36,157.02
OI0016484,ORD005502,PRD0073,11,68.46
OI0016485,ORD005502,PRD0009,25,38.6
OI0016486,ORD005503,PRD0070,37,225.75
OI0016487,ORD005503,PRD0005,32,143.43
OI0016488,ORD005503,PRD0104,8,165.96
OI0016489,ORD005503,PRD0020,32,7.41
OI0016490,ORD005504,PRD0092,24,57.63
OI0016491,ORD005504,PRD0025,19,79.83
OI0016492,ORD005504,PRD0111,27,83.5
OI0016493,ORD005504,PRD0088,18,54.55
OI0016494,ORD005504,PRD0032,21,206.97
OI0016495,ORD005505,PRD0078,10,105.62
OI0016496,ORD005505,PRD0078,38,105.62
OI0016497,ORD005505,PRD0078,35,105.62
OI0016498,ORD005505,PRD999,19,193.56
OI0016499,ORD005506,PRD0061,20,123.38
OI0016500,ORD005506,PRD0145,6,92.02
OI0016501,ORD005506,PRD0139,23,18.24
OI0016502,ORD005506,PRD0089,10,150.86
OI0016503,ORD005506,PRD0075,18,173.74
OI0016504,ORD005507,PRD0113,27,176.91
OI0016505,ORD005507,PRD0100,7,36.13
OI0016506,ORD005508,PRD0069,7,54.19
OI0016507,ORD005509,PRD0058,24,182.31
OI0016508,ORD005510,PRD0130,40,40.15
OI0016509,ORD005510,PRD0011,18,190.23
OI0016510,ORD005510,PRD0019,11,188.65
OI0016511,ORD005510,PRD0001,14,115.82
OI0016512,ORD005511,PRD0040,6,179.3
OI0016513,ORD005511,PRD000,23,198.1
OI0016514,ORD005512,PRD0054,26,58.91
OI0016515,ORD005512,PRD0011,3,190.23
OI0016516,ORD005513,PRD0077,1,121.36
OI0016517,ORD005513,PRD0077,21,121.36
OI0016518,ORD005513,PRD0006,14,140.22
OI0016519,ORD005513,PRD0037,34,226.8
OI0016520,ORD005514,PRD0024,40,87.52
OI0016521,ORD005514,PRD0070,22,225.75
OI0016522,ORD005514,PRD0094,3,30.93
OI0016523,ORD005514,PRD0147,9,123.59
OI0016524,ORD005515,PRD0110,9,237.89
OI0016525,ORD005515,PRD0044,20,142.63
OI0016526,ORD005515,PRD0148,33,127.25
OI0016527,ORD005515,PRD0057,13,163.07
OI0016528,ORD005516,PRD0004,35,27.44
OI0016529,ORD005516,PRD0057,28,163.07
OI0016530,ORD005516,PRD0148,30,127.25
OI0016531,ORD005517,PRD0037,36,226.8
OI0016532,ORD005517,PRD0150,31,124.38
OI0016533,ORD005517,PRD0005,19,143.43
OI0016534,ORD005517,PRD0097,7,166.76
OI0016535,ORD005518,PRD0043,10,154.31
OI0016536,ORD005519,PRD0137,12,60.23
OI0016537,ORD005519,PRD0082,39,109.81
OI0016538,ORD005520,PRD0077,2,121.36
OI0016539,ORD005521,PRD0147,20,123.59
OI0016540,ORD005521,PRD0111,8,83.5
OI0016541,ORD005521,PRD0065,30,120.88
OI0016542,ORD005522,PRD0041,38,74.92
OI0016543,ORD005523,PRD0110,37,237.89
OI0016544,ORD005523,PRD0141,11,106.53
OI0016545,ORD005523,PRD0044,13,142.63
OI0016546,ORD005523,PRD0045,19,7.03
OI0016547,ORD005523,PRD0141,29,106.53
OI0016548,ORD005524,PRD0038,13,222.91
OI0016549,ORD005524,PRD0115,10,102.09
OI0016550,ORD005524,PRD0036,28,191.05
OI0016551,ORD005525,PRD0115,26,102.09
OI0016552,ORD005525,PRD0013,6,202.19
OI0016553,ORD005526,PRD0057,36,163.07
OI0016554,ORD005527,PRD0043,24,154.31
OI0016555,ORD005528,PRD0047,10,157.02
OI0016556,ORD005529,PRD0062,13,239.86
OI0016557,ORD005529,PRD0055,25,122.67
OI0016558,ORD005529,PRD0083,34,19.93
OI0016559,ORD005530,PRD0116,9,227.68
OI0016560,ORD005530,PRD0039,29,41.02
OI0016561,ORD005530,PRD0082,32,109.81
OI0016562,ORD005530,PRD0035,21,236.05
OI0016563,ORD005530,PRD0090,29,72.4
OI0016564,ORD005531,PRD0026,10,173.51
OI0016565,ORD005531,PRD0080,9,78.97
OI0016566,ORD005531,PRD0060,9,47.82
OI0016567,ORD005532,PRD0059,34,201.86
OI0016568,ORD005532,PRD0087,34,40.72
OI0016569,ORD005532,PRD0069,39,54.19
OI0016570,ORD005533,PRD0053,7,122.42
OI0016571,ORD005534,PRD0034,21,69.78
OI0016572,ORD005534,PRD0087,22,40.72
OI0016573,ORD005534,PRD0101,16,119.36
OI0016574,ORD005534,PRD0054,34,58.91
OI0016575,ORD005534,PRD0067,22,172.46
OI0016576,ORD005535,PRD0063,24,139.58
OI0016577,ORD005535,PRD0114,2,122.24
OI0016578,ORD005535,PRD0036,2,191.05
OI0016579,ORD005536,PRD0002,7,172.3
OI0016580,ORD005536,PRD0115,3,102.09
OI0016581,ORD005536,PRD0059,6,201.86
OI0016582,ORD005537,PRD999,13,188.87
OI0016583,ORD005537,PRD0075,13,173.74
OI0016584,ORD005538,PRD0087,17,40.72
OI0016585,ORD005539,PRD0117,12,90.73
OI0016586,ORD005539,PRD0107,20,140.4
OI0016587,ORD005539,PRD0041,4,74.92
OI0016588,ORD005539,PRD0123,28,236.61
OI0016589,ORD005539,PRD0133,3,216.9
OI0016590,ORD005540,PRD0093,29,66.58
OI0016591,ORD005540,PRD0049,30,178.36
OI0016592,ORD005540,PRD0002,21,172.3
OI0016593,ORD005540,PRD0030,19,101.78
OI0016594,ORD005541,PRD0047,40,157.02
OI0016595,ORD005541,PRD0093,35,66.58
OI0016596,ORD005542,PRD0035,10,236.05
OI0016597,ORD005542,PRD0146,4,116.28
OI0016598,ORD005542,PRD0073,6,68.46
OI0016599,ORD005542,PRD0035,6,236.05
OI0016600,ORD005543,PRD0039,7,41.02
OI0016601,ORD005543,PRD0029,29,203.27
OI0016602,ORD005544,PRD0101,24,119.36
OI0016603,ORD005544,PRD0103,1,124.22
OI0016604,ORD005544,PRD0065,8,120.88
OI0016605,ORD005544,PRD0068,34,29.13
OI0016606,ORD005545,PRD0096,37,78.52
OI0016607,ORD005546,PRD0032,28,206.97
OI0016608,ORD005546,PRD0111,29,83.5
OI0016609,ORD005546,PRD0001,37,115.82
OI0016610,ORD005546,PRD0141,31,106.53
OI0016611,ORD005546,PRD0079,27,153.34
OI0016612,ORD005547,PRD0138,34,105.95
OI0016613,ORD005547,PRD0121,21,231.51
OI0016614,ORD005547,PRD0128,13,123.35
OI0016615,ORD005547,PRD0134,2,26.01
OI0016616,ORD005548,PRD0029,32,203.27
OI0016617,ORD005548,PRD0125,8,149.25
OI0016618,ORD005548,PRD0097,21,166.76
OI0016619,ORD005548,PRD0040,17,179.3
OI0016620,ORD005549,PRD0102,26,215.21
OI0016621,ORD005549,PRD0126,8,35.6
OI0016622,ORD005549,PRD0093,28,66.58
OI0016623,ORD005549,PRD0105,9,220.36
OI0016624,ORD005549,PRD0034,20,69.78
OI0016625,ORD005550,PRD0005,37,143.43
OI0016626,ORD005550,PRD0081,4,47.37
OI0016627,ORD005550,PRD0073,29,68.46
OI0016628,ORD005550,PRD0053,16,122.42
OI0016629,ORD005550,PRD0089,23,150.86
OI0016630,ORD005551,PRD0096,21,78.52
OI0016631,ORD005552,PRD0020,11,7.41
OI0016632,ORD005552,PRD0106,26,22.39
OI0016633,ORD005552,PRD9999,5,80.58
OI0016634,ORD005553,PRD0046,37,105.44
OI0016635,ORD005553,PRD0102,22,215.21
OI0016636,ORD005554,PRD0091,1,175.98
OI0016637,ORD005555,PRD0131,23,31.12
OI0016638,ORD005556,PRD0038,2,222.91
OI0016639,ORD005556,PRD0013,25,202.19
OI0016640,ORD005556,PRD0006,26,140.22
OI0016641,ORD005557,PRD0013,7,202.19
OI0016642,ORD005558,PRD0150,19,124.38
OI0016643,ORD005559,PRD0089,2,150.86
OI0016644,ORD005559,PRD0071,35,189.96
OI0016645,ORD005560,PRD0087,20,40.72
OI0016646,ORD005560,PRD0031,15,30.67
OI0016647,ORD005560,PRD0123,9,236.61
OI0016648,ORD005560,PRD0134,2,26.01
OI0016649,ORD005561,PRD0013,15,202.19
OI0016650,ORD005561,PRD0093,39,66.58
OI0016651,ORD005562,PRD0010,10,6.66
OI0016652,ORD005562,PRD0010,4,6.66
OI0016653,ORD005562,PRD0032,13,206.97
OI0016654,ORD005562,PRD0068,4,29.13
OI0016655,ORD005563,PRD0057,40,163.07
OI0016656,ORD005563,PRD0046,6,105.44
OI0016657,ORD005563,PRD0126,31,35.6
OI0016658,ORD005563,PRD0047,38,157.02
OI0016659,ORD005564,PRD0060,29,47.82
OI0016660,ORD005564,PRD0086,25,218.7
OI0016661,ORD005565,PRD0016,18,191.36
OI0016662,ORD005565,PRD0092,36,57.63
OI0016663,ORD005566,PRD0122,17,18.49
OI0016664,ORD005566,PRD0113,7,176.91
OI0016665,ORD005567,PRD0098,34,38.66
OI0016666,ORD005568,PRD0116,30,227.68
OI0016667,ORD005568,PRD0094,31,30.93
OI0016668,ORD005568,PRD0143,1,205.5
OI0016669,ORD005569,PRD0120,16,91.06
OI0016670,ORD005569,PRD0006,28,140.22
OI0016671,ORD005569,PRD0122,22,18.49
OI0016672,ORD005569,PRD0127,32,116.1
OI0016673,ORD005570,PRD0090,36,72.4
OI0016674,ORD005571,PRD0054,7,58.91
OI0016675,ORD005571,PRD0085,12,63.68
OI0016676,ORD005572,PRD0105,9,220.36
OI0016677,ORD005572,PRD0057,31,163.07
OI0016678,ORD005572,PRD0122,6,18.49
OI0016679,ORD005572,PRD0107,19,140.4
OI0016680,ORD005573,PRD0093,11,66.58
OI0016681,ORD005573,PRD0150,9,124.38
OI0016682,ORD005573,PRD0022,25,35.83
OI0016683,ORD005573,PRD0148,36,127.25
OI0016684,ORD005574,PRD0081,33,47.37
OI0016685,ORD005574,PRD0046,38,105.44
OI0016686,ORD005574,PRD0020,1,7.41
OI0016687,ORD005574,PRD0141,25,106.53
OI0016688,ORD005575,PRD0128,21,123.35
OI0016689,ORD005575,PRD0072,5,230.67
OI0016690,ORD005576,PRD0119,12,39.29
OI0016691,ORD005577,PRD0015,7,31.62
OI0016692,ORD005577,PRD0071,17,189.96
OI0016693,ORD005577,PRD0053,39,122.42
OI0016694,ORD005578,PRD0019,11,188.65
OI0016695,ORD005578,PRD0035,2,236.05
OI0016696,ORD005578,PRD0072,26,230.67
OI0016697,ORD005578,PRD0022,-27,35.83
OI0016698,ORD005578,PRD0059,22,201.86
OI0016699,ORD005579,PRD0136,38,5.82
OI0016700,ORD005579,PRD0028,9,98.85
OI0016701,ORD005579,PRD0121,13,231.51
OI0016702,ORD005579,PRD0067,18,172.46
OI0016703,ORD005580,PRD0067,27,172.46
OI0016704,ORD005580,PRD0035,14,236.05
OI0016705,ORD005581,PRD0006,22,140.22
OI0016706,ORD005581,PRD0033,26,49.71
OI0016707,ORD005581,PRD0077,35,121.36
OI0016708,ORD005581,PRD0122,9,18.49
OI0016709,ORD005582,PRD0023,23,138.23
OI0016710,ORD005582,PRD0094,35,30.93
OI0016711,ORD005582,PRD0123,6,236.61
OI0016712,ORD005582,PRD0047,9,157.02
OI0016713,ORD005582,PRD0043,40,154.31
OI0016714,ORD005583,PRD0094,11,30.93
OI0016715,ORD005583,PRD0095,29,72.24
OI0016716,ORD005583,PRD0086,34,218.7
OI0016717,ORD005584,PRD0098,31,38.66
OI0016718,ORD005584,PRD0036,18,191.05
OI0016719,ORD005585,PRD0026,26,173.51
OI0016720,ORD005586,PRD0012,37,114.28
OI0016721,ORD005587,PRD0149,20,233.51
OI0016722,ORD005587,PRD0105,16,220.36
OI0016723,ORD005588,PRD0102,27,215.21
OI0016724,ORD005589,PRD0100,21,36.13
OI0016725,ORD005590,PRD0127,1,116.1
OI0016726,ORD005590,PRD0057,24,163.07
OI0016727,ORD005590,PRD0058,29,182.31
OI0016728,ORD005590,PRD0100,12,36.13
OI0016729,ORD005590,PRD0100,38,36.13
OI0016730,ORD005591,PRD0108,24,29.96
OI0016731,ORD005591,PRD0062,40,239.86
OI0016732,ORD005591,PRD0004,36,27.44
OI0016733,ORD005591,PRD0026,26,173.51
OI0016734,ORD005592,PRD0050,3,176.43
OI0016735,ORD005593,PRD0032,33,206.97
OI0016736,ORD005594,PRD0017,16,191.07
OI0016737,ORD005594,PRD0103,27,124.22
OI0016738,ORD005594,PRD0114,7,122.24
OI0016739,ORD005594,PRD0059,5,201.86
OI0016740,ORD005594,PRD0073,9,68.46
OI0016741,ORD005595,PRD0054,-35,58.91
OI0016742,ORD005595,PRD0057,7,163.07
OI0016743,ORD005595,PRD0026,23,173.51
OI0016744,ORD005596,PRD0043,34,154.31
OI0016745,ORD005596,PRD0091,35,175.98
OI0016746,ORD005596,PRD0013,32,202.19
OI0016747,ORD005597,PRD0122,11,18.49
OI0016748,ORD005598,PRD0131,39,31.12
OI0016749,ORD005598,PRD0144,35,190.91
OI0016750,ORD005598,PRD0104,10,165.96
OI0016751,ORD005598,PRD0004,8,27.44
OI0016752,ORD005598,PRD0142,20,15.65
OI0016753,ORD005599,PRD9999,7,166.7
OI0016754,ORD005599,PRD0100,4,36.13
OI0016755,ORD005599,PRD0015,29,31.62
OI0016756,ORD005600,PRD0137,39,60.23
OI0016757,ORD005600,PRD0050,20,176.43
OI0016758,ORD005601,PRD0078,1,105.62
OI0016759,ORD005601,PRD0070,19,225.75
OI0016760,ORD005601,PRD000,30,200.02
OI0016761,ORD005601,PRD0050,10,176.43
OI0016762,ORD005601,PRD0093,9,66.58
OI0016763,ORD005602,PRD0023,39,138.23
OI0016764,ORD005602,PRD0054,12,58.91
OI0016765,ORD005602,PRD0080,9,78.97
OI0016766,ORD005602,PRD0039,9,41.02
OI0016767,ORD005602,PRD0068,23,29.13
OI0016768,ORD005603,PRD0120,21,91.06
OI0016769,ORD005603,PRD0116,26,227.68
OI0016770,ORD005603,PRD0005,33,143.43
OI0016771,ORD005603,PRD0039,1,41.02
OI0016772,ORD005603,PRD0145,25,92.02
OI0016773,ORD005604,PRD0085,16,63.68
OI0016774,ORD005604,PRD0061,16,123.38
OI0016775,ORD005604,PRD0121,15,231.51
OI0016776,ORD005605,PRD000,24,95.94
OI0016777,ORD005605,PRD0091,17,175.98
OI0016778,ORD005605,PRD0025,21,79.83
OI0016779,ORD005605,PRD0143,15,205.5
OI0016780,ORD005605,PRD0043,5,154.31
OI0016781,ORD005606,PRD0011,27,190.23
OI0016782,ORD005606,PRD0023,1,138.23
OI0016783,ORD005606,PRD0110,20,237.89
OI0016784,ORD005606,PRD0030,21,101.78
OI0016785,ORD005607,PRD0049,32,178.36
OI0016786,ORD005607,PRD0058,23,182.31
OI0016787,ORD005607,PRD0140,5,180.3
OI0016788,ORD005607,PRD0026,36,173.51
OI0016789,ORD005607,PRD0079,7,153.34
OI0016790,ORD005608,PRD0008,20,87.17
OI0016791,ORD005608,PRD0057,28,163.07
OI0016792,ORD005608,PRD0091,10,175.98
OI0016793,ORD005608,PRD0136,37,5.82
OI0016794,ORD005608,PRD0124,39,45.26
OI0016795,ORD005609,PRD0027,37,38.21
OI0016796,ORD005610,PRD0081,1,47.37
OI0016797,ORD005610,PRD0027,9,38.21
OI0016798,ORD005610,PRD0076,27,28.95
OI0016799,ORD005611,PRD0015,31,31.62
OI0016800,ORD005611,PRD0048,21,221.86
OI0016801,ORD005612,PRD0046,10,105.44
OI0016802,ORD005613,PRD0114,9,122.24
OI0016803,ORD005614,PRD0112,26,160.95
OI0016804,ORD005614,PRD0044,37,142.63
OI0016805,ORD005614,PRD0095,39,72.24
OI0016806,ORD005615,PRD0076,4,28.95
OI0016807,ORD005616,PRD0023,13,138.23
OI0016808,ORD005616,PRD0120,19,91.06
OI0016809,ORD005616,PRD0115,34,102.09
OI0016810,ORD005616,PRD0113,10,176.91
OI0016811,ORD005616,PRD0109,8,119.42
OI0016812,ORD005617,PRD0049,23,178.36
OI0016813,ORD005617,PRD0050,33,176.43
OI0016814,ORD005618,PRD0149,33,233.51
OI0016815,ORD005618,PRD0115,16,102.09
OI0016816,ORD005618,PRD0088,1,54.55
OI0016817,ORD005619,PRD0059,34,201.86
OI0016818,ORD005620,PRD0099,38,16.05
OI0016819,ORD005620,PRD0133,20,216.9
OI0016820,ORD005620,PRD0081,22,47.37
OI0016821,ORD005621,PRD0065,14,120.88
OI0016822,ORD005621,PRD0083,25,19.93
OI0016823,ORD005621,PRD0081,-1,47.37
OI0016824,ORD005621,PRD9999,25,185.3
OI0016825,ORD005622,PRD0137,36,60.23
OI0016826,ORD005622,PRD0139,23,18.24
OI0016827,ORD005622,PRD0058,7,182.31
OI0016828,ORD005623,PRD0077,27,121.36
OI0016829,ORD005623,PRD0005,9,143.43
OI0016830,ORD005623,PRD0129,17,171.21
OI0016831,ORD005623,PRD0001,13,115.82
OI0016832,ORD005623,PRD0103,14,124.22
OI0016833,ORD005624,PRD0144,40,190.91
OI0016834,ORD005624,PRD0017,8,191.07
OI0016835,ORD005625,PRD0129,25,171.21
OI0016836,ORD005626,PRD0070,40,225.75
OI0016837,ORD005626,PRD0121,1,231.51
OI0016838,ORD005626,PRD0127,39,116.1
OI0016839,ORD005626,PRD0031,6,30.67
OI0016840,ORD005626,PRD0118,3,113.75
OI0016841,ORD005627,PRD0095,12,72.24
OI0016842,ORD005627,PRD0136,6,5.82
OI0016843,ORD005627,PRD0132,19,115.18
OI0016844,ORD005628,PRD0052,30,207.39
OI0016845,ORD005628,PRD0115,35,102.09
OI0016846,ORD005628,PRD000,17,15.67
OI0016847,ORD005628,PRD0109,23,119.42
OI0016848,ORD005628,PRD0080,3,78.97
OI0016849,ORD005629,PRD0103,30,124.22
OI0016850,ORD005629,PRD0004,12,27.44
OI0016851,ORD005629,PRD0101,13,119.36
OI0016852,ORD005629,PRD999,18,34.23
OI0016853,ORD005629,PRD0135,15,148.62
OI0016854,ORD005630,PRD0132,32,115.18
OI0016855,ORD005630,PRD0087,20,40.72
OI0016856,ORD005630,PRD0116,29,227.68
OI0016857,ORD005631,PRD999,11,144.57
OI0016858,ORD005631,PRD0082,40,109.81
OI0016859,ORD005631,PRD0146,30,116.28
OI0016860,ORD005632,PRD0121,5,231.51
OI0016861,ORD005632,PRD0071,31,189.96
OI0016862,ORD005632,PRD0078,18,105.62
OI0016863,ORD005632,PRD0063,22,139.58
OI0016864,ORD005633,PRD999,20,29.99
OI0016865,ORD005633,PRD0122,29,18.49
OI0016866,ORD005633,PRD9999,14,192.94
OI0016867,ORD005633,PRD0046,18,105.44
OI0016868,ORD005634,PRD0123,23,236.61
OI0016869,ORD005634,PRD0011,28,190.23
OI0016870,ORD005634,PRD0105,20,220.36
OI0016871,ORD005635,PRD0112,19,160.95
OI0016872,ORD005635,PRD0129,23,171.21
OI0016873,ORD005635,PRD0050,16,176.43
OI0016874,ORD005636,PRD0125,19,149.25
OI0016875,ORD005637,PRD0101,28,119.36
OI0016876,ORD005637,PRD0102,13,215.21
OI0016877,ORD005637,PRD0052,3,207.39
OI0016878,ORD005638,PRD0082,18,109.81
OI0016879,ORD005638,PRD0017,40,191.07
OI0016880,ORD005638,PRD0128,22,123.35
OI0016881,ORD005638,PRD0025,21,79.83
OI0016882,ORD005639,PRD0145,29,92.02
OI0016883,ORD005639,PRD0044,7,142.63
OI0016884,ORD005639,PRD0075,33,173.74
OI0016885,ORD005639,PRD0014,20,23.8
OI0016886,ORD005639,PRD0141,40,106.53
OI0016887,ORD005640,PRD0054,1,58.91
OI0016888,ORD005641,PRD0008,16,87.17
OI0016889,ORD005641,PRD0013,20,202.19
OI0016890,ORD005641,PRD0063,3,139.58
OI0016891,ORD005642,PRD0137,39,60.23
OI0016892,ORD005642,PRD0092,1,57.63
OI0016893,ORD005643,PRD0094,23,30.93
OI0016894,ORD005643,PRD0055,37,122.67
OI0016895,ORD005643,PRD0117,19,90.73
OI0016896,ORD005643,PRD0053,26,122.42
OI0016897,ORD005643,PRD0111,25,83.5
OI0016898,ORD005644,PRD0144,5,190.91
OI0016899,ORD005644,PRD0026,4,173.51
OI0016900,ORD005644,PRD0108,12,29.96
OI0016901,ORD005644,PRD0099,35,16.05
OI0016902,ORD005645,PRD0131,22,31.12
OI0016903,ORD005645,PRD0078,34,105.62
OI0016904,ORD005645,PRD0107,10,140.4
OI0016905,ORD005645,PRD0052,30,207.39
OI0016906,ORD005645,PRD9999,13,150.6
OI0016907,ORD005646,PRD0038,11,222.91
OI0016908,ORD005646,PRD0047,28,157.02
OI0016909,ORD005647,PRD0069,16,54.19
OI0016910,ORD005647,PRD0073,36,68.46
OI0016911,ORD005647,PRD0088,38,54.55
OI0016912,ORD005647,PRD0108,4,29.96
OI0016913,ORD005647,PRD0106,3,22.39
OI0016914,ORD005648,PRD0020,26,7.41
OI0016915,ORD005648,PRD0138,10,105.95
OI0016916,ORD005648,PRD0104,13,165.96
OI0016917,ORD005649,PRD0109,2,119.42
OI0016918,ORD005649,PRD0114,9,122.24
OI0016919,ORD005649,PRD0096,21,78.52
OI0016920,ORD005649,PRD0009,23,38.6
OI0016921,ORD005649,PRD0104,4,165.96
OI0016922,ORD005650,PRD0073,31,68.46
OI0016923,ORD005650,PRD0115,10,102.09
OI0016924,ORD005650,PRD0073,8,68.46
OI0016925,ORD005651,PRD0019,34,188.65
OI0016926,ORD005651,PRD0134,33,26.01
OI0016927,ORD005651,PRD0134,18,26.01
OI0016928,ORD005652,PRD0124,33,45.26
OI0016929,ORD005652,PRD0043,29,154.31
OI0016930,ORD005652,PRD0021,14,92.86
OI0016931,ORD005652,PRD0002,36,172.3
OI0016932,ORD005653,PRD0003,30,72.4
OI0016933,ORD005653,PRD0068,14,29.13
OI0016934,ORD005654,PRD0038,8,222.91
OI0016935,ORD005654,PRD999,17,187.77
OI0016936,ORD005654,PRD0032,21,206.97
OI0016937,ORD005654,PRD0100,1,36.13
OI0016938,ORD005654,PRD0073,20,68.46
OI0016939,ORD005655,PRD0033,10,49.71
OI0016940,ORD005656,PRD0062,20,239.86
OI0016941,ORD005657,PRD0130,3,40.15
OI0016942,ORD005658,PRD0145,40,92.02
OI0016943,ORD005658,PRD0123,13,236.61
OI0016944,ORD005659,PRD0110,27,237.89
OI0016945,ORD005659,PRD0105,9,220.36
OI0016946,ORD005659,PRD999,34,33.95
OI0016947,ORD005659,PRD0064,15,230.86
OI0016948,ORD005659,PRD0047,2,157.02
OI0016949,ORD005660,PRD0084,31,40.42
OI0016950,ORD005661,PRD0103,18,124.22
OI0016951,ORD005661,PRD0105,1,220.36
OI0016952,ORD005661,PRD0106,27,22.39
OI0016953,ORD005662,PRD0045,38,7.03
OI0016954,ORD005662,PRD0062,39,239.86
OI0016955,ORD005662,PRD0081,9,47.37
OI0016956,ORD005662,PRD0096,6,78.52
OI0016957,ORD005662,PRD0029,20,203.27
OI0016958,ORD005663,PRD0118,36,113.75
OI0016959,ORD005664,PRD0002,7,172.3
OI0016960,ORD005665,PRD0135,25,148.62
OI0016961,ORD005665,PRD0053,9,122.42
OI0016962,ORD005665,PRD0109,6,119.42
OI0016963,ORD005665,PRD0089,14,150.86
OI0016964,ORD005665,PRD0038,13,222.91
OI0016965,ORD005666,PRD0059,29,201.86
OI0016966,ORD005667,PRD0130,35,40.15
OI0016967,ORD005667,PRD0133,21,216.9
OI0016968,ORD005668,PRD0077,27,121.36
OI0016969,ORD005669,PRD0121,18,231.51
OI0016970,ORD005670,PRD0065,6,120.88
OI0016971,ORD005670,PRD0049,2,178.36
OI0016972,ORD005670,PRD0134,3,26.01
OI0016973,ORD005670,PRD0037,16,226.8
OI0016974,ORD005671,PRD0075,14,173.74
OI0016975,ORD005671,PRD0080,29,78.97
OI0016976,ORD005671,PRD0091,19,175.98
OI0016977,ORD005672,PRD0092,19,57.63
OI0016978,ORD005672,PRD0107,16,140.4
OI0016979,ORD005672,PRD0024,9,87.52
OI0016980,ORD005672,PRD0112,9,160.95
OI0016981,ORD005672,PRD0026,12,173.51
OI0016982,ORD005673,PRD0117,29,90.73
OI0016983,ORD005673,PRD0062,17,239.86
OI0016984,ORD005673,PRD0081,8,47.37
OI0016985,ORD005673,PRD0143,29,205.5
OI0016986,ORD005674,PRD0115,14,102.09
OI0016987,ORD005674,PRD0009,3,38.6
OI0016988,ORD005674,PRD0054,26,58.91
OI0016989,ORD005675,PRD0051,5,24.49
OI0016990,ORD005675,PRD0032,17,206.97
OI0016991,ORD005676,PRD0040,31,179.3
OI0016992,ORD005676,PRD0107,1,140.4
OI0016993,ORD005676,PRD0108,14,29.96
OI0016994,ORD005676,PRD0005,36,143.43
OI0016995,ORD005677,PRD0002,10,172.3
OI0016996,ORD005677,PRD0015,7,31.62
OI0016997,ORD005677,PRD0091,9,175.98
OI0016998,ORD005677,PRD0123,2,236.61
OI0016999,ORD005678,PRD0019,15,188.65
OI0017000,ORD005678,PRD0069,17,54.19
OI0017001,ORD005678,PRD0095,13,72.24
OI0017002,ORD005678,PRD0025,22,79.83
OI0017003,ORD005679,PRD0103,30,124.22
OI0017004,ORD005679,PRD0044,19,142.63
OI0017005,ORD005679,PRD0047,3,157.02
OI0017006,ORD005679,PRD0090,31,72.4
OI0017007,ORD005679,PRD0076,36,28.95
OI0017008,ORD005680,PRD9999,15,109.16
OI0017009,ORD005680,PRD0076,35,28.95
OI0017010,ORD005680,PRD0127,14,116.1
OI0017011,ORD005680,PRD0003,6,72.4
OI0017012,ORD005680,PRD0059,20,201.86
OI0017013,ORD005681,PRD0038,27,222.91
OI0017014,ORD005681,PRD0005,22,143.43
OI0017015,ORD005681,PRD0001,35,115.82
OI0017016,ORD005681,PRD0132,29,115.18
OI0017017,ORD005681,PRD0109,32,119.42
OI0017018,ORD005682,PRD0078,26,105.62
OI0017019,ORD005682,PRD0037,29,226.8
OI0017020,ORD005682,PRD0122,16,18.49
OI0017021,ORD005682,PRD0130,23,40.15
OI0017022,ORD005682,PRD0106,29,22.39
OI0017023,ORD005683,PRD0134,31,26.01
OI0017024,ORD005683,PRD000,16,3.56
OI0017025,ORD005683,PRD0062,6,239.86
OI0017026,ORD005683,PRD0006,35,140.22
OI0017027,ORD005683,PRD0092,16,57.63
OI0017028,ORD005684,PRD0130,33,40.15
OI0017029,ORD005684,PRD0069,14,54.19
OI0017030,ORD005685,PRD0009,36,38.6
OI0017031,ORD005686,PRD0030,33,101.78
OI0017032,ORD005687,PRD0016,36,191.36
OI0017033,ORD005687,PRD0057,36,163.07
OI0017034,ORD005687,PRD0132,40,115.18
OI0017035,ORD005687,PRD0010,6,6.66
OI0017036,ORD005687,PRD0099,28,16.05
OI0017037,ORD005688,PRD0132,21,115.18
OI0017038,ORD005688,PRD0105,15,220.36
OI0017039,ORD005688,PRD0040,20,179.3
OI0017040,ORD005689,PRD0026,22,173.51
OI0017041,ORD005689,PRD0060,18,47.82
OI0017042,ORD005690,PRD0016,9,191.36
OI0017043,ORD005690,PRD0014,27,23.8
OI0017044,ORD005691,PRD0046,34,105.44
OI0017045,ORD005691,PRD0032,31,206.97
OI0017046,ORD005691,PRD0088,18,54.55
OI0017047,ORD005692,PRD0003,22,72.4
OI0017048,ORD005692,PRD0019,30,188.65
OI0017049,ORD005693,PRD0106,7,22.39
OI0017050,ORD005693,PRD0085,25,63.68
OI0017051,ORD005694,PRD0057,37,163.07
OI0017052,ORD005695,PRD0030,37,101.78
OI0017053,ORD005695,PRD0092,8,57.63
OI0017054,ORD005695,PRD0047,4,157.02
OI0017055,ORD005695,PRD0026,11,173.51
OI0017056,ORD005695,PRD0130,27,40.15
OI0017057,ORD005696,PRD0065,9,120.88
OI0017058,ORD005696,PRD0099,26,16.05
OI0017059,ORD005696,PRD0048,11,221.86
OI0017060,ORD005696,PRD0034,15,69.78
OI0017061,ORD005697,PRD0040,38,179.3
OI0017062,ORD005698,PRD0149,16,233.51
OI0017063,ORD005698,PRD0089,36,150.86
OI0017064,ORD005698,PRD0076,33,28.95
OI0017065,ORD005698,PRD0091,8,175.98
OI0017066,ORD005699,PRD0145,16,92.02
OI0017067,ORD005700,PRD0083,38,19.93
OI0017068,ORD005700,PRD0124,32,45.26
OI0017069,ORD005700,PRD0030,36,101.78
OI0017070,ORD005700,PRD0044,36,142.63
OI0017071,ORD005701,PRD0104,23,165.96
OI0017072,ORD005701,PRD000,19,141.62
OI0017073,ORD005701,PRD0121,39,231.51
OI0017074,ORD005701,PRD0061,17,123.38
OI0017075,ORD005702,PRD0075,29,173.74
OI0017076,ORD005702,PRD0053,5,122.42
OI0017077,ORD005702,PRD0080,15,78.97
OI0017078,ORD005703,PRD0141,24,106.53
OI0017079,ORD005703,PRD0143,27,205.5
OI0017080,ORD005703,PRD0044,32,142.63
OI0017081,ORD005704,PRD0051,6,24.49
OI0017082,ORD005704,PRD0035,16,236.05
OI0017083,ORD005704,PRD0111,17,83.5
OI0017084,ORD005704,PRD0025,10,79.83
OI0017085,ORD005704,PRD0116,14,227.68
OI0017086,ORD005705,PRD0031,3,30.67
OI0017087,ORD005705,PRD0081,26,47.37
OI0017088,ORD005705,PRD0040,2,179.3
OI0017089,ORD005706,PRD0003,40,72.4
OI0017090,ORD005706,PRD0102,27,215.21
OI0017091,ORD005706,PRD0124,3,45.26
OI0017092,ORD005707,PRD0076,30,28.95
OI0017093,ORD005707,PRD0060,6,47.82
OI0017094,ORD005708,PRD0127,8,116.1
OI0017095,ORD005708,PRD0124,1,45.26
OI0017096,ORD005708,PRD0036,39,191.05
OI0017097,ORD005708,PRD0054,15,58.91
OI0017098,ORD005708,PRD0099,32,16.05
OI0017099,ORD005709,PRD0129,10,171.21
OI0017100,ORD005710,PRD0113,19,176.91
OI0017101,ORD005710,PRD0010,6,6.66
OI0017102,ORD005711,PRD0011,26,190.23
OI0017103,ORD005712,PRD0034,7,69.78
OI0017104,ORD005712,PRD0072,25,230.67
OI0017105,ORD005712,PRD0071,8,189.96
OI0017106,ORD005713,PRD0063,4,139.58
OI0017107,ORD005713,PRD0028,23,98.85
OI0017108,ORD005714,PRD0117,35,90.73
OI0017109,ORD005714,PRD0044,11,142.63
OI0017110,ORD005715,PRD0105,35,220.36
OI0017111,ORD005715,PRD0116,20,227.68
OI0017112,ORD005715,PRD0115,11,102.09
OI0017113,ORD005715,PRD0011,15,190.23
OI0017114,ORD005716,PRD0135,15,148.62
OI0017115,ORD005717,PRD0099,10,16.05
OI0017116,ORD005717,PRD0108,16,29.96
OI0017117,ORD005717,PRD0100,12,36.13
OI0017118,ORD005718,PRD0150,32,124.38
OI0017119,ORD005718,PRD0017,4,191.07
OI0017120,ORD005718,PRD0145,18,92.02
OI0017121,ORD005718,PRD0085,33,63.68
OI0017122,ORD005719,PRD0146,19,116.28
OI0017123,ORD005720,PRD0071,7,189.96
OI0017124,ORD005720,PRD0036,-15,191.05
OI0017125,ORD005720,PRD0034,26,69.78
OI0017126,ORD005720,PRD0136,15,5.82
OI0017127,ORD005720,PRD0068,31,29.13
OI0017128,ORD005721,PRD0096,8,78.52
OI0017129,ORD005721,PRD0119,36,39.29
OI0017130,ORD005721,PRD0017,12,191.07
OI0017131,ORD005722,PRD0150,31,124.38
OI0017132,ORD005723,PRD0087,32,40.72
OI0017133,ORD005723,PRD0092,17,57.63
OI0017134,ORD005723,PRD0131,16,31.12
OI0017135,ORD005723,PRD0075,3,173.74
OI0017136,ORD005724,PRD0016,25,191.36
OI0017137,ORD005725,PRD0068,23,29.13
OI0017138,ORD005725,PRD0048,19,221.86
OI0017139,ORD005725,PRD0062,24,239.86
OI0017140,ORD005725,PRD0112,23,160.95
OI0017141,ORD005726,PRD0087,-3,40.72
OI0017142,ORD005726,PRD0150,30,124.38
OI0017143,ORD005727,PRD0102,38,215.21
OI0017144,ORD005727,PRD0113,12,176.91
OI0017145,ORD005728,PRD0119,7,39.29
OI0017146,ORD005728,PRD0082,5,109.81
OI0017147,ORD005728,PRD0139,28,18.24
OI0017148,ORD005728,PRD9999,7,105.44
OI0017149,ORD005728,PRD0132,14,115.18
OI0017150,ORD005729,PRD0053,25,122.42
OI0017151,ORD005730,PRD0075,11,173.74
OI0017152,ORD005731,PRD0105,39,220.36
OI0017153,ORD005731,PRD0007,2,82.58
OI0017154,ORD005731,PRD0084,28,40.42
OI0017155,ORD005731,PRD0099,2,16.05
OI0017156,ORD005731,PRD0108,23,29.96
OI0017157,ORD005732,PRD0092,3,57.63
OI0017158,ORD005732,PRD0059,12,201.86
OI0017159,ORD005732,PRD0023,9,138.23
OI0017160,ORD005733,PRD0141,5,106.53
OI0017161,ORD005733,PRD0010,18,6.66
OI0017162,ORD005733,PRD0078,1,105.62
OI0017163,ORD005733,PRD0127,18,116.1
OI0017164,ORD005733,PRD0026,27,173.51
OI0017165,ORD005734,PRD0026,16,173.51
OI0017166,ORD005734,PRD0118,38,113.75
OI0017167,ORD005734,PRD0089,37,150.86
OI0017168,ORD005734,PRD0002,38,172.3
OI0017169,ORD005735,PRD0048,15,221.86
OI0017170,ORD005735,PRD0080,15,78.97
OI0017171,ORD005736,PRD0025,1,79.83
OI0017172,ORD005736,PRD0134,35,26.01
OI0017173,ORD005736,PRD000,10,29.35
OI0017174,ORD005736,PRD0030,18,101.78
OI0017175,ORD005737,PRD0004,4,27.44
OI0017176,ORD005737,PRD9999,2,12.81
OI0017177,ORD005737,PRD0020,35,7.41
OI0017178,ORD005737,PRD999,40,194.78
OI0017179,ORD005737,PRD0009,3,38.6
OI0017180,ORD005738,PRD0136,21,5.82
OI0017181,ORD005739,PRD0014,30,23.8
OI0017182,ORD005739,PRD0149,31,233.51
OI0017183,ORD005739,PRD0013,2,202.19
OI0017184,ORD005739,PRD0083,26,19.93
OI0017185,ORD005739,PRD0033,35,49.71
OI0017186,ORD005740,PRD0092,27,57.63
OI0017187,ORD005741,PRD0106,17,22.39
OI0017188,ORD005742,PRD0045,39,7.03
OI0017189,ORD005743,PRD0029,20,203.27
OI0017190,ORD005744,PRD0079,19,153.34
OI0017191,ORD005744,PRD0129,32,171.21
OI0017192,ORD005744,PRD0137,25,60.23
OI0017193,ORD005745,PRD0069,26,54.19
OI0017194,ORD005745,PRD0062,20,239.86
OI0017195,ORD005746,PRD0101,1,119.36
OI0017196,ORD005746,PRD0147,25,123.59
OI0017197,ORD005747,PRD0043,27,154.31
OI0017198,ORD005747,PRD0117,3,90.73
OI0017199,ORD005747,PRD0135,14,148.62
OI0017200,ORD005747,PRD0049,40,178.36
OI0017201,ORD005748,PRD0020,14,7.41
OI0017202,ORD005748,PRD0069,1,54.19
OI0017203,ORD005748,PRD0047,20,157.02
OI0017204,ORD005748,PRD0077,9,121.36
OI0017205,ORD005749,PRD0069,1,54.19
OI0017206,ORD005749,PRD0014,1,23.8
OI0017207,ORD005749,PRD0026,14,173.51
OI0017208,ORD005750,PRD0047,5,157.02
OI0017209,ORD005750,PRD0073,31,68.46
OI0017210,ORD005750,PRD0136,38,5.82
OI0017211,ORD005750,PRD0136,16,5.82
OI0017212,ORD005751,PRD0103,15,124.22
OI0017213,ORD005751,PRD0061,23,123.38
OI0017214,ORD005752,PRD0046,34,105.44
OI0017215,ORD005753,PRD0120,40,91.06
OI0017216,ORD005753,PRD0128,27,123.35
OI0017217,ORD005753,PRD0106,33,22.39
OI0017218,ORD005753,PRD0035,24,236.05
OI0017219,ORD005753,PRD0127,13,116.1
OI0017220,ORD005754,PRD0020,13,7.41
OI0017221,ORD005755,PRD0076,37,28.95
OI0017222,ORD005755,PRD0098,12,38.66
OI0017223,ORD005756,PRD0143,16,205.5
OI0017224,ORD005756,PRD0113,8,176.91
OI0017225,ORD005757,PRD0002,10,172.3
OI0017226,ORD005757,PRD0002,37,172.3
OI0017227,ORD005757,PRD0064,40,230.86
OI0017228,ORD005757,PRD0019,9,188.65
OI0017229,ORD005757,PRD0044,24,142.63
OI0017230,ORD005758,PRD0024,10,87.52
OI0017231,ORD005759,PRD0096,26,78.52
OI0017232,ORD005760,PRD0053,16,122.42
OI0017233,ORD005761,PRD0007,20,82.58
OI0017234,ORD005761,PRD0032,13,206.97
OI0017235,ORD005761,PRD0003,26,72.4
OI0017236,ORD005762,PRD0142,19,15.65
OI0017237,ORD005762,PRD0102,10,215.21
OI0017238,ORD005762,PRD0013,2,202.19
OI0017239,ORD005763,PRD0115,32,102.09
OI0017240,ORD005763,PRD0120,4,91.06
OI0017241,ORD005764,PRD0052,6,207.39
OI0017242,ORD005764,PRD0018,6,211.58
OI0017243,ORD005764,PRD0037,35,226.8
OI0017244,ORD005764,PRD0079,2,153.34
OI0017245,ORD005764,PRD0004,21,27.44
OI0017246,ORD005765,PRD0065,14,120.88
OI0017247,ORD005765,PRD0129,18,171.21
OI0017248,ORD005765,PRD0083,4,19.93
OI0017249,ORD005766,PRD0022,33,35.83
OI0017250,ORD005767,PRD0141,27,106.53
OI0017251,ORD005767,PRD0016,26,191.36
OI0017252,ORD005768,PRD0121,33,231.51
OI0017253,ORD005768,PRD0036,34,191.05
OI0017254,ORD005768,PRD0039,40,41.02
OI0017255,ORD005769,PRD0033,17,49.71
OI0017256,ORD005769,PRD0119,34,39.29
OI0017257,ORD005769,PRD0056,18,107.05
OI0017258,ORD005769,PRD0072,14,230.67
OI0017259,ORD005770,PRD0055,14,122.67
OI0017260,ORD005770,PRD0104,39,165.96
OI0017261,ORD005770,PRD0149,14,233.51
OI0017262,ORD005770,PRD0103,21,124.22
OI0017263,ORD005771,PRD0098,39,38.66
OI0017264,ORD005771,PRD0079,27,153.34
OI0017265,ORD005771,PRD0039,28,41.02
OI0017266,ORD005772,PRD0105,4,220.36
OI0017267,ORD005772,PRD0038,20,222.91
OI0017268,ORD005773,PRD0093,39,66.58
OI0017269,ORD005773,PRD0016,6,191.36
OI0017270,ORD005774,PRD0011,37,190.23
OI0017271,ORD005774,PRD0087,18,40.72
OI0017272,ORD005774,PRD0052,28,207.39
OI0017273,ORD005774,PRD0048,37,221.86
OI0017274,ORD005775,PRD0070,12,225.75
OI0017275,ORD005775,PRD0085,37,63.68
OI0017276,ORD005775,PRD0029,27,203.27
OI0017277,ORD005775,PRD0046,17,105.44
OI0017278,ORD005775,PRD0016,18,191.36
OI0017279,ORD005776,PRD0095,15,72.24
OI0017280,ORD005776,PRD0004,9,27.44
OI0017281,ORD005776,PRD0076,30,28.95
OI0017282,ORD005776,PRD0043,39,154.31
OI0017283,ORD005777,PRD0112,16,160.95
OI0017284,ORD005777,PRD0033,11,49.71
OI0017285,ORD005777,PRD0077,7,121.36
OI0017286,ORD005777,PRD0046,8,105.44
OI0017287,ORD005777,PRD0126,3,35.6
OI0017288,ORD005778,PRD0007,20,82.58
OI0017289,ORD005778,PRD0110,21,237.89
OI0017290,ORD005779,PRD0045,16,7.03
OI0017291,ORD005780,PRD0132,28,115.18
OI0017292,ORD005780,PRD0044,25,142.63
OI0017293,ORD005780,PRD0132,40,115.18
OI0017294,ORD005780,PRD0133,7,216.9
OI0017295,ORD005780,PRD0098,28,38.66
OI0017296,ORD005781,PRD0007,25,82.58
OI0017297,ORD005781,PRD0046,33,105.44
OI0017298,ORD005781,PRD0009,33,38.6
OI0017299,ORD005782,PRD0071,18,189.96
OI0017300,ORD005782,PRD0013,10,202.19
OI0017301,ORD005783,PRD0097,9,166.76
OI0017302,ORD005783,PRD0019,28,188.65
OI0017303,ORD005783,PRD9999,11,111.48
OI0017304,ORD005783,PRD0007,33,82.58
OI0017305,ORD005783,PRD0051,7,24.49
OI0017306,ORD005784,PRD0091,18,175.98
OI0017307,ORD005784,PRD0036,16,191.05
OI0017308,ORD005784,PRD0036,10,191.05
OI0017309,ORD005784,PRD0142,13,15.65
OI0017310,ORD005785,PRD0016,24,191.36
OI0017311,ORD005785,PRD0024,35,87.52
OI0017312,ORD005786,PRD0100,36,36.13
OI0017313,ORD005786,PRD0109,15,119.42
OI0017314,ORD005787,PRD0023,37,138.23
OI0017315,ORD005787,PRD0078,11,105.62
OI0017316,ORD005787,PRD0138,36,105.95
OI0017317,ORD005787,PRD0012,40,114.28
OI0017318,ORD005787,PRD0004,21,27.44
OI0017319,ORD005788,PRD0142,34,15.65
OI0017320,ORD005788,PRD0121,30,231.51
OI0017321,ORD005788,PRD0147,2,123.59
OI0017322,ORD005789,PRD0098,1,38.66
OI0017323,ORD005789,PRD0141,31,106.53
OI0017324,ORD005789,PRD0081,24,47.37
OI0017325,ORD005790,PRD0010,40,6.66
OI0017326,ORD005790,PRD0123,9,236.61
OI0017327,ORD005790,PRD0035,7,236.05
OI0017328,ORD005791,PRD0013,37,202.19
OI0017329,ORD005792,PRD0016,7,191.36
OI0017330,ORD005792,PRD0070,9,225.75
OI0017331,ORD005792,PRD0087,40,40.72
OI0017332,ORD005793,PRD0023,4,138.23
OI0017333,ORD005793,PRD0075,27,173.74
OI0017334,ORD005793,PRD0133,31,216.9
OI0017335,ORD005794,PRD0028,24,98.85
OI0017336,ORD005794,PRD0120,26,91.06
OI0017337,ORD005794,PRD0114,8,122.24
OI0017338,ORD005794,PRD0146,11,116.28
OI0017339,ORD005794,PRD0075,2,173.74
OI0017340,ORD005795,PRD0051,37,24.49
OI0017341,ORD005795,PRD0088,20,54.55
OI0017342,ORD005795,PRD0085,3,63.68
OI0017343,ORD005796,PRD0077,11,121.36
OI0017344,ORD005797,PRD0147,11,123.59
OI0017345,ORD005797,PRD0138,11,105.95
OI0017346,ORD005797,PRD0046,14,105.44
OI0017347,ORD005797,PRD0081,-40,47.37
OI0017348,ORD005797,PRD0028,35,98.85
OI0017349,ORD005798,PRD0066,27,106.81
OI0017350,ORD005799,PRD0135,26,148.62
OI0017351,ORD005800,PRD0072,6,230.67
OI0017352,ORD005800,PRD0113,36,176.91
OI0017353,ORD005800,PRD0049,18,178.36
OI0017354,ORD005800,PRD0001,6,115.82
OI0017355,ORD005800,PRD0069,-16,54.19
OI0017356,ORD005801,PRD0022,22,35.83
OI0017357,ORD005801,PRD0113,27,176.91
OI0017358,ORD005802,PRD0042,15,34.49
OI0017359,ORD005803,PRD0064,32,230.86
OI0017360,ORD005803,PRD0007,11,82.58
OI0017361,ORD005803,PRD0126,27,35.6
OI0017362,ORD005803,PRD0033,24,49.71
OI0017363,ORD005803,PRD0026,34,173.51
OI0017364,ORD005804,PRD0009,11,38.6
OI0017365,ORD005804,PRD0100,16,36.13
OI0017366,ORD005804,PRD0119,2,39.29
OI0017367,ORD005804,PRD0037,19,226.8
OI0017368,ORD005805,PRD0042,32,34.49
OI0017369,ORD005806,PRD0059,30,201.86
OI0017370,ORD005806,PRD0052,26,207.39
OI0017371,ORD005806,PRD0036,16,191.05
OI0017372,ORD005807,PRD0051,26,24.49
OI0017373,ORD005807,PRD0028,2,98.85
OI0017374,ORD005807,PRD0019,40,188.65
OI0017375,ORD005807,PRD0138,40,105.95
OI0017376,ORD005808,PRD0124,37,45.26
OI0017377,ORD005808,PRD0025,14,79.83
OI0017378,ORD005808,PRD0109,39,119.42
OI0017379,ORD005808,PRD0005,18,143.43
OI0017380,ORD005809,PRD0006,13,140.22
OI0017381,ORD005809,PRD9999,25,179.34
OI0017382,ORD005810,PRD0075,38,173.74
OI0017383,ORD005811,PRD0071,20,189.96
OI0017384,ORD005812,PRD0136,25,5.82
OI0017385,ORD005813,PRD0094,20,30.93
OI0017386,ORD005813,PRD0036,37,191.05
OI0017387,ORD005813,PRD0056,17,107.05
OI0017388,ORD005813,PRD0030,11,101.78
OI0017389,ORD005814,PRD0109,11,119.42
OI0017390,ORD005814,PRD0031,11,30.67
OI0017391,ORD005814,PRD0130,19,40.15
OI0017392,ORD005815,PRD0138,28,105.95
OI0017393,ORD005815,PRD0121,26,231.51
OI0017394,ORD005815,PRD0076,26,28.95
OI0017395,ORD005816,PRD0106,23,22.39
OI0017396,ORD005816,PRD0084,40,40.42
OI0017397,ORD005816,PRD0075,33,173.74
OI0017398,ORD005816,PRD0139,38,18.24
OI0017399,ORD005817,PRD0109,28,119.42
OI0017400,ORD005817,PRD0020,39,7.41
OI0017401,ORD005817,PRD000,10,138.7
OI0017402,ORD005817,PRD0006,20,140.22
OI0017403,ORD005818,PRD0116,40,227.68
OI0017404,ORD005819,PRD0085,13,63.68
OI0017405,ORD005819,PRD0144,30,190.91
OI0017406,ORD005820,PRD0038,22,222.91
OI0017407,ORD005820,PRD0094,37,30.93
OI0017408,ORD005821,PRD0084,32,40.42
OI0017409,ORD005821,PRD0089,12,150.86
OI0017410,ORD005821,PRD0019,29,188.65
OI0017411,ORD005822,PRD0064,3,230.86
OI0017412,ORD005823,PRD0094,33,30.93
OI0017413,ORD005823,PRD0103,6,124.22
OI0017414,ORD005823,PRD0074,16,95.86
OI0017415,ORD005823,PRD0001,40,115.82
OI0017416,ORD005824,PRD0072,40,230.67
OI0017417,ORD005824,PRD0038,26,222.91
OI0017418,ORD005824,PRD0113,34,176.91
OI0017419,ORD005824,PRD0112,20,160.95
OI0017420,ORD005825,PRD0059,20,201.86
OI0017421,ORD005826,PRD0125,16,149.25
OI0017422,ORD005826,PRD0049,29,178.36
OI0017423,ORD005826,PRD0041,27,74.92
OI0017424,ORD005827,PRD0109,32,119.42
OI0017425,ORD005828,PRD0086,3,218.7
OI0017426,ORD005828,PRD0052,16,207.39
OI0017427,ORD005829,PRD0091,16,175.98
OI0017428,ORD005829,PRD0107,22,140.4
OI0017429,ORD005830,PRD0002,2,172.3
OI0017430,ORD005831,PRD0030,10,101.78
OI0017431,ORD005831,PRD0040,21,179.3
OI0017432,ORD005832,PRD0051,8,24.49
OI0017433,ORD005833,PRD0061,9,123.38
OI0017434,ORD005834,PRD0089,23,150.86
OI0017435,ORD005834,PRD0112,18,160.95
OI0017436,ORD005834,PRD0053,8,122.42
OI0017437,ORD005835,PRD0114,8,122.24
OI0017438,ORD005835,PRD0148,7,127.25
OI0017439,ORD005835,PRD0087,5,40.72
OI0017440,ORD005835,PRD0137,36,60.23
OI0017441,ORD005836,PRD0059,15,201.86
OI0017442,ORD005836,PRD0150,7,124.38
OI0017443,ORD005836,PRD0133,32,216.9
OI0017444,ORD005836,PRD0038,8,222.91
OI0017445,ORD005837,PRD0026,16,173.51
OI0017446,ORD005837,PRD0058,38,182.31
OI0017447,ORD005837,PRD0045,22,7.03
OI0017448,ORD005838,PRD0071,18,189.96
OI0017449,ORD005838,PRD0010,30,6.66
OI0017450,ORD005838,PRD0122,24,18.49
OI0017451,ORD005839,PRD0042,32,34.49
OI0017452,ORD005839,PRD0051,32,24.49
OI0017453,ORD005840,PRD0001,19,115.82
OI0017454,ORD005840,PRD0140,28,180.3
OI0017455,ORD005840,PRD0057,31,163.07
OI0017456,ORD005841,PRD0047,38,157.02
OI0017457,ORD005841,PRD0062,40,239.86
OI0017458,ORD005841,PRD0116,22,227.68
OI0017459,ORD005841,PRD0105,34,220.36
OI0017460,ORD005842,PRD0094,5,30.93
OI0017461,ORD005843,PRD0036,39,191.05
OI0017462,ORD005843,PRD0104,25,165.96
OI0017463,ORD005843,PRD0090,23,72.4
OI0017464,ORD005843,PRD0085,11,63.68
OI0017465,ORD005844,PRD0031,2,30.67
OI0017466,ORD005844,PRD0033,3,49.71
OI0017467,ORD005844,PRD0016,32,191.36
OI0017468,ORD005844,PRD0115,22,102.09
OI0017469,ORD005844,PRD0124,16,45.26
OI0017470,ORD005845,PRD0021,34,92.86
OI0017471,ORD005845,PRD0144,20,190.91
OI0017472,ORD005846,PRD0147,1,123.59
OI0017473,ORD005847,PRD0032,40,206.97
OI0017474,ORD005847,PRD000,40,153.43
OI0017475,ORD005847,PRD0025,26,79.83
OI0017476,ORD005847,PRD0030,23,101.78
OI0017477,ORD005848,PRD0009,32,38.6
OI0017478,ORD005849,PRD0141,37,106.53
OI0017479,ORD005849,PRD0076,20,28.95
OI0017480,ORD005850,PRD0148,33,127.25
OI0017481,ORD005850,PRD0144,23,190.91
OI0017482,ORD005850,PRD0087,12,40.72
OI0017483,ORD005851,PRD0045,25,7.03
OI0017484,ORD005852,PRD0144,14,190.91
OI0017485,ORD005852,PRD0076,28,28.95
OI0017486,ORD005852,PRD0039,2,41.02
OI0017487,ORD005852,PRD0040,24,179.3
OI0017488,ORD005852,PRD0128,27,123.35
OI0017489,ORD005853,PRD0135,18,148.62
OI0017490,ORD005853,PRD0109,20,119.42
OI0017491,ORD005853,PRD0100,9,36.13
OI0017492,ORD005853,PRD0076,18,28.95
OI0017493,ORD005853,PRD0136,10,5.82
OI0017494,ORD005854,PRD0118,31,113.75
OI0017495,ORD005854,PRD0086,8,218.7
OI0017496,ORD005855,PRD0057,25,163.07
OI0017497,ORD005855,PRD0040,9,179.3
OI0017498,ORD005855,PRD0127,15,116.1
OI0017499,ORD005855,PRD0049,32,178.36
OI0017500,ORD005855,PRD0087,17,40.72
OI0017501,ORD005856,PRD0093,27,66.58
OI0017502,ORD005856,PRD0065,28,120.88
OI0017503,ORD005856,PRD0129,22,171.21
OI0017504,ORD005856,PRD0080,36,78.97
OI0017505,ORD005856,PRD0002,37,172.3
OI0017506,ORD005857,PRD0012,39,114.28
OI0017507,ORD005857,PRD0089,7,150.86
OI0017508,ORD005857,PRD0112,22,160.95
OI0017509,ORD005857,PRD0008,6,87.17
OI0017510,ORD005858,PRD0111,24,83.5
OI0017511,ORD005858,PRD0015,6,31.62
OI0017512,ORD005858,PRD0034,23,69.78
OI0017513,ORD005858,PRD0079,11,153.34
OI0017514,ORD005858,PRD0023,33,138.23
OI0017515,ORD005859,PRD0126,24,35.6
OI0017516,ORD005859,PRD0038,19,222.91
OI0017517,ORD005859,PRD0001,25,115.82
OI0017518,ORD005859,PRD999,16,238.66
OI0017519,ORD005860,PRD000,37,151.75
OI0017520,ORD005860,PRD0114,34,122.24
OI0017521,ORD005861,PRD0107,12,140.4
OI0017522,ORD005861,PRD0041,19,74.92
OI0017523,ORD005861,PRD0078,20,105.62
OI0017524,ORD005861,PRD0022,38,35.83
OI0017525,ORD005862,PRD0077,6,121.36
OI0017526,ORD005862,PRD0133,15,216.9
OI0017527,ORD005862,PRD0144,-28,190.91
OI0017528,ORD005862,PRD0065,5,120.88
OI0017529,ORD005862,PRD0029,3,203.27
OI0017530,ORD005863,PRD0016,36,191.36
OI0017531,ORD005863,PRD0085,14,63.68
OI0017532,ORD005864,PRD0150,35,124.38
OI0017533,ORD005864,PRD0093,11,66.58
OI0017534,ORD005865,PRD0046,17,105.44
OI0017535,ORD005865,PRD0018,2,211.58
OI0017536,ORD005865,PRD0075,25,173.74
OI0017537,ORD005866,PRD0134,35,26.01
OI0017538,ORD005866,PRD0046,14,105.44
OI0017539,ORD005866,PRD0135,36,148.62
OI0017540,ORD005866,PRD0064,17,230.86
OI0017541,ORD005866,PRD0083,37,19.93
OI0017542,ORD005867,PRD0055,20,122.67
OI0017543,ORD005867,PRD0013,7,202.19
OI0017544,ORD005867,PRD0116,1,227.68
OI0017545,ORD005867,PRD0089,16,150.86
OI0017546,ORD005867,PRD0039,9,41.02
OI0017547,ORD005868,PRD0112,5,160.95
OI0017548,ORD005869,PRD0039,7,41.02
OI0017549,ORD005870,PRD0043,36,154.31
OI0017550,ORD005871,PRD0021,7,92.86
OI0017551,ORD005871,PRD0138,36,105.95
OI0017552,ORD005871,PRD0046,8,105.44
OI0017553,ORD005872,PRD0017,13,191.07
OI0017554,ORD005872,PRD0031,25,30.67
OI0017555,ORD005872,PRD0008,3,87.17
OI0017556,ORD005872,PRD9999,38,185.96
OI0017557,ORD005872,PRD0016,32,191.36
OI0017558,ORD005873,PRD0124,1,45.26
OI0017559,ORD005873,PRD0122,34,18.49
OI0017560,ORD005873,PRD0107,-1,140.4
OI0017561,ORD005873,PRD0007,33,82.58
OI0017562,ORD005873,PRD0010,15,6.66
OI0017563,ORD005874,PRD0095,21,72.24
OI0017564,ORD005874,PRD0078,38,105.62
OI0017565,ORD005874,PRD0027,33,38.21
OI0017566,ORD005874,PRD0114,8,122.24
OI0017567,ORD005875,PRD0089,11,150.86
OI0017568,ORD005876,PRD0069,23,54.19
OI0017569,ORD005876,PRD999,9,116.62
OI0017570,ORD005876,PRD0147,3,123.59
OI0017571,ORD005876,PRD0033,1,49.71
OI0017572,ORD005877,PRD0020,14,7.41
OI0017573,ORD005877,PRD0038,17,222.91
OI0017574,ORD005877,PRD0127,31,116.1
OI0017575,ORD005877,PRD0138,12,105.95
OI0017576,ORD005877,PRD0009,33,38.6
OI0017577,ORD005878,PRD0105,19,220.36
OI0017578,ORD005878,PRD0132,4,115.18
OI0017579,ORD005878,PRD0023,29,138.23
OI0017580,ORD005878,PRD0108,34,29.96
OI0017581,ORD005878,PRD0003,13,72.4
OI0017582,ORD005879,PRD0036,17,191.05
OI0017583,ORD005879,PRD0142,28,15.65
OI0017584,ORD005879,PRD0142,19,15.65
OI0017585,ORD005879,PRD000,25,235.32
OI0017586,ORD005879,PRD0132,12,115.18
OI0017587,ORD005880,PRD0061,30,123.38
OI0017588,ORD005880,PRD0122,40,18.49
OI0017589,ORD005880,PRD0073,39,68.46
OI0017590,ORD005880,PRD0049,25,178.36
OI0017591,ORD005881,PRD0050,21,176.43
OI0017592,ORD005881,PRD0120,33,91.06
OI0017593,ORD005881,PRD0071,33,189.96
OI0017594,ORD005882,PRD0135,26,148.62
OI0017595,ORD005882,PRD0040,40,179.3
OI0017596,ORD005882,PRD0049,36,178.36
OI0017597,ORD005882,PRD0144,40,190.91
OI0017598,ORD005883,PRD0082,33,109.81
OI0017599,ORD005883,PRD0031,34,30.67
OI0017600,ORD005883,PRD0103,16,124.22
OI0017601,ORD005884,PRD0034,29,69.78
OI0017602,ORD005885,PRD0141,37,106.53
OI0017603,ORD005886,PRD0138,15,105.95
OI0017604,ORD005886,PRD0139,23,18.24
OI0017605,ORD005886,PRD0140,13,180.3
OI0017606,ORD005887,PRD0068,16,29.13
OI0017607,ORD005887,PRD0052,31,207.39
OI0017608,ORD005887,PRD0137,35,60.23
OI0017609,ORD005887,PRD0129,28,171.21
OI0017610,ORD005887,PRD0006,9,140.22
OI0017611,ORD005888,PRD0098,24,38.66
OI0017612,ORD005888,PRD0131,30,31.12
OI0017613,ORD005889,PRD0090,21,72.4
OI0017614,ORD005889,PRD0136,38,5.82
OI0017615,ORD005889,PRD0080,24,78.97
OI0017616,ORD005889,PRD0137,6,60.23
OI0017617,ORD005889,PRD0009,31,38.6
OI0017618,ORD005890,PRD0053,39,122.42
OI0017619,ORD005890,PRD0017,35,191.07
OI0017620,ORD005891,PRD0005,29,143.43
OI0017621,ORD005891,PRD0047,35,157.02
OI0017622,ORD005891,PRD0103,25,124.22
OI0017623,ORD005891,PRD0071,19,189.96
OI0017624,ORD005892,PRD0103,14,124.22
OI0017625,ORD005892,PRD0066,5,106.81
OI0017626,ORD005892,PRD0060,26,47.82
OI0017627,ORD005892,PRD0096,12,78.52
OI0017628,ORD005892,PRD0009,14,38.6
OI0017629,ORD005893,PRD0110,21,237.89
OI0017630,ORD005893,PRD0071,14,189.96
OI0017631,ORD005893,PRD0077,13,121.36
OI0017632,ORD005894,PRD0069,40,54.19
OI0017633,ORD005894,PRD0017,34,191.07
OI0017634,ORD005895,PRD0066,37,106.81
OI0017635,ORD005895,PRD0021,35,92.86
OI0017636,ORD005896,PRD0066,1,106.81
OI0017637,ORD005896,PRD0067,29,172.46
OI0017638,ORD005896,PRD0100,28,36.13
OI0017639,ORD005896,PRD0073,40,68.46
OI0017640,ORD005897,PRD0147,3,123.59
OI0017641,ORD005897,PRD0040,30,179.3
OI0017642,ORD005897,PRD0125,18,149.25
OI0017643,ORD005897,PRD0067,4,172.46
OI0017644,ORD005897,PRD0010,26,6.66
OI0017645,ORD005898,PRD0104,39,165.96
OI0017646,ORD005898,PRD0029,24,203.27
OI0017647,ORD005899,PRD0042,39,34.49
OI0017648,ORD005899,PRD0064,37,230.86
OI0017649,ORD005899,PRD0118,23,113.75
OI0017650,ORD005899,PRD0135,3,148.62
OI0017651,ORD005900,PRD0144,8,190.91
OI0017652,ORD005900,PRD0145,38,92.02
OI0017653,ORD005900,PRD0138,3,105.95
OI0017654,ORD005900,PRD0091,32,175.98
OI0017655,ORD005900,PRD0103,8,124.22
OI0017656,ORD005901,PRD0068,11,29.13
OI0017657,ORD005901,PRD0035,3,236.05
OI0017658,ORD005901,PRD0140,13,180.3
OI0017659,ORD005901,PRD0071,12,189.96
OI0017660,ORD005902,PRD0017,20,191.07
OI0017661,ORD005902,PRD0067,37,172.46
OI0017662,ORD005902,PRD0004,19,27.44
OI0017663,ORD005903,PRD0063,19,139.58
OI0017664,ORD005904,PRD0022,37,35.83
OI0017665,ORD005905,PRD0016,22,191.36
OI0017666,ORD005905,PRD0146,14,116.28
OI0017667,ORD005905,PRD0148,19,127.25
OI0017668,ORD005905,PRD0132,32,115.18
OI0017669,ORD005905,PRD0100,23,36.13
OI0017670,ORD005906,PRD0045,40,7.03
OI0017671,ORD005906,PRD0005,1,143.43
OI0017672,ORD005906,PRD9999,10,115.81
OI0017673,ORD005906,PRD0122,15,18.49
OI0017674,ORD005907,PRD0127,31,116.1
OI0017675,ORD005907,PRD0039,22,41.02
OI0017676,ORD005907,PRD0015,3,31.62
OI0017677,ORD005907,PRD0076,21,28.95
OI0017678,ORD005908,PRD0104,26,165.96
OI0017679,ORD005908,PRD0019,4,188.65
OI0017680,ORD005909,PRD0123,37,236.61
OI0017681,ORD005909,PRD0053,12,122.42
OI0017682,ORD005910,PRD0109,14,119.42
OI0017683,ORD005911,PRD0097,17,166.76
OI0017684,ORD005912,PRD0101,3,119.36
OI0017685,ORD005912,PRD0138,31,105.95
OI0017686,ORD005912,PRD999,19,82.45
OI0017687,ORD005912,PRD0072,11,230.67
OI0017688,ORD005913,PRD0052,22,207.39
OI0017689,ORD005913,PRD0012,37,114.28
OI0017690,ORD005914,PRD9999,18,113.01
OI0017691,ORD005914,PRD0057,39,163.07
OI0017692,ORD005914,PRD0071,39,189.96
OI0017693,ORD005915,PRD0042,22,34.49
OI0017694,ORD005915,PRD0133,17,216.9
OI0017695,ORD005916,PRD0066,38,106.81
OI0017696,ORD005916,PRD0115,38,102.09
OI0017697,ORD005916,PRD0138,20,105.95
OI0017698,ORD005916,PRD0018,22,211.58
OI0017699,ORD005917,PRD0026,34,173.51
OI0017700,ORD005917,PRD0039,38,41.02
OI0017701,ORD005918,PRD0015,22,31.62
OI0017702,ORD005918,PRD0010,21,6.66
OI0017703,ORD005918,PRD0117,24,90.73
OI0017704,ORD005918,PRD0130,24,40.15
OI0017705,ORD005918,PRD0076,18,28.95
OI0017706,ORD005919,PRD0135,7,148.62
OI0017707,ORD005919,PRD0098,36,38.66
OI0017708,ORD005919,PRD0126,6,35.6
OI0017709,ORD005919,PRD0036,23,191.05
OI0017710,ORD005919,PRD0143,27,205.5
OI0017711,ORD005920,PRD0114,24,122.24
OI0017712,ORD005920,PRD0052,28,207.39
OI0017713,ORD005920,PRD0125,30,149.25
OI0017714,ORD005920,PRD0076,38,28.95
OI0017715,ORD005921,PRD0140,33,180.3
OI0017716,ORD005921,PRD0064,18,230.86
OI0017717,ORD005921,PRD0042,2,34.49
OI0017718,ORD005921,PRD0043,1,154.31
OI0017719,ORD005922,PRD000,7,148.86
OI0017720,ORD005922,PRD0059,30,201.86
OI0017721,ORD005922,PRD0108,14,29.96
OI0017722,ORD005922,PRD0124,10,45.26
OI0017723,ORD005923,PRD0009,31,38.6
OI0017724,ORD005923,PRD0018,31,211.58
OI0017725,ORD005923,PRD0107,1,140.4
OI0017726,ORD005924,PRD0083,7,19.93
OI0017727,ORD005925,PRD0116,24,227.68
OI0017728,ORD005925,PRD0020,8,7.41
OI0017729,ORD005926,PRD0111,35,83.5
OI0017730,ORD005926,PRD0063,23,139.58
OI0017731,ORD005926,PRD0022,28,35.83
OI0017732,ORD005926,PRD000,9,218.77
OI0017733,ORD005927,PRD0016,7,191.36
OI0017734,ORD005927,PRD0123,3,236.61
OI0017735,ORD005927,PRD0009,13,38.6
OI0017736,ORD005927,PRD0093,26,66.58
OI0017737,ORD005927,PRD0044,5,142.63
OI0017738,ORD005928,PRD0098,34,38.66
OI0017739,ORD005929,PRD0095,12,72.24
OI0017740,ORD005929,PRD0090,25,72.4
OI0017741,ORD005930,PRD0086,15,218.7
OI0017742,ORD005930,PRD0029,16,203.27
OI0017743,ORD005930,PRD0046,9,105.44
OI0017744,ORD005931,PRD0001,19,115.82
OI0017745,ORD005931,PRD0041,40,74.92
OI0017746,ORD005932,PRD0145,34,92.02
OI0017747,ORD005932,PRD0002,10,172.3
OI0017748,ORD005932,PRD0069,39,54.19
OI0017749,ORD005933,PRD0091,15,175.98
OI0017750,ORD005933,PRD0077,8,121.36
OI0017751,ORD005934,PRD0111,16,83.5
OI0017752,ORD005934,PRD0066,9,106.81
OI0017753,ORD005934,PRD0066,39,106.81
OI0017754,ORD005935,PRD0078,17,105.62
OI0017755,ORD005935,PRD0021,20,92.86
OI0017756,ORD005935,PRD0135,20,148.62
OI0017757,ORD005935,PRD0058,33,182.31
OI0017758,ORD005936,PRD0039,29,41.02
OI0017759,ORD005936,PRD9999,3,195.31
OI0017760,ORD005936,PRD999,18,14.49
OI0017761,ORD005936,PRD0061,37,123.38
OI0017762,ORD005937,PRD0087,36,40.72
OI0017763,ORD005937,PRD0099,8,16.05
OI0017764,ORD005937,PRD0019,19,188.65
OI0017765,ORD005938,PRD0109,5,119.42
OI0017766,ORD005938,PRD0117,13,90.73
OI0017767,ORD005939,PRD0136,32,5.82
OI0017768,ORD005939,PRD0068,27,29.13
OI0017769,ORD005939,PRD0140,28,180.3
OI0017770,ORD005939,PRD0128,9,123.35
OI0017771,ORD005940,PRD0103,40,124.22
OI0017772,ORD005941,PRD0119,18,39.29
OI0017773,ORD005941,PRD0123,35,236.61
OI0017774,ORD005942,PRD0062,25,239.86
OI0017775,ORD005943,PRD0113,19,176.91
OI0017776,ORD005943,PRD0027,16,38.21
OI0017777,ORD005943,PRD0069,20,54.19
OI0017778,ORD005943,PRD0143,2,205.5
OI0017779,ORD005944,PRD0118,19,113.75
OI0017780,ORD005945,PRD0069,16,54.19
OI0017781,ORD005946,PRD0053,25,122.42
OI0017782,ORD005947,PRD0085,24,63.68
OI0017783,ORD005947,PRD0047,40,157.02
OI0017784,ORD005948,PRD0031,36,30.67
OI0017785,ORD005948,PRD0073,17,68.46
OI0017786,ORD005948,PRD0004,19,27.44
OI0017787,ORD005948,PRD0133,28,216.9
OI0017788,ORD005949,PRD0150,4,124.38
OI0017789,ORD005949,PRD0121,16,231.51
OI0017790,ORD005949,PRD0125,29,149.25
OI0017791,ORD005949,PRD0077,7,121.36
OI0017792,ORD005949,PRD0009,35,38.6
OI0017793,ORD005950,PRD0112,39,160.95
OI0017794,ORD005950,PRD0070,1,225.75
OI0017795,ORD005951,PRD0081,25,47.37
OI0017796,ORD005952,PRD0067,31,172.46
OI0017797,ORD005953,PRD0096,4,78.52
OI0017798,ORD005954,PRD0019,21,188.65
OI0017799,ORD005954,PRD0010,1,6.66
OI0017800,ORD005954,PRD0006,38,140.22
OI0017801,ORD005954,PRD0053,21,122.42
OI0017802,ORD005954,PRD0024,29,87.52
OI0017803,ORD005955,PRD0109,31,119.42
OI0017804,ORD005955,PRD0125,2,149.25
OI0017805,ORD005955,PRD0136,34,5.82
OI0017806,ORD005956,PRD0007,33,82.58
OI0017807,ORD005956,PRD0052,13,207.39
OI0017808,ORD005957,PRD0118,29,113.75
OI0017809,ORD005958,PRD0147,25,123.59
OI0017810,ORD005958,PRD0086,34,218.7
OI0017811,ORD005958,PRD0010,10,6.66
OI0017812,ORD005958,PRD0077,6,121.36
OI0017813,ORD005958,PRD0059,30,201.86
OI0017814,ORD005959,PRD0085,40,63.68
OI0017815,ORD005959,PRD0108,34,29.96
OI0017816,ORD005959,PRD0013,34,202.19
OI0017817,ORD005959,PRD0003,15,72.4
OI0017818,ORD005960,PRD0035,3,236.05
OI0017819,ORD005960,PRD0005,6,143.43
OI0017820,ORD005960,PRD0086,35,218.7
OI0017821,ORD005960,PRD0055,35,122.67
OI0017822,ORD005960,PRD0076,27,28.95
OI0017823,ORD005961,PRD0003,31,72.4
OI0017824,ORD005961,PRD0091,15,175.98
OI0017825,ORD005962,PRD0050,7,176.43
OI0017826,ORD005962,PRD0079,28,153.34
OI0017827,ORD005963,PRD0018,21,211.58
OI0017828,ORD005963,PRD0038,17,222.91
OI0017829,ORD005963,PRD0063,18,139.58
OI0017830,ORD005963,PRD0003,38,72.4
OI0017831,ORD005964,PRD0119,13,39.29
OI0017832,ORD005965,PRD0140,18,180.3
OI0017833,ORD005966,PRD0031,30,30.67
OI0017834,ORD005966,PRD0112,13,160.95
OI0017835,ORD005966,PRD0063,15,139.58
OI0017836,ORD005966,PRD0150,18,124.38
OI0017837,ORD005967,PRD0108,4,29.96
OI0017838,ORD005968,PRD0131,10,31.12
OI0017839,ORD005968,PRD0092,26,57.63
OI0017840,ORD005968,PRD0047,17,157.02
OI0017841,ORD005969,PRD0131,18,31.12
OI0017842,ORD005969,PRD0077,2,121.36
OI0017843,ORD005969,PRD0131,30,31.12
OI0017844,ORD005969,PRD0002,5,172.3
OI0017845,ORD005969,PRD0026,16,173.51
OI0017846,ORD005970,PRD0120,10,91.06
OI0017847,ORD005971,PRD0089,4,150.86
OI0017848,ORD005971,PRD0097,39,166.76
OI0017849,ORD005971,PRD0093,6,66.58
OI0017850,ORD005971,PRD0087,37,40.72
OI0017851,ORD005971,PRD0088,14,54.55
OI0017852,ORD005972,PRD0078,20,105.62
OI0017853,ORD005973,PRD0117,-1,90.73
OI0017854,ORD005973,PRD0005,38,143.43
OI0017855,ORD005973,PRD0062,39,239.86
OI0017856,ORD005973,PRD0028,24,98.85
OI0017857,ORD005974,PRD0087,1,40.72
OI0017858,ORD005974,PRD0036,12,191.05
OI0017859,ORD005975,PRD0108,17,29.96
OI0017860,ORD005975,PRD0067,15,172.46
OI0017861,ORD005975,PRD0074,35,95.86
OI0017862,ORD005975,PRD0137,3,60.23
OI0017863,ORD005975,PRD0029,28,203.27
OI0017864,ORD005976,PRD0074,31,95.86
OI0017865,ORD005976,PRD0068,10,29.13
OI0017866,ORD005977,PRD0048,32,221.86
OI0017867,ORD005977,PRD0134,17,26.01
OI0017868,ORD005977,PRD0076,38,28.95
OI0017869,ORD005977,PRD0072,30,230.67
OI0017870,ORD005978,PRD0023,23,138.23
OI0017871,ORD005978,PRD0111,1,83.5
OI0017872,ORD005978,PRD0002,40,172.3
OI0017873,ORD005979,PRD0089,4,150.86
OI0017874,ORD005979,PRD0069,40,54.19
OI0017875,ORD005979,PRD0146,26,116.28
OI0017876,ORD005979,PRD0113,21,176.91
OI0017877,ORD005979,PRD0006,32,140.22
OI0017878,ORD005980,PRD0076,25,28.95
OI0017879,ORD005981,PRD0043,19,154.31
OI0017880,ORD005981,PRD0090,26,72.4
OI0017881,ORD005981,PRD0008,35,87.17
OI0017882,ORD005982,PRD0067,31,172.46
OI0017883,ORD005982,PRD0014,14,23.8
OI0017884,ORD005982,PRD0061,12,123.38
OI0017885,ORD005982,PRD0005,19,143.43
OI0017886,ORD005982,PRD0119,14,39.29
OI0017887,ORD005983,PRD0035,23,236.05
OI0017888,ORD005983,PRD0147,1,123.59
OI0017889,ORD005984,PRD0124,36,45.26
OI0017890,ORD005984,PRD0148,5,127.25
OI0017891,ORD005984,PRD0090,16,72.4
OI0017892,ORD005984,PRD0072,30,230.67
OI0017893,ORD005984,PRD0140,6,180.3
OI0017894,ORD005985,PRD0088,5,54.55
OI0017895,ORD005985,PRD0131,29,31.12
OI0017896,ORD005985,PRD0131,38,31.12
OI0017897,ORD005985,PRD0079,19,153.34
OI0017898,ORD005985,PRD0020,17,7.41
OI0017899,ORD005986,PRD0020,31,7.41
OI0017900,ORD005986,PRD0046,5,105.44
OI0017901,ORD005987,PRD0137,5,60.23
OI0017902,ORD005988,PRD0026,2,173.51
OI0017903,ORD005988,PRD0048,37,221.86
OI0017904,ORD005988,PRD0024,39,87.52
OI0017905,ORD005989,PRD0031,26,30.67
OI0017906,ORD005990,PRD0027,2,38.21
OI0017907,ORD005990,PRD0139,22,18.24
OI0017908,ORD005990,PRD0125,29,149.25
OI0017909,ORD005990,PRD0075,7,173.74
OI0017910,ORD005990,PRD0092,29,57.63
OI0017911,ORD005991,PRD0107,40,140.4
OI0017912,ORD005991,PRD0149,24,233.51
OI0017913,ORD005991,PRD0040,4,179.3
OI0017914,ORD005991,PRD0013,20,202.19
OI0017915,ORD005992,PRD0095,39,72.24
OI0017916,ORD005993,PRD0084,31,40.42
OI0017917,ORD005994,PRD0106,24,22.39
OI0017918,ORD005994,PRD0096,32,78.52
OI0017919,ORD005994,PRD0130,36,40.15
OI0017920,ORD005994,PRD0018,28,211.58
OI0017921,ORD005994,PRD0084,33,40.42
OI0017922,ORD005995,PRD0077,29,121.36
OI0017923,ORD005995,PRD0126,4,35.6
OI0017924,ORD005995,PRD0111,5,83.5
OI0017925,ORD005996,PRD0122,8,18.49
OI0017926,ORD005996,PRD0094,38,30.93
OI0017927,ORD005996,PRD0136,4,5.82
OI0017928,ORD005997,PRD0010,21,6.66
OI0017929,ORD005997,PRD0045,14,7.03
OI0017930,ORD005997,PRD0112,25,160.95
OI0017931,ORD005997,PRD0135,31,148.62
OI0017932,ORD005998,PRD0146,33,116.28
OI0017933,ORD005998,PRD0131,11,31.12
OI0017934,ORD005998,PRD0039,29,41.02
OI0017935,ORD005998,PRD0091,19,175.98
OI0017936,ORD005999,PRD0122,21,18.49
OI0017937,ORD005999,PRD0009,40,38.6
OI0017938,ORD005999,PRD0037,25,226.8
OI0017939,ORD006000,PRD0006,21,140.22
